run,variant,frequency,solution,generation,fitness
0,A,0.05,0,0,-0.4610929412419001
0,A,0.05,0,1,-0.5748643670875243
0,A,0.05,0,2,-0.37683587982569994
0,A,0.05,0,3,-1.442801767531528
0,A,0.05,0,4,-0.5363374776056318
0,A,0.05,0,5,-0.34005795768977287
0,A,0.05,0,6,-0.35374976984660417
0,A,0.05,0,7,-0.41717559600266885
0,A,0.05,0,8,-0.8326712916036887
0,A,0.05,0,9,-1.126313820452891
0,A,0.05,0,10,-0.6794772968195282
0,A,0.05,0,11,-1.1798013520018116
0,A,0.05,0,12,-0.5535772004265782
0,A,0.05,0,13,-0.7146653279248979
0,A,0.05,0,14,-0.8297446757245371
0,A,0.05,0,15,-0.2399605189723081
0,A,0.05,0,16,-0.8196373601719549
0,A,0.05,0,17,-0.8399194259695193
0,A,0.05,0,18,-0.49937979055754395
0,A,0.05,0,19,-0.7153817002763654
0,A,0.05,0,20,-0.43991454401127994
0,A,0.05,0,21,-0.757118575146965
0,A,0.05,0,22,-0.7652025993474387
0,A,0.05,0,23,-0.7495659251822021
0,A,0.05,0,24,-0.4808106307877953
0,A,0.05,0,25,-0.5575627313604875
0,A,0.05,0,26,-1.154109637190666
0,A,0.05,0,27,-0.8926376264320648
0,A,0.05,0,28,-1.1818283506898233
0,A,0.05,0,29,-0.9673701659678434
0,A,0.05,1,0,0.5163475747699553
0,A,0.05,1,1,0.7824312664054518
0,A,0.05,1,2,1.0592620738056058
0,A,0.05,1,3,0.7211270742372419
0,A,0.05,1,4,0.20680814860840577
0,A,0.05,1,5,0.09890246698125373
0,A,0.05,1,6,0.7867351681651399
0,A,0.05,1,7,0.23113923572008702
0,A,0.05,1,8,1.4089257544028324
0,A,0.05,1,9,-0.08498063644130442
0,A,0.05,1,10,0.6193388994526042
0,A,0.05,1,11,0.7404691204649357
0,A,0.05,1,12,0.41074546678921015
0,A,0.05,1,13,1.0840500237471935
0,A,0.05,1,14,1.1034804814957486
0,A,0.05,1,15,1.2696133169303325
0,A,0.05,1,16,0.36245762493735406
0,A,0.05,1,17,0.7192765040425756
0,A,0.05,1,18,0.7920032640713838
0,A,0.05,1,19,0.49785232686895686
0,A,0.05,1,20,1.4305436175973885
0,A,0.05,1,21,0.47051938146247546
0,A,0.05,1,22,0.9466622063081281
0,A,0.05,1,23,1.4974221711183564
0,A,0.05,1,24,-0.07761942207144382
0,A,0.05,1,25,0.5091992096330755
0,A,0.05,1,26,0.641080484166595
0,A,0.05,1,27,1.1493740658127976
0,A,0.05,1,28,0.7924435917880486
0,A,0.05,1,29,1.0400578949028663
0,A,0.05,2,0,1.1151036852010885
0,A,0.05,2,1,1.4782025926973477
0,A,0.05,2,2,0.7789571133904546
0,A,0.05,2,3,1.2333247419437519
0,A,0.05,2,4,1.633386518287072
0,A,0.05,2,5,0.9091438610480608
0,A,0.05,2,6,0.799395291658085
0,A,0.05,2,7,0.9524745635662392
0,A,0.05,2,8,0.9387967631785655
0,A,0.05,2,9,1.2493514464277604
0,A,0.05,2,10,1.1863204390805953
0,A,0.05,2,11,1.0845166804214252
0,A,0.05,2,12,1.1505121072612674
0,A,0.05,2,13,1.1622592028260748
0,A,0.05,2,14,1.5778235675036372
0,A,0.05,2,15,1.0182751441264704
0,A,0.05,2,16,1.20571078567603
0,A,0.05,2,17,1.4428107829097436
0,A,0.05,2,18,0.3620581689599053
0,A,0.05,2,19,0.7993991121115673
0,A,0.05,2,20,1.0252661988703586
0,A,0.05,2,21,1.422753996829349
0,A,0.05,2,22,1.2844830634664726
0,A,0.05,2,23,1.3626385056099457
0,A,0.05,2,24,1.1035698208718705
0,A,0.05,2,25,0.9781079291915821
0,A,0.05,2,26,0.9686927385586003
0,A,0.05,2,27,1.8871567315458402
0,A,0.05,2,28,1.2663106936186774
0,A,0.05,2,29,1.498042292007235
0,A,0.05,3,0,0.9384386516886604
0,A,0.05,3,1,0.6487896324622914
0,A,0.05,3,2,0.08232891469639991
0,A,0.05,3,3,0.6460755053584133
0,A,0.05,3,4,0.6898428109276759
0,A,0.05,3,5,0.17120253849156075
0,A,0.05,3,6,1.338195102453369
0,A,0.05,3,7,0.5084443397354238
0,A,0.05,3,8,1.092604410651365
0,A,0.05,3,9,0.9936530300031491
0,A,0.05,3,10,0.17512166580617114
0,A,0.05,3,11,0.41737528717825667
0,A,0.05,3,12,0.785963559132432
0,A,0.05,3,13,-0.0203491191460416
0,A,0.05,3,14,0.4288869715423342
0,A,0.05,3,15,0.24421658616762892
0,A,0.05,3,16,0.24111983262357378
0,A,0.05,3,17,0.6997686684167211
0,A,0.05,3,18,0.585267855643279
0,A,0.05,3,19,0.6136740596538354
0,A,0.05,3,20,0.5351618183717168
0,A,0.05,3,21,0.4867150917683062
0,A,0.05,3,22,0.5845169289837737
0,A,0.05,3,23,0.6036070319309335
0,A,0.05,3,24,0.764287991918414
0,A,0.05,3,25,0.8542211890477611
0,A,0.05,3,26,-0.1344077086923018
0,A,0.05,3,27,0.39197712752259
0,A,0.05,3,28,0.6874204601991092
0,A,0.05,3,29,0.30530261580762386
0,A,0.05,4,0,0.8054914373423798
0,A,0.05,4,1,1.0024067430537742
0,A,0.05,4,2,0.5781722912931788
0,A,0.05,4,3,0.9913013933088042
0,A,0.05,4,4,1.0452459184332723
0,A,0.05,4,5,0.9843947514752647
0,A,0.05,4,6,0.9787519821886544
0,A,0.05,4,7,0.8669748411464167
0,A,0.05,4,8,0.6546823459675104
0,A,0.05,4,9,0.9663693935227603
0,A,0.05,4,10,0.8280554977892846
0,A,0.05,4,11,0.9943529742736036
0,A,0.05,4,12,1.0453701648387057
0,A,0.05,4,13,0.6866079711174168
0,A,0.05,4,14,1.0643827752748005
0,A,0.05,4,15,1.139322713900905
0,A,0.05,4,16,0.9841087670036548
0,A,0.05,4,17,0.8079600860894542
0,A,0.05,4,18,0.6330698593480207
0,A,0.05,4,19,0.9880504816544665
0,A,0.05,4,20,0.9555656762562396
0,A,0.05,4,21,0.7948223710196376
0,A,0.05,4,22,1.1759511869719097
0,A,0.05,4,23,1.019599281867321
0,A,0.05,4,24,0.8445664988523396
0,A,0.05,4,25,1.065641898791402
0,A,0.05,4,26,0.8546481430832037
0,A,0.05,4,27,0.9990042670680427
0,A,0.05,4,28,1.0309064980708682
0,A,0.05,4,29,0.9564413612313518
0,A,0.05,5,0,-0.3534305635624161
0,A,0.05,5,1,-0.4385144361129954
0,A,0.05,5,2,-0.5489991631814499
0,A,0.05,5,3,-0.37475052742888365
0,A,0.05,5,4,-0.43983936108134236
0,A,0.05,5,5,-0.25734409047751705
0,A,0.05,5,6,-0.19756178682927328
0,A,0.05,5,7,-0.4075173337358778
0,A,0.05,5,8,0.049680798689048775
0,A,0.05,5,9,-0.3551815562080236
0,A,0.05,5,10,-0.11214728267315908
0,A,0.05,5,11,-0.34685946894000874
0,A,0.05,5,12,-0.026002195039645692
0,A,0.05,5,13,-0.6501143187676693
0,A,0.05,5,14,-0.8250597685833846
0,A,0.05,5,15,-0.7214439209762622
0,A,0.05,5,16,-0.36255308611019943
0,A,0.05,5,17,0.06842791912938762
0,A,0.05,5,18,-0.22900262888605372
0,A,0.05,5,19,-0.05311924368085873
0,A,0.05,5,20,-0.9818505876189881
0,A,0.05,5,21,-0.127685724002629
0,A,0.05,5,22,-0.674183601884369
0,A,0.05,5,23,-0.5938715645128723
0,A,0.05,5,24,0.008401040813419178
0,A,0.05,5,25,-0.24189430911664103
0,A,0.05,5,26,-1.0751964430124548
0,A,0.05,5,27,-0.12035641573810141
0,A,0.05,5,28,-0.44111880043413065
0,A,0.05,5,29,-0.17636093250679363
0,A,0.05,6,0,2.0232379516970593
0,A,0.05,6,1,2.5240355154836345
0,A,0.05,6,2,2.145230891645635
0,A,0.05,6,3,1.2569767012521107
0,A,0.05,6,4,2.3976810777120683
0,A,0.05,6,5,2.1148229766588003
0,A,0.05,6,6,2.729649558845761
0,A,0.05,6,7,2.3023148784115484
0,A,0.05,6,8,3.210822150656397
0,A,0.05,6,9,3.055734239728908
0,A,0.05,6,10,2.9356357549550727
0,A,0.05,6,11,3.2963835855381816
0,A,0.05,6,12,1.7003760666924235
0,A,0.05,6,13,3.160464587659051
0,A,0.05,6,14,3.3915899547636763
0,A,0.05,6,15,3.0964800299848987
0,A,0.05,6,16,3.0721566268863847
0,A,0.05,6,17,2.4620964909789547
0,A,0.05,6,18,3.5281257330463833
0,A,0.05,6,19,3.0057755665489734
0,A,0.05,6,20,3.23971479152836
0,A,0.05,6,21,3.0506358770153814
0,A,0.05,6,22,3.065360979901585
0,A,0.05,6,23,3.289988772940474
0,A,0.05,6,24,3.098038010509842
0,A,0.05,6,25,3.3901348055032114
0,A,0.05,6,26,2.838703239017427
0,A,0.05,6,27,2.925413073608919
0,A,0.05,6,28,3.475067624589245
0,A,0.05,6,29,2.9761407307353567
0,A,0.05,7,0,0.8468970706951874
0,A,0.05,7,1,0.8893226776162224
0,A,0.05,7,2,0.15043483671543573
0,A,0.05,7,3,0.8051652631327051
0,A,0.05,7,4,0.8820410476098003
0,A,0.05,7,5,1.2026248875387409
0,A,0.05,7,6,1.5591456546617355
0,A,0.05,7,7,1.0555645121206902
0,A,0.05,7,8,1.4051613647291057
0,A,0.05,7,9,1.2831518890167517
0,A,0.05,7,10,1.2697596319568578
0,A,0.05,7,11,1.0168899690468383
0,A,0.05,7,12,1.1193224662808186
0,A,0.05,7,13,1.4224377091541234
0,A,0.05,7,14,1.1779006167254733
0,A,0.05,7,15,1.0538237954385319
0,A,0.05,7,16,0.9813594799971284
0,A,0.05,7,17,0.8349300705587113
0,A,0.05,7,18,1.5162451639193444
0,A,0.05,7,19,0.9441098254014899
0,A,0.05,7,20,1.1432126541767904
0,A,0.05,7,21,1.25787545144178
0,A,0.05,7,22,0.9779966038077548
0,A,0.05,7,23,1.288224476581751
0,A,0.05,7,24,1.4075991236596157
0,A,0.05,7,25,1.2498130140484645
0,A,0.05,7,26,1.4396520643324062
0,A,0.05,7,27,1.095217909684998
0,A,0.05,7,28,0.854608197838872
0,A,0.05,7,29,0.38908412353994076
0,A,0.05,8,0,0.017528194916474442
0,A,0.05,8,1,-0.5710252922224021
0,A,0.05,8,2,-0.42696215982400143
0,A,0.05,8,3,0.5860493858664705
0,A,0.05,8,4,-0.025504551480864696
0,A,0.05,8,5,0.1961504622573242
0,A,0.05,8,6,0.23140948313054885
0,A,0.05,8,7,0.21127232221058384
0,A,0.05,8,8,0.09782055131933753
0,A,0.05,8,9,0.14773973928284975
0,A,0.05,8,10,-0.27862906065626397
0,A,0.05,8,11,0.14459951687570372
0,A,0.05,8,12,0.29423105239768366
0,A,0.05,8,13,-0.6243025998448993
0,A,0.05,8,14,0.1095271891210931
0,A,0.05,8,15,0.4160544649610889
0,A,0.05,8,16,-0.11219136775259682
0,A,0.05,8,17,0.5928563863779002
0,A,0.05,8,18,0.15519475931849086
0,A,0.05,8,19,0.22404887423978206
0,A,0.05,8,20,-0.08571517259997503
0,A,0.05,8,21,-0.0730616546126173
0,A,0.05,8,22,-0.3678385050137827
0,A,0.05,8,23,0.29724200572554277
0,A,0.05,8,24,0.09435612865180039
0,A,0.05,8,25,0.08603028082088272
0,A,0.05,8,26,0.4210292828123663
0,A,0.05,8,27,-0.07036542117827141
0,A,0.05,8,28,0.2211866135725936
0,A,0.05,8,29,0.12148556345887167
0,A,0.05,9,0,1.1819723323409628
0,A,0.05,9,1,1.2935981728740271
0,A,0.05,9,2,1.279558906826397
0,A,0.05,9,3,0.9551662500823155
0,A,0.05,9,4,1.6899981061331513
0,A,0.05,9,5,1.7112550391141554
0,A,0.05,9,6,1.2325918356034955
0,A,0.05,9,7,1.6025275421287477
0,A,0.05,9,8,2.0627913156066513
0,A,0.05,9,9,1.5185874670049164
0,A,0.05,9,10,1.721562369115471
0,A,0.05,9,11,1.6552851857491928
0,A,0.05,9,12,1.5311280699107888
0,A,0.05,9,13,1.170227300118617
0,A,0.05,9,14,1.709306749936834
0,A,0.05,9,15,1.6408179430227634
0,A,0.05,9,16,1.8141648689376155
0,A,0.05,9,17,1.805155650538873
0,A,0.05,9,18,1.3020002360073089
0,A,0.05,9,19,1.5298086464363925
0,A,0.05,9,20,1.5616604484762664
0,A,0.05,9,21,1.4534028609471246
0,A,0.05,9,22,1.5439926202915675
0,A,0.05,9,23,1.1950153103728796
0,A,0.05,9,24,1.178030070422445
0,A,0.05,9,25,1.3523318856768005
0,A,0.05,9,26,0.9300015075990946
0,A,0.05,9,27,1.4642634805013013
0,A,0.05,9,28,1.6294258748364927
0,A,0.05,9,29,1.3818568284884767
0,B,100,0,0,0.48919471211216836
0,B,100,0,1,0.23602737099578694
0,B,100,0,2,0.17346704321900258
0,B,100,0,3,-0.1335716655729173
0,B,100,0,4,0.4033104726154196
0,B,100,0,5,0.07937461175938096
0,B,100,0,6,0.4341591905712491
0,B,100,0,7,0.2084552672468293
0,B,100,0,8,0.7510572866322035
0,B,100,0,9,0.38739239511825946
0,B,100,0,10,0.4996432206996809
0,B,100,0,11,0.2766739044234255
0,B,100,0,12,0.4975354292186702
0,B,100,0,13,0.4527020458586592
0,B,100,0,14,0.29773997025050025
0,B,100,0,15,0.5541101319442058
0,B,100,0,16,0.21424287460930627
0,B,100,0,17,0.16314145169616548
0,B,100,0,18,0.26992744909527827
0,B,100,0,19,0.4130375503753962
0,B,100,0,20,0.40991886923408577
0,B,100,0,21,0.11439579631203828
0,B,100,0,22,0.3932595759523868
0,B,100,0,23,0.3059973572968765
0,B,100,0,24,0.5188676937563711
0,B,100,0,25,0.0010886214698872048
0,B,100,0,26,-0.06539243878506824
0,B,100,0,27,0.2863476814674026
0,B,100,0,28,0.2094289843778468
0,B,100,0,29,0.3953784499866833
0,B,100,1,0,-1.8006406216379713
0,B,100,1,1,-1.4180017430719
0,B,100,1,2,-1.6196868106866387
0,B,100,1,3,-1.389206195216319
0,B,100,1,4,-1.5458040252162484
0,B,100,1,5,-1.7824894692226856
0,B,100,1,6,-1.9156991864216522
0,B,100,1,7,-1.7579357670685223
0,B,100,1,8,-1.543638387874601
0,B,100,1,9,-1.4383209512597515
0,B,100,1,10,-1.4258661287586918
0,B,100,1,11,-1.7068570226550661
0,B,100,1,12,-1.7399769846441138
0,B,100,1,13,-1.7964700278539105
0,B,100,1,14,-1.4119745436638844
0,B,100,1,15,-1.8585909687868412
0,B,100,1,16,-1.566002992507849
0,B,100,1,17,-1.4235394022049823
0,B,100,1,18,-1.5610730366802712
0,B,100,1,19,-1.609472376272233
0,B,100,1,20,-1.6583145713951122
0,B,100,1,21,-1.6795086657128293
0,B,100,1,22,-1.568235312983645
0,B,100,1,23,-1.5329064349871342
0,B,100,1,24,-1.6969425414080617
0,B,100,1,25,-1.4219707919487816
0,B,100,1,26,-1.5192446634363461
0,B,100,1,27,-1.8646394357582956
0,B,100,1,28,-1.6186309357007262
0,B,100,1,29,-1.6167131274221291
0,B,100,2,0,-0.7176076980946311
0,B,100,2,1,-0.6508832111910006
0,B,100,2,2,-0.654967843725249
0,B,100,2,3,-0.9740883328896106
0,B,100,2,4,-0.6248547153896793
0,B,100,2,5,-0.7995773382829964
0,B,100,2,6,-0.7981649059922378
0,B,100,2,7,-0.38027917494504465
0,B,100,2,8,-0.525067686208845
0,B,100,2,9,-0.7450458857607469
0,B,100,2,10,-0.8319302115323449
0,B,100,2,11,-0.9045047290998878
0,B,100,2,12,-0.870135150693045
0,B,100,2,13,-0.4765052951272235
0,B,100,2,14,-0.4878222727338217
0,B,100,2,15,-0.5476293389434377
0,B,100,2,16,-0.7968578825972953
0,B,100,2,17,-0.9036446539626651
0,B,100,2,18,-0.8483024611205248
0,B,100,2,19,-0.8443367569966519
0,B,100,2,20,-0.6854572360012419
0,B,100,2,21,-0.8142988545536104
0,B,100,2,22,-0.10457784592301998
0,B,100,2,23,-0.859501862179266
0,B,100,2,24,-0.47080936732076956
0,B,100,2,25,-0.3569663931749923
0,B,100,2,26,-0.5503679545285658
0,B,100,2,27,-0.2605427101900085
0,B,100,2,28,-0.35833069395844214
0,B,100,2,29,-0.6818142078634446
0,B,100,3,0,-0.8020748775709056
0,B,100,3,1,-0.9172114041354695
0,B,100,3,2,-1.2327325248272119
0,B,100,3,3,-0.6529474573429145
0,B,100,3,4,-0.7979782153144139
0,B,100,3,5,-0.9693714763791967
0,B,100,3,6,-0.9311493535882622
0,B,100,3,7,-0.6755795160458438
0,B,100,3,8,-1.2784665406827251
0,B,100,3,9,-0.5441985147049673
0,B,100,3,10,-0.77253726711116
0,B,100,3,11,-0.9215871729899653
0,B,100,3,12,-0.8369486082016144
0,B,100,3,13,-0.39691084019024514
0,B,100,3,14,-1.0910920183798973
0,B,100,3,15,-0.3701831763429939
0,B,100,3,16,-0.6575566713798118
0,B,100,3,17,-0.8411498628965023
0,B,100,3,18,-0.683990227930807
0,B,100,3,19,-0.7855121919940435
0,B,100,3,20,-0.8220152258820532
0,B,100,3,21,-0.9838667920695459
0,B,100,3,22,-0.8343682816852394
0,B,100,3,23,-0.18289899259638123
0,B,100,3,24,-1.172357579547761
0,B,100,3,25,-0.9121165089684393
0,B,100,3,26,-0.3231796897731088
0,B,100,3,27,-0.781401487091262
0,B,100,3,28,0.08940117011442995
0,B,100,3,29,-0.7665268214541834
0,B,100,4,0,-0.27656969844050217
0,B,100,4,1,-0.936556450416293
0,B,100,4,2,-0.2191267197167345
0,B,100,4,3,-0.5814874808363557
0,B,100,4,4,-0.12459122922967968
0,B,100,4,5,-0.2691323162692445
0,B,100,4,6,-0.35509690925853893
0,B,100,4,7,-0.5057671064120662
0,B,100,4,8,-0.13805608566081695
0,B,100,4,9,-1.0370793831579759
0,B,100,4,10,-0.9686990256195014
0,B,100,4,11,-0.10144870932249937
0,B,100,4,12,-0.7830723461068384
0,B,100,4,13,-0.739901934253479
0,B,100,4,14,-0.600229233328232
0,B,100,4,15,-0.9008068752130028
0,B,100,4,16,0.13281643920380193
0,B,100,4,17,-0.4497907169164737
0,B,100,4,18,-0.4706134055293386
0,B,100,4,19,0.014250139837781048
0,B,100,4,20,-0.17169736982955386
0,B,100,4,21,-0.7789366912677346
0,B,100,4,22,-0.29734374856984824
0,B,100,4,23,-0.5095383517412306
0,B,100,4,24,-0.5064401541041125
0,B,100,4,25,-0.25660556071640866
0,B,100,4,26,-0.7936335348107774
0,B,100,4,27,-0.2935712627842413
0,B,100,4,28,-0.41178019159000445
0,B,100,4,29,-0.24640374904173518
0,B,100,5,0,-0.6275923444405531
0,B,100,5,1,0.415144831407237
0,B,100,5,2,-0.137906252945384
0,B,100,5,3,0.20442431862330313
0,B,100,5,4,0.17831329166060075
0,B,100,5,5,-0.009449468373788345
0,B,100,5,6,0.385502616161181
0,B,100,5,7,0.5358362272728381
0,B,100,5,8,0.2953355901477482
0,B,100,5,9,0.11205806281876997
0,B,100,5,10,0.5013823736291102
0,B,100,5,11,0.598825529496151
0,B,100,5,12,0.683882643055768
0,B,100,5,13,0.07741598218683665
0,B,100,5,14,0.1922957854941935
0,B,100,5,15,0.32234905118532536
0,B,100,5,16,-0.10520714961540562
0,B,100,5,17,-0.046122134687473594
0,B,100,5,18,-0.07736005720940448
0,B,100,5,19,0.364650981786616
0,B,100,5,20,-0.616485235188273
0,B,100,5,21,-0.28027845888174024
0,B,100,5,22,0.5075363501488593
0,B,100,5,23,0.25804620132819006
0,B,100,5,24,-0.48610146945127986
0,B,100,5,25,0.6896077735169553
0,B,100,5,26,0.027432488596967147
0,B,100,5,27,0.3921244321980415
0,B,100,5,28,0.10265583093253206
0,B,100,5,29,-0.14987726534708123
0,B,100,6,0,-0.4400078345329021
0,B,100,6,1,0.19875838612058158
0,B,100,6,2,-0.2148841486781771
0,B,100,6,3,-0.10453712337929846
0,B,100,6,4,0.018915849797059063
0,B,100,6,5,-0.3403320950104551
0,B,100,6,6,0.04078604766455943
0,B,100,6,7,-0.4276037108687086
0,B,100,6,8,-0.39399590637569526
0,B,100,6,9,-0.388336632554714
0,B,100,6,10,-0.27166438662715625
0,B,100,6,11,-0.07429176797795717
0,B,100,6,12,-0.20219090003752657
0,B,100,6,13,-0.21915796004230392
0,B,100,6,14,-0.24105719347432086
0,B,100,6,15,-0.3146393984679271
0,B,100,6,16,-0.37257562515129494
0,B,100,6,17,-0.12178804768997548
0,B,100,6,18,-0.37584198987990736
0,B,100,6,19,-0.2765963847547423
0,B,100,6,20,-0.38853834007361265
0,B,100,6,21,-0.5997408793156749
0,B,100,6,22,-0.22755941923838507
0,B,100,6,23,0.03129266028654725
0,B,100,6,24,-0.4041517972702282
0,B,100,6,25,-0.38065508229030415
0,B,100,6,26,-0.3792694527352436
0,B,100,6,27,-0.10186010074621839
0,B,100,6,28,-0.2010948930976904
0,B,100,6,29,-0.1318789165764538
0,B,100,7,0,0.5679203124764509
0,B,100,7,1,0.2034864412399174
0,B,100,7,2,0.8505342306563203
0,B,100,7,3,1.0827858459338482
0,B,100,7,4,-0.03103374873826393
0,B,100,7,5,0.5712279872263244
0,B,100,7,6,0.4719767940895479
0,B,100,7,7,0.3866974166757469
0,B,100,7,8,0.10011129429471141
0,B,100,7,9,0.26352970955275057
0,B,100,7,10,0.8005961434052274
0,B,100,7,11,0.6778483887306166
0,B,100,7,12,0.32878180306315763
0,B,100,7,13,0.16524622407901618
0,B,100,7,14,-0.09663761182768252
0,B,100,7,15,0.20448261015456407
0,B,100,7,16,0.6916270138126661
0,B,100,7,17,0.08608876995079134
0,B,100,7,18,0.34029824319984936
0,B,100,7,19,-0.40813100700419047
0,B,100,7,20,0.4642896959714788
0,B,100,7,21,-0.10603260444892229
0,B,100,7,22,0.28546548584024517
0,B,100,7,23,0.001254590332876774
0,B,100,7,24,-0.5059341360226117
0,B,100,7,25,0.7517946449093151
0,B,100,7,26,0.12406775850735575
0,B,100,7,27,0.9490071057369299
0,B,100,7,28,0.24252460182377222
0,B,100,7,29,0.5329290160234564
0,B,100,8,0,-0.9343720431425018
0,B,100,8,1,-0.08854601391819189
0,B,100,8,2,-0.3017840551343981
0,B,100,8,3,-0.47066226313792053
0,B,100,8,4,0.00916059622014362
0,B,100,8,5,0.03183547676983466
0,B,100,8,6,-0.29307379719782245
0,B,100,8,7,0.036213352569827044
0,B,100,8,8,-0.8913965104579086
0,B,100,8,9,0.0388505353090464
0,B,100,8,10,0.046718457207040265
0,B,100,8,11,-0.5927855408720205
0,B,100,8,12,0.03718370403922257
0,B,100,8,13,-0.03969887786722356
0,B,100,8,14,-0.2083102649482339
0,B,100,8,15,-0.2888576665723513
0,B,100,8,16,0.03693045043405228
0,B,100,8,17,0.03670245785000171
0,B,100,8,18,0.039862235783038484
0,B,100,8,19,0.0377365632667212
0,B,100,8,20,0.012036558005596061
0,B,100,8,21,0.039508341378477925
0,B,100,8,22,-0.7676404274466954
0,B,100,8,23,0.03611385403791858
0,B,100,8,24,0.03685517850235174
0,B,100,8,25,0.03503513004051682
0,B,100,8,26,-0.6425515421980098
0,B,100,8,27,0.04724382967391118
0,B,100,8,28,-0.18336412904760735
0,B,100,8,29,-0.05869018529751684
0,B,100,9,0,0.29349380206687026
0,B,100,9,1,-0.46022210686818155
0,B,100,9,2,0.13054824633595644
0,B,100,9,3,-0.353613312739443
0,B,100,9,4,-0.28634857569713645
0,B,100,9,5,-1.1590828070921537
0,B,100,9,6,-0.11084924281398696
0,B,100,9,7,-0.6067542291004715
0,B,100,9,8,-0.733087541589931
0,B,100,9,9,0.285652738985943
0,B,100,9,10,-0.25562044431865144
0,B,100,9,11,-0.031592871710859935
0,B,100,9,12,-0.9954631229947152
0,B,100,9,13,-0.4346756227438716
0,B,100,9,14,-0.5913321639391386
0,B,100,9,15,-1.705868556002062
0,B,100,9,16,-0.3656092214824214
0,B,100,9,17,-0.33337710520345215
0,B,100,9,18,-0.5054088974553361
0,B,100,9,19,-0.529732461478811
0,B,100,9,20,-0.4583417687206203
0,B,100,9,21,0.0009827507826437787
0,B,100,9,22,-0.565840024050847
0,B,100,9,23,-0.6662377037122889
0,B,100,9,24,0.11175903214365793
0,B,100,9,25,0.07276913017095396
0,B,100,9,26,-0.1719215140063052
0,B,100,9,27,0.3039999410836576
0,B,100,9,28,-0.6997893672152115
0,B,100,9,29,-0.487203010705789
1,A,0.05,0,0,-0.47657415147771753
1,A,0.05,0,1,-0.4019383193942294
1,A,0.05,0,2,-0.39120244727530595
1,A,0.05,0,3,-0.147417991355867
1,A,0.05,0,4,-0.40931456469411653
1,A,0.05,0,5,-0.49781806685957214
1,A,0.05,0,6,-0.36556650869685514
1,A,0.05,0,7,-0.3155489826403281
1,A,0.05,0,8,-0.25623862430205585
1,A,0.05,0,9,-0.18703634492840293
1,A,0.05,0,10,-0.19819365882369397
1,A,0.05,0,11,-0.8421785671433032
1,A,0.05,0,12,-0.31536012189338564
1,A,0.05,0,13,-0.4881895319341834
1,A,0.05,0,14,-0.48304552179705446
1,A,0.05,0,15,-0.09489376868860876
1,A,0.05,0,16,-0.19367832627188558
1,A,0.05,0,17,-0.2776949467834833
1,A,0.05,0,18,-0.4297050876909084
1,A,0.05,0,19,-0.2440637954506026
1,A,0.05,0,20,-0.27569799095833347
1,A,0.05,0,21,-0.2652214653885401
1,A,0.05,0,22,-0.1804576251960908
1,A,0.05,0,23,-0.3090247381544346
1,A,0.05,0,24,-0.2492016510137406
1,A,0.05,0,25,-0.29031880526436005
1,A,0.05,0,26,-0.3262289175366925
1,A,0.05,0,27,-0.2381578932630651
1,A,0.05,0,28,-0.4174682635791634
1,A,0.05,0,29,-0.257696829840388
1,A,0.05,1,0,-0.009833606926857674
1,A,0.05,1,1,-0.10984321638174993
1,A,0.05,1,2,0.009809565951284155
1,A,0.05,1,3,-0.04785083400840696
1,A,0.05,1,4,0.06293684693830646
1,A,0.05,1,5,-0.02963130958469515
1,A,0.05,1,6,0.34679265373581103
1,A,0.05,1,7,0.15006345396386186
1,A,0.05,1,8,0.0013299708374956505
1,A,0.05,1,9,0.11920889223565913
1,A,0.05,1,10,-0.08456795293209801
1,A,0.05,1,11,0.006441982845827757
1,A,0.05,1,12,-9.471016372955039e-05
1,A,0.05,1,13,0.1353154002791483
1,A,0.05,1,14,0.04320867103755755
1,A,0.05,1,15,0.01118235007812995
1,A,0.05,1,16,0.2858383027381268
1,A,0.05,1,17,0.09464490944862043
1,A,0.05,1,18,-0.10187041971569241
1,A,0.05,1,19,0.07281901303053398
1,A,0.05,1,20,-0.061389371654276506
1,A,0.05,1,21,-0.13293253675269603
1,A,0.05,1,22,0.1335614092429407
1,A,0.05,1,23,-0.11247894391498157
1,A,0.05,1,24,0.1383662964490095
1,A,0.05,1,25,0.05440271035115006
1,A,0.05,1,26,0.13737315963597022
1,A,0.05,1,27,-0.055049752757079455
1,A,0.05,1,28,0.15138337887603537
1,A,0.05,1,29,0.09942037147447988
1,A,0.05,2,0,1.4181582448994943
1,A,0.05,2,1,1.1753079081635684
1,A,0.05,2,2,1.114504522994895
1,A,0.05,2,3,0.9311617785427976
1,A,0.05,2,4,1.1121756405448862
1,A,0.05,2,5,1.046320315550512
1,A,0.05,2,6,1.1611059595236362
1,A,0.05,2,7,0.9224554743460441
1,A,0.05,2,8,0.7707654852973459
1,A,0.05,2,9,0.9507980813471801
1,A,0.05,2,10,1.3771867035141763
1,A,0.05,2,11,1.007934014731853
1,A,0.05,2,12,1.4355567132542715
1,A,0.05,2,13,1.0289033324991246
1,A,0.05,2,14,1.5656129878906817
1,A,0.05,2,15,1.360151399035613
1,A,0.05,2,16,1.5562549302837623
1,A,0.05,2,17,0.9812602469951903
1,A,0.05,2,18,0.7502122754774129
1,A,0.05,2,19,1.4024141515880462
1,A,0.05,2,20,1.2166619591328711
1,A,0.05,2,21,1.4776238759581286
1,A,0.05,2,22,1.12773886787248
1,A,0.05,2,23,1.2468681042813012
1,A,0.05,2,24,1.0644850145585734
1,A,0.05,2,25,1.24959725798773
1,A,0.05,2,26,1.5730111093426744
1,A,0.05,2,27,1.1210331922276198
1,A,0.05,2,28,1.5347590806724882
1,A,0.05,2,29,1.4400921168754088
1,A,0.05,3,0,-0.43218412906577613
1,A,0.05,3,1,-0.24186324940607987
1,A,0.05,3,2,0.13242259152374544
1,A,0.05,3,3,0.5584324228728226
1,A,0.05,3,4,-0.10094024068197051
1,A,0.05,3,5,-0.02974648466387278
1,A,0.05,3,6,0.30301949181996385
1,A,0.05,3,7,-0.262237615884867
1,A,0.05,3,8,0.13135385625852347
1,A,0.05,3,9,0.48899943139259133
1,A,0.05,3,10,0.2971739804752797
1,A,0.05,3,11,0.6762800046431268
1,A,0.05,3,12,0.33426200615427326
1,A,0.05,3,13,0.35476865823459103
1,A,0.05,3,14,0.17446743256888445
1,A,0.05,3,15,0.15002919911464194
1,A,0.05,3,16,0.008510906838528913
1,A,0.05,3,17,-0.03403229864493409
1,A,0.05,3,18,0.04081587281755613
1,A,0.05,3,19,-0.44255225670718507
1,A,0.05,3,20,0.11176518489170285
1,A,0.05,3,21,0.027854677316870188
1,A,0.05,3,22,0.30691601250284206
1,A,0.05,3,23,-0.31622481078170056
1,A,0.05,3,24,0.7328605446666072
1,A,0.05,3,25,0.29632209730521114
1,A,0.05,3,26,0.36463157295568693
1,A,0.05,3,27,-0.07195020171990149
1,A,0.05,3,28,0.6765445698472651
1,A,0.05,3,29,-0.4630444789110489
1,A,0.05,4,0,-2.6895937331169466
1,A,0.05,4,1,-2.8475804247473686
1,A,0.05,4,2,-2.172949228754184
1,A,0.05,4,3,-2.981740105609569
1,A,0.05,4,4,-3.093863108744321
1,A,0.05,4,5,-2.4868816796004607
1,A,0.05,4,6,-2.843781902244988
1,A,0.05,4,7,-2.2747860103894184
1,A,0.05,4,8,-2.081246825635404
1,A,0.05,4,9,-2.6314570910282957
1,A,0.05,4,10,-2.5454256636994423
1,A,0.05,4,11,-2.3472559428239013
1,A,0.05,4,12,-3.0557298768715433
1,A,0.05,4,13,-2.622509747400226
1,A,0.05,4,14,-2.5928820939612747
1,A,0.05,4,15,-2.2657457050353678
1,A,0.05,4,16,-2.9349890208333593
1,A,0.05,4,17,-2.360565816615248
1,A,0.05,4,18,-2.541860251672158
1,A,0.05,4,19,-2.2648425288155667
1,A,0.05,4,20,-2.5580084755633377
1,A,0.05,4,21,-2.6457722512189172
1,A,0.05,4,22,-2.9511259916972805
1,A,0.05,4,23,-2.702667156873203
1,A,0.05,4,24,-2.80112315490102
1,A,0.05,4,25,-2.1608606188502786
1,A,0.05,4,26,-3.1350061006707706
1,A,0.05,4,27,-2.174725808327635
1,A,0.05,4,28,-2.1738313690555677
1,A,0.05,4,29,-2.6788311541322747
1,A,0.05,5,0,3.0327389384483525
1,A,0.05,5,1,2.1186771845883996
1,A,0.05,5,2,3.698887313572599
1,A,0.05,5,3,2.857354503387649
1,A,0.05,5,4,2.781595893761042
1,A,0.05,5,5,3.2942155710068195
1,A,0.05,5,6,2.8732540983756487
1,A,0.05,5,7,2.345969035306478
1,A,0.05,5,8,2.369040306288119
1,A,0.05,5,9,2.953375638486347
1,A,0.05,5,10,3.030104165820974
1,A,0.05,5,11,2.3001327889864442
1,A,0.05,5,12,2.598655168080514
1,A,0.05,5,13,3.8066289952262675
1,A,0.05,5,14,2.760137983323616
1,A,0.05,5,15,3.0960952839968865
1,A,0.05,5,16,2.7665831739971734
1,A,0.05,5,17,3.037061086180603
1,A,0.05,5,18,2.580808663397659
1,A,0.05,5,19,2.931304572175834
1,A,0.05,5,20,2.944780448033669
1,A,0.05,5,21,2.929080695028936
1,A,0.05,5,22,3.491645034228716
1,A,0.05,5,23,2.8563839802290376
1,A,0.05,5,24,2.97154922469798
1,A,0.05,5,25,2.747113905595914
1,A,0.05,5,26,2.0275601954133027
1,A,0.05,5,27,2.276488830435461
1,A,0.05,5,28,3.3460879671749875
1,A,0.05,5,29,2.339068153495099
1,A,0.05,6,0,0.829542135363158
1,A,0.05,6,1,0.5793361684420877
1,A,0.05,6,2,0.6982114643992133
1,A,0.05,6,3,0.9077645195483872
1,A,0.05,6,4,0.7025529198283968
1,A,0.05,6,5,0.5855784010207872
1,A,0.05,6,6,0.5302522586952387
1,A,0.05,6,7,0.5720397296077652
1,A,0.05,6,8,0.568963912341159
1,A,0.05,6,9,0.7432762122169811
1,A,0.05,6,10,0.858938941119793
1,A,0.05,6,11,0.7271397025422984
1,A,0.05,6,12,0.5858348582009296
1,A,0.05,6,13,0.744953251219868
1,A,0.05,6,14,0.7895091035431889
1,A,0.05,6,15,0.6565310399180531
1,A,0.05,6,16,0.8930407042816114
1,A,0.05,6,17,0.681770511018993
1,A,0.05,6,18,0.5100056321958627
1,A,0.05,6,19,0.6825903186687003
1,A,0.05,6,20,0.6981511738877509
1,A,0.05,6,21,0.7540019085488039
1,A,0.05,6,22,0.8509566038786381
1,A,0.05,6,23,0.5236046299381693
1,A,0.05,6,24,0.6078952732702753
1,A,0.05,6,25,0.804375548142539
1,A,0.05,6,26,0.7239379805120275
1,A,0.05,6,27,0.8123235595965071
1,A,0.05,6,28,0.6270696357498723
1,A,0.05,6,29,0.6304919484564427
1,A,0.05,7,0,0.6183416118933686
1,A,0.05,7,1,0.9776566161137885
1,A,0.05,7,2,1.239275236897791
1,A,0.05,7,3,1.2397147037520415
1,A,0.05,7,4,1.0387048767995546
1,A,0.05,7,5,0.9706620951736338
1,A,0.05,7,6,1.1915079664725285
1,A,0.05,7,7,0.6316654033135892
1,A,0.05,7,8,1.0117015003480312
1,A,0.05,7,9,0.9107639714103124
1,A,0.05,7,10,0.7848076258322075
1,A,0.05,7,11,0.8481570193467902
1,A,0.05,7,12,1.1959554877765648
1,A,0.05,7,13,1.2426240044762649
1,A,0.05,7,14,0.7048165897098176
1,A,0.05,7,15,1.0855087192847743
1,A,0.05,7,16,0.8072738320482471
1,A,0.05,7,17,0.7731733743640199
1,A,0.05,7,18,1.0164299455238401
1,A,0.05,7,19,1.0015950887974328
1,A,0.05,7,20,1.104230563059755
1,A,0.05,7,21,0.9697433856566227
1,A,0.05,7,22,1.2135040222559441
1,A,0.05,7,23,1.0131390919399836
1,A,0.05,7,24,0.6357365107082487
1,A,0.05,7,25,1.1008231604194547
1,A,0.05,7,26,1.4939702016592644
1,A,0.05,7,27,0.6147732959525426
1,A,0.05,7,28,1.136247784838924
1,A,0.05,7,29,1.3767470805486177
1,A,0.05,8,0,-0.0895115505581286
1,A,0.05,8,1,-0.20723934758133614
1,A,0.05,8,2,-0.1720592624598906
1,A,0.05,8,3,0.04600073144378494
1,A,0.05,8,4,0.031466107613854856
1,A,0.05,8,5,-0.0031747806518438956
1,A,0.05,8,6,0.042158130500865365
1,A,0.05,8,7,0.052351668730618264
1,A,0.05,8,8,-0.04552004567285888
1,A,0.05,8,9,0.029423262749151163
1,A,0.05,8,10,0.0319025201613353
1,A,0.05,8,11,0.03852784639313616
1,A,0.05,8,12,0.015292451566567099
1,A,0.05,8,13,0.037093399788520526
1,A,0.05,8,14,-0.025104420762810938
1,A,0.05,8,15,0.02695435342982862
1,A,0.05,8,16,0.027332053324446486
1,A,0.05,8,17,0.055698136205296185
1,A,0.05,8,18,0.04067526965150179
1,A,0.05,8,19,-0.02090002396327446
1,A,0.05,8,20,0.02354855816580982
1,A,0.05,8,21,0.06068247807998619
1,A,0.05,8,22,0.020952408706865797
1,A,0.05,8,23,0.028853943231860885
1,A,0.05,8,24,0.03661021383122986
1,A,0.05,8,25,0.025559723575777703
1,A,0.05,8,26,0.04564475777214429
1,A,0.05,8,27,0.028548998826169725
1,A,0.05,8,28,0.044206111841961784
1,A,0.05,8,29,0.050848755809866725
1,A,0.05,9,0,-0.7152438741726582
1,A,0.05,9,1,-0.13451439568584
1,A,0.05,9,2,-0.5563473436220254
1,A,0.05,9,3,-0.013604574271497312
1,A,0.05,9,4,-0.016615130754420126
1,A,0.05,9,5,-0.18403722347628856
1,A,0.05,9,6,-0.05026737838290281
1,A,0.05,9,7,0.14940687706281683
1,A,0.05,9,8,-0.5774194573683372
1,A,0.05,9,9,-0.6436521617476499
1,A,0.05,9,10,-0.5026092423806603
1,A,0.05,9,11,-0.538153024226587
1,A,0.05,9,12,-0.6003875655338293
1,A,0.05,9,13,0.0414464966616283
1,A,0.05,9,14,-0.18055388713840315
1,A,0.05,9,15,-0.21372065111603608
1,A,0.05,9,16,-0.7106715715069896
1,A,0.05,9,17,-0.25925180772882717
1,A,0.05,9,18,0.26702248905418535
1,A,0.05,9,19,-0.8212791039896862
1,A,0.05,9,20,0.011700677515598246
1,A,0.05,9,21,-0.032448434815239284
1,A,0.05,9,22,-0.06568186315789185
1,A,0.05,9,23,-0.17563841665731592
1,A,0.05,9,24,-0.5154871162862396
1,A,0.05,9,25,-0.42281024965062963
1,A,0.05,9,26,-0.042895808307038784
1,A,0.05,9,27,-0.45414880880861935
1,A,0.05,9,28,-0.49347647311617293
1,A,0.05,9,29,0.15538201536655447
1,B,100,0,0,0.2812198256431164
1,B,100,0,1,0.8007040976284644
1,B,100,0,2,0.5304350540023678
1,B,100,0,3,0.021709212736395263
1,B,100,0,4,0.31687707135252047
1,B,100,0,5,0.5170004805396811
1,B,100,0,6,0.011675095201768508
1,B,100,0,7,-0.13938322417275414
1,B,100,0,8,0.8479651111110864
1,B,100,0,9,-0.045111311110395666
1,B,100,0,10,0.4141383604381897
1,B,100,0,11,0.1571175182846784
1,B,100,0,12,0.41143668687808344
1,B,100,0,13,0.9196304300077868
1,B,100,0,14,0.5015182523942892
1,B,100,0,15,0.9454717861359503
1,B,100,0,16,0.413476648532228
1,B,100,0,17,-0.01928857858904915
1,B,100,0,18,0.8189164596512548
1,B,100,0,19,-0.046556969061818713
1,B,100,0,20,0.7544172747948731
1,B,100,0,21,0.004913882269999735
1,B,100,0,22,-0.46741549628680806
1,B,100,0,23,0.41837435244943244
1,B,100,0,24,0.17818595411044905
1,B,100,0,25,0.6411086550094582
1,B,100,0,26,0.040151750580553154
1,B,100,0,27,0.442605445351109
1,B,100,0,28,0.7979596625046446
1,B,100,0,29,0.45152482184636
1,B,100,1,0,-0.33910986981341484
1,B,100,1,1,0.2883118053250205
1,B,100,1,2,-0.3105636321169497
1,B,100,1,3,-0.0052355313771798185
1,B,100,1,4,-0.08274245978551498
1,B,100,1,5,-0.11757441230261119
1,B,100,1,6,-0.3646726686530796
1,B,100,1,7,0.31499539366611534
1,B,100,1,8,-0.22737494760500077
1,B,100,1,9,-0.42214568898301447
1,B,100,1,10,-0.5673822304732598
1,B,100,1,11,-0.3243305046638113
1,B,100,1,12,-0.008535700618657117
1,B,100,1,13,0.07201822147393344
1,B,100,1,14,0.26768126387868213
1,B,100,1,15,0.21324982860103756
1,B,100,1,16,-0.13707846237593754
1,B,100,1,17,-0.06730156487102405
1,B,100,1,18,-0.18829744679923777
1,B,100,1,19,0.16572798907148367
1,B,100,1,20,-0.19544818214808612
1,B,100,1,21,0.0666260266166786
1,B,100,1,22,0.3790502237807252
1,B,100,1,23,0.20342463314380738
1,B,100,1,24,0.1395365910336399
1,B,100,1,25,-0.07645729346577974
1,B,100,1,26,0.2320112267779321
1,B,100,1,27,0.401957778950225
1,B,100,1,28,0.1252243662376204
1,B,100,1,29,0.31960048453010065
1,B,100,2,0,-0.5383226861514095
1,B,100,2,1,-0.6886741005709209
1,B,100,2,2,-0.7071731037533059
1,B,100,2,3,-0.5254657982327915
1,B,100,2,4,-0.7816553483994604
1,B,100,2,5,-0.0722873040802381
1,B,100,2,6,-0.7407845337237201
1,B,100,2,7,-0.5515733328835595
1,B,100,2,8,-0.6952801310449234
1,B,100,2,9,-0.1703681307115632
1,B,100,2,10,-0.2828632352187278
1,B,100,2,11,-0.47901493687470004
1,B,100,2,12,-0.9465930618651258
1,B,100,2,13,-0.0710687804812898
1,B,100,2,14,-0.25686745070530725
1,B,100,2,15,-0.6680269883992691
1,B,100,2,16,-0.34214543928017005
1,B,100,2,17,0.5138093612560519
1,B,100,2,18,-0.12671461643832657
1,B,100,2,19,0.1492795282632013
1,B,100,2,20,-0.42623085842839287
1,B,100,2,21,0.35015957348301874
1,B,100,2,22,0.26449280474758435
1,B,100,2,23,-0.15424438588318118
1,B,100,2,24,0.3932232750042756
1,B,100,2,25,-0.4206049716276762
1,B,100,2,26,-0.1788020383868042
1,B,100,2,27,-0.646895793014544
1,B,100,2,28,-0.21628735117747072
1,B,100,2,29,-0.04445244859317788
1,B,100,3,0,1.455354427460293
1,B,100,3,1,2.198198514074279
1,B,100,3,2,2.2305137617970554
1,B,100,3,3,2.1592125286843524
1,B,100,3,4,1.71188213551139
1,B,100,3,5,2.506136625127308
1,B,100,3,6,2.102642594356915
1,B,100,3,7,2.4533081513729162
1,B,100,3,8,2.2971545190202516
1,B,100,3,9,2.145202579034628
1,B,100,3,10,1.7218185612666446
1,B,100,3,11,2.3384522491553006
1,B,100,3,12,1.9350268362160448
1,B,100,3,13,1.685123217978324
1,B,100,3,14,2.4981867654066208
1,B,100,3,15,2.100347938850831
1,B,100,3,16,1.9878887158364873
1,B,100,3,17,1.9953913070607208
1,B,100,3,18,2.5530703845943883
1,B,100,3,19,2.1203838033760305
1,B,100,3,20,2.4944248218566836
1,B,100,3,21,1.308420050976527
1,B,100,3,22,1.4395641605151885
1,B,100,3,23,2.3493764136903796
1,B,100,3,24,2.1894313537655012
1,B,100,3,25,2.022594714131534
1,B,100,3,26,1.9704699678970923
1,B,100,3,27,2.4284449833379136
1,B,100,3,28,2.580056984203888
1,B,100,3,29,1.4021716523199994
1,B,100,4,0,1.109143694548187
1,B,100,4,1,1.2882096075948042
1,B,100,4,2,1.169628415590904
1,B,100,4,3,1.5664598975214634
1,B,100,4,4,1.6921843423491627
1,B,100,4,5,1.1423109873396577
1,B,100,4,6,1.4514498115519465
1,B,100,4,7,0.9144062274360496
1,B,100,4,8,1.6763123909014976
1,B,100,4,9,1.5153933831065676
1,B,100,4,10,1.2411204182715099
1,B,100,4,11,1.3424409747215362
1,B,100,4,12,1.7398732819507166
1,B,100,4,13,1.824424977498029
1,B,100,4,14,1.8232978182124675
1,B,100,4,15,1.5611735344528748
1,B,100,4,16,1.7057782226627534
1,B,100,4,17,1.8775881265739496
1,B,100,4,18,1.8330470816927609
1,B,100,4,19,1.1584852117028692
1,B,100,4,20,1.3758368557989467
1,B,100,4,21,1.7211127998309108
1,B,100,4,22,1.7223699478010226
1,B,100,4,23,1.795774678755196
1,B,100,4,24,1.858971485167831
1,B,100,4,25,1.543844006934445
1,B,100,4,26,1.9686214111065907
1,B,100,4,27,1.6152122681703958
1,B,100,4,28,1.6649719975611914
1,B,100,4,29,1.152851696681765
1,B,100,5,0,0.24601410426028555
1,B,100,5,1,-0.2313970872512612
1,B,100,5,2,0.29562756848538274
1,B,100,5,3,0.041208969759291045
1,B,100,5,4,-0.23916816905197225
1,B,100,5,5,0.05730406535847603
1,B,100,5,6,0.023824912101702147
1,B,100,5,7,-0.13441786366650665
1,B,100,5,8,-0.9399673448401203
1,B,100,5,9,-0.06085800736977416
1,B,100,5,10,0.3489549936524216
1,B,100,5,11,0.031929004392879226
1,B,100,5,12,-0.42859452736226167
1,B,100,5,13,-0.011614521574903157
1,B,100,5,14,0.41576973714983856
1,B,100,5,15,0.057216098352123865
1,B,100,5,16,0.4844903609260476
1,B,100,5,17,0.26980571810490034
1,B,100,5,18,-0.192355436090948
1,B,100,5,19,0.378302538137048
1,B,100,5,20,-0.26014595920580985
1,B,100,5,21,-0.14233935867364025
1,B,100,5,22,-0.006876744225643984
1,B,100,5,23,-0.3531518332975715
1,B,100,5,24,0.1241799223036067
1,B,100,5,25,-0.6656525900136133
1,B,100,5,26,-0.19877161312304098
1,B,100,5,27,-0.05851576760432911
1,B,100,5,28,0.8221258701414725
1,B,100,5,29,0.03565583770521091
1,B,100,6,0,1.6058313360903884
1,B,100,6,1,1.7009140578150526
1,B,100,6,2,2.0187836074869367
1,B,100,6,3,1.8508759055746749
1,B,100,6,4,2.1239043245320013
1,B,100,6,5,1.8147617212117961
1,B,100,6,6,0.39116658612539246
1,B,100,6,7,2.025733184701437
1,B,100,6,8,0.49531554038847203
1,B,100,6,9,1.2266840226301399
1,B,100,6,10,1.8052884738467192
1,B,100,6,11,0.2781853759027539
1,B,100,6,12,2.063294324985322
1,B,100,6,13,1.9796411375330834
1,B,100,6,14,2.2771695592909347
1,B,100,6,15,2.0782604365036206
1,B,100,6,16,2.275378000233025
1,B,100,6,17,-0.1743105439802182
1,B,100,6,18,2.1163821978740587
1,B,100,6,19,2.1172682337954134
1,B,100,6,20,2.0016877505782222
1,B,100,6,21,2.161011918059357
1,B,100,6,22,1.855809003858266
1,B,100,6,23,2.097008941142034
1,B,100,6,24,2.167034825189999
1,B,100,6,25,1.9164223372329157
1,B,100,6,26,1.1943823896048764
1,B,100,6,27,2.1461303391704463
1,B,100,6,28,2.2431998073788693
1,B,100,6,29,2.276538599725578
1,B,100,7,0,-0.5609479745550442
1,B,100,7,1,-0.12140325491087343
1,B,100,7,2,-0.4180057595961029
1,B,100,7,3,-0.3543748583632146
1,B,100,7,4,-0.2351590732205299
1,B,100,7,5,-0.21671585925455325
1,B,100,7,6,-0.04730573405588794
1,B,100,7,7,-0.2835930344234705
1,B,100,7,8,-0.4090153969791812
1,B,100,7,9,-0.08852294104957052
1,B,100,7,10,-0.25063181703065895
1,B,100,7,11,0.07710783541156668
1,B,100,7,12,-0.34506067138085356
1,B,100,7,13,-0.2776785911235485
1,B,100,7,14,-0.19815682850249883
1,B,100,7,15,-0.03644711951314658
1,B,100,7,16,-0.4222550360053791
1,B,100,7,17,-0.16304689762804375
1,B,100,7,18,0.38336929604692715
1,B,100,7,19,0.4225614438648794
1,B,100,7,20,0.104263845187383
1,B,100,7,21,-0.13852845636081393
1,B,100,7,22,0.5651714140985299
1,B,100,7,23,0.1510856672738475
1,B,100,7,24,-0.041772565732467855
1,B,100,7,25,0.4679993580843882
1,B,100,7,26,0.5227506737823021
1,B,100,7,27,0.32685479922721367
1,B,100,7,28,0.25859829907968257
1,B,100,7,29,0.22117677150198742
1,B,100,8,0,0.6097370917874966
1,B,100,8,1,1.6905377200969303
1,B,100,8,2,1.450303801571575
1,B,100,8,3,0.649764514163987
1,B,100,8,4,0.7793134235230272
1,B,100,8,5,1.131664389027864
1,B,100,8,6,-0.314842937885463
1,B,100,8,7,0.7424190379855762
1,B,100,8,8,0.7106191032780542
1,B,100,8,9,1.122340884112719
1,B,100,8,10,1.1155175761508906
1,B,100,8,11,1.161772386710192
1,B,100,8,12,1.5807490771687929
1,B,100,8,13,1.3252885262142233
1,B,100,8,14,0.9026276007259016
1,B,100,8,15,0.10932863464972503
1,B,100,8,16,1.3136546218995064
1,B,100,8,17,1.5553080074609797
1,B,100,8,18,1.3063036938598136
1,B,100,8,19,1.4985353180097574
1,B,100,8,20,1.2593392985222513
1,B,100,8,21,1.0395189724955518
1,B,100,8,22,0.48790858268876897
1,B,100,8,23,1.928744613570717
1,B,100,8,24,1.5248738308647924
1,B,100,8,25,1.2048695069362314
1,B,100,8,26,0.9885001021229446
1,B,100,8,27,0.9031863625500066
1,B,100,8,28,1.7133899715110055
1,B,100,8,29,0.6665016116610013
1,B,100,9,0,0.49774106792438805
1,B,100,9,1,0.7870078981089479
1,B,100,9,2,-0.04362263816199382
1,B,100,9,3,-0.494733258570927
1,B,100,9,4,0.880743789634044
1,B,100,9,5,0.423847018050628
1,B,100,9,6,0.2430156697135547
1,B,100,9,7,0.5254474526270948
1,B,100,9,8,0.29251559778749453
1,B,100,9,9,0.19063808369813506
1,B,100,9,10,0.5789838371864611
1,B,100,9,11,0.7819860082008165
1,B,100,9,12,0.7216206558621757
1,B,100,9,13,0.263080070417255
1,B,100,9,14,0.9148584027359448
1,B,100,9,15,-0.15540798671203507
1,B,100,9,16,1.3092299418155158
1,B,100,9,17,0.8951755307886434
1,B,100,9,18,0.35799036664460926
1,B,100,9,19,-0.04241652122648253
1,B,100,9,20,-0.20326434482872877
1,B,100,9,21,0.3413404178384544
1,B,100,9,22,0.6824773641252537
1,B,100,9,23,1.23204323472272
1,B,100,9,24,0.6854272371384446
1,B,100,9,25,0.7559113783234517
1,B,100,9,26,-0.10121342359889937
1,B,100,9,27,0.3621183196130018
1,B,100,9,28,0.9807494349622627
1,B,100,9,29,1.1501287916161227
2,A,0.05,0,0,-0.5319414253415371
2,A,0.05,0,1,-0.371200632097365
2,A,0.05,0,2,-0.5895708131528052
2,A,0.05,0,3,-0.5411632278412061
2,A,0.05,0,4,-0.4493954595640337
2,A,0.05,0,5,0.019438207080779982
2,A,0.05,0,6,-0.2929515230575026
2,A,0.05,0,7,-0.45440882525788673
2,A,0.05,0,8,-0.23916926426800791
2,A,0.05,0,9,-0.40406216069392914
2,A,0.05,0,10,-0.3391219814513321
2,A,0.05,0,11,-0.3590921290019197
2,A,0.05,0,12,0.1309307959318612
2,A,0.05,0,13,-0.4203974148175867
2,A,0.05,0,14,-0.23789201597262483
2,A,0.05,0,15,-0.4450038322930413
2,A,0.05,0,16,-0.07417952216148824
2,A,0.05,0,17,-0.33405623677593477
2,A,0.05,0,18,-0.10839638785653342
2,A,0.05,0,19,-0.6975613518276282
2,A,0.05,0,20,-0.3472365052782531
2,A,0.05,0,21,-0.7924521684470648
2,A,0.05,0,22,-0.5345989394827318
2,A,0.05,0,23,-0.605200662853943
2,A,0.05,0,24,-0.48572665279280924
2,A,0.05,0,25,-0.4392474944677667
2,A,0.05,0,26,-0.4652009088195493
2,A,0.05,0,27,-0.6958896062281849
2,A,0.05,0,28,-0.4372465002157418
2,A,0.05,0,29,-0.32146850099414265
2,A,0.05,1,0,2.1022002545394822
2,A,0.05,1,1,1.4791552942342672
2,A,0.05,1,2,1.7510027021429944
2,A,0.05,1,3,1.794010383881448
2,A,0.05,1,4,1.7679391439627063
2,A,0.05,1,5,1.7442388726463198
2,A,0.05,1,6,1.744653352885472
2,A,0.05,1,7,1.8414290850969932
2,A,0.05,1,8,1.5621318826076773
2,A,0.05,1,9,2.1187910159533323
2,A,0.05,1,10,1.9811821412705264
2,A,0.05,1,11,1.9320636014742836
2,A,0.05,1,12,1.2737122988471363
2,A,0.05,1,13,2.4153274884369065
2,A,0.05,1,14,2.1444979689091306
2,A,0.05,1,15,2.1673430268971874
2,A,0.05,1,16,1.7439655972519073
2,A,0.05,1,17,2.1996866449129495
2,A,0.05,1,18,2.396357743349022
2,A,0.05,1,19,1.5066187201761336
2,A,0.05,1,20,1.9338553574628756
2,A,0.05,1,21,0.969134508035455
2,A,0.05,1,22,2.5056728407868123
2,A,0.05,1,23,1.8924874330330241
2,A,0.05,1,24,1.8331887242750387
2,A,0.05,1,25,1.9924496231343751
2,A,0.05,1,26,1.9038633844368955
2,A,0.05,1,27,1.5904152553154667
2,A,0.05,1,28,1.2027962326209125
2,A,0.05,1,29,1.7478705063783517
2,A,0.05,2,0,0.9924807716082681
2,A,0.05,2,1,1.300160774017633
2,A,0.05,2,2,0.3982262420532873
2,A,0.05,2,3,0.840623910870095
2,A,0.05,2,4,0.17688065685464868
2,A,0.05,2,5,1.238802343392368
2,A,0.05,2,6,1.026051171805285
2,A,0.05,2,7,0.4688703103163057
2,A,0.05,2,8,0.6090497640393832
2,A,0.05,2,9,1.2683281511406879
2,A,0.05,2,10,0.6873921564250902
2,A,0.05,2,11,0.8303435720064094
2,A,0.05,2,12,1.536528652168359
2,A,0.05,2,13,0.8385865544661995
2,A,0.05,2,14,0.8752042259699757
2,A,0.05,2,15,0.9951331406296522
2,A,0.05,2,16,0.6188443953844652
2,A,0.05,2,17,0.13702050218438408
2,A,0.05,2,18,1.0098206546022614
2,A,0.05,2,19,0.8133635843786307
2,A,0.05,2,20,0.6780697562825391
2,A,0.05,2,21,1.2031461932317822
2,A,0.05,2,22,0.18434490085829236
2,A,0.05,2,23,0.9148398711870765
2,A,0.05,2,24,0.9003330051114207
2,A,0.05,2,25,0.5699270066826662
2,A,0.05,2,26,1.3180472584293716
2,A,0.05,2,27,0.9026389336579004
2,A,0.05,2,28,-0.08541020615085372
2,A,0.05,2,29,-0.5995738788520169
2,A,0.05,3,0,1.1027973479490296
2,A,0.05,3,1,0.934705440813311
2,A,0.05,3,2,1.0924777145990032
2,A,0.05,3,3,1.4855920367902657
2,A,0.05,3,4,1.1416334122116076
2,A,0.05,3,5,0.6448899623973949
2,A,0.05,3,6,0.7502524882649966
2,A,0.05,3,7,0.824108265799269
2,A,0.05,3,8,0.9237053330607531
2,A,0.05,3,9,1.2431022002064096
2,A,0.05,3,10,0.8041646632724251
2,A,0.05,3,11,0.6510807164372765
2,A,0.05,3,12,0.7006914917757922
2,A,0.05,3,13,1.22967602687818
2,A,0.05,3,14,0.7606116650047139
2,A,0.05,3,15,1.0005794458160966
2,A,0.05,3,16,0.964795165287653
2,A,0.05,3,17,0.8957909205663569
2,A,0.05,3,18,1.036198404709145
2,A,0.05,3,19,1.2648593798056567
2,A,0.05,3,20,1.0796350610990348
2,A,0.05,3,21,0.9932331170135649
2,A,0.05,3,22,0.8821292135113202
2,A,0.05,3,23,0.9115508727783589
2,A,0.05,3,24,1.023455923520569
2,A,0.05,3,25,0.7651232341586941
2,A,0.05,3,26,0.6699480877722789
2,A,0.05,3,27,1.2603458208657654
2,A,0.05,3,28,0.9792180475901021
2,A,0.05,3,29,0.9624059808026324
2,A,0.05,4,0,0.18032552416717823
2,A,0.05,4,1,0.267091691707118
2,A,0.05,4,2,-0.3447052477344483
2,A,0.05,4,3,0.37241714010392307
2,A,0.05,4,4,0.16773863587587354
2,A,0.05,4,5,0.45126462117470895
2,A,0.05,4,6,-0.48454872064084153
2,A,0.05,4,7,0.5682147772001103
2,A,0.05,4,8,-0.022369913945229
2,A,0.05,4,9,0.6615689617305792
2,A,0.05,4,10,0.16707361139195567
2,A,0.05,4,11,-0.002429362179674009
2,A,0.05,4,12,-0.18690181370452374
2,A,0.05,4,13,0.007308177842263061
2,A,0.05,4,14,-0.2935203694210533
2,A,0.05,4,15,0.1864192215802821
2,A,0.05,4,16,0.2521839070134671
2,A,0.05,4,17,-0.6117814164148103
2,A,0.05,4,18,0.3380986137411701
2,A,0.05,4,19,0.3760839081541451
2,A,0.05,4,20,-0.01872133942709343
2,A,0.05,4,21,-0.23683858044386033
2,A,0.05,4,22,0.006457667534594027
2,A,0.05,4,23,0.0738678416239279
2,A,0.05,4,24,0.4688224062682588
2,A,0.05,4,25,-0.27709086083337603
2,A,0.05,4,26,-0.5601069382991744
2,A,0.05,4,27,0.24406559135108613
2,A,0.05,4,28,-0.5929766077025699
2,A,0.05,4,29,0.007273238579671426
2,A,0.05,5,0,2.542185881224397
2,A,0.05,5,1,2.658786106202984
2,A,0.05,5,2,2.476164327227725
2,A,0.05,5,3,1.8481903741540642
2,A,0.05,5,4,2.5731288481797545
2,A,0.05,5,5,2.300485279322589
2,A,0.05,5,6,2.643371742253247
2,A,0.05,5,7,2.583872188384302
2,A,0.05,5,8,2.294184496092706
2,A,0.05,5,9,2.430942884192551
2,A,0.05,5,10,2.6386639298964703
2,A,0.05,5,11,2.7414406660165334
2,A,0.05,5,12,2.396177719745548
2,A,0.05,5,13,2.080516265331704
2,A,0.05,5,14,2.5875744332202495
2,A,0.05,5,15,2.291806175090047
2,A,0.05,5,16,2.609879268776585
2,A,0.05,5,17,2.5869065016946307
2,A,0.05,5,18,2.75039924099313
2,A,0.05,5,19,2.6123207690186727
2,A,0.05,5,20,2.3017272578732446
2,A,0.05,5,21,2.2565416117299324
2,A,0.05,5,22,2.505984233438486
2,A,0.05,5,23,2.5023018054221464
2,A,0.05,5,24,2.0015231649422462
2,A,0.05,5,25,2.385196317316177
2,A,0.05,5,26,2.4618072732907827
2,A,0.05,5,27,2.435284563714565
2,A,0.05,5,28,2.1382175926105766
2,A,0.05,5,29,2.0512421616305403
2,A,0.05,6,0,-1.1219813706664936
2,A,0.05,6,1,-0.5335406433064275
2,A,0.05,6,2,-1.264653394710109
2,A,0.05,6,3,-1.4256957681874232
2,A,0.05,6,4,-0.8982824674607759
2,A,0.05,6,5,-0.8929059649288456
2,A,0.05,6,6,-0.2615801721303715
2,A,0.05,6,7,-0.9780114149297763
2,A,0.05,6,8,-0.8227117287398208
2,A,0.05,6,9,-0.8707136081712222
2,A,0.05,6,10,0.3274942534679344
2,A,0.05,6,11,-0.6962146659659341
2,A,0.05,6,12,-0.9558064216037815
2,A,0.05,6,13,-0.18541573170775255
2,A,0.05,6,14,-1.4373495699845729
2,A,0.05,6,15,-0.5186757097020344
2,A,0.05,6,16,-0.33633146136372
2,A,0.05,6,17,-0.5819624844933637
2,A,0.05,6,18,-1.056590973383667
2,A,0.05,6,19,-0.830424501081863
2,A,0.05,6,20,-0.505791223540374
2,A,0.05,6,21,-1.012472171428265
2,A,0.05,6,22,-0.6181092920631259
2,A,0.05,6,23,-0.3816269247219939
2,A,0.05,6,24,-0.7324998963531558
2,A,0.05,6,25,-0.4890920099991782
2,A,0.05,6,26,-0.9074433545855529
2,A,0.05,6,27,-1.264984233597769
2,A,0.05,6,28,-0.8921088626579515
2,A,0.05,6,29,0.0958076040780591
2,A,0.05,7,0,-0.30677632264389304
2,A,0.05,7,1,0.22765985814639553
2,A,0.05,7,2,0.02744065053646871
2,A,0.05,7,3,0.45801136447546387
2,A,0.05,7,4,-0.5539043167650488
2,A,0.05,7,5,0.6962522391200545
2,A,0.05,7,6,-0.09571282220278197
2,A,0.05,7,7,0.25643158415272627
2,A,0.05,7,8,-0.16724918935115082
2,A,0.05,7,9,0.51700709458435
2,A,0.05,7,10,0.659123478020003
2,A,0.05,7,11,-0.43158742007030504
2,A,0.05,7,12,0.24415197661932272
2,A,0.05,7,13,-0.03969929244944325
2,A,0.05,7,14,-0.16913321756326755
2,A,0.05,7,15,0.17890446774707286
2,A,0.05,7,16,-0.29425392260638894
2,A,0.05,7,17,-0.08365253812273053
2,A,0.05,7,18,-0.7465607455811633
2,A,0.05,7,19,-0.11757648422022961
2,A,0.05,7,20,0.14226654959280113
2,A,0.05,7,21,-0.2011298904776308
2,A,0.05,7,22,-0.05634311693335725
2,A,0.05,7,23,0.28384317209275584
2,A,0.05,7,24,0.03678810039996149
2,A,0.05,7,25,0.016748207434816406
2,A,0.05,7,26,-0.7180380800912499
2,A,0.05,7,27,-0.21259424057598483
2,A,0.05,7,28,0.38847367570481656
2,A,0.05,7,29,0.0739725975571392
2,A,0.05,8,0,0.8049922863627241
2,A,0.05,8,1,0.5618857524394651
2,A,0.05,8,2,0.796434117066977
2,A,0.05,8,3,0.45528735677237925
2,A,0.05,8,4,0.9977806361535796
2,A,0.05,8,5,0.2859302307496505
2,A,0.05,8,6,1.3609373444339499
2,A,0.05,8,7,0.47890769706637754
2,A,0.05,8,8,0.30158386135887827
2,A,0.05,8,9,0.8418753616363702
2,A,0.05,8,10,0.2512786106523319
2,A,0.05,8,11,1.1712820225903358
2,A,0.05,8,12,2.190557075088149
2,A,0.05,8,13,-0.39703006896513166
2,A,0.05,8,14,0.506116079174319
2,A,0.05,8,15,1.1083337658685528
2,A,0.05,8,16,1.085251128128667
2,A,0.05,8,17,0.9058307484313788
2,A,0.05,8,18,0.7532058578423654
2,A,0.05,8,19,1.0206622093701738
2,A,0.05,8,20,1.6227782930310313
2,A,0.05,8,21,2.3356583355292067
2,A,0.05,8,22,-0.30537041804768306
2,A,0.05,8,23,1.5690009426134885
2,A,0.05,8,24,0.6134244576538939
2,A,0.05,8,25,1.0114459796957076
2,A,0.05,8,26,1.8646601295832899
2,A,0.05,8,27,2.3154712911380684
2,A,0.05,8,28,2.565753197840386
2,A,0.05,8,29,1.9200805093054607
2,A,0.05,9,0,0.5636567153357198
2,A,0.05,9,1,0.29069906568646964
2,A,0.05,9,2,0.3889541084546303
2,A,0.05,9,3,0.6424673559837654
2,A,0.05,9,4,0.5266150741266743
2,A,0.05,9,5,0.6769049764726623
2,A,0.05,9,6,1.1100643169316042
2,A,0.05,9,7,0.5185567321033152
2,A,0.05,9,8,0.480135056702166
2,A,0.05,9,9,0.02218365788064485
2,A,0.05,9,10,0.096869444780025
2,A,0.05,9,11,0.6500917203949904
2,A,0.05,9,12,0.6987933615854339
2,A,0.05,9,13,0.23379426615371884
2,A,0.05,9,14,0.6932557635368553
2,A,0.05,9,15,0.9080980474037743
2,A,0.05,9,16,1.090175071586917
2,A,0.05,9,17,0.7695805801956389
2,A,0.05,9,18,0.6767855943440962
2,A,0.05,9,19,0.4412051030210995
2,A,0.05,9,20,0.8943702070168195
2,A,0.05,9,21,0.9812535136614666
2,A,0.05,9,22,1.0793266996536268
2,A,0.05,9,23,0.39738878654440724
2,A,0.05,9,24,0.7722252749809514
2,A,0.05,9,25,0.9295346362584527
2,A,0.05,9,26,1.2965296425525592
2,A,0.05,9,27,0.4409536848812454
2,A,0.05,9,28,0.7553146371331261
2,A,0.05,9,29,0.2684498001470157
2,B,100,0,0,0.0679180307952776
2,B,100,0,1,0.15856040116489226
2,B,100,0,2,0.05596157802768374
2,B,100,0,3,0.08181030105924283
2,B,100,0,4,1.1792998950495899
2,B,100,0,5,0.05628020510822925
2,B,100,0,6,0.037453244374554454
2,B,100,0,7,0.13148055625812985
2,B,100,0,8,0.8343284886998805
2,B,100,0,9,-0.07987390487097047
2,B,100,0,10,0.12422017958266174
2,B,100,0,11,0.030557516866884318
2,B,100,0,12,0.1269373011814343
2,B,100,0,13,-0.0092834175149465
2,B,100,0,14,1.638403303079653
2,B,100,0,15,0.07165275401119424
2,B,100,0,16,0.05417788152036177
2,B,100,0,17,0.062147486354076166
2,B,100,0,18,0.47263652881936574
2,B,100,0,19,0.02559810938355488
2,B,100,0,20,0.06397999716638136
2,B,100,0,21,0.08830551219134633
2,B,100,0,22,0.030646153276022502
2,B,100,0,23,0.4013040938846252
2,B,100,0,24,0.981028744579856
2,B,100,0,25,1.4068741486103875
2,B,100,0,26,0.5396668340723044
2,B,100,0,27,0.05111531461245857
2,B,100,0,28,0.03237177900391615
2,B,100,0,29,0.04737778130684356
2,B,100,1,0,-0.30807106569763376
2,B,100,1,1,-0.9954124393554235
2,B,100,1,2,-1.2144507904024782
2,B,100,1,3,-0.4341254356259303
2,B,100,1,4,-0.9094758603044902
2,B,100,1,5,-0.34634651784453757
2,B,100,1,6,-0.6277101131536159
2,B,100,1,7,-0.45037207209274416
2,B,100,1,8,-0.5180798248360888
2,B,100,1,9,-0.9288133937705603
2,B,100,1,10,-0.7891515263443751
2,B,100,1,11,-0.7960498451305028
2,B,100,1,12,-1.491808315559952
2,B,100,1,13,-0.12444026151592241
2,B,100,1,14,-0.501165283887026
2,B,100,1,15,-0.3310493911923783
2,B,100,1,16,-0.39880157885644196
2,B,100,1,17,-0.666655099671503
2,B,100,1,18,-1.0490816415988378
2,B,100,1,19,-0.28394239864634285
2,B,100,1,20,-0.4905357628498694
2,B,100,1,21,-0.6934083641287722
2,B,100,1,22,-0.9162834822615915
2,B,100,1,23,-0.438067626199722
2,B,100,1,24,-0.7418171950842833
2,B,100,1,25,-0.04644294014085817
2,B,100,1,26,-0.13807369540080303
2,B,100,1,27,-0.7686483875862722
2,B,100,1,28,-0.24051533546482243
2,B,100,1,29,-0.9136626329660922
2,B,100,2,0,0.1072394208099747
2,B,100,2,1,0.2749118371967592
2,B,100,2,2,0.36117110808885483
2,B,100,2,3,0.5958691039747228
2,B,100,2,4,0.1485175350572811
2,B,100,2,5,0.06646992483158384
2,B,100,2,6,0.5807203224457538
2,B,100,2,7,0.6699688112642525
2,B,100,2,8,0.12342922298130429
2,B,100,2,9,0.4514635153077008
2,B,100,2,10,0.6677923581759194
2,B,100,2,11,0.33006179112840905
2,B,100,2,12,0.6834011076802867
2,B,100,2,13,-0.444120379204701
2,B,100,2,14,0.18740591313080562
2,B,100,2,15,0.36946748589189915
2,B,100,2,16,0.09403943212672898
2,B,100,2,17,0.5543723891729375
2,B,100,2,18,0.39892373700211725
2,B,100,2,19,0.20426661763001758
2,B,100,2,20,0.6318545666313833
2,B,100,2,21,0.3594726905049091
2,B,100,2,22,0.15636101877304298
2,B,100,2,23,-0.02775285673256788
2,B,100,2,24,0.3030456293468671
2,B,100,2,25,0.4740102054357696
2,B,100,2,26,0.4520230241894254
2,B,100,2,27,0.39337959488862895
2,B,100,2,28,0.721608415454244
2,B,100,2,29,0.4782830909809861
2,B,100,3,0,-0.18444187381908606
2,B,100,3,1,0.06378971375443239
2,B,100,3,2,0.23845423079080139
2,B,100,3,3,0.003810471852550131
2,B,100,3,4,0.06028388797607083
2,B,100,3,5,0.07142043911353647
2,B,100,3,6,-0.08711390833259687
2,B,100,3,7,0.4762100474414246
2,B,100,3,8,0.08040282573819191
2,B,100,3,9,0.19336010563932338
2,B,100,3,10,0.4494689069545543
2,B,100,3,11,0.17831418029286672
2,B,100,3,12,0.1918049777118926
2,B,100,3,13,0.11621311396755937
2,B,100,3,14,0.4467318491045304
2,B,100,3,15,0.21319242016001264
2,B,100,3,16,0.42472232085291245
2,B,100,3,17,-0.2933840721193244
2,B,100,3,18,0.135368787592093
2,B,100,3,19,0.1416156868838486
2,B,100,3,20,0.3990892904885046
2,B,100,3,21,0.6748449498888294
2,B,100,3,22,0.340807966866599
2,B,100,3,23,0.2360307795151991
2,B,100,3,24,0.12724172495256603
2,B,100,3,25,0.3956288245274993
2,B,100,3,26,-0.33058153210738606
2,B,100,3,27,0.21691571939011894
2,B,100,3,28,0.2022664130150371
2,B,100,3,29,0.5065102717344269
2,B,100,4,0,-0.033518051608348344
2,B,100,4,1,0.28444320172814647
2,B,100,4,2,0.45395418271006516
2,B,100,4,3,0.894792067212678
2,B,100,4,4,0.7477271743984875
2,B,100,4,5,0.6116619165189525
2,B,100,4,6,0.6894737707056725
2,B,100,4,7,0.8503711495011873
2,B,100,4,8,0.1773821211271546
2,B,100,4,9,0.614252080220796
2,B,100,4,10,0.6451069769810198
2,B,100,4,11,0.5702246365438252
2,B,100,4,12,0.8565774526447758
2,B,100,4,13,0.7562868489551798
2,B,100,4,14,0.4159500476420464
2,B,100,4,15,0.5671177675721363
2,B,100,4,16,0.6190653731204367
2,B,100,4,17,0.5946964939526169
2,B,100,4,18,0.8069347352997635
2,B,100,4,19,0.8627610909138962
2,B,100,4,20,0.6406031658360226
2,B,100,4,21,0.7321721353730531
2,B,100,4,22,0.49995842676771607
2,B,100,4,23,0.7679887168182237
2,B,100,4,24,0.733746491916929
2,B,100,4,25,0.9637128202882571
2,B,100,4,26,0.8094805766729718
2,B,100,4,27,0.6738866554058236
2,B,100,4,28,0.9580652934795889
2,B,100,4,29,0.5945259088773858
2,B,100,5,0,0.7790442192545799
2,B,100,5,1,0.23217019611174303
2,B,100,5,2,0.15430455721022376
2,B,100,5,3,1.0950131162772418
2,B,100,5,4,0.5738177420404758
2,B,100,5,5,0.41997816505975893
2,B,100,5,6,0.29803570103536403
2,B,100,5,7,0.10938339358228777
2,B,100,5,8,0.3040058843335336
2,B,100,5,9,0.1316567287619907
2,B,100,5,10,0.5913924173064946
2,B,100,5,11,-0.05251977058796314
2,B,100,5,12,0.21689390000864253
2,B,100,5,13,0.6706425734537755
2,B,100,5,14,0.3857888041357003
2,B,100,5,15,0.9083390572506875
2,B,100,5,16,0.3580079465676938
2,B,100,5,17,0.4468464980996724
2,B,100,5,18,0.2719616716683569
2,B,100,5,19,0.2142596560092808
2,B,100,5,20,0.9567267916453412
2,B,100,5,21,0.512756239803422
2,B,100,5,22,0.10980642109228714
2,B,100,5,23,0.6901624079859487
2,B,100,5,24,0.47159299724515535
2,B,100,5,25,0.22366198463989684
2,B,100,5,26,0.2752826473107251
2,B,100,5,27,0.2739569831685985
2,B,100,5,28,0.515734851844467
2,B,100,5,29,0.4709883010851307
2,B,100,6,0,0.9068340032757095
2,B,100,6,1,0.6818716043082059
2,B,100,6,2,0.8483437117725235
2,B,100,6,3,0.8681156278298704
2,B,100,6,4,1.029538384280052
2,B,100,6,5,0.585559638375739
2,B,100,6,6,0.9587871689844678
2,B,100,6,7,0.8134991946889572
2,B,100,6,8,0.8755433623270765
2,B,100,6,9,0.7696130044502443
2,B,100,6,10,1.270058453323783
2,B,100,6,11,0.8754988981489994
2,B,100,6,12,1.0974562726153085
2,B,100,6,13,1.1206948672466763
2,B,100,6,14,1.3007313175662334
2,B,100,6,15,0.9250783206396195
2,B,100,6,16,1.1249545042210476
2,B,100,6,17,0.9999881354000255
2,B,100,6,18,0.8866307944603327
2,B,100,6,19,1.054443003196943
2,B,100,6,20,0.525318941854174
2,B,100,6,21,0.9121412239010069
2,B,100,6,22,1.0075488466323619
2,B,100,6,23,0.96450841730827
2,B,100,6,24,1.0736364910767189
2,B,100,6,25,0.8597829455375491
2,B,100,6,26,0.8429356612209189
2,B,100,6,27,0.8721785909109727
2,B,100,6,28,0.9084478849863623
2,B,100,6,29,1.0880083281392117
2,B,100,7,0,-1.944667457394456
2,B,100,7,1,-0.20570142255077883
2,B,100,7,2,-1.8393436328888813
2,B,100,7,3,-0.9875796194825527
2,B,100,7,4,-1.5920535009218404
2,B,100,7,5,-0.8943750989746192
2,B,100,7,6,-1.7945829433278708
2,B,100,7,7,-0.23213878612882938
2,B,100,7,8,-2.156607787913033
2,B,100,7,9,-0.29111102144325857
2,B,100,7,10,-0.2723880708225902
2,B,100,7,11,-0.5034099467270489
2,B,100,7,12,-0.11683475064252104
2,B,100,7,13,-1.4892774790172907
2,B,100,7,14,-1.0043559731596174
2,B,100,7,15,-1.2544957563240855
2,B,100,7,16,-1.4660079611920418
2,B,100,7,17,-1.0999665051435303
2,B,100,7,18,-0.7851970864196078
2,B,100,7,19,-1.2008031063003042
2,B,100,7,20,-0.7568519941634642
2,B,100,7,21,-0.8363564379142974
2,B,100,7,22,-0.7598693629590655
2,B,100,7,23,-1.9422644493615935
2,B,100,7,24,-1.18296573942382
2,B,100,7,25,-0.8860905939911667
2,B,100,7,26,-0.8396965111334745
2,B,100,7,27,-0.9449478201252417
2,B,100,7,28,-1.3776107160267412
2,B,100,7,29,-0.34177519069914886
2,B,100,8,0,0.3776834765594593
2,B,100,8,1,0.14150381594551859
2,B,100,8,2,0.4369122911787986
2,B,100,8,3,0.0493545496983017
2,B,100,8,4,0.2092272243983314
2,B,100,8,5,0.48253367505702077
2,B,100,8,6,0.2375402889470471
2,B,100,8,7,0.09104423510212184
2,B,100,8,8,0.4417584186870158
2,B,100,8,9,0.3875735031384901
2,B,100,8,10,0.24693267368302954
2,B,100,8,11,0.3205077234760501
2,B,100,8,12,0.13984182044799628
2,B,100,8,13,0.5535274657261109
2,B,100,8,14,0.5063280891467459
2,B,100,8,15,0.6329690114615364
2,B,100,8,16,0.3588387864161008
2,B,100,8,17,0.3718405612627571
2,B,100,8,18,0.6775557273838101
2,B,100,8,19,0.5739390763003961
2,B,100,8,20,-0.21386725872042112
2,B,100,8,21,0.6164519823221415
2,B,100,8,22,0.5726699936912503
2,B,100,8,23,0.09999614102581861
2,B,100,8,24,0.389205032757285
2,B,100,8,25,0.9147893777441213
2,B,100,8,26,0.2607955806733471
2,B,100,8,27,-0.01697364764240963
2,B,100,8,28,0.37135091977662704
2,B,100,8,29,0.043186140267029265
2,B,100,9,0,0.2287502122212863
2,B,100,9,1,0.2452025120855823
2,B,100,9,2,0.24313890957303508
2,B,100,9,3,0.30246203003229954
2,B,100,9,4,0.2427114974827765
2,B,100,9,5,0.33274931948759157
2,B,100,9,6,0.300776190560572
2,B,100,9,7,0.3509054531533145
2,B,100,9,8,0.3585661968914886
2,B,100,9,9,-0.18819487902532386
2,B,100,9,10,0.33438793910509423
2,B,100,9,11,-0.24316893904199532
2,B,100,9,12,0.22632381286526568
2,B,100,9,13,0.16738311870730832
2,B,100,9,14,0.17332691828008873
2,B,100,9,15,0.24993917771650057
2,B,100,9,16,-0.17855968543666095
2,B,100,9,17,0.29303086750716406
2,B,100,9,18,0.37099042467225435
2,B,100,9,19,0.37119103614083854
2,B,100,9,20,0.20931652627552363
2,B,100,9,21,0.16364156393682738
2,B,100,9,22,0.36032563337001666
2,B,100,9,23,0.20883408509181486
2,B,100,9,24,0.3599673461692028
2,B,100,9,25,0.3047739481464584
2,B,100,9,26,0.2494993911153515
2,B,100,9,27,0.3926033422258111
2,B,100,9,28,0.26109601425059525
2,B,100,9,29,0.3725157131190317
3,A,0.05,0,0,-0.5654409943498485
3,A,0.05,0,1,-0.9118249210823195
3,A,0.05,0,2,-0.9164246064993504
3,A,0.05,0,3,-0.8684957349618275
3,A,0.05,0,4,-0.7543202528377363
3,A,0.05,0,5,-0.7571575861189521
3,A,0.05,0,6,-1.255570273829534
3,A,0.05,0,7,-1.0355190978729945
3,A,0.05,0,8,0.4642726660300106
3,A,0.05,0,9,-0.31705380938352123
3,A,0.05,0,10,-0.6159040753449997
3,A,0.05,0,11,0.31945626742662153
3,A,0.05,0,12,-0.4011778374208365
3,A,0.05,0,13,-0.20558161612226591
3,A,0.05,0,14,0.008406794903659498
3,A,0.05,0,15,0.313340877756961
3,A,0.05,0,16,-0.1983499688551667
3,A,0.05,0,17,0.424942165079043
3,A,0.05,0,18,0.40977242541564357
3,A,0.05,0,19,0.15264294259159503
3,A,0.05,0,20,0.14729699749454658
3,A,0.05,0,21,0.44417439031055395
3,A,0.05,0,22,-0.1651305681613833
3,A,0.05,0,23,-0.009882532644960881
3,A,0.05,0,24,-0.14911111851831632
3,A,0.05,0,25,-0.08218289831955806
3,A,0.05,0,26,0.7789749451464042
3,A,0.05,0,27,-1.0632284208471623
3,A,0.05,0,28,0.45360576409277414
3,A,0.05,0,29,0.14054677684028527
3,A,0.05,1,0,-0.9131391544227011
3,A,0.05,1,1,-0.5297552123193979
3,A,0.05,1,2,-0.4733785317683129
3,A,0.05,1,3,0.09147251135350527
3,A,0.05,1,4,-0.5031269602524068
3,A,0.05,1,5,-0.3603770685415368
3,A,0.05,1,6,-0.3284580641939432
3,A,0.05,1,7,-0.23343970675588088
3,A,0.05,1,8,-0.45960731384027353
3,A,0.05,1,9,-0.4695082904206951
3,A,0.05,1,10,-0.9818786738592997
3,A,0.05,1,11,-0.37045667582045955
3,A,0.05,1,12,-0.8566533475334158
3,A,0.05,1,13,-0.34985267539459164
3,A,0.05,1,14,-1.183912121917486
3,A,0.05,1,15,-0.5925518656535448
3,A,0.05,1,16,-0.5158460901955498
3,A,0.05,1,17,-0.5942041469383303
3,A,0.05,1,18,-0.6189848418734871
3,A,0.05,1,19,-0.3217027709442501
3,A,0.05,1,20,-0.30453079825303164
3,A,0.05,1,21,-0.6594923679080228
3,A,0.05,1,22,-0.1358821480646433
3,A,0.05,1,23,-0.19237041180630748
3,A,0.05,1,24,-0.9491293071803851
3,A,0.05,1,25,-0.35033066147791575
3,A,0.05,1,26,-0.3843386988359343
3,A,0.05,1,27,-0.5800658236769346
3,A,0.05,1,28,-0.22656878303989195
3,A,0.05,1,29,-0.745097958091061
3,A,0.05,2,0,0.29214258083250144
3,A,0.05,2,1,0.35768546415380187
3,A,0.05,2,2,0.17891604467571592
3,A,0.05,2,3,0.42197109999296223
3,A,0.05,2,4,0.2110323382535187
3,A,0.05,2,5,0.42030782569499753
3,A,0.05,2,6,0.37845040526092477
3,A,0.05,2,7,0.24495555296853008
3,A,0.05,2,8,0.33328039867034887
3,A,0.05,2,9,-0.2609772191167504
3,A,0.05,2,10,0.34525542253838537
3,A,0.05,2,11,0.4856302676193997
3,A,0.05,2,12,0.34653785971939727
3,A,0.05,2,13,0.6075124532185767
3,A,0.05,2,14,0.5246104305290062
3,A,0.05,2,15,0.08570711853266373
3,A,0.05,2,16,0.5853798258460996
3,A,0.05,2,17,0.39004360258314663
3,A,0.05,2,18,-0.055778580179379054
3,A,0.05,2,19,0.13607039528669213
3,A,0.05,2,20,0.21795119247960382
3,A,0.05,2,21,0.5257361799307728
3,A,0.05,2,22,0.22662798107642868
3,A,0.05,2,23,0.5946913412059115
3,A,0.05,2,24,0.5019631496821398
3,A,0.05,2,25,0.3588921393151181
3,A,0.05,2,26,0.11498912694437216
3,A,0.05,2,27,0.252868926223178
3,A,0.05,2,28,0.4027065520891457
3,A,0.05,2,29,0.22473676810859539
3,A,0.05,3,0,-0.24072548593441548
3,A,0.05,3,1,-0.31254504377444053
3,A,0.05,3,2,-0.003662419124431676
3,A,0.05,3,3,0.1403724550935717
3,A,0.05,3,4,-0.08316128968391313
3,A,0.05,3,5,0.04085888588130087
3,A,0.05,3,6,0.020142459326653726
3,A,0.05,3,7,0.1880619079045872
3,A,0.05,3,8,0.07821836566588274
3,A,0.05,3,9,0.16998144800707157
3,A,0.05,3,10,0.08984539584468045
3,A,0.05,3,11,-0.15771175354165895
3,A,0.05,3,12,-0.10414307119624336
3,A,0.05,3,13,0.07941489515157663
3,A,0.05,3,14,0.12250441469101436
3,A,0.05,3,15,0.18636557834545697
3,A,0.05,3,16,0.038819643418969665
3,A,0.05,3,17,0.18756351774942182
3,A,0.05,3,18,-0.0023456715866951457
3,A,0.05,3,19,0.18639951885907896
3,A,0.05,3,20,0.2090767272630962
3,A,0.05,3,21,0.016832673801003582
3,A,0.05,3,22,-0.30892827126348554
3,A,0.05,3,23,0.11548653538451133
3,A,0.05,3,24,0.016233693498677135
3,A,0.05,3,25,0.06046420328703549
3,A,0.05,3,26,0.16285239214423125
3,A,0.05,3,27,0.038492066038208796
3,A,0.05,3,28,-0.16304607688497805
3,A,0.05,3,29,0.11542119638846919
3,A,0.05,4,0,-0.10008201698348818
3,A,0.05,4,1,-0.03403444123529749
3,A,0.05,4,2,-0.36296433402948386
3,A,0.05,4,3,-0.11997222406711813
3,A,0.05,4,4,-0.3712037139069373
3,A,0.05,4,5,-0.5277515269533232
3,A,0.05,4,6,-0.8124917280113338
3,A,0.05,4,7,-0.2904490115659486
3,A,0.05,4,8,0.017162113915085674
3,A,0.05,4,9,-0.14311413921100355
3,A,0.05,4,10,-0.4503999592195744
3,A,0.05,4,11,-0.24849358114172118
3,A,0.05,4,12,-0.5883889046821063
3,A,0.05,4,13,-0.09995765221304645
3,A,0.05,4,14,-0.016301297660395304
3,A,0.05,4,15,-0.2962297383583739
3,A,0.05,4,16,-0.023095343354823567
3,A,0.05,4,17,-0.5067750431640689
3,A,0.05,4,18,-0.3182018536078039
3,A,0.05,4,19,-0.14318947634206602
3,A,0.05,4,20,-0.28784941185776264
3,A,0.05,4,21,-0.3570318548311223
3,A,0.05,4,22,-0.17733543571272864
3,A,0.05,4,23,-0.05377476246138675
3,A,0.05,4,24,-0.16273798906827533
3,A,0.05,4,25,-0.591224601354022
3,A,0.05,4,26,-0.02547384985716024
3,A,0.05,4,27,-0.03316966324415075
3,A,0.05,4,28,-0.21315833193830494
3,A,0.05,4,29,-0.47863212288539414
3,A,0.05,5,0,1.862484683667217
3,A,0.05,5,1,1.7227778945212762
3,A,0.05,5,2,1.8906027192708061
3,A,0.05,5,3,1.761410693773691
3,A,0.05,5,4,1.3669863251035688
3,A,0.05,5,5,1.610733056031172
3,A,0.05,5,6,1.8232216536848973
3,A,0.05,5,7,1.6346945615286292
3,A,0.05,5,8,1.7247434717742627
3,A,0.05,5,9,1.733134266183957
3,A,0.05,5,10,1.795109633260153
3,A,0.05,5,11,1.7769887369661068
3,A,0.05,5,12,1.7899423161108916
3,A,0.05,5,13,1.8230952046250444
3,A,0.05,5,14,1.4569920342028368
3,A,0.05,5,15,1.6465484482051629
3,A,0.05,5,16,1.7288342213360226
3,A,0.05,5,17,1.7210201494916293
3,A,0.05,5,18,1.9527896577566828
3,A,0.05,5,19,1.6602461672053987
3,A,0.05,5,20,1.9241616562516908
3,A,0.05,5,21,1.6977933679180586
3,A,0.05,5,22,1.7387456457231456
3,A,0.05,5,23,1.7477210366780538
3,A,0.05,5,24,2.0230781921337346
3,A,0.05,5,25,1.7124536801616546
3,A,0.05,5,26,1.7963472805642193
3,A,0.05,5,27,1.947787128372499
3,A,0.05,5,28,1.9077985236995345
3,A,0.05,5,29,1.968929792298028
3,A,0.05,6,0,-1.1167563243188163
3,A,0.05,6,1,-1.4538099665820918
3,A,0.05,6,2,-0.9335031011365649
3,A,0.05,6,3,-1.161426893552655
3,A,0.05,6,4,-0.9501048223981059
3,A,0.05,6,5,-1.3123600121469177
3,A,0.05,6,6,-1.5293706155609887
3,A,0.05,6,7,-1.3258166015480726
3,A,0.05,6,8,-1.1160104821463308
3,A,0.05,6,9,-0.5342344247951328
3,A,0.05,6,10,-1.0462061531096927
3,A,0.05,6,11,-1.2176471472750015
3,A,0.05,6,12,-1.3968056859551903
3,A,0.05,6,13,-0.5881034803896834
3,A,0.05,6,14,-0.9639171433522328
3,A,0.05,6,15,-1.0493827075366104
3,A,0.05,6,16,-1.0517634446944302
3,A,0.05,6,17,-1.0398108026049444
3,A,0.05,6,18,-0.7985456254686716
3,A,0.05,6,19,-1.0981415072216003
3,A,0.05,6,20,-1.129842901715371
3,A,0.05,6,21,-0.9379668364631777
3,A,0.05,6,22,-0.8410389868580471
3,A,0.05,6,23,-0.7603870950385121
3,A,0.05,6,24,-0.8873818030414539
3,A,0.05,6,25,-1.2527940922202498
3,A,0.05,6,26,-0.8175881793766805
3,A,0.05,6,27,-0.8611918938224132
3,A,0.05,6,28,-1.0421012201164002
3,A,0.05,6,29,-0.4555353301263146
3,A,0.05,7,0,-0.051483669021846125
3,A,0.05,7,1,0.0677345705416541
3,A,0.05,7,2,0.05231681235606685
3,A,0.05,7,3,0.023075270903469624
3,A,0.05,7,4,-0.008296210757400498
3,A,0.05,7,5,0.01613911485253252
3,A,0.05,7,6,-0.01178665220541998
3,A,0.05,7,7,0.19239243882132406
3,A,0.05,7,8,-0.0625859774825646
3,A,0.05,7,9,0.024391689357303903
3,A,0.05,7,10,-0.1829634862359919
3,A,0.05,7,11,-0.13762098651111423
3,A,0.05,7,12,0.15329359372331647
3,A,0.05,7,13,-0.049701722477887164
3,A,0.05,7,14,-0.057359396687133184
3,A,0.05,7,15,-0.15561092168353674
3,A,0.05,7,16,-0.05029731374461786
3,A,0.05,7,17,0.05474091019602549
3,A,0.05,7,18,0.27655836371209097
3,A,0.05,7,19,-0.06429486971230206
3,A,0.05,7,20,0.5611721789498268
3,A,0.05,7,21,0.49143384871716517
3,A,0.05,7,22,0.7831891212428868
3,A,0.05,7,23,0.6237522136616586
3,A,0.05,7,24,0.8989869184991867
3,A,0.05,7,25,0.4836770362094099
3,A,0.05,7,26,0.3989953805086937
3,A,0.05,7,27,0.33498525115373545
3,A,0.05,7,28,0.7438369191329849
3,A,0.05,7,29,0.046524470611188695
3,A,0.05,8,0,-1.483606962143108
3,A,0.05,8,1,-1.570708835358199
3,A,0.05,8,2,-1.228843749442574
3,A,0.05,8,3,-1.3010904367824194
3,A,0.05,8,4,-0.8491063568421338
3,A,0.05,8,5,-1.4085999320925848
3,A,0.05,8,6,-1.6057855622828714
3,A,0.05,8,7,-1.4217134949521784
3,A,0.05,8,8,-1.2592641049874966
3,A,0.05,8,9,-1.364079499615816
3,A,0.05,8,10,-1.5869065973346603
3,A,0.05,8,11,-1.180075727280239
3,A,0.05,8,12,-0.9710924664258396
3,A,0.05,8,13,-0.993235734861924
3,A,0.05,8,14,-1.019689966678632
3,A,0.05,8,15,-0.9403571528916495
3,A,0.05,8,16,-1.1475258833210655
3,A,0.05,8,17,-1.1698251961324873
3,A,0.05,8,18,-1.255652130275826
3,A,0.05,8,19,-1.6114457260530612
3,A,0.05,8,20,-1.7910899264902602
3,A,0.05,8,21,-1.3085168510055691
3,A,0.05,8,22,-1.3772309229578839
3,A,0.05,8,23,-1.3386483039559631
3,A,0.05,8,24,-1.2894029389224635
3,A,0.05,8,25,-1.3508080152742399
3,A,0.05,8,26,-1.682698531750318
3,A,0.05,8,27,-1.6558874937540575
3,A,0.05,8,28,-1.4466791212519154
3,A,0.05,8,29,-1.6265728225083216
3,A,0.05,9,0,1.5377654407230137
3,A,0.05,9,1,1.330049425292868
3,A,0.05,9,2,1.5369264616522014
3,A,0.05,9,3,1.43890905459797
3,A,0.05,9,4,1.5231255827506835
3,A,0.05,9,5,1.5390090728131056
3,A,0.05,9,6,1.2045539275423929
3,A,0.05,9,7,1.1540493659230984
3,A,0.05,9,8,1.3045877388457248
3,A,0.05,9,9,1.5625463017314918
3,A,0.05,9,10,0.9762421177326696
3,A,0.05,9,11,2.1582346887921044
3,A,0.05,9,12,1.6098459241989718
3,A,0.05,9,13,1.1879937484840355
3,A,0.05,9,14,0.8835780196998697
3,A,0.05,9,15,1.6454479150363204
3,A,0.05,9,16,1.4003921196412024
3,A,0.05,9,17,1.5562262691120106
3,A,0.05,9,18,1.206098093036909
3,A,0.05,9,19,2.279776963238091
3,A,0.05,9,20,1.3504632731153838
3,A,0.05,9,21,1.2137337918018625
3,A,0.05,9,22,1.1764522778680886
3,A,0.05,9,23,1.740738347347322
3,A,0.05,9,24,0.8477935008310911
3,A,0.05,9,25,0.5590775918523596
3,A,0.05,9,26,1.778103506535144
3,A,0.05,9,27,0.508448515872054
3,A,0.05,9,28,2.0588406882107226
3,A,0.05,9,29,1.2833439297617757
3,B,100,0,0,-0.275375524394985
3,B,100,0,1,0.5262338656940772
3,B,100,0,2,0.9066318919444556
3,B,100,0,3,0.3339744994706382
3,B,100,0,4,0.6622140027415238
3,B,100,0,5,0.454296667560107
3,B,100,0,6,0.388331171607635
3,B,100,0,7,-0.27058746197675765
3,B,100,0,8,0.43516802612456834
3,B,100,0,9,0.4406642348329078
3,B,100,0,10,-0.8006142894370706
3,B,100,0,11,0.24462452951932906
3,B,100,0,12,-0.5287505911789893
3,B,100,0,13,0.3436602689050292
3,B,100,0,14,0.7098321974204741
3,B,100,0,15,1.047755690944313
3,B,100,0,16,-0.30140307113963355
3,B,100,0,17,-0.1309191986794247
3,B,100,0,18,0.9281470970828103
3,B,100,0,19,1.1399844901917155
3,B,100,0,20,-0.0142594612191766
3,B,100,0,21,0.45810556809194636
3,B,100,0,22,1.2736853858950277
3,B,100,0,23,0.9051224244758111
3,B,100,0,24,0.10304478617400714
3,B,100,0,25,0.92529280733992
3,B,100,0,26,-0.21634138643629874
3,B,100,0,27,-1.160875529386138
3,B,100,0,28,0.5439676348668148
3,B,100,0,29,1.1309402712414585
3,B,100,1,0,0.5914326555378678
3,B,100,1,1,0.40867144047426335
3,B,100,1,2,0.2604587188214405
3,B,100,1,3,0.6684212189162977
3,B,100,1,4,0.20175887950180327
3,B,100,1,5,0.4453427386406321
3,B,100,1,6,0.3765896380857603
3,B,100,1,7,0.41986144151729193
3,B,100,1,8,0.3715832836573678
3,B,100,1,9,0.418717353488157
3,B,100,1,10,1.1763412688219075
3,B,100,1,11,0.9773535058219401
3,B,100,1,12,1.2118292257523542
3,B,100,1,13,0.30549719917127827
3,B,100,1,14,0.7764709495557226
3,B,100,1,15,1.0166521428854658
3,B,100,1,16,0.5462995695146362
3,B,100,1,17,0.9454060478832983
3,B,100,1,18,0.6021176397199796
3,B,100,1,19,1.4843410396947976
3,B,100,1,20,1.6801100779036466
3,B,100,1,21,1.6862303465800874
3,B,100,1,22,0.7538327666180518
3,B,100,1,23,1.5395182558738478
3,B,100,1,24,1.6373351646768974
3,B,100,1,25,1.2464423478193045
3,B,100,1,26,0.9938327485018646
3,B,100,1,27,1.1229310935511123
3,B,100,1,28,0.9405387994387853
3,B,100,1,29,1.2810853775046582
3,B,100,2,0,0.8540853026971759
3,B,100,2,1,0.562367682580652
3,B,100,2,2,0.886193032041719
3,B,100,2,3,1.1914260876478056
3,B,100,2,4,1.0613239779805361
3,B,100,2,5,0.9420653917855876
3,B,100,2,6,1.1329698867465063
3,B,100,2,7,0.8865084720637672
3,B,100,2,8,1.444770811131542
3,B,100,2,9,0.9091449298484255
3,B,100,2,10,0.789707337453827
3,B,100,2,11,0.6196875973761462
3,B,100,2,12,0.8412588025062514
3,B,100,2,13,0.6664093257013268
3,B,100,2,14,0.822998147417109
3,B,100,2,15,0.9162958951919836
3,B,100,2,16,0.5445674601249854
3,B,100,2,17,1.0527637517494772
3,B,100,2,18,0.4949347657360848
3,B,100,2,19,1.0965294816799178
3,B,100,2,20,0.6795648569530904
3,B,100,2,21,0.6148438015342593
3,B,100,2,22,0.9477892907332293
3,B,100,2,23,0.801125906938739
3,B,100,2,24,0.7316369067760706
3,B,100,2,25,0.8215772940645863
3,B,100,2,26,0.4278112928729977
3,B,100,2,27,0.982451503379644
3,B,100,2,28,1.185011983808728
3,B,100,2,29,0.9256162583891836
3,B,100,3,0,1.2076394794720697
3,B,100,3,1,0.5430984641025886
3,B,100,3,2,0.7162568243403081
3,B,100,3,3,0.767219071695292
3,B,100,3,4,0.5532903424846606
3,B,100,3,5,0.853732362346293
3,B,100,3,6,1.0138227767811598
3,B,100,3,7,0.772923471131961
3,B,100,3,8,0.8393884868820025
3,B,100,3,9,0.37238585231283744
3,B,100,3,10,0.6111259791569137
3,B,100,3,11,1.074464681906128
3,B,100,3,12,0.6051195914000405
3,B,100,3,13,1.2326554982584508
3,B,100,3,14,0.40401818396238215
3,B,100,3,15,1.1125058586365941
3,B,100,3,16,0.9397725732451545
3,B,100,3,17,0.8379459041649968
3,B,100,3,18,0.8184912520575018
3,B,100,3,19,0.30760082405522515
3,B,100,3,20,0.8559706736665964
3,B,100,3,21,0.5716805086395726
3,B,100,3,22,0.6508624849211425
3,B,100,3,23,0.29737069560071516
3,B,100,3,24,0.40038334002473996
3,B,100,3,25,0.9218599891332568
3,B,100,3,26,0.8928525195947692
3,B,100,3,27,0.7042854011468918
3,B,100,3,28,0.6303020445826063
3,B,100,3,29,0.25447671996615834
3,B,100,4,0,-0.694349470495548
3,B,100,4,1,-0.389041761288069
3,B,100,4,2,-1.2449424258104622
3,B,100,4,3,-0.5020730589049811
3,B,100,4,4,-1.012875526059784
3,B,100,4,5,-0.15991376305668809
3,B,100,4,6,-0.38484417952025834
3,B,100,4,7,-0.7677247079094793
3,B,100,4,8,-0.4550821158569315
3,B,100,4,9,-0.45750921361073615
3,B,100,4,10,-0.5524082995878098
3,B,100,4,11,-0.4633165293972057
3,B,100,4,12,-0.68506733629925
3,B,100,4,13,-0.5564795037861106
3,B,100,4,14,-1.2014594854290233
3,B,100,4,15,-0.4819586289646238
3,B,100,4,16,-0.9003462888445402
3,B,100,4,17,-0.930577343933541
3,B,100,4,18,-0.6397512960698464
3,B,100,4,19,-0.5188548401119359
3,B,100,4,20,-1.0304217287562496
3,B,100,4,21,-0.34722760703453537
3,B,100,4,22,-0.3603805368826777
3,B,100,4,23,-0.5644469419085173
3,B,100,4,24,-0.3920316322409296
3,B,100,4,25,-0.5802990783873172
3,B,100,4,26,-0.6836719016893564
3,B,100,4,27,-0.49885556781801904
3,B,100,4,28,-0.8170061129638707
3,B,100,4,29,-0.2775568570803104
3,B,100,5,0,-1.165211288281513
3,B,100,5,1,-0.2912184287992113
3,B,100,5,2,-0.7177520609345738
3,B,100,5,3,-0.4345403553795289
3,B,100,5,4,-0.5690397432091663
3,B,100,5,5,-0.40783371301232485
3,B,100,5,6,-0.4734897821531827
3,B,100,5,7,-1.023984569303099
3,B,100,5,8,-0.6166330657102727
3,B,100,5,9,0.18932769250019443
3,B,100,5,10,-0.3715578946534855
3,B,100,5,11,-0.35346310582507223
3,B,100,5,12,-0.4337136650741976
3,B,100,5,13,-0.3131404982005046
3,B,100,5,14,-0.27969200328613936
3,B,100,5,15,-1.409724294424924
3,B,100,5,16,-1.1795809978542746
3,B,100,5,17,-0.5510133248533735
3,B,100,5,18,-0.08204092690071775
3,B,100,5,19,-0.2235074949922062
3,B,100,5,20,-0.774774543026908
3,B,100,5,21,-0.22808300785537236
3,B,100,5,22,0.048722069911749676
3,B,100,5,23,-0.3182257106127377
3,B,100,5,24,-0.9649375550047482
3,B,100,5,25,0.07960394529975727
3,B,100,5,26,-0.46238108775185593
3,B,100,5,27,-0.2725676539186769
3,B,100,5,28,-0.029120585210830344
3,B,100,5,29,0.006860086220117802
3,B,100,6,0,0.5479399719174486
3,B,100,6,1,0.5863750563189526
3,B,100,6,2,0.4570842159357766
3,B,100,6,3,0.3636416249604846
3,B,100,6,4,-0.01385521005896098
3,B,100,6,5,-0.14741849056951375
3,B,100,6,6,0.526826610605765
3,B,100,6,7,0.5190172688149672
3,B,100,6,8,0.002559376016870494
3,B,100,6,9,0.3900229648755027
3,B,100,6,10,0.3644578765143341
3,B,100,6,11,0.8026919926380484
3,B,100,6,12,-0.12999473831425623
3,B,100,6,13,0.38360874507004494
3,B,100,6,14,0.6759368945018617
3,B,100,6,15,0.027427187671046342
3,B,100,6,16,0.3022803537787332
3,B,100,6,17,0.656944276857347
3,B,100,6,18,0.5683612179019211
3,B,100,6,19,0.3187767212866141
3,B,100,6,20,0.4601161119437273
3,B,100,6,21,-0.0040975009035250564
3,B,100,6,22,0.233817313662107
3,B,100,6,23,0.17551929490090876
3,B,100,6,24,0.1480556458835509
3,B,100,6,25,0.16101393143323767
3,B,100,6,26,0.5121015377127631
3,B,100,6,27,0.06864441307440049
3,B,100,6,28,0.3460339548518236
3,B,100,6,29,0.3318107402137249
3,B,100,7,0,-0.14428671439097276
3,B,100,7,1,0.21046677606704567
3,B,100,7,2,-0.620894675738585
3,B,100,7,3,-0.49459557106845653
3,B,100,7,4,-0.5663612653493784
3,B,100,7,5,-0.2451089917784047
3,B,100,7,6,-0.5817298767531043
3,B,100,7,7,-0.33221884695313486
3,B,100,7,8,0.06925097822868534
3,B,100,7,9,-0.3453249955869221
3,B,100,7,10,0.3122173457777515
3,B,100,7,11,-0.4523789503228824
3,B,100,7,12,-0.30058360458462563
3,B,100,7,13,-0.5304775073647185
3,B,100,7,14,-0.2762636836763921
3,B,100,7,15,-0.4691701617399454
3,B,100,7,16,0.28677852092997685
3,B,100,7,17,-0.6276013808284752
3,B,100,7,18,0.09833564975259466
3,B,100,7,19,-0.5646504110234437
3,B,100,7,20,-0.32910009596078577
3,B,100,7,21,-0.24292284171703535
3,B,100,7,22,-0.308620420600998
3,B,100,7,23,-0.819882928442145
3,B,100,7,24,-0.36091751245993026
3,B,100,7,25,-0.1626234841289418
3,B,100,7,26,-0.3305288473291071
3,B,100,7,27,-0.29157411988857884
3,B,100,7,28,0.2459598722564668
3,B,100,7,29,-0.3088690904243178
3,B,100,8,0,1.3375907346807725
3,B,100,8,1,0.7377111970095424
3,B,100,8,2,1.1430157042532276
3,B,100,8,3,1.2556906549111475
3,B,100,8,4,0.6155102116236931
3,B,100,8,5,1.3516583262088677
3,B,100,8,6,1.2042102855546437
3,B,100,8,7,1.1786305917550761
3,B,100,8,8,1.693721052969299
3,B,100,8,9,1.5389573778224646
3,B,100,8,10,1.559229663925846
3,B,100,8,11,2.0761188737435923
3,B,100,8,12,1.2657207558455226
3,B,100,8,13,1.401130798127679
3,B,100,8,14,1.2078815301817092
3,B,100,8,15,2.0940630753791827
3,B,100,8,16,1.2771624448429828
3,B,100,8,17,1.2486500451724258
3,B,100,8,18,1.7418527562516892
3,B,100,8,19,1.4650701161981425
3,B,100,8,20,0.9282655188555801
3,B,100,8,21,1.459181892049108
3,B,100,8,22,1.761183754363582
3,B,100,8,23,1.1819537508176357
3,B,100,8,24,1.9964551469838645
3,B,100,8,25,1.33991512831973
3,B,100,8,26,0.9274007243486756
3,B,100,8,27,1.29376277664206
3,B,100,8,28,2.3482116648410822
3,B,100,8,29,1.907047431112204
3,B,100,9,0,-0.42117677660003083
3,B,100,9,1,-1.0175916686067006
3,B,100,9,2,-0.2948253501517916
3,B,100,9,3,-1.0384120794152463
3,B,100,9,4,-0.595404846524246
3,B,100,9,5,-0.5340349183310096
3,B,100,9,6,-0.3794556307648584
3,B,100,9,7,0.12633932857270808
3,B,100,9,8,0.03874671859331797
3,B,100,9,9,0.12844061226051007
3,B,100,9,10,-0.7644321144471315
3,B,100,9,11,0.2306632133600728
3,B,100,9,12,0.17829845285956003
3,B,100,9,13,0.14840269719465435
3,B,100,9,14,0.3286729159854541
3,B,100,9,15,0.1085884334722578
3,B,100,9,16,-0.6413995782432355
3,B,100,9,17,0.25343171004094533
3,B,100,9,18,0.2273591525685151
3,B,100,9,19,0.2130527268285344
3,B,100,9,20,0.19523126090573714
3,B,100,9,21,0.3502506870059348
3,B,100,9,22,0.05996977206266157
3,B,100,9,23,0.1408865896347279
3,B,100,9,24,0.06315255034389222
3,B,100,9,25,0.30942664234441075
3,B,100,9,26,0.21580425652020196
3,B,100,9,27,0.1887044875975967
3,B,100,9,28,0.16274281240384422
3,B,100,9,29,0.04990146846860436
4,A,0.05,0,0,0.024641891983655066
4,A,0.05,0,1,0.21653169841247294
4,A,0.05,0,2,0.2497198382851371
4,A,0.05,0,3,0.010778917365688756
4,A,0.05,0,4,0.1304944233084277
4,A,0.05,0,5,0.16525358551259692
4,A,0.05,0,6,-0.05204354806274968
4,A,0.05,0,7,0.04272044165678451
4,A,0.05,0,8,0.34771010349159087
4,A,0.05,0,9,0.3446128469034669
4,A,0.05,0,10,0.42463688890390705
4,A,0.05,0,11,0.5246128868084079
4,A,0.05,0,12,0.07285415728588301
4,A,0.05,0,13,0.4549355370018967
4,A,0.05,0,14,0.03866501444079437
4,A,0.05,0,15,-0.0022319287009446437
4,A,0.05,0,16,0.6103529837054025
4,A,0.05,0,17,0.39777309324306565
4,A,0.05,0,18,0.8279259407408741
4,A,0.05,0,19,-0.19341736143080243
4,A,0.05,0,20,-0.20277199223736395
4,A,0.05,0,21,0.4231562205338847
4,A,0.05,0,22,0.32960605898469003
4,A,0.05,0,23,-0.19265220786703266
4,A,0.05,0,24,-0.19491938473704737
4,A,0.05,0,25,0.2787237810784719
4,A,0.05,0,26,-0.1496566643979993
4,A,0.05,0,27,0.22507891041677922
4,A,0.05,0,28,-0.014409708974448314
4,A,0.05,0,29,0.41319270538114505
4,A,0.05,1,0,2.1326893988762756
4,A,0.05,1,1,2.22542126767685
4,A,0.05,1,2,2.0292534038186822
4,A,0.05,1,3,2.33900894744118
4,A,0.05,1,4,2.0997013215321023
4,A,0.05,1,5,2.289995865474445
4,A,0.05,1,6,2.3908714259153574
4,A,0.05,1,7,2.098465991200057
4,A,0.05,1,8,1.6378889745476282
4,A,0.05,1,9,2.361612106886499
4,A,0.05,1,10,2.488308808017724
4,A,0.05,1,11,2.175637779795234
4,A,0.05,1,12,1.8866591205805214
4,A,0.05,1,13,2.5485551609507975
4,A,0.05,1,14,2.074604766886625
4,A,0.05,1,15,2.641296485742918
4,A,0.05,1,16,2.3483129232379656
4,A,0.05,1,17,2.2918652899693512
4,A,0.05,1,18,1.7802857190145642
4,A,0.05,1,19,3.047117489213333
4,A,0.05,1,20,2.573510612795867
4,A,0.05,1,21,2.1392928543944567
4,A,0.05,1,22,2.5639367218704323
4,A,0.05,1,23,2.034473234155173
4,A,0.05,1,24,2.202131599017548
4,A,0.05,1,25,2.3389120137682133
4,A,0.05,1,26,2.4615934378735362
4,A,0.05,1,27,2.637486386652984
4,A,0.05,1,28,2.7082440730171173
4,A,0.05,1,29,2.1113287690634346
4,A,0.05,2,0,-0.34913681765428345
4,A,0.05,2,1,-0.4132895166039922
4,A,0.05,2,2,-0.3251916045537301
4,A,0.05,2,3,-0.48042038050431923
4,A,0.05,2,4,-0.30913803483560176
4,A,0.05,2,5,-0.2689949539242173
4,A,0.05,2,6,-0.4654599016910982
4,A,0.05,2,7,-0.5273150017215171
4,A,0.05,2,8,-0.3659911166060507
4,A,0.05,2,9,-0.2777351976295578
4,A,0.05,2,10,-0.38747100622956665
4,A,0.05,2,11,-0.28740623489176054
4,A,0.05,2,12,-0.18612684903089374
4,A,0.05,2,13,-0.2664541142376532
4,A,0.05,2,14,-0.31778750693043156
4,A,0.05,2,15,-0.2754504342936039
4,A,0.05,2,16,-0.14352546482462683
4,A,0.05,2,17,-0.18520603793273874
4,A,0.05,2,18,-0.07166610459273445
4,A,0.05,2,19,-0.0687774597375069
4,A,0.05,2,20,-0.03185736768788086
4,A,0.05,2,21,-0.048058940122342686
4,A,0.05,2,22,-0.15597707133088864
4,A,0.05,2,23,-0.19488740237719604
4,A,0.05,2,24,0.11966416446094115
4,A,0.05,2,25,0.05481737079782546
4,A,0.05,2,26,-0.253561158952498
4,A,0.05,2,27,0.02384929195792229
4,A,0.05,2,28,0.1833711677533842
4,A,0.05,2,29,0.12798145302007904
4,A,0.05,3,0,-0.40728498340382785
4,A,0.05,3,1,-0.2574045685429039
4,A,0.05,3,2,-0.2710368872741702
4,A,0.05,3,3,-0.32102833182410107
4,A,0.05,3,4,-0.3167933779793782
4,A,0.05,3,5,-0.47506827755979375
4,A,0.05,3,6,-0.4221177597517911
4,A,0.05,3,7,-0.42157283592086314
4,A,0.05,3,8,-0.24530802772355226
4,A,0.05,3,9,-0.27035488535969504
4,A,0.05,3,10,-0.07968732220423512
4,A,0.05,3,11,-0.7584857738405432
4,A,0.05,3,12,-0.28979327838935715
4,A,0.05,3,13,-0.21744248835034174
4,A,0.05,3,14,-1.010407060220389
4,A,0.05,3,15,-0.4262974318597114
4,A,0.05,3,16,-0.4505999560231052
4,A,0.05,3,17,-0.6514704349030495
4,A,0.05,3,18,-0.731690033480042
4,A,0.05,3,19,-0.5788239435194451
4,A,0.05,3,20,-0.9893142246055504
4,A,0.05,3,21,-0.29301938401279537
4,A,0.05,3,22,-0.28025486398713056
4,A,0.05,3,23,-0.355914947188186
4,A,0.05,3,24,-0.16992966895238154
4,A,0.05,3,25,-0.4842590651906854
4,A,0.05,3,26,-0.43318120015093337
4,A,0.05,3,27,-0.49216911771594046
4,A,0.05,3,28,-0.2934099243119772
4,A,0.05,3,29,-0.11802222151729722
4,A,0.05,4,0,1.8797545144878858
4,A,0.05,4,1,2.4115857936663136
4,A,0.05,4,2,2.1044694937157864
4,A,0.05,4,3,1.250119045074974
4,A,0.05,4,4,2.1357549028958633
4,A,0.05,4,5,1.6100788362979936
4,A,0.05,4,6,2.015425192100494
4,A,0.05,4,7,1.5567705180284592
4,A,0.05,4,8,2.0315088951168816
4,A,0.05,4,9,1.7103815860848435
4,A,0.05,4,10,1.3983510256500484
4,A,0.05,4,11,1.838042632744685
4,A,0.05,4,12,2.28287917449807
4,A,0.05,4,13,1.7708851077983925
4,A,0.05,4,14,2.191095805476448
4,A,0.05,4,15,1.5737930870848242
4,A,0.05,4,16,2.030647521262327
4,A,0.05,4,17,2.1246685501601785
4,A,0.05,4,18,1.791968429865108
4,A,0.05,4,19,1.2826904480324113
4,A,0.05,4,20,1.8790602807445376
4,A,0.05,4,21,1.733737177798206
4,A,0.05,4,22,2.0510379057218104
4,A,0.05,4,23,1.7210503735229594
4,A,0.05,4,24,1.3895375985846783
4,A,0.05,4,25,1.7908389713987778
4,A,0.05,4,26,1.736447095400081
4,A,0.05,4,27,2.0943295297364575
4,A,0.05,4,28,1.863803478560675
4,A,0.05,4,29,1.9351687546324787
4,A,0.05,5,0,0.6711443717350457
4,A,0.05,5,1,0.1493989431666932
4,A,0.05,5,2,0.4815680417184076
4,A,0.05,5,3,0.46206140257550077
4,A,0.05,5,4,0.6130470971336203
4,A,0.05,5,5,0.4376154911124021
4,A,0.05,5,6,0.3734393333132986
4,A,0.05,5,7,0.6974670849245576
4,A,0.05,5,8,0.407348175487533
4,A,0.05,5,9,0.5249218045406946
4,A,0.05,5,10,0.2701174638232428
4,A,0.05,5,11,0.46602951356121636
4,A,0.05,5,12,0.3887827943403782
4,A,0.05,5,13,0.7311436802473285
4,A,0.05,5,14,0.7074772672430586
4,A,0.05,5,15,0.3631522570881992
4,A,0.05,5,16,0.5485984131150555
4,A,0.05,5,17,0.5899190825485616
4,A,0.05,5,18,0.36569151461194466
4,A,0.05,5,19,0.5587177190812814
4,A,0.05,5,20,0.30032928627633815
4,A,0.05,5,21,0.6398574951292476
4,A,0.05,5,22,0.17896283524622275
4,A,0.05,5,23,0.5870111875804792
4,A,0.05,5,24,0.3290961480133295
4,A,0.05,5,25,0.37345309333088594
4,A,0.05,5,26,0.54510831631243
4,A,0.05,5,27,0.29984298945429017
4,A,0.05,5,28,0.4479043891532691
4,A,0.05,5,29,0.3710726805670163
4,A,0.05,6,0,0.4755056610980941
4,A,0.05,6,1,-0.08837453527734945
4,A,0.05,6,2,0.004661020596042332
4,A,0.05,6,3,0.1701126071099678
4,A,0.05,6,4,0.3675263065149647
4,A,0.05,6,5,0.1658252679830231
4,A,0.05,6,6,-0.16029615260612862
4,A,0.05,6,7,0.5447483696665494
4,A,0.05,6,8,0.15139998664337428
4,A,0.05,6,9,0.044082001928376816
4,A,0.05,6,10,0.4644464905255895
4,A,0.05,6,11,-0.3321045816022585
4,A,0.05,6,12,0.08376210977414789
4,A,0.05,6,13,0.2984999434811723
4,A,0.05,6,14,0.197746422834856
4,A,0.05,6,15,0.8140161237037092
4,A,0.05,6,16,0.47601092967305836
4,A,0.05,6,17,0.39841161794140484
4,A,0.05,6,18,0.7283931841116478
4,A,0.05,6,19,0.5913563003523464
4,A,0.05,6,20,1.1412415309711388
4,A,0.05,6,21,0.9113051902896857
4,A,0.05,6,22,0.5892070901271964
4,A,0.05,6,23,0.5468627985886158
4,A,0.05,6,24,0.17779655896078575
4,A,0.05,6,25,0.21476546326785295
4,A,0.05,6,26,0.5684907723563261
4,A,0.05,6,27,1.1169363052609154
4,A,0.05,6,28,-0.157758790139941
4,A,0.05,6,29,0.6120160166555866
4,A,0.05,7,0,0.12537771267813602
4,A,0.05,7,1,-0.4097021848084069
4,A,0.05,7,2,-0.09380763823922723
4,A,0.05,7,3,-0.11387814962387924
4,A,0.05,7,4,-0.19712544952162972
4,A,0.05,7,5,-0.18299768246810572
4,A,0.05,7,6,-0.17874697240982254
4,A,0.05,7,7,-0.0923050613787282
4,A,0.05,7,8,0.23787268388630883
4,A,0.05,7,9,0.43920666612297304
4,A,0.05,7,10,-0.10246678142139527
4,A,0.05,7,11,0.25582138715398145
4,A,0.05,7,12,0.0757733469573921
4,A,0.05,7,13,0.2569185214090114
4,A,0.05,7,14,0.11212776015796319
4,A,0.05,7,15,0.38107183907839765
4,A,0.05,7,16,0.21060153485224578
4,A,0.05,7,17,0.617617782414576
4,A,0.05,7,18,0.354445055329979
4,A,0.05,7,19,-0.1302804285643539
4,A,0.05,7,20,0.33518664304870077
4,A,0.05,7,21,0.36153365196613513
4,A,0.05,7,22,0.23435528815456075
4,A,0.05,7,23,0.3000330824402246
4,A,0.05,7,24,0.27977487286515174
4,A,0.05,7,25,0.1568638250491814
4,A,0.05,7,26,0.2277354513646586
4,A,0.05,7,27,0.08712605225088714
4,A,0.05,7,28,0.12614786895842153
4,A,0.05,7,29,0.04656061352706781
4,A,0.05,8,0,0.5620050171621583
4,A,0.05,8,1,0.04736133740490081
4,A,0.05,8,2,1.227544028583785
4,A,0.05,8,3,0.651240318947838
4,A,0.05,8,4,-0.014931966228806505
4,A,0.05,8,5,0.6785572183429697
4,A,0.05,8,6,1.269461786744236
4,A,0.05,8,7,1.3222887313962823
4,A,0.05,8,8,1.2068757344341108
4,A,0.05,8,9,-0.04624768005008892
4,A,0.05,8,10,1.0829499379038172
4,A,0.05,8,11,1.2805304095100354
4,A,0.05,8,12,1.280525042976768
4,A,0.05,8,13,1.2676277432270453
4,A,0.05,8,14,1.0497786929525303
4,A,0.05,8,15,-0.1729478453555457
4,A,0.05,8,16,0.23562792708091176
4,A,0.05,8,17,1.45020002815745
4,A,0.05,8,18,0.5141779938181225
4,A,0.05,8,19,1.509348283337217
4,A,0.05,8,20,1.803039222190918
4,A,0.05,8,21,1.6902042705747675
4,A,0.05,8,22,1.5050532453985028
4,A,0.05,8,23,1.6751676250866625
4,A,0.05,8,24,1.7828087083627226
4,A,0.05,8,25,1.7265064731292876
4,A,0.05,8,26,1.3855543312620973
4,A,0.05,8,27,0.506746478593942
4,A,0.05,8,28,1.4888893762682762
4,A,0.05,8,29,0.9155022021661045
4,A,0.05,9,0,-1.1464543605128843
4,A,0.05,9,1,-0.908332972089813
4,A,0.05,9,2,-1.152040759741675
4,A,0.05,9,3,-0.792799968467567
4,A,0.05,9,4,-0.7782556606792613
4,A,0.05,9,5,-0.7654871005545268
4,A,0.05,9,6,-1.2910402072619573
4,A,0.05,9,7,-0.7918863752104406
4,A,0.05,9,8,-0.8710089386654725
4,A,0.05,9,9,-0.9122431731703997
4,A,0.05,9,10,-0.9488889124172755
4,A,0.05,9,11,-1.2602128478703782
4,A,0.05,9,12,-1.2110680826154274
4,A,0.05,9,13,-1.1178930836970304
4,A,0.05,9,14,-1.012538915447768
4,A,0.05,9,15,-0.9875830444541261
4,A,0.05,9,16,-0.9796304661057382
4,A,0.05,9,17,-1.0144614660264442
4,A,0.05,9,18,-1.0278264300971744
4,A,0.05,9,19,-0.9859465138900395
4,A,0.05,9,20,-0.6787942295119285
4,A,0.05,9,21,-0.9179652314763421
4,A,0.05,9,22,-1.0486244257089015
4,A,0.05,9,23,-0.9399004710992267
4,A,0.05,9,24,-1.1443556425884662
4,A,0.05,9,25,-1.328852223212288
4,A,0.05,9,26,-1.082469920907807
4,A,0.05,9,27,-1.150167188332803
4,A,0.05,9,28,-1.5140422821800699
4,A,0.05,9,29,-1.2165138666840585
4,B,100,0,0,0.25469797505590663
4,B,100,0,1,0.46074755417726226
4,B,100,0,2,0.14864239826153697
4,B,100,0,3,0.6344700300036333
4,B,100,0,4,0.3132494252424919
4,B,100,0,5,0.4962506613785979
4,B,100,0,6,0.43044685627120927
4,B,100,0,7,0.6654632907294682
4,B,100,0,8,0.6176534175989079
4,B,100,0,9,0.09058104164867986
4,B,100,0,10,0.45736245967038286
4,B,100,0,11,0.14729223179717338
4,B,100,0,12,0.3327206014359019
4,B,100,0,13,0.43704266676137055
4,B,100,0,14,0.2704451893965286
4,B,100,0,15,0.6738613194089896
4,B,100,0,16,0.061905721292343
4,B,100,0,17,0.24945986672776654
4,B,100,0,18,-0.15233909770248868
4,B,100,0,19,0.3960367741458789
4,B,100,0,20,-0.012801773303501249
4,B,100,0,21,0.059539729163268815
4,B,100,0,22,0.30410309617340286
4,B,100,0,23,0.8274563264387035
4,B,100,0,24,0.1464870019253847
4,B,100,0,25,-0.20866150348563262
4,B,100,0,26,-0.010824633392734723
4,B,100,0,27,0.10425334657582108
4,B,100,0,28,0.15346337478877772
4,B,100,0,29,0.20887376960043366
4,B,100,1,0,-0.02562313643117542
4,B,100,1,1,0.02483411446178137
4,B,100,1,2,-0.11125523564514632
4,B,100,1,3,-0.07505979405935287
4,B,100,1,4,0.06971403868321002
4,B,100,1,5,-0.029734946782711165
4,B,100,1,6,-0.004653682299455234
4,B,100,1,7,-0.17355816975844332
4,B,100,1,8,-0.1766033046554661
4,B,100,1,9,-0.009340197294477137
4,B,100,1,10,-0.16707174104275546
4,B,100,1,11,-0.21963312726546916
4,B,100,1,12,-0.4200598032301878
4,B,100,1,13,-0.052174282910417036
4,B,100,1,14,-0.04897342218258921
4,B,100,1,15,-0.15055313903983047
4,B,100,1,16,-0.002367439767885732
4,B,100,1,17,-0.07668623707863324
4,B,100,1,18,-0.290284268483286
4,B,100,1,19,-0.19081378800274965
4,B,100,1,20,-0.10754758315711707
4,B,100,1,21,0.016623489293076343
4,B,100,1,22,-0.030968179452216808
4,B,100,1,23,-0.12654075444022914
4,B,100,1,24,-0.07427139840084854
4,B,100,1,25,-0.03266810526731471
4,B,100,1,26,-0.05321142779869068
4,B,100,1,27,-0.014597891112491575
4,B,100,1,28,0.05889766344096056
4,B,100,1,29,-0.08851165741726572
4,B,100,2,0,1.1078085912814206
4,B,100,2,1,1.1218470879721756
4,B,100,2,2,1.2525116725332723
4,B,100,2,3,1.2011111867939759
4,B,100,2,4,1.2487513714666367
4,B,100,2,5,0.848238735682085
4,B,100,2,6,1.370024658326722
4,B,100,2,7,1.134427690396593
4,B,100,2,8,1.3582074958223809
4,B,100,2,9,1.276021247015276
4,B,100,2,10,0.38119601150675114
4,B,100,2,11,1.1878114349778734
4,B,100,2,12,1.291351984201335
4,B,100,2,13,1.153963213441982
4,B,100,2,14,0.2843899843150023
4,B,100,2,15,0.46623886502804224
4,B,100,2,16,0.17449809720745763
4,B,100,2,17,0.10018092975243315
4,B,100,2,18,1.2863052713344907
4,B,100,2,19,1.3001915674885491
4,B,100,2,20,0.2926872337198862
4,B,100,2,21,1.35690936632644
4,B,100,2,22,1.226949889990724
4,B,100,2,23,0.24351551725879053
4,B,100,2,24,1.27378451575756
4,B,100,2,25,1.2812525119357976
4,B,100,2,26,1.1703392327541626
4,B,100,2,27,1.2648834948754912
4,B,100,2,28,1.165822701207007
4,B,100,2,29,1.2315372139568161
4,B,100,3,0,-0.9652122038498078
4,B,100,3,1,-1.0251790854352538
4,B,100,3,2,-0.968757381763075
4,B,100,3,3,-1.0502971377976713
4,B,100,3,4,-0.6189564407787538
4,B,100,3,5,-0.5877560691485438
4,B,100,3,6,-0.8771559974328217
4,B,100,3,7,-0.92932857071934
4,B,100,3,8,-0.644160145814427
4,B,100,3,9,-0.3741272590142054
4,B,100,3,10,-0.6574214119208858
4,B,100,3,11,-1.0790016767198833
4,B,100,3,12,-0.8475437062940894
4,B,100,3,13,-0.7574548673989474
4,B,100,3,14,-0.6972746828073934
4,B,100,3,15,-0.8194191502368461
4,B,100,3,16,-0.7638311060616465
4,B,100,3,17,-0.7493246246132266
4,B,100,3,18,-0.8931997433229819
4,B,100,3,19,-1.1871050776198553
4,B,100,3,20,-0.7412937136079379
4,B,100,3,21,-0.787796742150639
4,B,100,3,22,-0.8460122852037003
4,B,100,3,23,-0.9544467727557511
4,B,100,3,24,-1.2287208712024547
4,B,100,3,25,-0.9884266535211962
4,B,100,3,26,-0.8770635411923323
4,B,100,3,27,-0.6155636256005579
4,B,100,3,28,-0.7869460272827014
4,B,100,3,29,-1.5404139152671716
4,B,100,4,0,-0.17553919451655445
4,B,100,4,1,-0.12351859668496877
4,B,100,4,2,-0.00629497087209228
4,B,100,4,3,-0.20839669463793392
4,B,100,4,4,-0.32235055623051506
4,B,100,4,5,-0.18005076462380218
4,B,100,4,6,-0.14771392791212334
4,B,100,4,7,-0.17587944028513347
4,B,100,4,8,-0.3066589003761562
4,B,100,4,9,-0.09197421356713942
4,B,100,4,10,-0.193036893095414
4,B,100,4,11,-0.10946080860999183
4,B,100,4,12,-0.35180739642585296
4,B,100,4,13,-0.21658536290014824
4,B,100,4,14,-0.3156902266203912
4,B,100,4,15,-0.17127991116067887
4,B,100,4,16,-0.17688505403036184
4,B,100,4,17,-0.28075917868464356
4,B,100,4,18,-0.18991537605087355
4,B,100,4,19,-0.44291212741498204
4,B,100,4,20,-0.4114825188936822
4,B,100,4,21,-0.21549193464989996
4,B,100,4,22,-0.377158069393871
4,B,100,4,23,0.5198894684210982
4,B,100,4,24,-0.5455210691559607
4,B,100,4,25,0.11551938346983676
4,B,100,4,26,-0.38447692430768377
4,B,100,4,27,-0.7240114605789884
4,B,100,4,28,-0.18363355371092763
4,B,100,4,29,-0.5642123821830588
4,B,100,5,0,-0.6849381049596239
4,B,100,5,1,-0.23725357914483908
4,B,100,5,2,0.3078288501345726
4,B,100,5,3,-0.5364635314600368
4,B,100,5,4,-0.4505784713669256
4,B,100,5,5,0.2526723029982727
4,B,100,5,6,-0.5895358836272772
4,B,100,5,7,-0.3274829738421896
4,B,100,5,8,-0.31466514099918513
4,B,100,5,9,-0.4104043904834334
4,B,100,5,10,-0.7663060393057997
4,B,100,5,11,-0.28492628882236964
4,B,100,5,12,-0.8087498349980128
4,B,100,5,13,-0.38569849119131744
4,B,100,5,14,-0.7927248748359175
4,B,100,5,15,-0.4184048297710007
4,B,100,5,16,-0.060438173735950555
4,B,100,5,17,-0.014397595799839798
4,B,100,5,18,-0.9129419123996951
4,B,100,5,19,-0.28971226871775296
4,B,100,5,20,-0.6261716480025826
4,B,100,5,21,-0.6334671790309503
4,B,100,5,22,0.16643782159598566
4,B,100,5,23,-0.6149465428438431
4,B,100,5,24,-0.6655891998379823
4,B,100,5,25,-0.6806844729800297
4,B,100,5,26,0.16818406376354167
4,B,100,5,27,-0.5888263397093315
4,B,100,5,28,-0.3108868714794786
4,B,100,5,29,-0.3872965052786435
4,B,100,6,0,-0.01805701974765251
4,B,100,6,1,0.3107300843835367
4,B,100,6,2,0.37793748174464714
4,B,100,6,3,-0.38453004346557723
4,B,100,6,4,0.28847128757881124
4,B,100,6,5,-0.0284850800088589
4,B,100,6,6,-0.32611015947220506
4,B,100,6,7,-0.07891858062621568
4,B,100,6,8,0.37996998435647034
4,B,100,6,9,0.016319427275952855
4,B,100,6,10,-0.03261182298987507
4,B,100,6,11,0.15173221249923988
4,B,100,6,12,0.19698344276386373
4,B,100,6,13,-0.23055050124975215
4,B,100,6,14,-0.24741997359605267
4,B,100,6,15,-0.11267601006289393
4,B,100,6,16,0.5605208192323016
4,B,100,6,17,-0.36661932668598346
4,B,100,6,18,0.3018701992416413
4,B,100,6,19,0.3092157842644665
4,B,100,6,20,0.34866239907963764
4,B,100,6,21,0.21152313163431516
4,B,100,6,22,0.3931102345875205
4,B,100,6,23,0.0889232818588849
4,B,100,6,24,0.05919854310405728
4,B,100,6,25,0.2032680456904002
4,B,100,6,26,0.5405171368966833
4,B,100,6,27,0.24270447023399797
4,B,100,6,28,0.5455395749718113
4,B,100,6,29,0.32479986408810185
4,B,100,7,0,0.986429227351109
4,B,100,7,1,0.6275954131409658
4,B,100,7,2,1.0266133700141782
4,B,100,7,3,0.9139407493502668
4,B,100,7,4,1.2610283723302298
4,B,100,7,5,0.3351970587289788
4,B,100,7,6,0.4414378590352991
4,B,100,7,7,1.03662986041084
4,B,100,7,8,0.764387501555568
4,B,100,7,9,1.5159610502507581
4,B,100,7,10,0.8257593790182028
4,B,100,7,11,1.3102201289119881
4,B,100,7,12,0.5087977422391722
4,B,100,7,13,0.756252880319064
4,B,100,7,14,1.2429404149657768
4,B,100,7,15,0.9827342268021889
4,B,100,7,16,0.5365141276435399
4,B,100,7,17,0.8245787601469949
4,B,100,7,18,0.8531204672627931
4,B,100,7,19,0.6483332039845735
4,B,100,7,20,0.789677838214227
4,B,100,7,21,1.197094283517045
4,B,100,7,22,0.4801258571223333
4,B,100,7,23,0.7465017933102367
4,B,100,7,24,0.751555181574278
4,B,100,7,25,0.46989848860728267
4,B,100,7,26,0.7029490604119673
4,B,100,7,27,0.8106867901199322
4,B,100,7,28,0.6302383198132548
4,B,100,7,29,1.3168430317555804
4,B,100,8,0,-0.07196337479514567
4,B,100,8,1,-0.028037729265516956
4,B,100,8,2,-0.1010813206520843
4,B,100,8,3,-0.0970707319859307
4,B,100,8,4,-0.09972525363137687
4,B,100,8,5,-0.09029896668871688
4,B,100,8,6,-0.5634080326689567
4,B,100,8,7,-0.04295341111591949
4,B,100,8,8,0.015825676553876657
4,B,100,8,9,-0.05912840890301023
4,B,100,8,10,-0.06942786995713267
4,B,100,8,11,0.01806486208123467
4,B,100,8,12,-0.5393589086066809
4,B,100,8,13,-0.17019838685011343
4,B,100,8,14,-0.3278056036314168
4,B,100,8,15,0.016826411257999087
4,B,100,8,16,-0.163211422198964
4,B,100,8,17,-0.09658396024684318
4,B,100,8,18,0.03068575923254736
4,B,100,8,19,-0.09022414136088963
4,B,100,8,20,0.055528101004550974
4,B,100,8,21,-0.29592139362387765
4,B,100,8,22,-0.42144951414050363
4,B,100,8,23,-0.17371170806943717
4,B,100,8,24,-0.11860008902966414
4,B,100,8,25,-0.08165325114440969
4,B,100,8,26,-0.04323514736860332
4,B,100,8,27,-2.4492049941302052e-05
4,B,100,8,28,-0.33118470291555696
4,B,100,8,29,-0.0916248311489616
4,B,100,9,0,-0.2969829811528104
4,B,100,9,1,-0.20392726215138712
4,B,100,9,2,-0.27375713132077434
4,B,100,9,3,-0.1670227426526256
4,B,100,9,4,-0.2834237522068166
4,B,100,9,5,0.02319783339558828
4,B,100,9,6,-0.11332200054023595
4,B,100,9,7,-0.25714287612128484
4,B,100,9,8,0.15367286127298171
4,B,100,9,9,-0.07150683560855889
4,B,100,9,10,-0.28195108683714204
4,B,100,9,11,-0.12744167150404287
4,B,100,9,12,-0.33723173592985606
4,B,100,9,13,0.23334994450021668
4,B,100,9,14,-0.09128018105074591
4,B,100,9,15,-0.024524748682600548
4,B,100,9,16,0.08982409422463843
4,B,100,9,17,-0.42166709342320047
4,B,100,9,18,-0.15016164128252046
4,B,100,9,19,-0.19602288965270626
4,B,100,9,20,-0.3492978454356769
4,B,100,9,21,-0.11537413551815968
4,B,100,9,22,-0.03758927253573934
4,B,100,9,23,-0.057379924894450145
4,B,100,9,24,-0.15064603596484133
4,B,100,9,25,-0.39904166071227454
4,B,100,9,26,0.00708620733634258
4,B,100,9,27,0.0057802049677611106
4,B,100,9,28,-0.24626809142367956
4,B,100,9,29,-0.12174630621135096
5,A,0.05,0,0,0.31337683983203785
5,A,0.05,0,1,0.4190602067408873
5,A,0.05,0,2,0.24210484311847413
5,A,0.05,0,3,0.08539314247490595
5,A,0.05,0,4,0.3548521156193538
5,A,0.05,0,5,0.09335833257651213
5,A,0.05,0,6,0.795404890969781
5,A,0.05,0,7,0.3839964639910092
5,A,0.05,0,8,-0.40625655372869146
5,A,0.05,0,9,0.5350604117430621
5,A,0.05,0,10,0.5932530077235568
5,A,0.05,0,11,0.32895697555880576
5,A,0.05,0,12,0.7899493759835695
5,A,0.05,0,13,1.0002469886525807
5,A,0.05,0,14,0.8905816518318554
5,A,0.05,0,15,-0.01505880389818285
5,A,0.05,0,16,0.0010467579266329327
5,A,0.05,0,17,0.5203236838438058
5,A,0.05,0,18,0.6292694216054089
5,A,0.05,0,19,-0.1128646574904881
5,A,0.05,0,20,0.2531296577875976
5,A,0.05,0,21,-0.22526267467958433
5,A,0.05,0,22,1.0374469821824632
5,A,0.05,0,23,0.2825229099409376
5,A,0.05,0,24,-0.2134931105282736
5,A,0.05,0,25,0.1497819412581259
5,A,0.05,0,26,-0.3580971350351893
5,A,0.05,0,27,0.47205449858019854
5,A,0.05,0,28,-0.08850066608848477
5,A,0.05,0,29,-0.9081726576424698
5,A,0.05,1,0,-0.4487172969864512
5,A,0.05,1,1,-1.4359562538991895
5,A,0.05,1,2,-0.9142307020380241
5,A,0.05,1,3,-0.5290461040936505
5,A,0.05,1,4,-0.7335789581646918
5,A,0.05,1,5,-1.2312457447044138
5,A,0.05,1,6,-0.5176789170114109
5,A,0.05,1,7,-0.7457768982836561
5,A,0.05,1,8,-1.1402705691411263
5,A,0.05,1,9,-0.3125269757566852
5,A,0.05,1,10,-1.085881334774526
5,A,0.05,1,11,-1.4993757184504057
5,A,0.05,1,12,-1.0908043233056228
5,A,0.05,1,13,-0.33947305184312887
5,A,0.05,1,14,-2.145505183087971
5,A,0.05,1,15,-0.2935674978796626
5,A,0.05,1,16,-0.5962409450788729
5,A,0.05,1,17,-1.0170356607590871
5,A,0.05,1,18,-0.7953907343848999
5,A,0.05,1,19,-1.2387433013517686
5,A,0.05,1,20,-0.963818967767933
5,A,0.05,1,21,-1.3659952464221112
5,A,0.05,1,22,-0.45267132271729305
5,A,0.05,1,23,-1.2228578255270162
5,A,0.05,1,24,-0.5522229903577179
5,A,0.05,1,25,-0.8795514437543079
5,A,0.05,1,26,-2.6064521306492403
5,A,0.05,1,27,-0.5042130816168519
5,A,0.05,1,28,-0.8326100732835144
5,A,0.05,1,29,-1.2423970555960342
5,A,0.05,2,0,0.3590188708820629
5,A,0.05,2,1,0.4257568602270987
5,A,0.05,2,2,0.9343291501763451
5,A,0.05,2,3,0.5265026896753247
5,A,0.05,2,4,0.7815879577436683
5,A,0.05,2,5,0.42050015523376516
5,A,0.05,2,6,0.5422888922942009
5,A,0.05,2,7,0.9586100191632034
5,A,0.05,2,8,0.2400323871193346
5,A,0.05,2,9,0.4776802362529239
5,A,0.05,2,10,0.5714564470546059
5,A,0.05,2,11,0.82571313067657
5,A,0.05,2,12,0.9765270199122785
5,A,0.05,2,13,0.6312135404073803
5,A,0.05,2,14,0.9139809353978501
5,A,0.05,2,15,0.5531922431531345
5,A,0.05,2,16,0.37343378137303956
5,A,0.05,2,17,0.3736646639212084
5,A,0.05,2,18,0.5655744699521591
5,A,0.05,2,19,0.2793680501636421
5,A,0.05,2,20,0.5043479428089495
5,A,0.05,2,21,0.6874788165113762
5,A,0.05,2,22,0.48808182338204265
5,A,0.05,2,23,0.5668114517658318
5,A,0.05,2,24,0.5627389826912422
5,A,0.05,2,25,0.6260147084219592
5,A,0.05,2,26,0.03665855024317665
5,A,0.05,2,27,0.2892883912513433
5,A,0.05,2,28,0.3279177388576981
5,A,0.05,2,29,0.7481216453043252
5,A,0.05,3,0,0.7437447325399151
5,A,0.05,3,1,0.3276810128915657
5,A,0.05,3,2,0.6342059192746232
5,A,0.05,3,3,0.8150577748916181
5,A,0.05,3,4,0.4529375749325486
5,A,0.05,3,5,1.001248879933958
5,A,0.05,3,6,0.7095701471601121
5,A,0.05,3,7,0.5555421466062559
5,A,0.05,3,8,0.8735068232498079
5,A,0.05,3,9,0.36566020861327597
5,A,0.05,3,10,0.7208619078263712
5,A,0.05,3,11,0.7896945780788064
5,A,0.05,3,12,0.6405057621736607
5,A,0.05,3,13,0.6852607152570283
5,A,0.05,3,14,0.6053454677406267
5,A,0.05,3,15,0.9090525884409173
5,A,0.05,3,16,0.12288534062174827
5,A,0.05,3,17,-0.39271624993002363
5,A,0.05,3,18,0.8614383896824686
5,A,0.05,3,19,0.09471043898351862
5,A,0.05,3,20,0.1253344602166519
5,A,0.05,3,21,0.8972085185696276
5,A,0.05,3,22,0.45704459600044645
5,A,0.05,3,23,0.8071578183531859
5,A,0.05,3,24,0.6753746746704578
5,A,0.05,3,25,0.01149080222719964
5,A,0.05,3,26,0.46396361793918445
5,A,0.05,3,27,1.2277672914505429
5,A,0.05,3,28,1.0713527160194714
5,A,0.05,3,29,0.5760768776956406
5,A,0.05,4,0,-0.1178362647704596
5,A,0.05,4,1,-0.029628974318139992
5,A,0.05,4,2,-0.03529906502106778
5,A,0.05,4,3,-0.08997326201225772
5,A,0.05,4,4,-0.39487807758329885
5,A,0.05,4,5,-0.6530139049987504
5,A,0.05,4,6,-0.1505703092481071
5,A,0.05,4,7,-0.18680654065127508
5,A,0.05,4,8,0.009289198576565892
5,A,0.05,4,9,-0.21001608416755815
5,A,0.05,4,10,-0.1629202811755446
5,A,0.05,4,11,-0.0004972636419473853
5,A,0.05,4,12,-0.2983364326509404
5,A,0.05,4,13,-0.017570926896459404
5,A,0.05,4,14,-0.11160748255173848
5,A,0.05,4,15,0.032374024634791734
5,A,0.05,4,16,-0.22065298878346065
5,A,0.05,4,17,-0.1114109684808733
5,A,0.05,4,18,-0.21437402086700613
5,A,0.05,4,19,0.1334940518690881
5,A,0.05,4,20,-0.10486588343232102
5,A,0.05,4,21,-0.06145638457054712
5,A,0.05,4,22,0.026441493735942706
5,A,0.05,4,23,-0.10798889991069661
5,A,0.05,4,24,0.11673394216345952
5,A,0.05,4,25,-0.22083975685261656
5,A,0.05,4,26,-0.12186455465561638
5,A,0.05,4,27,-0.2512636918329323
5,A,0.05,4,28,-0.0674883063641604
5,A,0.05,4,29,0.08079424674214389
5,A,0.05,5,0,-0.01876032648867366
5,A,0.05,5,1,-0.10125361452319402
5,A,0.05,5,2,-0.29731527593916
5,A,0.05,5,3,-0.3935092558853587
5,A,0.05,5,4,-0.27885220400788474
5,A,0.05,5,5,0.17475234590470684
5,A,0.05,5,6,0.02931945638130102
5,A,0.05,5,7,-0.754760555890995
5,A,0.05,5,8,0.09437868185587783
5,A,0.05,5,9,-0.010720498619080948
5,A,0.05,5,10,0.0374282737270792
5,A,0.05,5,11,-0.4247694495800657
5,A,0.05,5,12,-0.47888265736364827
5,A,0.05,5,13,0.06906842353793122
5,A,0.05,5,14,-0.275549950182139
5,A,0.05,5,15,-0.19462461992205723
5,A,0.05,5,16,0.3224195351946677
5,A,0.05,5,17,0.2594008739721798
5,A,0.05,5,18,-0.18752435293397812
5,A,0.05,5,19,-0.13659345855156277
5,A,0.05,5,20,0.2348450312951862
5,A,0.05,5,21,0.47804145416889354
5,A,0.05,5,22,0.5230767660659248
5,A,0.05,5,23,-0.3413471997910947
5,A,0.05,5,24,0.3673092477270827
5,A,0.05,5,25,0.06776797630026125
5,A,0.05,5,26,0.20581602056293505
5,A,0.05,5,27,0.338751690480792
5,A,0.05,5,28,0.23924989258855436
5,A,0.05,5,29,0.16260948731383737
5,A,0.05,6,0,1.7277528295733955
5,A,0.05,6,1,1.783428333109202
5,A,0.05,6,2,1.3733795854995317
5,A,0.05,6,3,1.8869365004017797
5,A,0.05,6,4,1.4112327874766837
5,A,0.05,6,5,1.5808682528714053
5,A,0.05,6,6,1.3152442395554322
5,A,0.05,6,7,1.4567095785904545
5,A,0.05,6,8,1.699095646306448
5,A,0.05,6,9,1.4816526826172756
5,A,0.05,6,10,1.3525280484271214
5,A,0.05,6,11,1.7380517412376273
5,A,0.05,6,12,1.4488282113218227
5,A,0.05,6,13,1.1702072948785012
5,A,0.05,6,14,1.60380038799636
5,A,0.05,6,15,1.549097959691166
5,A,0.05,6,16,1.1348204765021497
5,A,0.05,6,17,1.4856513159847213
5,A,0.05,6,18,1.6056712898899737
5,A,0.05,6,19,1.9203419925014398
5,A,0.05,6,20,1.3800316323200492
5,A,0.05,6,21,1.5314532152252776
5,A,0.05,6,22,1.938243996599602
5,A,0.05,6,23,1.8612791784285445
5,A,0.05,6,24,1.6917911361308113
5,A,0.05,6,25,1.8665264034968043
5,A,0.05,6,26,1.7897217624270243
5,A,0.05,6,27,2.0443050171686368
5,A,0.05,6,28,1.4885554187066914
5,A,0.05,6,29,1.698820765852681
5,A,0.05,7,0,-1.5627433463275273
5,A,0.05,7,1,-2.5487208833573263
5,A,0.05,7,2,-2.4160391288297025
5,A,0.05,7,3,-2.378666094389232
5,A,0.05,7,4,-2.500758154887947
5,A,0.05,7,5,-2.061149655057265
5,A,0.05,7,6,-2.2868240752439317
5,A,0.05,7,7,-1.9935295971045426
5,A,0.05,7,8,-3.106128998577113
5,A,0.05,7,9,-2.0383851035497176
5,A,0.05,7,10,-2.4430471251661934
5,A,0.05,7,11,-2.075622345062661
5,A,0.05,7,12,-2.2267778761825547
5,A,0.05,7,13,-3.14815592502785
5,A,0.05,7,14,-1.8953701427916276
5,A,0.05,7,15,-1.9853717872145404
5,A,0.05,7,16,-2.5291608355974198
5,A,0.05,7,17,-2.769489721945333
5,A,0.05,7,18,-2.66768040604333
5,A,0.05,7,19,-2.475692654596907
5,A,0.05,7,20,-2.907706124632681
5,A,0.05,7,21,-2.498872996114104
5,A,0.05,7,22,-2.4436294481967584
5,A,0.05,7,23,-1.5575828655482957
5,A,0.05,7,24,-2.7670191028409254
5,A,0.05,7,25,-2.5872599527769884
5,A,0.05,7,26,-2.6565182018226303
5,A,0.05,7,27,-2.27636096353943
5,A,0.05,7,28,-2.5901762464734204
5,A,0.05,7,29,-2.203432026261269
5,A,0.05,8,0,-0.06965479336434165
5,A,0.05,8,1,-0.0004109450143816451
5,A,0.05,8,2,0.37353380028101907
5,A,0.05,8,3,0.3471519666834059
5,A,0.05,8,4,-0.47611199088394607
5,A,0.05,8,5,-1.0001604529200225
5,A,0.05,8,6,-0.09269920509656289
5,A,0.05,8,7,-0.565465255844761
5,A,0.05,8,8,-0.11481413327833409
5,A,0.05,8,9,-0.1416862686799025
5,A,0.05,8,10,-0.42117924517091243
5,A,0.05,8,11,-0.10573049621540838
5,A,0.05,8,12,-0.4094890887648111
5,A,0.05,8,13,0.13039788435942476
5,A,0.05,8,14,-0.052284338142737294
5,A,0.05,8,15,-0.2545295954696318
5,A,0.05,8,16,0.16208869841628856
5,A,0.05,8,17,-0.3554947634096441
5,A,0.05,8,18,-0.1430996807961692
5,A,0.05,8,19,-0.17656759520990717
5,A,0.05,8,20,-0.5197741062752977
5,A,0.05,8,21,0.05819112047240031
5,A,0.05,8,22,-0.13957680950113377
5,A,0.05,8,23,-0.537248292271261
5,A,0.05,8,24,-0.36428488425558003
5,A,0.05,8,25,-0.19143034768257955
5,A,0.05,8,26,-0.33750129476444124
5,A,0.05,8,27,-0.4545502988713488
5,A,0.05,8,28,-0.5720326571091846
5,A,0.05,8,29,-0.3567831421581046
5,A,0.05,9,0,-0.45123597776608637
5,A,0.05,9,1,-0.4072552408611172
5,A,0.05,9,2,-0.47428558148665306
5,A,0.05,9,3,-0.1148657986669103
5,A,0.05,9,4,-0.05588510908801099
5,A,0.05,9,5,-0.04652548830488241
5,A,0.05,9,6,-0.13422313347299855
5,A,0.05,9,7,-0.44814521466691287
5,A,0.05,9,8,-0.49623420620466785
5,A,0.05,9,9,-0.15436362023575467
5,A,0.05,9,10,-0.05445780460517571
5,A,0.05,9,11,-0.48210855141510217
5,A,0.05,9,12,-0.05879952094366014
5,A,0.05,9,13,-0.041480025995549244
5,A,0.05,9,14,-0.057096114155315396
5,A,0.05,9,15,-0.04827951385411311
5,A,0.05,9,16,-0.057826700019900326
5,A,0.05,9,17,-0.12412513843306314
5,A,0.05,9,18,-0.12604219883627318
5,A,0.05,9,19,-0.06471277476731686
5,A,0.05,9,20,-0.04733540394998091
5,A,0.05,9,21,-0.44692004587572276
5,A,0.05,9,22,-0.03626731592591514
5,A,0.05,9,23,-0.03481456702342878
5,A,0.05,9,24,-0.12943438678529712
5,A,0.05,9,25,-0.046626958074309936
5,A,0.05,9,26,-0.05001047960328073
5,A,0.05,9,27,-0.03816491647850111
5,A,0.05,9,28,-0.10632233643232139
5,A,0.05,9,29,-0.08390944626770752
5,B,100,0,0,0.4819646037815196
5,B,100,0,1,0.2669869527329256
5,B,100,0,2,0.6711825770111584
5,B,100,0,3,0.14102837256509151
5,B,100,0,4,0.36771231994405906
5,B,100,0,5,0.08842657146266543
5,B,100,0,6,-0.11385145076203214
5,B,100,0,7,-0.05704777788331231
5,B,100,0,8,0.36245217308898275
5,B,100,0,9,0.010960167383248723
5,B,100,0,10,0.24867252705196555
5,B,100,0,11,0.12288061351832406
5,B,100,0,12,0.007416917830976557
5,B,100,0,13,-0.024880856141489546
5,B,100,0,14,0.2299901348378826
5,B,100,0,15,-0.2555793667935747
5,B,100,0,16,0.42495165934462004
5,B,100,0,17,0.13767436080250395
5,B,100,0,18,0.1405894524356504
5,B,100,0,19,0.26003116051771963
5,B,100,0,20,0.04346622355206167
5,B,100,0,21,0.15341139494195913
5,B,100,0,22,0.04602822787053267
5,B,100,0,23,0.1382382038214678
5,B,100,0,24,0.16994950017548913
5,B,100,0,25,-0.17890674731436382
5,B,100,0,26,0.12461286956186783
5,B,100,0,27,0.2989690347196428
5,B,100,0,28,-0.07967376564876513
5,B,100,0,29,-0.27383912523009424
5,B,100,1,0,1.8821310912949545
5,B,100,1,1,1.3208309367568138
5,B,100,1,2,0.8288778084927066
5,B,100,1,3,1.8175656221605314
5,B,100,1,4,2.104732836557335
5,B,100,1,5,1.192890013185486
5,B,100,1,6,2.172535994006743
5,B,100,1,7,1.9530569893366654
5,B,100,1,8,1.8574427817445935
5,B,100,1,9,1.7449303303262291
5,B,100,1,10,1.6907272720096538
5,B,100,1,11,1.5475847898834192
5,B,100,1,12,2.2707545327773455
5,B,100,1,13,1.7246147851373341
5,B,100,1,14,1.2006134955311392
5,B,100,1,15,1.3685548471714786
5,B,100,1,16,1.6916852487565517
5,B,100,1,17,2.2641226728713795
5,B,100,1,18,2.1607358992725882
5,B,100,1,19,1.252968169066624
5,B,100,1,20,1.6621006704358032
5,B,100,1,21,1.9981992339127075
5,B,100,1,22,2.0618940455287618
5,B,100,1,23,1.9885353403602448
5,B,100,1,24,1.7746270901596781
5,B,100,1,25,1.9357120446878018
5,B,100,1,26,2.017614922095742
5,B,100,1,27,1.7030272061577019
5,B,100,1,28,2.587032215947789
5,B,100,1,29,2.0866824090936227
5,B,100,2,0,-0.2919388879051374
5,B,100,2,1,-0.9692959826889327
5,B,100,2,2,-0.8692520032027463
5,B,100,2,3,-0.5644365234284894
5,B,100,2,4,-0.8078681742038933
5,B,100,2,5,-0.45054011213954087
5,B,100,2,6,-0.6468300859269024
5,B,100,2,7,-0.42518289123921615
5,B,100,2,8,-0.19953770573461216
5,B,100,2,9,-0.4769085226394329
5,B,100,2,10,-0.9264212044122629
5,B,100,2,11,-0.5644548243870363
5,B,100,2,12,-0.4176985593817796
5,B,100,2,13,-0.6320797014779924
5,B,100,2,14,-0.30990005205825816
5,B,100,2,15,-0.7825149637420684
5,B,100,2,16,-0.6077637230841823
5,B,100,2,17,-0.5963129834281182
5,B,100,2,18,-0.3984039128955213
5,B,100,2,19,-0.3698904475353536
5,B,100,2,20,-0.33274640777899644
5,B,100,2,21,-0.3605679981125813
5,B,100,2,22,-1.2005545839496363
5,B,100,2,23,-0.5840259033040442
5,B,100,2,24,-0.6335752944660921
5,B,100,2,25,-1.213294458849317
5,B,100,2,26,-0.5226081583823347
5,B,100,2,27,-0.6921245377434514
5,B,100,2,28,-0.2862987767048838
5,B,100,2,29,-0.6837926068797355
5,B,100,3,0,-2.785445601968448
5,B,100,3,1,-2.5183667792669793
5,B,100,3,2,-2.783285894443466
5,B,100,3,3,-2.2436966408657986
5,B,100,3,4,-2.5419997536925885
5,B,100,3,5,-2.3211995834760715
5,B,100,3,6,-2.2572599593774956
5,B,100,3,7,-2.054170101230306
5,B,100,3,8,-1.7464466784260566
5,B,100,3,9,-2.3983613136212374
5,B,100,3,10,-1.883155924279126
5,B,100,3,11,-1.9416430101266886
5,B,100,3,12,-1.945345226830496
5,B,100,3,13,-1.7276779874071901
5,B,100,3,14,-2.5012786702263154
5,B,100,3,15,-2.003924223946783
5,B,100,3,16,-2.6924931117128614
5,B,100,3,17,-2.6912041132643845
5,B,100,3,18,-1.379812361904756
5,B,100,3,19,-2.2367607450361655
5,B,100,3,20,-2.5158624207074762
5,B,100,3,21,-2.130524673951798
5,B,100,3,22,-2.1214311036846976
5,B,100,3,23,-1.9632803260372396
5,B,100,3,24,-1.4576699561806963
5,B,100,3,25,-2.2591741765090174
5,B,100,3,26,-2.398851385192242
5,B,100,3,27,-2.151805553886514
5,B,100,3,28,-2.8813591715657023
5,B,100,3,29,-2.751365105162983
5,B,100,4,0,-0.35381926017802506
5,B,100,4,1,-0.21629190495741699
5,B,100,4,2,-0.3804361963411547
5,B,100,4,3,-0.08960814444763207
5,B,100,4,4,-0.17977334101968326
5,B,100,4,5,-0.11049444661260832
5,B,100,4,6,-0.06601147577903695
5,B,100,4,7,-0.5237355069577135
5,B,100,4,8,0.2883511084100084
5,B,100,4,9,-0.4048573571291876
5,B,100,4,10,-0.09059926383717258
5,B,100,4,11,-0.5013272830184602
5,B,100,4,12,-0.24028797807792313
5,B,100,4,13,-0.6293889568878583
5,B,100,4,14,-0.28309337677165697
5,B,100,4,15,-0.4496951444031809
5,B,100,4,16,0.02241189272330937
5,B,100,4,17,-0.6270094107197627
5,B,100,4,18,-0.29638300650426613
5,B,100,4,19,-0.4627608514406363
5,B,100,4,20,-0.1301669529424225
5,B,100,4,21,-0.28811834433691513
5,B,100,4,22,-0.2515905376559681
5,B,100,4,23,0.05901079096867437
5,B,100,4,24,-0.425138535009943
5,B,100,4,25,-0.019248902151574133
5,B,100,4,26,-0.3423689933861692
5,B,100,4,27,-0.01838606951448597
5,B,100,4,28,-0.08495576795822007
5,B,100,4,29,-0.8087071296571695
5,B,100,5,0,0.34612880364478543
5,B,100,5,1,0.5210097599181753
5,B,100,5,2,0.20410562099209695
5,B,100,5,3,0.24127829511023063
5,B,100,5,4,0.43095334579612304
5,B,100,5,5,0.5588073293972303
5,B,100,5,6,0.30718324285986853
5,B,100,5,7,0.3482477640009263
5,B,100,5,8,0.34415799345990356
5,B,100,5,9,0.5025614849729706
5,B,100,5,10,0.47949701943700723
5,B,100,5,11,0.4304310071972105
5,B,100,5,12,0.323958989927231
5,B,100,5,13,0.6587934901059058
5,B,100,5,14,0.5745142466060665
5,B,100,5,15,0.5626429137385464
5,B,100,5,16,0.5609277637039158
5,B,100,5,17,0.30906419306028005
5,B,100,5,18,0.4257496868221059
5,B,100,5,19,0.19855466705868388
5,B,100,5,20,0.5226902157389556
5,B,100,5,21,0.31124736161622657
5,B,100,5,22,0.27720315249635674
5,B,100,5,23,0.5684239867412623
5,B,100,5,24,0.65877303072554
5,B,100,5,25,0.2286088981550081
5,B,100,5,26,0.43000611415377044
5,B,100,5,27,0.6805724723045945
5,B,100,5,28,0.1873884181701927
5,B,100,5,29,0.3448461178370339
5,B,100,6,0,-0.2627641245750039
5,B,100,6,1,-0.49154893645061565
5,B,100,6,2,-0.32901348550859383
5,B,100,6,3,0.11185738351486674
5,B,100,6,4,-0.4275529801042191
5,B,100,6,5,0.18549786177872044
5,B,100,6,6,-0.16194308686776848
5,B,100,6,7,-0.5577487392662513
5,B,100,6,8,0.36019028945468445
5,B,100,6,9,-0.08263644168212635
5,B,100,6,10,-0.07526035531108587
5,B,100,6,11,0.31143136329921906
5,B,100,6,12,0.4341131092971567
5,B,100,6,13,-0.16584704949829784
5,B,100,6,14,-0.11761854888759321
5,B,100,6,15,-0.38352882555941886
5,B,100,6,16,0.15111050604720289
5,B,100,6,17,0.16989555279380503
5,B,100,6,18,-0.15673168394591325
5,B,100,6,19,0.40515527658703226
5,B,100,6,20,0.2834532060866079
5,B,100,6,21,0.06919851746988216
5,B,100,6,22,-0.061278635290939146
5,B,100,6,23,0.2406050337922115
5,B,100,6,24,-0.3871375173375905
5,B,100,6,25,0.07877711442497148
5,B,100,6,26,-0.003667986062917178
5,B,100,6,27,-0.040811085011303885
5,B,100,6,28,0.06922965351276676
5,B,100,6,29,-0.09968191080313481
5,B,100,7,0,0.13342879337509286
5,B,100,7,1,0.03825877720620253
5,B,100,7,2,-0.0330062266001883
5,B,100,7,3,-0.7772017842501385
5,B,100,7,4,0.44753824779641127
5,B,100,7,5,0.5304533066726078
5,B,100,7,6,0.03431913639840577
5,B,100,7,7,0.2700684214361744
5,B,100,7,8,0.3762494251523498
5,B,100,7,9,0.5158570563736915
5,B,100,7,10,0.11274014256769292
5,B,100,7,11,-0.045614847688745665
5,B,100,7,12,0.06422827150293044
5,B,100,7,13,0.5834653099074831
5,B,100,7,14,0.36886340606745505
5,B,100,7,15,-0.010498706004500693
5,B,100,7,16,0.6285870992192606
5,B,100,7,17,0.5164738189043756
5,B,100,7,18,0.34346849106947297
5,B,100,7,19,0.09384524584985733
5,B,100,7,20,0.4560010277074059
5,B,100,7,21,0.07804470492154512
5,B,100,7,22,0.1136524099838514
5,B,100,7,23,0.45697909898703726
5,B,100,7,24,0.630000590885823
5,B,100,7,25,-0.12414598952706714
5,B,100,7,26,0.9876556598185599
5,B,100,7,27,0.43622516128034877
5,B,100,7,28,0.5638489482572315
5,B,100,7,29,0.8798662775549969
5,B,100,8,0,-1.1374294064915489
5,B,100,8,1,-0.8976290783368188
5,B,100,8,2,-1.1267074276951135
5,B,100,8,3,-0.756793613002036
5,B,100,8,4,-0.6674764577499186
5,B,100,8,5,-0.6367339885418623
5,B,100,8,6,-0.6376907703430994
5,B,100,8,7,-0.5386762287878043
5,B,100,8,8,-1.0654391062807849
5,B,100,8,9,-0.5732042562053951
5,B,100,8,10,-0.2755351986727244
5,B,100,8,11,-0.604388912405674
5,B,100,8,12,-0.9826050319579019
5,B,100,8,13,-1.1286740521398475
5,B,100,8,14,-0.47291667889798783
5,B,100,8,15,-0.8422266728550365
5,B,100,8,16,-0.3289131466271685
5,B,100,8,17,-0.8249335854808647
5,B,100,8,18,-0.8751222081034818
5,B,100,8,19,-0.5515460764978733
5,B,100,8,20,-0.6877006969727776
5,B,100,8,21,-0.736016588436456
5,B,100,8,22,-0.653393997758254
5,B,100,8,23,-0.027003925037075185
5,B,100,8,24,-0.6142170832907383
5,B,100,8,25,-0.772607956886736
5,B,100,8,26,-0.5042335259422014
5,B,100,8,27,-1.1085175712635509
5,B,100,8,28,-0.6199549690915793
5,B,100,8,29,-0.4221514227287088
5,B,100,9,0,0.2763728799755624
5,B,100,9,1,0.30070886740684083
5,B,100,9,2,0.0848397879918408
5,B,100,9,3,-0.20787130313940183
5,B,100,9,4,-0.007914314394651583
5,B,100,9,5,0.048814928631197234
5,B,100,9,6,0.3423168900698059
5,B,100,9,7,0.03451322239744867
5,B,100,9,8,0.1690258816787047
5,B,100,9,9,0.16061495522815913
5,B,100,9,10,0.13661377434820113
5,B,100,9,11,0.514978167326104
5,B,100,9,12,0.4947829389697014
5,B,100,9,13,0.8968822253970721
5,B,100,9,14,0.5511204347268747
5,B,100,9,15,0.5120016374010659
5,B,100,9,16,0.8582627228685568
5,B,100,9,17,0.1755225998855514
5,B,100,9,18,0.4182428927586722
5,B,100,9,19,0.5972285713783232
5,B,100,9,20,0.8679277702874043
5,B,100,9,21,0.2668991093099656
5,B,100,9,22,0.4534938532935758
5,B,100,9,23,0.5987934934876717
5,B,100,9,24,0.2332134733957578
5,B,100,9,25,0.8923808767264748
5,B,100,9,26,0.703585023536621
5,B,100,9,27,0.603171069729646
5,B,100,9,28,0.8394613939132376
5,B,100,9,29,0.3954026658339608
6,A,0.05,0,0,-0.12022121288231688
6,A,0.05,0,1,0.3256451422931115
6,A,0.05,0,2,0.5337239020272304
6,A,0.05,0,3,-0.6586424690698037
6,A,0.05,0,4,-0.38343440869680706
6,A,0.05,0,5,-0.11344482518539536
6,A,0.05,0,6,-0.13160002904664028
6,A,0.05,0,7,-0.080290974675489
6,A,0.05,0,8,0.3882681608561694
6,A,0.05,0,9,0.11695998063064397
6,A,0.05,0,10,-0.16508202069457728
6,A,0.05,0,11,-0.20845182759405198
6,A,0.05,0,12,0.2823094739481437
6,A,0.05,0,13,0.2191446706911784
6,A,0.05,0,14,0.5879439206858974
6,A,0.05,0,15,0.018091770240567656
6,A,0.05,0,16,-0.027055396326320764
6,A,0.05,0,17,-0.1294163723411814
6,A,0.05,0,18,0.42421958168152046
6,A,0.05,0,19,0.02198719745745029
6,A,0.05,0,20,0.5021165926777891
6,A,0.05,0,21,0.34955572642612326
6,A,0.05,0,22,-0.24375357495745803
6,A,0.05,0,23,0.20243631968381567
6,A,0.05,0,24,0.5568609341072367
6,A,0.05,0,25,-0.31227001631281054
6,A,0.05,0,26,-0.439890815408634
6,A,0.05,0,27,-0.07131793810173645
6,A,0.05,0,28,0.6455663372654037
6,A,0.05,0,29,0.30333185346233627
6,A,0.05,1,0,-0.7259306954982176
6,A,0.05,1,1,-0.02511114150522305
6,A,0.05,1,2,-0.5626817771109694
6,A,0.05,1,3,-0.4930983922091849
6,A,0.05,1,4,-0.6032018752634868
6,A,0.05,1,5,-0.514049467220536
6,A,0.05,1,6,0.1871748708467742
6,A,0.05,1,7,0.11128949416362835
6,A,0.05,1,8,0.24086934261482845
6,A,0.05,1,9,0.02003008153646021
6,A,0.05,1,10,0.1766959090781142
6,A,0.05,1,11,0.3777956997916081
6,A,0.05,1,12,-0.06014821329855944
6,A,0.05,1,13,0.26227558845880183
6,A,0.05,1,14,-0.11200687626280387
6,A,0.05,1,15,0.1583013730081688
6,A,0.05,1,16,0.4356489748174528
6,A,0.05,1,17,0.21153959252872417
6,A,0.05,1,18,-0.12832655626337475
6,A,0.05,1,19,0.41042749563585657
6,A,0.05,1,20,0.32376355553682085
6,A,0.05,1,21,0.21956772518795545
6,A,0.05,1,22,-0.13961723283521285
6,A,0.05,1,23,0.41096850654245154
6,A,0.05,1,24,0.18230891633173302
6,A,0.05,1,25,0.20755515080085699
6,A,0.05,1,26,0.31849153782871986
6,A,0.05,1,27,0.3597226452311196
6,A,0.05,1,28,0.3897840070424596
6,A,0.05,1,29,0.23045846814853127
6,A,0.05,2,0,0.8532984460957248
6,A,0.05,2,1,1.7130723411020108
6,A,0.05,2,2,1.4854207687465055
6,A,0.05,2,3,1.1294468027897766
6,A,0.05,2,4,1.9642010129240222
6,A,0.05,2,5,1.7397288288818005
6,A,0.05,2,6,1.577772864133217
6,A,0.05,2,7,1.7923385020862606
6,A,0.05,2,8,1.112497515309206
6,A,0.05,2,9,1.3625353213665412
6,A,0.05,2,10,1.606920507048698
6,A,0.05,2,11,1.5979345372019689
6,A,0.05,2,12,1.4949192948382328
6,A,0.05,2,13,1.2066313228890027
6,A,0.05,2,14,1.2582457855732232
6,A,0.05,2,15,1.2462027514645775
6,A,0.05,2,16,1.7138242226957519
6,A,0.05,2,17,1.9332950466200884
6,A,0.05,2,18,1.7829166127972114
6,A,0.05,2,19,1.1215062328651746
6,A,0.05,2,20,1.2185070163708343
6,A,0.05,2,21,0.6943880971484329
6,A,0.05,2,22,1.8292044377322416
6,A,0.05,2,23,1.4769452346909506
6,A,0.05,2,24,1.5354699093506177
6,A,0.05,2,25,1.4708425170006838
6,A,0.05,2,26,1.625260825485342
6,A,0.05,2,27,1.888079801761
6,A,0.05,2,28,1.5604729775282888
6,A,0.05,2,29,1.3043654026016196
6,A,0.05,3,0,0.6328537216288301
6,A,0.05,3,1,0.35285297235662016
6,A,0.05,3,2,1.5372397149128993
6,A,0.05,3,3,0.4123609924381321
6,A,0.05,3,4,1.2708574899551395
6,A,0.05,3,5,0.503214583866394
6,A,0.05,3,6,0.9609006395602214
6,A,0.05,3,7,0.49668302218791116
6,A,0.05,3,8,1.1477956472916144
6,A,0.05,3,9,0.8026977703972517
6,A,0.05,3,10,0.6899598656948055
6,A,0.05,3,11,0.5262958171544604
6,A,0.05,3,12,0.06476247645292887
6,A,0.05,3,13,0.4014109459174165
6,A,0.05,3,14,0.03562912559443829
6,A,0.05,3,15,0.9833000849958807
6,A,0.05,3,16,0.5515717003869784
6,A,0.05,3,17,0.3865088173856492
6,A,0.05,3,18,0.9419564493938968
6,A,0.05,3,19,-0.5530418734664725
6,A,0.05,3,20,0.699409571366113
6,A,0.05,3,21,0.9140165368887574
6,A,0.05,3,22,0.41753964048261166
6,A,0.05,3,23,0.23142466683235072
6,A,0.05,3,24,1.2904640384008577
6,A,0.05,3,25,0.06705485240722363
6,A,0.05,3,26,0.9607425990960633
6,A,0.05,3,27,0.06750849138296491
6,A,0.05,3,28,0.7079035780592914
6,A,0.05,3,29,0.24295040058394163
6,A,0.05,4,0,0.05088552299956904
6,A,0.05,4,1,-0.18336082879934884
6,A,0.05,4,2,-0.2025812550847852
6,A,0.05,4,3,-0.4134476817088947
6,A,0.05,4,4,-0.30970201389673635
6,A,0.05,4,5,-0.26669568431749385
6,A,0.05,4,6,-0.35418456367906986
6,A,0.05,4,7,-0.3114571885774722
6,A,0.05,4,8,-0.7287735289395447
6,A,0.05,4,9,-0.15309848110467045
6,A,0.05,4,10,-0.33346352943413604
6,A,0.05,4,11,-0.029017190721479628
6,A,0.05,4,12,-0.15944730164980853
6,A,0.05,4,13,-0.14362236839941725
6,A,0.05,4,14,-0.16601599719742832
6,A,0.05,4,15,-0.6722749037752215
6,A,0.05,4,16,0.16231157415759676
6,A,0.05,4,17,-0.5465032044093479
6,A,0.05,4,18,0.0624238640072946
6,A,0.05,4,19,-0.02784781323282026
6,A,0.05,4,20,-0.2075580997122305
6,A,0.05,4,21,-0.06475808277883743
6,A,0.05,4,22,0.2008157855790952
6,A,0.05,4,23,-0.31024281176475793
6,A,0.05,4,24,-0.15550564445369736
6,A,0.05,4,25,0.05639668994710848
6,A,0.05,4,26,0.06184443792351337
6,A,0.05,4,27,-0.19034966644154502
6,A,0.05,4,28,-0.15165631500828086
6,A,0.05,4,29,-0.2526893062165699
6,A,0.05,5,0,-2.0454022324562513
6,A,0.05,5,1,-1.614552749412047
6,A,0.05,5,2,-1.9195611077255108
6,A,0.05,5,3,-1.985313305942116
6,A,0.05,5,4,-2.2327170682890216
6,A,0.05,5,5,-1.9591262383434915
6,A,0.05,5,6,-2.0360246247079914
6,A,0.05,5,7,-2.2612203554831902
6,A,0.05,5,8,-1.583857812173666
6,A,0.05,5,9,-1.740685383225826
6,A,0.05,5,10,-2.4844887286238495
6,A,0.05,5,11,-1.769394550988376
6,A,0.05,5,12,-2.1447127251108897
6,A,0.05,5,13,-1.7068393147168708
6,A,0.05,5,14,-2.0280158308989833
6,A,0.05,5,15,-2.204412018382296
6,A,0.05,5,16,-2.053537662414502
6,A,0.05,5,17,-1.1889733505717797
6,A,0.05,5,18,-1.3441782925963486
6,A,0.05,5,19,-2.336662974876955
6,A,0.05,5,20,-1.7919842787895082
6,A,0.05,5,21,-1.710121064578086
6,A,0.05,5,22,-1.8266938696854569
6,A,0.05,5,23,-1.6823488291107194
6,A,0.05,5,24,-1.9520506869983243
6,A,0.05,5,25,-2.1291921865088046
6,A,0.05,5,26,-1.8989815046579
6,A,0.05,5,27,-2.448416795118175
6,A,0.05,5,28,-1.5159554661525207
6,A,0.05,5,29,-1.4209205954392696
6,A,0.05,6,0,2.1235069238214486
6,A,0.05,6,1,2.485521347324057
6,A,0.05,6,2,1.8669629663602887
6,A,0.05,6,3,2.3631003485567494
6,A,0.05,6,4,2.159926788495713
6,A,0.05,6,5,2.0737222418988157
6,A,0.05,6,6,2.1213160519024497
6,A,0.05,6,7,2.3589989171446324
6,A,0.05,6,8,2.1047012990514493
6,A,0.05,6,9,2.290348681862585
6,A,0.05,6,10,2.2669547072541616
6,A,0.05,6,11,2.1927241848785393
6,A,0.05,6,12,1.9008473293962072
6,A,0.05,6,13,1.7501034598345453
6,A,0.05,6,14,1.9224245849354717
6,A,0.05,6,15,2.0482766023733547
6,A,0.05,6,16,2.20902180722997
6,A,0.05,6,17,2.3240168564320554
6,A,0.05,6,18,1.8135245267414695
6,A,0.05,6,19,2.1262958515192603
6,A,0.05,6,20,1.9616688151030333
6,A,0.05,6,21,2.0244050924238883
6,A,0.05,6,22,1.9803301703458323
6,A,0.05,6,23,2.198165528324041
6,A,0.05,6,24,2.038373984737502
6,A,0.05,6,25,2.067741635202899
6,A,0.05,6,26,1.9273956860041084
6,A,0.05,6,27,2.2705222988881735
6,A,0.05,6,28,2.374300486773305
6,A,0.05,6,29,2.2058091321887123
6,A,0.05,7,0,0.042967731787799134
6,A,0.05,7,1,-0.17363252588187875
6,A,0.05,7,2,-0.45169672655356996
6,A,0.05,7,3,-0.37236831610062276
6,A,0.05,7,4,-0.08114071953139525
6,A,0.05,7,5,-0.13010038295976026
6,A,0.05,7,6,-0.11781941723678872
6,A,0.05,7,7,-0.2643132709560062
6,A,0.05,7,8,-0.359208686534394
6,A,0.05,7,9,-0.09791266549200371
6,A,0.05,7,10,-0.16069814776549127
6,A,0.05,7,11,-0.2239718517732829
6,A,0.05,7,12,0.2058733977723077
6,A,0.05,7,13,-0.18736680078580245
6,A,0.05,7,14,-0.2520675445680835
6,A,0.05,7,15,0.2214836806371628
6,A,0.05,7,16,-0.18100222448808026
6,A,0.05,7,17,-0.2584461402418551
6,A,0.05,7,18,-0.45997460215568037
6,A,0.05,7,19,-0.1555438684623412
6,A,0.05,7,20,-0.39314040777038095
6,A,0.05,7,21,-0.10681780271426426
6,A,0.05,7,22,-0.14754509090998402
6,A,0.05,7,23,-0.2253949466989236
6,A,0.05,7,24,-0.09685470887375397
6,A,0.05,7,25,-0.2181621994575503
6,A,0.05,7,26,-0.33685996306751664
6,A,0.05,7,27,0.008751001589100785
6,A,0.05,7,28,-0.2921608610981596
6,A,0.05,7,29,-0.35391905805545926
6,A,0.05,8,0,0.10745765670476858
6,A,0.05,8,1,-0.06613401190488084
6,A,0.05,8,2,0.2050066036054181
6,A,0.05,8,3,0.1853827396190874
6,A,0.05,8,4,-0.023483997253274408
6,A,0.05,8,5,-0.31939501358629985
6,A,0.05,8,6,0.3384134101713648
6,A,0.05,8,7,-0.2070297068458709
6,A,0.05,8,8,-0.056075360818167774
6,A,0.05,8,9,0.14983011145625352
6,A,0.05,8,10,0.08480524954987159
6,A,0.05,8,11,0.40411334699530393
6,A,0.05,8,12,0.33994265866747014
6,A,0.05,8,13,0.19701152154506904
6,A,0.05,8,14,0.18793101278443153
6,A,0.05,8,15,-0.06751126860297041
6,A,0.05,8,16,0.3586394696318711
6,A,0.05,8,17,-0.019987992429769442
6,A,0.05,8,18,0.43853222616077897
6,A,0.05,8,19,0.2052881063779513
6,A,0.05,8,20,0.3526477126811788
6,A,0.05,8,21,-0.07288352826166215
6,A,0.05,8,22,0.11260782396599861
6,A,0.05,8,23,0.2615274064626717
6,A,0.05,8,24,0.2842947263485115
6,A,0.05,8,25,0.24698860009620477
6,A,0.05,8,26,0.35730661032500377
6,A,0.05,8,27,0.44327956331633755
6,A,0.05,8,28,0.15437855710285006
6,A,0.05,8,29,-0.8708463674227059
6,A,0.05,9,0,-0.326504572881004
6,A,0.05,9,1,-0.3345412173250118
6,A,0.05,9,2,-0.3899808625426473
6,A,0.05,9,3,-0.3173621024229995
6,A,0.05,9,4,-0.5747928113308116
6,A,0.05,9,5,-0.2457387277386294
6,A,0.05,9,6,-0.6080343717799047
6,A,0.05,9,7,-0.7239737733722301
6,A,0.05,9,8,-0.32922619512817713
6,A,0.05,9,9,-0.35989933402363955
6,A,0.05,9,10,-0.3693809566619221
6,A,0.05,9,11,-0.5056011085382307
6,A,0.05,9,12,-0.537734491282053
6,A,0.05,9,13,-0.3502657111334307
6,A,0.05,9,14,-0.47811579484290473
6,A,0.05,9,15,-0.7243222841600567
6,A,0.05,9,16,-0.4051631538810438
6,A,0.05,9,17,-0.5608738725699511
6,A,0.05,9,18,-0.3389313853702057
6,A,0.05,9,19,-0.6777334414371663
6,A,0.05,9,20,-0.39107926108137636
6,A,0.05,9,21,-0.16324790943467346
6,A,0.05,9,22,-0.45137213965574485
6,A,0.05,9,23,-0.40630234840184154
6,A,0.05,9,24,-0.5799145269716695
6,A,0.05,9,25,-0.3054867847426355
6,A,0.05,9,26,-0.08732862331886936
6,A,0.05,9,27,-0.45059403584378105
6,A,0.05,9,28,-0.05406546767754152
6,A,0.05,9,29,-0.5640970437002495
6,B,100,0,0,-0.03435999729010516
6,B,100,0,1,-0.061320247496785205
6,B,100,0,2,-0.0383018207366511
6,B,100,0,3,-0.04426586795800577
6,B,100,0,4,-0.0017892390176440052
6,B,100,0,5,-0.004696828307062034
6,B,100,0,6,-0.008080963772098148
6,B,100,0,7,-0.012263990068700246
6,B,100,0,8,0.015664065589770227
6,B,100,0,9,0.024384956199176678
6,B,100,0,10,0.018881067183682754
6,B,100,0,11,0.006666763226990372
6,B,100,0,12,-0.037498603856540864
6,B,100,0,13,0.006544465113103178
6,B,100,0,14,0.012062521681856448
6,B,100,0,15,0.015758507776718857
6,B,100,0,16,0.0220173511800333
6,B,100,0,17,0.2290234862476919
6,B,100,0,18,0.19909118951515026
6,B,100,0,19,0.22301804637021488
6,B,100,0,20,0.19705380812391482
6,B,100,0,21,0.03646214929357772
6,B,100,0,22,0.21562692896161528
6,B,100,0,23,-0.0008990379146903887
6,B,100,0,24,0.027887625481663295
6,B,100,0,25,0.2959455133177361
6,B,100,0,26,-0.008327097884175148
6,B,100,0,27,0.2181199568415006
6,B,100,0,28,-0.0011768438608082631
6,B,100,0,29,0.14071513366500657
6,B,100,1,0,-0.033349394959813324
6,B,100,1,1,-0.10474588857206932
6,B,100,1,2,-0.1164947304578658
6,B,100,1,3,-0.17561560527207234
6,B,100,1,4,-0.3341964709049866
6,B,100,1,5,-0.3266350492103102
6,B,100,1,6,-0.3117698323875832
6,B,100,1,7,0.07987247510669788
6,B,100,1,8,-0.1770433779244322
6,B,100,1,9,-0.1196156661794679
6,B,100,1,10,-0.24085781453139557
6,B,100,1,11,-0.19213606266046718
6,B,100,1,12,-0.15024861219467567
6,B,100,1,13,-0.14076045380093113
6,B,100,1,14,-0.2800409395037203
6,B,100,1,15,0.03418162738575522
6,B,100,1,16,-0.33742494879622104
6,B,100,1,17,-0.05476147221400492
6,B,100,1,18,-0.156842723285977
6,B,100,1,19,-0.2567629517651547
6,B,100,1,20,-0.08198586451925248
6,B,100,1,21,-0.029166406394072135
6,B,100,1,22,-0.26930998335929934
6,B,100,1,23,-0.09185366170273851
6,B,100,1,24,-0.09796602296396564
6,B,100,1,25,-0.3980337786875299
6,B,100,1,26,-0.12782565295986667
6,B,100,1,27,-0.08688263056491251
6,B,100,1,28,-0.2888554561836291
6,B,100,1,29,-0.15104812865695483
6,B,100,2,0,0.6438500280438967
6,B,100,2,1,0.5825868743581952
6,B,100,2,2,1.2345112510088128
6,B,100,2,3,1.028064989621519
6,B,100,2,4,1.4134418308122003
6,B,100,2,5,1.414610246060569
6,B,100,2,6,1.2902975044180274
6,B,100,2,7,1.2510638838578148
6,B,100,2,8,0.98113522640581
6,B,100,2,9,0.7402220997323493
6,B,100,2,10,0.5779150700440314
6,B,100,2,11,1.595050686921767
6,B,100,2,12,1.6373538680594621
6,B,100,2,13,1.0700849538515973
6,B,100,2,14,1.1673191525786388
6,B,100,2,15,1.6820164000241633
6,B,100,2,16,1.6440058177690555
6,B,100,2,17,0.983221253193534
6,B,100,2,18,1.3728483921020629
6,B,100,2,19,1.573494983317797
6,B,100,2,20,2.3217886452051557
6,B,100,2,21,1.5309982424865398
6,B,100,2,22,1.2634227842393126
6,B,100,2,23,1.0142292224091007
6,B,100,2,24,1.1710147758276028
6,B,100,2,25,1.4035769546600827
6,B,100,2,26,1.5738857092668155
6,B,100,2,27,2.173780009683761
6,B,100,2,28,1.292783432448903
6,B,100,2,29,1.0448394365120364
6,B,100,3,0,1.657325227069306
6,B,100,3,1,2.906177111451463
6,B,100,3,2,1.7894967235388302
6,B,100,3,3,2.0579169891436453
6,B,100,3,4,2.040982966701386
6,B,100,3,5,2.013574232810072
6,B,100,3,6,1.4201782809794994
6,B,100,3,7,1.8973935903803387
6,B,100,3,8,2.4903170583780163
6,B,100,3,9,2.997295942992441
6,B,100,3,10,2.7345568614878126
6,B,100,3,11,2.8885971512225592
6,B,100,3,12,1.5797378847730497
6,B,100,3,13,2.9461925744668775
6,B,100,3,14,2.1733526618319723
6,B,100,3,15,2.4213071488020814
6,B,100,3,16,2.483715640174693
6,B,100,3,17,2.3884096480860726
6,B,100,3,18,2.531339935879661
6,B,100,3,19,2.964509977160933
6,B,100,3,20,1.4239448239394201
6,B,100,3,21,1.5741445704984458
6,B,100,3,22,2.49490821102634
6,B,100,3,23,2.263973257271629
6,B,100,3,24,3.1314504119083946
6,B,100,3,25,2.9360361859848756
6,B,100,3,26,2.4929818262892427
6,B,100,3,27,2.468359064905287
6,B,100,3,28,1.557227878883749
6,B,100,3,29,2.5247979029421757
6,B,100,4,0,-0.11171085210949933
6,B,100,4,1,0.3091978153463447
6,B,100,4,2,0.45749718591571314
6,B,100,4,3,0.12262058860372915
6,B,100,4,4,0.17958491386449663
6,B,100,4,5,0.09640099158558904
6,B,100,4,6,0.33963021003327626
6,B,100,4,7,-0.2255542371537437
6,B,100,4,8,0.5723743955282461
6,B,100,4,9,0.569715582318062
6,B,100,4,10,0.2190066989326706
6,B,100,4,11,0.5079854373017676
6,B,100,4,12,0.4355917486920944
6,B,100,4,13,0.458694041573245
6,B,100,4,14,0.4739269675441257
6,B,100,4,15,0.4987504711677751
6,B,100,4,16,0.2750112349551676
6,B,100,4,17,0.11440165060611121
6,B,100,4,18,0.5685153320612766
6,B,100,4,19,0.06927712783477968
6,B,100,4,20,0.27440194910754745
6,B,100,4,21,0.25756744879206306
6,B,100,4,22,0.5130763284204297
6,B,100,4,23,0.16405925684406725
6,B,100,4,24,0.0223686377635861
6,B,100,4,25,0.35897230227441346
6,B,100,4,26,0.22959758626121612
6,B,100,4,27,0.5831475374382183
6,B,100,4,28,0.36295944499084043
6,B,100,4,29,-0.36006078596041774
6,B,100,5,0,-0.692930907345655
6,B,100,5,1,-1.476758328858435
6,B,100,5,2,-0.482444514408974
6,B,100,5,3,-0.22900477280066947
6,B,100,5,4,0.265352560936714
6,B,100,5,5,-0.5013530135077239
6,B,100,5,6,0.299779343692795
6,B,100,5,7,0.5643789058036593
6,B,100,5,8,0.509474051539665
6,B,100,5,9,0.3596269940448913
6,B,100,5,10,0.692185379296108
6,B,100,5,11,0.5331609412555784
6,B,100,5,12,0.3200420727100372
6,B,100,5,13,0.07653114071852088
6,B,100,5,14,0.3359758717767694
6,B,100,5,15,0.43816930448405284
6,B,100,5,16,0.47380959237400705
6,B,100,5,17,0.4572942417781639
6,B,100,5,18,0.12708144609626001
6,B,100,5,19,-0.7431813867537632
6,B,100,5,20,0.0426558121212485
6,B,100,5,21,0.4173743901113548
6,B,100,5,22,-0.8990402503662236
6,B,100,5,23,0.3375463357314497
6,B,100,5,24,0.4156161686596084
6,B,100,5,25,0.5073780090088033
6,B,100,5,26,0.3832931996696909
6,B,100,5,27,0.06705252551419676
6,B,100,5,28,0.30928576628320653
6,B,100,5,29,0.5256616651226639
6,B,100,6,0,-0.9072912463313394
6,B,100,6,1,-0.5677305390898789
6,B,100,6,2,-0.9395241325197371
6,B,100,6,3,-0.7433486067662957
6,B,100,6,4,-0.8366841259090515
6,B,100,6,5,-0.7908261119744213
6,B,100,6,6,-1.60245027921385
6,B,100,6,7,-0.9844967357241096
6,B,100,6,8,-0.6620841928939843
6,B,100,6,9,-0.7649398827208092
6,B,100,6,10,-0.9962888507478046
6,B,100,6,11,-1.011589832731736
6,B,100,6,12,-0.3711088551144368
6,B,100,6,13,-0.41652918617031814
6,B,100,6,14,-0.8865651911934356
6,B,100,6,15,-0.8106237487714792
6,B,100,6,16,-0.9848785802933604
6,B,100,6,17,-0.5612865579083817
6,B,100,6,18,-1.0104307300441076
6,B,100,6,19,-0.3225407808065097
6,B,100,6,20,-0.5837749262365439
6,B,100,6,21,-0.8167955175699111
6,B,100,6,22,-0.9052840252379909
6,B,100,6,23,-0.4378879838835909
6,B,100,6,24,-0.751774273702447
6,B,100,6,25,-0.741526971153398
6,B,100,6,26,-0.6063453673983317
6,B,100,6,27,-0.9015312321550896
6,B,100,6,28,-0.8093088969707332
6,B,100,6,29,-0.6823900110153259
6,B,100,7,0,-1.6522811431591233
6,B,100,7,1,-2.2263784014700434
6,B,100,7,2,-1.2244284831268397
6,B,100,7,3,-1.6956654954753025
6,B,100,7,4,-0.6247045260875846
6,B,100,7,5,-0.44860890793416486
6,B,100,7,6,-0.15362040689148507
6,B,100,7,7,-0.14109891141441117
6,B,100,7,8,-0.017750383691472717
6,B,100,7,9,0.16362026159525636
6,B,100,7,10,0.25273738447907235
6,B,100,7,11,-0.12692981428324007
6,B,100,7,12,-0.26262620399497993
6,B,100,7,13,-0.23221041946484253
6,B,100,7,14,-0.2672155389589811
6,B,100,7,15,0.1446520483913793
6,B,100,7,16,-0.5830253896761395
6,B,100,7,17,0.4087128321871062
6,B,100,7,18,0.14486848391607912
6,B,100,7,19,-0.1981060398825307
6,B,100,7,20,-0.059588316235046096
6,B,100,7,21,0.15089130599820946
6,B,100,7,22,0.16748855518515432
6,B,100,7,23,-0.014459891895177195
6,B,100,7,24,0.2523967391311727
6,B,100,7,25,-0.068434537792376
6,B,100,7,26,-0.13023180494803935
6,B,100,7,27,-0.07945092129135489
6,B,100,7,28,-0.6811764751556897
6,B,100,7,29,-0.1915465757422677
6,B,100,8,0,-0.34444925703615
6,B,100,8,1,0.16037285692019335
6,B,100,8,2,-0.32538041315617894
6,B,100,8,3,0.15814935317671525
6,B,100,8,4,-0.36258077159642293
6,B,100,8,5,-0.0011463014893763048
6,B,100,8,6,0.4538627378358628
6,B,100,8,7,0.024363998069849308
6,B,100,8,8,-0.15957909568419618
6,B,100,8,9,0.15996636731592317
6,B,100,8,10,0.2342655364928731
6,B,100,8,11,0.011762988640351333
6,B,100,8,12,0.10032742301451647
6,B,100,8,13,0.31338058337950814
6,B,100,8,14,0.44096578592815605
6,B,100,8,15,-0.8843154514845174
6,B,100,8,16,-0.10915446510745465
6,B,100,8,17,0.02655243394242094
6,B,100,8,18,-0.14028151238655187
6,B,100,8,19,0.15992076818204592
6,B,100,8,20,0.12017926756485905
6,B,100,8,21,-0.028283496883990754
6,B,100,8,22,-0.4493125832617926
6,B,100,8,23,0.21531684713711086
6,B,100,8,24,-0.33851030452398495
6,B,100,8,25,-0.4203938854204461
6,B,100,8,26,0.15223802370195005
6,B,100,8,27,-0.09829392643739492
6,B,100,8,28,0.07919900005483899
6,B,100,8,29,0.2294450952423988
6,B,100,9,0,0.3969889755771057
6,B,100,9,1,0.12881039358610588
6,B,100,9,2,0.2511147172267243
6,B,100,9,3,0.3912116847128085
6,B,100,9,4,0.674618340860507
6,B,100,9,5,0.3356190275679
6,B,100,9,6,0.03048603577134991
6,B,100,9,7,0.47380217789443557
6,B,100,9,8,0.0054319351081403705
6,B,100,9,9,0.20119006117207594
6,B,100,9,10,0.2287258612773803
6,B,100,9,11,0.5350674299653306
6,B,100,9,12,0.4070057231536929
6,B,100,9,13,0.1670885448252524
6,B,100,9,14,-0.04668650978628269
6,B,100,9,15,-0.06009883230436888
6,B,100,9,16,0.15491076356737765
6,B,100,9,17,0.16901912516975398
6,B,100,9,18,0.3127201793156072
6,B,100,9,19,0.03574626292424201
6,B,100,9,20,0.26865204639192236
6,B,100,9,21,0.22084570130509937
6,B,100,9,22,0.4718613167085649
6,B,100,9,23,0.14986404537663658
6,B,100,9,24,0.2883088637762236
6,B,100,9,25,0.6423398369861154
6,B,100,9,26,0.1560619153367023
6,B,100,9,27,0.2179831447193232
6,B,100,9,28,0.20734452896836902
6,B,100,9,29,0.3958507086512705
7,A,0.05,0,0,0.7309679014517129
7,A,0.05,0,1,0.7271549070401964
7,A,0.05,0,2,0.8377847040204207
7,A,0.05,0,3,0.8848661997601447
7,A,0.05,0,4,0.9524971403467906
7,A,0.05,0,5,0.49574582490121344
7,A,0.05,0,6,0.6287123390227972
7,A,0.05,0,7,0.6895587753589723
7,A,0.05,0,8,0.7954246088220726
7,A,0.05,0,9,0.6783082059218946
7,A,0.05,0,10,1.0997141523844622
7,A,0.05,0,11,0.992490997557247
7,A,0.05,0,12,1.0486378477911051
7,A,0.05,0,13,1.0032655889652595
7,A,0.05,0,14,0.4806705154646368
7,A,0.05,0,15,1.0632384268150932
7,A,0.05,0,16,0.9032077754039356
7,A,0.05,0,17,0.49884308955417217
7,A,0.05,0,18,1.1523971412287344
7,A,0.05,0,19,0.9062903884826924
7,A,0.05,0,20,0.7295611230886517
7,A,0.05,0,21,0.6583814617455087
7,A,0.05,0,22,0.5187235504924106
7,A,0.05,0,23,0.664307171599259
7,A,0.05,0,24,0.5488775315985535
7,A,0.05,0,25,0.7612119681765657
7,A,0.05,0,26,0.7498292443861605
7,A,0.05,0,27,0.5972113302299867
7,A,0.05,0,28,1.1427009882440256
7,A,0.05,0,29,0.7223728663655916
7,A,0.05,1,0,1.7449442552768373
7,A,0.05,1,1,2.123919456760086
7,A,0.05,1,2,1.9140167395236596
7,A,0.05,1,3,3.2190128206122104
7,A,0.05,1,4,2.6434865941564274
7,A,0.05,1,5,1.9861155026213608
7,A,0.05,1,6,2.381456008535772
7,A,0.05,1,7,3.385707406113163
7,A,0.05,1,8,3.2355718658908805
7,A,0.05,1,9,1.9697021292444152
7,A,0.05,1,10,2.7049110819689974
7,A,0.05,1,11,1.4956827801769004
7,A,0.05,1,12,2.719669697134975
7,A,0.05,1,13,2.9139054383518372
7,A,0.05,1,14,2.9405571590080735
7,A,0.05,1,15,2.8224311230824695
7,A,0.05,1,16,3.3229484777496783
7,A,0.05,1,17,3.3003950144983887
7,A,0.05,1,18,2.2124414937437287
7,A,0.05,1,19,3.115658827820864
7,A,0.05,1,20,2.474137122244444
7,A,0.05,1,21,1.9935292729876268
7,A,0.05,1,22,2.337626334596955
7,A,0.05,1,23,2.1292024165702887
7,A,0.05,1,24,2.3088294782715786
7,A,0.05,1,25,2.04842279874833
7,A,0.05,1,26,2.4198015775348694
7,A,0.05,1,27,2.21541005789727
7,A,0.05,1,28,2.268747528010465
7,A,0.05,1,29,2.6675334226234684
7,A,0.05,2,0,1.3969068799067574
7,A,0.05,2,1,1.2162967482099931
7,A,0.05,2,2,1.1771945072027996
7,A,0.05,2,3,1.0620549022993244
7,A,0.05,2,4,1.4331924769043445
7,A,0.05,2,5,1.1082330798063669
7,A,0.05,2,6,1.0430196973328996
7,A,0.05,2,7,1.07091086020094
7,A,0.05,2,8,1.3594460190376643
7,A,0.05,2,9,0.8815796262957976
7,A,0.05,2,10,1.1025591076318628
7,A,0.05,2,11,1.084568029435998
7,A,0.05,2,12,0.9937854698080384
7,A,0.05,2,13,1.526193161244049
7,A,0.05,2,14,1.1838760767089707
7,A,0.05,2,15,1.0292383363949391
7,A,0.05,2,16,1.1308216689338257
7,A,0.05,2,17,1.454340946043799
7,A,0.05,2,18,1.4641875185400033
7,A,0.05,2,19,1.0436204049509041
7,A,0.05,2,20,1.018944440710322
7,A,0.05,2,21,0.8336593040728857
7,A,0.05,2,22,0.8696880881609051
7,A,0.05,2,23,1.2163034544569786
7,A,0.05,2,24,1.1110591291719245
7,A,0.05,2,25,0.8039214184337838
7,A,0.05,2,26,1.251533125075284
7,A,0.05,2,27,1.1682951512347348
7,A,0.05,2,28,1.1294141252371606
7,A,0.05,2,29,1.0258786885026847
7,A,0.05,3,0,-0.38372194750904415
7,A,0.05,3,1,-0.37900677588142184
7,A,0.05,3,2,-0.49725989229083306
7,A,0.05,3,3,-0.2302613055825533
7,A,0.05,3,4,-0.7147062530425199
7,A,0.05,3,5,-0.28956346711469627
7,A,0.05,3,6,-1.2775143187622948
7,A,0.05,3,7,-1.0763000712257829
7,A,0.05,3,8,-0.7434093866378205
7,A,0.05,3,9,-0.9099947767203125
7,A,0.05,3,10,-1.347451133687285
7,A,0.05,3,11,-0.6655051944704569
7,A,0.05,3,12,-0.7979259221559423
7,A,0.05,3,13,-0.9303558440162956
7,A,0.05,3,14,-0.8245011891932075
7,A,0.05,3,15,-0.10560290716726904
7,A,0.05,3,16,-1.423936354373059
7,A,0.05,3,17,-0.8435595083504301
7,A,0.05,3,18,-0.3349730268636707
7,A,0.05,3,19,-0.8478642853520888
7,A,0.05,3,20,-0.9133075243616862
7,A,0.05,3,21,-1.1439665775796
7,A,0.05,3,22,-0.5957856513755313
7,A,0.05,3,23,-1.2714297019367804
7,A,0.05,3,24,-0.17689444380535146
7,A,0.05,3,25,-1.075605000172095
7,A,0.05,3,26,-1.1592884547257971
7,A,0.05,3,27,-0.2634873722046183
7,A,0.05,3,28,-0.2525881556137421
7,A,0.05,3,29,-1.3883027598786883
7,A,0.05,4,0,0.06297678756637584
7,A,0.05,4,1,0.05811044744668523
7,A,0.05,4,2,-0.005725596121371598
7,A,0.05,4,3,0.3328151754423161
7,A,0.05,4,4,-0.05637518500854966
7,A,0.05,4,5,0.5978814477576386
7,A,0.05,4,6,0.639605527666565
7,A,0.05,4,7,0.42593310112408345
7,A,0.05,4,8,0.44585710716958454
7,A,0.05,4,9,-0.1334158238573608
7,A,0.05,4,10,0.42561829215633323
7,A,0.05,4,11,0.3002142459858337
7,A,0.05,4,12,0.2405390338113072
7,A,0.05,4,13,0.2597666266695249
7,A,0.05,4,14,0.11406846697295533
7,A,0.05,4,15,0.5844452461147426
7,A,0.05,4,16,0.1584046720579815
7,A,0.05,4,17,0.018935384216229874
7,A,0.05,4,18,0.43404235846883316
7,A,0.05,4,19,0.6590759368931477
7,A,0.05,4,20,0.19947795590698214
7,A,0.05,4,21,0.34156002409218916
7,A,0.05,4,22,0.696240978067376
7,A,0.05,4,23,0.9734544988525543
7,A,0.05,4,24,0.453031531912455
7,A,0.05,4,25,1.0035903400506225
7,A,0.05,4,26,0.8081427852580716
7,A,0.05,4,27,0.7490914745211266
7,A,0.05,4,28,0.625800010665623
7,A,0.05,4,29,1.0760486986918965
7,A,0.05,5,0,-0.12313167233006647
7,A,0.05,5,1,0.4517383755167779
7,A,0.05,5,2,0.200265690258161
7,A,0.05,5,3,-0.005397424601167876
7,A,0.05,5,4,-0.2005755054278531
7,A,0.05,5,5,0.29563889848660024
7,A,0.05,5,6,-0.01536922498067541
7,A,0.05,5,7,0.07462632498958374
7,A,0.05,5,8,0.1113281872161117
7,A,0.05,5,9,0.1469711052846093
7,A,0.05,5,10,0.06546993640958865
7,A,0.05,5,11,-0.05636829141865701
7,A,0.05,5,12,-0.10593686428323704
7,A,0.05,5,13,-0.014919423362971255
7,A,0.05,5,14,0.033740506145368276
7,A,0.05,5,15,-0.010252335985865542
7,A,0.05,5,16,0.0782604907454615
7,A,0.05,5,17,0.0027341627201365993
7,A,0.05,5,18,0.1517513069477645
7,A,0.05,5,19,-0.2573110735510408
7,A,0.05,5,20,0.06947921052765854
7,A,0.05,5,21,0.3057388805278269
7,A,0.05,5,22,0.06434001982822651
7,A,0.05,5,23,-0.3432671320921335
7,A,0.05,5,24,-0.6904078692267077
7,A,0.05,5,25,0.5691440962665997
7,A,0.05,5,26,0.16700507756882213
7,A,0.05,5,27,-0.27167277402751394
7,A,0.05,5,28,-0.13237602593228043
7,A,0.05,5,29,0.17511306256454556
7,A,0.05,6,0,1.2251599999201965
7,A,0.05,6,1,1.6738274555191215
7,A,0.05,6,2,1.4940425399829513
7,A,0.05,6,3,1.4371811037698818
7,A,0.05,6,4,1.4843888442435527
7,A,0.05,6,5,0.9957165313094883
7,A,0.05,6,6,1.224173754685923
7,A,0.05,6,7,1.361245368873693
7,A,0.05,6,8,1.1631642185136706
7,A,0.05,6,9,1.1252825303465361
7,A,0.05,6,10,1.2599891586295398
7,A,0.05,6,11,1.1670234720699035
7,A,0.05,6,12,1.0969987837944242
7,A,0.05,6,13,1.5084932140335114
7,A,0.05,6,14,1.6571827576422793
7,A,0.05,6,15,1.475389960931149
7,A,0.05,6,16,1.1293585743338486
7,A,0.05,6,17,0.9731835904338468
7,A,0.05,6,18,0.9209984732540334
7,A,0.05,6,19,1.1048825262485207
7,A,0.05,6,20,1.1228533291471638
7,A,0.05,6,21,1.048286680366992
7,A,0.05,6,22,1.4930127486131286
7,A,0.05,6,23,1.873798040921749
7,A,0.05,6,24,1.027493939523923
7,A,0.05,6,25,1.403403358446538
7,A,0.05,6,26,1.3590252632253177
7,A,0.05,6,27,0.8802749177584331
7,A,0.05,6,28,1.1840179730669556
7,A,0.05,6,29,1.3234587438039547
7,A,0.05,7,0,-0.6951258208366352
7,A,0.05,7,1,-0.8244218534921735
7,A,0.05,7,2,-0.9741526070938463
7,A,0.05,7,3,-0.5761253553974337
7,A,0.05,7,4,-0.5821521275485242
7,A,0.05,7,5,-0.4267635824271825
7,A,0.05,7,6,-0.5689397589341973
7,A,0.05,7,7,-0.7088334883177498
7,A,0.05,7,8,-0.24919538674814054
7,A,0.05,7,9,-1.2066300451086012
7,A,0.05,7,10,-0.1914512032989042
7,A,0.05,7,11,-0.5254825902672121
7,A,0.05,7,12,-0.6957050647503038
7,A,0.05,7,13,-1.0647715054518083
7,A,0.05,7,14,-0.5896099580348921
7,A,0.05,7,15,-0.2943077607809124
7,A,0.05,7,16,-0.12110179743625858
7,A,0.05,7,17,-0.4257612427791019
7,A,0.05,7,18,-0.38968928803716313
7,A,0.05,7,19,-0.47183844954189824
7,A,0.05,7,20,-0.3013850612010391
7,A,0.05,7,21,-0.17019949492517636
7,A,0.05,7,22,-0.028804786859115486
7,A,0.05,7,23,-0.5415450918125025
7,A,0.05,7,24,-0.6016960278497017
7,A,0.05,7,25,-0.17767504509208193
7,A,0.05,7,26,-0.574304064580876
7,A,0.05,7,27,-0.4134514857681422
7,A,0.05,7,28,-0.006635086078450448
7,A,0.05,7,29,-0.4223756622856052
7,A,0.05,8,0,-0.11929671915154791
7,A,0.05,8,1,-0.09592038126058368
7,A,0.05,8,2,-0.05233862993654535
7,A,0.05,8,3,-0.13869943130444773
7,A,0.05,8,4,-0.06588387674501557
7,A,0.05,8,5,-0.03961140953938683
7,A,0.05,8,6,-0.16793838058625096
7,A,0.05,8,7,-0.11286186936029906
7,A,0.05,8,8,-0.09456961924031901
7,A,0.05,8,9,-0.15009283554791256
7,A,0.05,8,10,-0.05404181190248095
7,A,0.05,8,11,-0.15423918200299824
7,A,0.05,8,12,-0.07032151519666748
7,A,0.05,8,13,-0.028224768580565832
7,A,0.05,8,14,-0.04080352727040608
7,A,0.05,8,15,-0.1352532595749943
7,A,0.05,8,16,-0.08615919550111505
7,A,0.05,8,17,-0.13977284670599266
7,A,0.05,8,18,-0.06404304676523594
7,A,0.05,8,19,-0.03577229605641607
7,A,0.05,8,20,-0.09920260822940617
7,A,0.05,8,21,-0.17917769375407333
7,A,0.05,8,22,-0.09702227104164114
7,A,0.05,8,23,-0.12564911163142045
7,A,0.05,8,24,-0.0676356607418657
7,A,0.05,8,25,0.00021242863176552774
7,A,0.05,8,26,-0.15626143586661884
7,A,0.05,8,27,-0.2894519768855269
7,A,0.05,8,28,-0.18423931606879898
7,A,0.05,8,29,-0.08467472520810225
7,A,0.05,9,0,-0.5115503503335459
7,A,0.05,9,1,-0.11374015490875834
7,A,0.05,9,2,0.15350703646683495
7,A,0.05,9,3,-0.10832811563598749
7,A,0.05,9,4,-0.10455605903106105
7,A,0.05,9,5,-0.3949280783133238
7,A,0.05,9,6,-0.40035701009471486
7,A,0.05,9,7,-0.2332676969232192
7,A,0.05,9,8,-0.5613302022146499
7,A,0.05,9,9,-0.26781839507411564
7,A,0.05,9,10,-0.19817081902652775
7,A,0.05,9,11,-0.3809967782631421
7,A,0.05,9,12,-0.4339100888234221
7,A,0.05,9,13,0.08456827307554371
7,A,0.05,9,14,-0.10857599629224007
7,A,0.05,9,15,-0.3711424250797941
7,A,0.05,9,16,0.08002710463774139
7,A,0.05,9,17,-0.818335560521602
7,A,0.05,9,18,-0.06816286549690605
7,A,0.05,9,19,-0.3429898700288063
7,A,0.05,9,20,-0.13898102921896
7,A,0.05,9,21,0.052785475075590456
7,A,0.05,9,22,-0.4761382872045908
7,A,0.05,9,23,-0.4530045610248034
7,A,0.05,9,24,0.06595083483316452
7,A,0.05,9,25,-0.20906765741273148
7,A,0.05,9,26,-0.03597399935944672
7,A,0.05,9,27,-0.2394163652641164
7,A,0.05,9,28,-0.7056083398381765
7,A,0.05,9,29,-0.6761172301512929
7,B,100,0,0,-0.26159485856978953
7,B,100,0,1,0.8931835381776128
7,B,100,0,2,0.8952123652806097
7,B,100,0,3,1.199923739981595
7,B,100,0,4,-0.030044480507792723
7,B,100,0,5,0.8971819657609766
7,B,100,0,6,1.0666004718818558
7,B,100,0,7,0.34974942763196315
7,B,100,0,8,0.8382144473606622
7,B,100,0,9,0.9907526430221082
7,B,100,0,10,1.2157777298603893
7,B,100,0,11,0.39393372906661867
7,B,100,0,12,0.5839982102068407
7,B,100,0,13,0.6136242802913439
7,B,100,0,14,0.502558212035874
7,B,100,0,15,0.9044348219710311
7,B,100,0,16,0.7067081477136505
7,B,100,0,17,0.6105443785825857
7,B,100,0,18,0.5884186252401712
7,B,100,0,19,0.7224113309058997
7,B,100,0,20,0.47590029066481193
7,B,100,0,21,0.6512632676290983
7,B,100,0,22,1.1025856531066136
7,B,100,0,23,0.3659386263855826
7,B,100,0,24,0.6305801460613553
7,B,100,0,25,0.2932018389451608
7,B,100,0,26,0.30246981413679813
7,B,100,0,27,0.6639231577127809
7,B,100,0,28,0.25495759284475916
7,B,100,0,29,0.5143606907610343
7,B,100,1,0,1.153374521238086
7,B,100,1,1,1.2312469267865176
7,B,100,1,2,1.6174122328219402
7,B,100,1,3,1.2799106733317702
7,B,100,1,4,1.4588360321087324
7,B,100,1,5,2.140260777578341
7,B,100,1,6,1.6894147303903784
7,B,100,1,7,2.0140992002215037
7,B,100,1,8,2.27963026788721
7,B,100,1,9,1.9324866995787526
7,B,100,1,10,2.180711341121378
7,B,100,1,11,1.7503031849450157
7,B,100,1,12,1.7702997640821043
7,B,100,1,13,2.8272416619604592
7,B,100,1,14,2.613231555723717
7,B,100,1,15,2.4606550622059933
7,B,100,1,16,1.6692390347161334
7,B,100,1,17,1.982191360512552
7,B,100,1,18,2.0154797167049123
7,B,100,1,19,1.9477911192903532
7,B,100,1,20,2.8620874019547893
7,B,100,1,21,2.0759713642746798
7,B,100,1,22,2.17187974816869
7,B,100,1,23,2.654623383146829
7,B,100,1,24,3.3127931580552166
7,B,100,1,25,3.049331879414044
7,B,100,1,26,2.3970921307736086
7,B,100,1,27,2.2405004567378106
7,B,100,1,28,2.2453455789023367
7,B,100,1,29,2.949919061706084
7,B,100,2,0,-1.4008871456114054
7,B,100,2,1,-1.5909147976406142
7,B,100,2,2,-1.6816180678314403
7,B,100,2,3,-1.4060186546799804
7,B,100,2,4,-1.7230725911362603
7,B,100,2,5,-1.6645154074293005
7,B,100,2,6,-1.1963675991723774
7,B,100,2,7,-1.3447933870534994
7,B,100,2,8,-1.3630874079137705
7,B,100,2,9,-1.3421049586193148
7,B,100,2,10,-1.673027452903027
7,B,100,2,11,-1.5047650613424006
7,B,100,2,12,-1.6294496875404605
7,B,100,2,13,-1.4605957744297744
7,B,100,2,14,-1.2715351225358065
7,B,100,2,15,-1.367944078336906
7,B,100,2,16,-1.3368982124414286
7,B,100,2,17,-1.4086584851103403
7,B,100,2,18,-1.3954052425295236
7,B,100,2,19,-1.2503678242655818
7,B,100,2,20,-1.6243073565453428
7,B,100,2,21,-1.5551956769108914
7,B,100,2,22,-1.7095128006561247
7,B,100,2,23,-1.6854663380547243
7,B,100,2,24,-1.5959268766303796
7,B,100,2,25,-1.6277510626110445
7,B,100,2,26,-1.4999149008985802
7,B,100,2,27,-1.4885720048420457
7,B,100,2,28,-1.6997951247455603
7,B,100,2,29,-1.3795985239819657
7,B,100,3,0,-0.9413134412501054
7,B,100,3,1,-0.4207288614205458
7,B,100,3,2,-0.475363355281427
7,B,100,3,3,-0.3100499249481339
7,B,100,3,4,-0.17247603203901263
7,B,100,3,5,-0.8194593070403188
7,B,100,3,6,-1.058974241745579
7,B,100,3,7,-0.7711010516673408
7,B,100,3,8,-0.7252914512793727
7,B,100,3,9,-1.4278448626245197
7,B,100,3,10,-0.5189680183362464
7,B,100,3,11,-0.9380285584532787
7,B,100,3,12,-0.8891374989959787
7,B,100,3,13,-0.36956233820082557
7,B,100,3,14,-0.9441746991540921
7,B,100,3,15,-0.3115257509553489
7,B,100,3,16,-0.999670451463856
7,B,100,3,17,-1.1360700437515665
7,B,100,3,18,-1.0143259610391095
7,B,100,3,19,-0.6276254307800107
7,B,100,3,20,-1.055121387204391
7,B,100,3,21,-0.41039060605462613
7,B,100,3,22,-0.7338502668443054
7,B,100,3,23,-0.6243092567838702
7,B,100,3,24,-0.7060379523395756
7,B,100,3,25,-0.47590916089973795
7,B,100,3,26,-0.9490014079311043
7,B,100,3,27,-0.4794769399523685
7,B,100,3,28,-1.2070523209759785
7,B,100,3,29,-0.5810016221607047
7,B,100,4,0,-0.2511294534836784
7,B,100,4,1,-0.08851174774604822
7,B,100,4,2,-0.30827682728112676
7,B,100,4,3,-0.11060034425136149
7,B,100,4,4,-0.27030215200134067
7,B,100,4,5,-0.49022607067698215
7,B,100,4,6,-0.07511074943848181
7,B,100,4,7,0.0005898885587116071
7,B,100,4,8,-0.15718840092185293
7,B,100,4,9,0.2870392986626924
7,B,100,4,10,0.22288676057891857
7,B,100,4,11,0.11727257993367661
7,B,100,4,12,-0.0830022190397356
7,B,100,4,13,0.15686696363079045
7,B,100,4,14,0.25938771860844695
7,B,100,4,15,0.39037318708483815
7,B,100,4,16,0.16260302952263428
7,B,100,4,17,0.19412907996752896
7,B,100,4,18,-0.15108725594825193
7,B,100,4,19,0.2598782168699273
7,B,100,4,20,0.22471329777697424
7,B,100,4,21,0.4643314117056883
7,B,100,4,22,0.31786125839510837
7,B,100,4,23,0.20216596382038934
7,B,100,4,24,0.19701140690808908
7,B,100,4,25,0.2546200033214058
7,B,100,4,26,0.3596430706901454
7,B,100,4,27,0.2873215882332989
7,B,100,4,28,-0.21459652808169025
7,B,100,4,29,0.44231317582569923
7,B,100,5,0,1.0358997308351723
7,B,100,5,1,0.900540501750889
7,B,100,5,2,1.1912524536473583
7,B,100,5,3,1.4775664048521586
7,B,100,5,4,0.5134387138875085
7,B,100,5,5,0.9208299446863917
7,B,100,5,6,0.51515937480939
7,B,100,5,7,1.5788209265895925
7,B,100,5,8,1.3519812232263615
7,B,100,5,9,0.3761536778886171
7,B,100,5,10,1.7903964341197098
7,B,100,5,11,1.068448574935153
7,B,100,5,12,1.862032757962222
7,B,100,5,13,1.9670515299321352
7,B,100,5,14,1.3024060750944384
7,B,100,5,15,1.8416593754367026
7,B,100,5,16,1.7686179937133275
7,B,100,5,17,1.6013609683906416
7,B,100,5,18,2.2744157711036546
7,B,100,5,19,2.179792562312045
7,B,100,5,20,1.4450523366003363
7,B,100,5,21,1.4119887863586953
7,B,100,5,22,1.7658438943783652
7,B,100,5,23,1.4436722836836415
7,B,100,5,24,2.2072059022582375
7,B,100,5,25,2.3383670010508215
7,B,100,5,26,1.9783145816265524
7,B,100,5,27,1.8579398096385933
7,B,100,5,28,0.30770136278267624
7,B,100,5,29,0.03309243138905947
7,B,100,6,0,0.1604149373273211
7,B,100,6,1,-0.07587704271030937
7,B,100,6,2,-0.7280435672257068
7,B,100,6,3,-0.14556003189748476
7,B,100,6,4,-0.6665195723215066
7,B,100,6,5,-0.18937326477300148
7,B,100,6,6,1.0710636699554001
7,B,100,6,7,1.438906092126779
7,B,100,6,8,0.0896420174852839
7,B,100,6,9,0.6705336521827574
7,B,100,6,10,0.04605876989914642
7,B,100,6,11,0.210015297380901
7,B,100,6,12,-0.1464953150341659
7,B,100,6,13,0.9586597680716576
7,B,100,6,14,1.4780193323793507
7,B,100,6,15,-0.8325924344085528
7,B,100,6,16,0.3507049690413934
7,B,100,6,17,0.9863631416152838
7,B,100,6,18,-0.3391486014098356
7,B,100,6,19,0.6776342952996928
7,B,100,6,20,-0.888442264989429
7,B,100,6,21,0.9109848703417304
7,B,100,6,22,-0.6175527846021023
7,B,100,6,23,-0.7140327428748853
7,B,100,6,24,0.18831452304456509
7,B,100,6,25,1.2884242313282341
7,B,100,6,26,0.4500497528447562
7,B,100,6,27,0.10347455374485635
7,B,100,6,28,0.29994087587924734
7,B,100,6,29,-0.5267102616901342
7,B,100,7,0,-2.717957017191529
7,B,100,7,1,-2.7078344907453533
7,B,100,7,2,-2.9105733414016473
7,B,100,7,3,-2.729131066144091
7,B,100,7,4,-2.9323227089703674
7,B,100,7,5,-2.788224366149103
7,B,100,7,6,-2.6136443226366377
7,B,100,7,7,-2.9108317997722586
7,B,100,7,8,-2.8028726133500963
7,B,100,7,9,-2.6193625208050357
7,B,100,7,10,-3.0189931903393807
7,B,100,7,11,-2.9916018844995014
7,B,100,7,12,-3.0620665223454835
7,B,100,7,13,-2.885731939393805
7,B,100,7,14,-2.759512508801579
7,B,100,7,15,-2.6114840889810647
7,B,100,7,16,-2.6877335149863764
7,B,100,7,17,-2.929547186605729
7,B,100,7,18,-2.838555964736591
7,B,100,7,19,-2.792488621386114
7,B,100,7,20,-2.962392583918417
7,B,100,7,21,-2.965106935609281
7,B,100,7,22,-3.1029882404908684
7,B,100,7,23,-2.754761543669595
7,B,100,7,24,-2.8780886695144243
7,B,100,7,25,-2.6820586930333854
7,B,100,7,26,-3.105739992444904
7,B,100,7,27,-3.047183516283719
7,B,100,7,28,-2.6433523007057342
7,B,100,7,29,-2.8160307287045234
7,B,100,8,0,-0.7810150298104181
7,B,100,8,1,-0.7697138512388796
7,B,100,8,2,-0.7567494565227834
7,B,100,8,3,-0.45203197701512504
7,B,100,8,4,-0.6821743380457131
7,B,100,8,5,-0.7475573197323312
7,B,100,8,6,-0.7581343727983861
7,B,100,8,7,-0.6845439686004752
7,B,100,8,8,-0.6394045010619752
7,B,100,8,9,-0.7892844885287909
7,B,100,8,10,-0.8217332062128587
7,B,100,8,11,-0.6547880905437424
7,B,100,8,12,-0.6579180778340371
7,B,100,8,13,-0.6692518142551556
7,B,100,8,14,-0.7061056288465516
7,B,100,8,15,-0.6392819922592676
7,B,100,8,16,-0.6635189858050312
7,B,100,8,17,-0.8927446988110513
7,B,100,8,18,-0.7172454726558326
7,B,100,8,19,-0.6012981661751168
7,B,100,8,20,-0.6582552432191447
7,B,100,8,21,-0.7271133153168627
7,B,100,8,22,-0.8545791416375317
7,B,100,8,23,-0.9487003787878822
7,B,100,8,24,-0.6764679080501727
7,B,100,8,25,-0.8817399229512425
7,B,100,8,26,-0.6787105128559779
7,B,100,8,27,-0.7172356049350279
7,B,100,8,28,-0.6860225203739606
7,B,100,8,29,-0.8045709503810144
7,B,100,9,0,-1.3586875367135494
7,B,100,9,1,-1.0992522740304707
7,B,100,9,2,-1.3096790022728892
7,B,100,9,3,-1.2857444774887252
7,B,100,9,4,-0.5459222845660954
7,B,100,9,5,-1.362698114575455
7,B,100,9,6,-1.5734965073221108
7,B,100,9,7,-0.9443083706584743
7,B,100,9,8,-0.8087670742596533
7,B,100,9,9,-0.9211027912051323
7,B,100,9,10,-1.3026647343598017
7,B,100,9,11,-0.6269750151341397
7,B,100,9,12,-0.3227928078258076
7,B,100,9,13,-0.9144130681219061
7,B,100,9,14,-1.3589878339708512
7,B,100,9,15,-1.3976863315161376
7,B,100,9,16,-1.5571450445214958
7,B,100,9,17,-0.8897145542957735
7,B,100,9,18,-0.7192507852410268
7,B,100,9,19,-0.5327356202469293
7,B,100,9,20,-1.0368535372669447
7,B,100,9,21,-0.7902844878460187
7,B,100,9,22,-0.9776253125100101
7,B,100,9,23,-1.5414355995890183
7,B,100,9,24,-0.8207428616687054
7,B,100,9,25,-1.5175519116011738
7,B,100,9,26,-1.5579458666558486
7,B,100,9,27,-1.076863187148846
7,B,100,9,28,-1.5077884076957917
7,B,100,9,29,-0.7692831939557275
8,A,0.05,0,0,0.9438982152458866
8,A,0.05,0,1,0.7365434324576416
8,A,0.05,0,2,0.9018100646929227
8,A,0.05,0,3,0.6711092130151559
8,A,0.05,0,4,0.6001028478889112
8,A,0.05,0,5,0.7702229139678051
8,A,0.05,0,6,0.5018070287499289
8,A,0.05,0,7,1.0562678874281557
8,A,0.05,0,8,1.114560526943818
8,A,0.05,0,9,0.43806108398260046
8,A,0.05,0,10,0.5688555758877909
8,A,0.05,0,11,1.1090765967276364
8,A,0.05,0,12,1.0161624790317383
8,A,0.05,0,13,1.2376520947078964
8,A,0.05,0,14,0.7964638347203838
8,A,0.05,0,15,1.171601869105863
8,A,0.05,0,16,1.097938586137384
8,A,0.05,0,17,1.008544393617979
8,A,0.05,0,18,0.8745391221850066
8,A,0.05,0,19,0.45413179592632
8,A,0.05,0,20,0.43278976612239844
8,A,0.05,0,21,0.7457379457712804
8,A,0.05,0,22,0.868362785460855
8,A,0.05,0,23,1.055118555597675
8,A,0.05,0,24,0.9120000762211755
8,A,0.05,0,25,0.6739474074099491
8,A,0.05,0,26,0.9731617537778956
8,A,0.05,0,27,0.6947717997752526
8,A,0.05,0,28,0.7655512642970861
8,A,0.05,0,29,1.1293074949137727
8,A,0.05,1,0,0.3571919996717834
8,A,0.05,1,1,0.6961850140166796
8,A,0.05,1,2,0.6002531955348429
8,A,0.05,1,3,0.5427916107960987
8,A,0.05,1,4,0.5535288334325451
8,A,0.05,1,5,0.16903488713768286
8,A,0.05,1,6,0.7938712380732054
8,A,0.05,1,7,0.6243150457221555
8,A,0.05,1,8,0.261489873043114
8,A,0.05,1,9,0.7052883490651358
8,A,0.05,1,10,0.7373261428362655
8,A,0.05,1,11,0.3482146448199811
8,A,0.05,1,12,0.2666094521237215
8,A,0.05,1,13,0.5674225756604621
8,A,0.05,1,14,0.35645099645903405
8,A,0.05,1,15,0.5780901959531483
8,A,0.05,1,16,0.21900434106587127
8,A,0.05,1,17,0.4101643104230905
8,A,0.05,1,18,0.49059607177176623
8,A,0.05,1,19,0.5697705346127867
8,A,0.05,1,20,0.46524599823113977
8,A,0.05,1,21,0.5406019985205714
8,A,0.05,1,22,0.5347343170082478
8,A,0.05,1,23,0.4861697880270172
8,A,0.05,1,24,0.5935563740362572
8,A,0.05,1,25,0.6072884628496679
8,A,0.05,1,26,0.34889773832977944
8,A,0.05,1,27,0.16902044925680582
8,A,0.05,1,28,0.20588598062697153
8,A,0.05,1,29,0.41337592431616316
8,A,0.05,2,0,1.8951943796284216
8,A,0.05,2,1,1.258073044126604
8,A,0.05,2,2,1.3417667991508488
8,A,0.05,2,3,1.7533356679431167
8,A,0.05,2,4,1.394326828069086
8,A,0.05,2,5,1.7338629670087617
8,A,0.05,2,6,1.3436500636460558
8,A,0.05,2,7,1.8358752915976138
8,A,0.05,2,8,1.790889220112474
8,A,0.05,2,9,1.6145604724645617
8,A,0.05,2,10,1.7531207953842731
8,A,0.05,2,11,1.8597707183930712
8,A,0.05,2,12,1.8320026747548173
8,A,0.05,2,13,1.2436893096878998
8,A,0.05,2,14,1.4279144974155114
8,A,0.05,2,15,1.373033033849064
8,A,0.05,2,16,1.5311116428521048
8,A,0.05,2,17,1.814507611639973
8,A,0.05,2,18,1.3974270563009694
8,A,0.05,2,19,1.3297748883529072
8,A,0.05,2,20,1.4405762186817546
8,A,0.05,2,21,1.4075117159328974
8,A,0.05,2,22,1.5338422034697066
8,A,0.05,2,23,1.3853843656597493
8,A,0.05,2,24,1.2895564083656696
8,A,0.05,2,25,1.3343386453009716
8,A,0.05,2,26,1.1679100023271645
8,A,0.05,2,27,1.3863817765190347
8,A,0.05,2,28,1.2159925897603816
8,A,0.05,2,29,1.3897548194787726
8,A,0.05,3,0,-0.865319992468304
8,A,0.05,3,1,-0.4295351987439582
8,A,0.05,3,2,-0.3342554871723967
8,A,0.05,3,3,-0.542593674737894
8,A,0.05,3,4,-0.6507656563872312
8,A,0.05,3,5,-0.9621562041432662
8,A,0.05,3,6,-0.9331837832831968
8,A,0.05,3,7,-0.2584781890210433
8,A,0.05,3,8,-0.9935683057791351
8,A,0.05,3,9,-0.7049720032138742
8,A,0.05,3,10,-0.6752425420489616
8,A,0.05,3,11,-0.7371480365736459
8,A,0.05,3,12,-0.600837385849957
8,A,0.05,3,13,-0.9509683317696555
8,A,0.05,3,14,-1.037757233645173
8,A,0.05,3,15,-0.5837180759033815
8,A,0.05,3,16,-1.1188702005947389
8,A,0.05,3,17,-1.1994307369652937
8,A,0.05,3,18,-0.7373382689600778
8,A,0.05,3,19,-0.6151027900785229
8,A,0.05,3,20,-0.9164081171086063
8,A,0.05,3,21,-0.9304114728266686
8,A,0.05,3,22,-0.8236146183815204
8,A,0.05,3,23,-0.5203188113137058
8,A,0.05,3,24,-0.6199218404121817
8,A,0.05,3,25,-0.7392456180697052
8,A,0.05,3,26,-0.7552785114983224
8,A,0.05,3,27,-0.9285777423247034
8,A,0.05,3,28,-0.5140713223090934
8,A,0.05,3,29,-0.5360934698785482
8,A,0.05,4,0,-2.9424490630368294
8,A,0.05,4,1,-2.6430826904237525
8,A,0.05,4,2,-2.7385588085132633
8,A,0.05,4,3,-3.2577526410718
8,A,0.05,4,4,-3.2571266929344698
8,A,0.05,4,5,-3.3272575640364033
8,A,0.05,4,6,-3.6566728416583363
8,A,0.05,4,7,-2.876660705118444
8,A,0.05,4,8,-2.7190937942069326
8,A,0.05,4,9,-2.8765334331316903
8,A,0.05,4,10,-2.7534412321004855
8,A,0.05,4,11,-2.5824483390069077
8,A,0.05,4,12,-2.870223317263536
8,A,0.05,4,13,-2.5671956238659046
8,A,0.05,4,14,-3.38456696748073
8,A,0.05,4,15,-3.587225174933438
8,A,0.05,4,16,-2.8254309574083982
8,A,0.05,4,17,-2.6235051050178146
8,A,0.05,4,18,-2.936032967223661
8,A,0.05,4,19,-2.554025925258592
8,A,0.05,4,20,-2.566230707782998
8,A,0.05,4,21,-2.808291296391149
8,A,0.05,4,22,-2.7985135582164706
8,A,0.05,4,23,-2.7198200607498833
8,A,0.05,4,24,-3.818614711077692
8,A,0.05,4,25,-2.790191174514277
8,A,0.05,4,26,-2.999772569954922
8,A,0.05,4,27,-2.5198538211722306
8,A,0.05,4,28,-2.8864578012829885
8,A,0.05,4,29,-2.788500407923122
8,A,0.05,5,0,-0.6142280333954049
8,A,0.05,5,1,-0.29660951721707135
8,A,0.05,5,2,-0.3704955268256199
8,A,0.05,5,3,-2.7232374041677456
8,A,0.05,5,4,-0.19679783240397303
8,A,0.05,5,5,-0.41679269717169976
8,A,0.05,5,6,-1.7660877065906093
8,A,0.05,5,7,-0.6488981423100438
8,A,0.05,5,8,-0.46391806774676103
8,A,0.05,5,9,-0.9638952046265861
8,A,0.05,5,10,-0.4735789589674512
8,A,0.05,5,11,-0.5637134590915326
8,A,0.05,5,12,-0.5359212398627005
8,A,0.05,5,13,-0.09896346202904856
8,A,0.05,5,14,-0.8165200908526581
8,A,0.05,5,15,-0.9194842170382441
8,A,0.05,5,16,0.22342809020655593
8,A,0.05,5,17,0.019433226524152816
8,A,0.05,5,18,-0.07178481486665537
8,A,0.05,5,19,-0.5091166874675084
8,A,0.05,5,20,-0.1079089532667713
8,A,0.05,5,21,-0.21880557087260172
8,A,0.05,5,22,-0.21136658178712986
8,A,0.05,5,23,-0.5599343809441538
8,A,0.05,5,24,-0.22001430015507817
8,A,0.05,5,25,-0.41473236020357745
8,A,0.05,5,26,-0.6966900670259761
8,A,0.05,5,27,-0.29686830389883684
8,A,0.05,5,28,-0.1443298896413785
8,A,0.05,5,29,0.029178840476953308
8,A,0.05,6,0,0.9132156713618361
8,A,0.05,6,1,1.2696256331565692
8,A,0.05,6,2,1.0459480726357875
8,A,0.05,6,3,1.2162692132595356
8,A,0.05,6,4,1.238299819692502
8,A,0.05,6,5,1.394973379370779
8,A,0.05,6,6,1.218573798482955
8,A,0.05,6,7,1.665293804400368
8,A,0.05,6,8,1.844593800292562
8,A,0.05,6,9,1.708698121359941
8,A,0.05,6,10,0.4501345857917025
8,A,0.05,6,11,0.2875072875837696
8,A,0.05,6,12,1.1804968049838773
8,A,0.05,6,13,1.4385779383729025
8,A,0.05,6,14,1.4723198696619582
8,A,0.05,6,15,0.962556593098305
8,A,0.05,6,16,1.1110339774498452
8,A,0.05,6,17,1.2274686979812468
8,A,0.05,6,18,1.4580819224151995
8,A,0.05,6,19,1.4594568084019208
8,A,0.05,6,20,1.1174523533749607
8,A,0.05,6,21,1.2422718201507652
8,A,0.05,6,22,1.310218202463414
8,A,0.05,6,23,1.4335339791655102
8,A,0.05,6,24,1.5889816807873214
8,A,0.05,6,25,1.022716614419872
8,A,0.05,6,26,0.3352397281345603
8,A,0.05,6,27,1.604959816343088
8,A,0.05,6,28,1.3767618602171254
8,A,0.05,6,29,1.5420087522888355
8,A,0.05,7,0,-0.8393926195432714
8,A,0.05,7,1,-1.5125848023585482
8,A,0.05,7,2,0.7393252444643682
8,A,0.05,7,3,-1.322607067477679
8,A,0.05,7,4,-1.0282668182635448
8,A,0.05,7,5,-1.202554424293372
8,A,0.05,7,6,-1.0517191924657505
8,A,0.05,7,7,-1.1189561572315492
8,A,0.05,7,8,-1.659325983660725
8,A,0.05,7,9,-1.144982930477693
8,A,0.05,7,10,-1.3478158717783308
8,A,0.05,7,11,-1.0318119863452269
8,A,0.05,7,12,-0.9638018980150035
8,A,0.05,7,13,-0.8639171471934337
8,A,0.05,7,14,-1.1180557747350544
8,A,0.05,7,15,-1.5931660034394766
8,A,0.05,7,16,-0.7013143857068277
8,A,0.05,7,17,-1.2536291643244557
8,A,0.05,7,18,-1.5375057276759125
8,A,0.05,7,19,-1.1907503417562915
8,A,0.05,7,20,-0.6919489565005569
8,A,0.05,7,21,-1.1655793560400252
8,A,0.05,7,22,-0.9726097693269596
8,A,0.05,7,23,-1.0834854137249046
8,A,0.05,7,24,-1.3132833045592889
8,A,0.05,7,25,-1.099767332330289
8,A,0.05,7,26,-1.0772752347986547
8,A,0.05,7,27,-1.2271353526638444
8,A,0.05,7,28,-1.2693985302306758
8,A,0.05,7,29,-1.657159277569605
8,A,0.05,8,0,0.08828386464653452
8,A,0.05,8,1,0.08514299275198467
8,A,0.05,8,2,0.08008800454902305
8,A,0.05,8,3,0.05922326107636638
8,A,0.05,8,4,0.05145468208596768
8,A,0.05,8,5,0.08478152842979432
8,A,0.05,8,6,0.13252536738677115
8,A,0.05,8,7,0.09952063824665386
8,A,0.05,8,8,0.12299726978898218
8,A,0.05,8,9,0.06984761997266788
8,A,0.05,8,10,0.10486089234507957
8,A,0.05,8,11,0.08892203804150631
8,A,0.05,8,12,0.11068693148277468
8,A,0.05,8,13,0.09056995291556821
8,A,0.05,8,14,0.11507684145223931
8,A,0.05,8,15,0.07671401757087948
8,A,0.05,8,16,0.1133670228843575
8,A,0.05,8,17,0.0690186319897284
8,A,0.05,8,18,0.11222228825893452
8,A,0.05,8,19,0.17925446603673653
8,A,0.05,8,20,0.16728385345047178
8,A,0.05,8,21,0.2522714394808036
8,A,0.05,8,22,0.13784337687458662
8,A,0.05,8,23,0.2641374340148411
8,A,0.05,8,24,0.15039298009488955
8,A,0.05,8,25,0.1527307661974466
8,A,0.05,8,26,0.06326170123726599
8,A,0.05,8,27,0.09805982474088813
8,A,0.05,8,28,0.17716509336570982
8,A,0.05,8,29,0.03181401634640109
8,A,0.05,9,0,-0.06695311810744489
8,A,0.05,9,1,-0.9747599675201931
8,A,0.05,9,2,0.19180506844732206
8,A,0.05,9,3,-0.7057456786246421
8,A,0.05,9,4,0.07732813981044588
8,A,0.05,9,5,0.15979483637827577
8,A,0.05,9,6,0.34416128401193113
8,A,0.05,9,7,-0.5642608080996429
8,A,0.05,9,8,-0.44867517609958835
8,A,0.05,9,9,-1.0456431474370025
8,A,0.05,9,10,0.24558465342551067
8,A,0.05,9,11,-0.6538277631590558
8,A,0.05,9,12,0.06347833697903967
8,A,0.05,9,13,-0.03646555440170695
8,A,0.05,9,14,0.009532687680348631
8,A,0.05,9,15,0.40657004733873997
8,A,0.05,9,16,-0.18477120803302632
8,A,0.05,9,17,0.14373669763766697
8,A,0.05,9,18,-0.7755307536056577
8,A,0.05,9,19,0.037684312073406834
8,A,0.05,9,20,0.055200140110033526
8,A,0.05,9,21,-0.6730774293177382
8,A,0.05,9,22,-0.07693011895927125
8,A,0.05,9,23,-1.2459803729008263
8,A,0.05,9,24,0.3669994989081768
8,A,0.05,9,25,-1.1106308163778584
8,A,0.05,9,26,0.07454759962213989
8,A,0.05,9,27,0.37596747469822167
8,A,0.05,9,28,-0.5315750528139987
8,A,0.05,9,29,0.2861647340377658
8,B,100,0,0,4.262779089081023
8,B,100,0,1,3.7362917817714947
8,B,100,0,2,3.703018133164724
8,B,100,0,3,3.5189978574183582
8,B,100,0,4,3.6443977664678995
8,B,100,0,5,3.612286913000685
8,B,100,0,6,3.1804405443253336
8,B,100,0,7,3.7849869349987375
8,B,100,0,8,3.427266217699757
8,B,100,0,9,3.264775734298094
8,B,100,0,10,3.209901002087603
8,B,100,0,11,3.2509033495919546
8,B,100,0,12,3.5941079117328107
8,B,100,0,13,3.603294435899628
8,B,100,0,14,3.511661060068345
8,B,100,0,15,3.8233004615586275
8,B,100,0,16,3.4646028183162483
8,B,100,0,17,3.076436776465631
8,B,100,0,18,2.7801182731744802
8,B,100,0,19,3.7348352454872824
8,B,100,0,20,3.3135817879775273
8,B,100,0,21,3.7428137162457054
8,B,100,0,22,3.8591800249882295
8,B,100,0,23,3.896785447709368
8,B,100,0,24,3.5566295645550268
8,B,100,0,25,3.4393917638314537
8,B,100,0,26,3.179636103785041
8,B,100,0,27,3.954281394844953
8,B,100,0,28,3.2109666688716723
8,B,100,0,29,3.3592645634528044
8,B,100,1,0,-0.7548985307725574
8,B,100,1,1,-0.6699119253512019
8,B,100,1,2,-0.6151216390430473
8,B,100,1,3,-0.9526594654208063
8,B,100,1,4,-0.9984406778466031
8,B,100,1,5,-1.060565332455385
8,B,100,1,6,-0.8749291801374229
8,B,100,1,7,-0.7139382250609856
8,B,100,1,8,-0.806592722772716
8,B,100,1,9,-0.7871141630836083
8,B,100,1,10,-0.7527952207827159
8,B,100,1,11,-0.8660515746606977
8,B,100,1,12,-0.798418884316099
8,B,100,1,13,-0.6913647829449706
8,B,100,1,14,-0.8142804477827069
8,B,100,1,15,-0.5758717007780282
8,B,100,1,16,-0.9282732304380645
8,B,100,1,17,-0.9280232683170089
8,B,100,1,18,-0.6617007693413054
8,B,100,1,19,-1.0622567116090573
8,B,100,1,20,-0.6649908610252506
8,B,100,1,21,-0.8742032657755481
8,B,100,1,22,-0.864047775739595
8,B,100,1,23,-0.9267544625494732
8,B,100,1,24,-0.6551127030252225
8,B,100,1,25,-0.31118197904908984
8,B,100,1,26,-0.47386017974824013
8,B,100,1,27,-0.30165036846393256
8,B,100,1,28,-0.5827355922916903
8,B,100,1,29,-1.1478506923577474
8,B,100,2,0,-0.5047997791669488
8,B,100,2,1,-0.9297691896741084
8,B,100,2,2,-0.5446812181323645
8,B,100,2,3,-0.6564305987207733
8,B,100,2,4,-0.5317271573056489
8,B,100,2,5,0.03386679722555495
8,B,100,2,6,-1.1007251860923752
8,B,100,2,7,0.010772698368670286
8,B,100,2,8,-0.4108242713071124
8,B,100,2,9,-0.7846788261283665
8,B,100,2,10,-0.92731456978007
8,B,100,2,11,-0.2824671152858765
8,B,100,2,12,-0.22729116137477368
8,B,100,2,13,-0.8549163814463934
8,B,100,2,14,-0.44234471005987186
8,B,100,2,15,-0.3885419052801185
8,B,100,2,16,-1.4331910358166755
8,B,100,2,17,-1.3571461530106752
8,B,100,2,18,-0.7307911551073709
8,B,100,2,19,-0.907523628820723
8,B,100,2,20,-1.2755867870456197
8,B,100,2,21,-0.6011869922490002
8,B,100,2,22,-0.7116375828328669
8,B,100,2,23,-0.24204691484260235
8,B,100,2,24,-0.9109314456786054
8,B,100,2,25,-0.271955484861416
8,B,100,2,26,-0.6941804273649204
8,B,100,2,27,0.3655168972246328
8,B,100,2,28,-0.7896911160066403
8,B,100,2,29,-0.6678453563136686
8,B,100,3,0,-0.052308360214752304
8,B,100,3,1,-0.04852068636522172
8,B,100,3,2,0.022436127906066975
8,B,100,3,3,-0.07390261864622895
8,B,100,3,4,0.027402487764907855
8,B,100,3,5,-0.048147848713542774
8,B,100,3,6,0.10629788454729651
8,B,100,3,7,0.07457312975650021
8,B,100,3,8,0.09177640933494526
8,B,100,3,9,0.16017482465515298
8,B,100,3,10,0.16552612515979565
8,B,100,3,11,-0.013632330032008685
8,B,100,3,12,0.166809895597247
8,B,100,3,13,0.17356664876261066
8,B,100,3,14,0.16886759931986484
8,B,100,3,15,0.1380038973291723
8,B,100,3,16,0.18513083057080776
8,B,100,3,17,0.13970068018418183
8,B,100,3,18,0.16665949496138419
8,B,100,3,19,0.11076578275915414
8,B,100,3,20,0.1338107218426952
8,B,100,3,21,0.1873209088861231
8,B,100,3,22,0.13462106618925093
8,B,100,3,23,0.061497699026486254
8,B,100,3,24,0.052730810290039
8,B,100,3,25,-0.09244306227966936
8,B,100,3,26,0.17645401961652352
8,B,100,3,27,0.12324577345285805
8,B,100,3,28,0.17270264372385322
8,B,100,3,29,0.34500265475597514
8,B,100,4,0,1.983749035069568
8,B,100,4,1,1.1561506160062758
8,B,100,4,2,1.3230396227607222
8,B,100,4,3,1.8448423426055394
8,B,100,4,4,1.375751810801803
8,B,100,4,5,1.6099136308836315
8,B,100,4,6,1.9186212196600712
8,B,100,4,7,1.3888074304514866
8,B,100,4,8,1.930926062540497
8,B,100,4,9,1.716062527278495
8,B,100,4,10,1.802972380685787
8,B,100,4,11,1.6334089308948303
8,B,100,4,12,1.3478417682944892
8,B,100,4,13,1.880413137288428
8,B,100,4,14,1.7834128517803338
8,B,100,4,15,1.5936240490509679
8,B,100,4,16,1.7914535438764065
8,B,100,4,17,0.986026825972212
8,B,100,4,18,1.628431464196092
8,B,100,4,19,1.1260224134736103
8,B,100,4,20,1.8783278942355413
8,B,100,4,21,1.3749201143444358
8,B,100,4,22,1.5843535772526058
8,B,100,4,23,1.6285818232212106
8,B,100,4,24,1.611961351765473
8,B,100,4,25,1.470848970494419
8,B,100,4,26,1.6653581114367975
8,B,100,4,27,1.7798926345900297
8,B,100,4,28,1.5459907414449552
8,B,100,4,29,1.3715165935186306
8,B,100,5,0,-1.2325238710270978
8,B,100,5,1,-1.2547775774609022
8,B,100,5,2,-1.0935584188658682
8,B,100,5,3,-1.071160209169677
8,B,100,5,4,-0.8001545694428795
8,B,100,5,5,-1.08724536992714
8,B,100,5,6,-0.3803524624693055
8,B,100,5,7,-1.1846265794468622
8,B,100,5,8,-1.0087381055224414
8,B,100,5,9,-1.075559015595673
8,B,100,5,10,-1.4128602962568355
8,B,100,5,11,-1.4058758458921181
8,B,100,5,12,-1.2165085083598088
8,B,100,5,13,-0.9791298226948143
8,B,100,5,14,-0.8034805846116677
8,B,100,5,15,-0.8878340506266242
8,B,100,5,16,-0.8723468425743827
8,B,100,5,17,-0.9268162918062899
8,B,100,5,18,-0.9823263024674582
8,B,100,5,19,-1.0782070989685075
8,B,100,5,20,-0.7260355499567367
8,B,100,5,21,-0.3917708813673047
8,B,100,5,22,-0.49394137455741605
8,B,100,5,23,-0.939416538299879
8,B,100,5,24,-1.2914335251225448
8,B,100,5,25,-0.6386455064438619
8,B,100,5,26,-1.1577769014186023
8,B,100,5,27,-1.2584595487494141
8,B,100,5,28,-1.4290281913456815
8,B,100,5,29,-1.153412588329858
8,B,100,6,0,-0.11204388127190397
8,B,100,6,1,-0.1123587866905265
8,B,100,6,2,-0.1811711013406313
8,B,100,6,3,0.17243209135753831
8,B,100,6,4,0.037151238471303694
8,B,100,6,5,-0.11782557171302055
8,B,100,6,6,0.3676161780404654
8,B,100,6,7,0.3628368982942794
8,B,100,6,8,0.268423092700933
8,B,100,6,9,0.37566407655252976
8,B,100,6,10,0.6573967089488988
8,B,100,6,11,0.15249124429705418
8,B,100,6,12,0.45529486174398154
8,B,100,6,13,0.4341449062342018
8,B,100,6,14,0.21623751432655544
8,B,100,6,15,0.12631206268530934
8,B,100,6,16,0.22958269377239374
8,B,100,6,17,0.5755397177450374
8,B,100,6,18,0.3016361316774712
8,B,100,6,19,-0.08955397765228078
8,B,100,6,20,0.35981965917425746
8,B,100,6,21,0.0320976536715681
8,B,100,6,22,-0.08796842951345175
8,B,100,6,23,0.10247112984871432
8,B,100,6,24,0.0022398493156632017
8,B,100,6,25,0.23978949831972565
8,B,100,6,26,0.5874558228154632
8,B,100,6,27,0.1955109662892629
8,B,100,6,28,0.0909905272951973
8,B,100,6,29,0.23183004584265116
8,B,100,7,0,-0.13260738626676538
8,B,100,7,1,-0.16742997958920044
8,B,100,7,2,-0.05344626145376736
8,B,100,7,3,-0.29644311840853305
8,B,100,7,4,0.030706891995012264
8,B,100,7,5,-0.11197376882729415
8,B,100,7,6,-0.1372342691065776
8,B,100,7,7,-0.021498991148301783
8,B,100,7,8,-0.1588477820006868
8,B,100,7,9,-0.10178680163482368
8,B,100,7,10,0.03026913568046234
8,B,100,7,11,-0.11519325391830351
8,B,100,7,12,-0.16895971673802795
8,B,100,7,13,-0.12618655387867628
8,B,100,7,14,-0.2206620901449988
8,B,100,7,15,-0.17300622239787447
8,B,100,7,16,-0.2692141950263486
8,B,100,7,17,0.06197996518621251
8,B,100,7,18,-0.17149590168109502
8,B,100,7,19,-0.42588540120217394
8,B,100,7,20,-0.20251567439411336
8,B,100,7,21,-0.39119706228710954
8,B,100,7,22,-0.1293342705971303
8,B,100,7,23,-0.15327475061211615
8,B,100,7,24,-0.18916073106387277
8,B,100,7,25,-0.28812960921038344
8,B,100,7,26,-0.010631162454051905
8,B,100,7,27,-0.13638294197784723
8,B,100,7,28,-0.08398563860240174
8,B,100,7,29,-0.18813588901873357
8,B,100,8,0,1.4214845424426643
8,B,100,8,1,1.9993509111143926
8,B,100,8,2,1.445000934392172
8,B,100,8,3,1.6681042999981226
8,B,100,8,4,1.4424217430308663
8,B,100,8,5,1.551215113413589
8,B,100,8,6,1.704011670433928
8,B,100,8,7,1.3283206475411447
8,B,100,8,8,1.5542745782609386
8,B,100,8,9,1.3143887474155835
8,B,100,8,10,1.6823833089532978
8,B,100,8,11,1.3893425489710982
8,B,100,8,12,1.2098542041903138
8,B,100,8,13,1.1841204285442066
8,B,100,8,14,1.6971084768337135
8,B,100,8,15,1.5438979717592352
8,B,100,8,16,1.4123924324715709
8,B,100,8,17,1.4573646328065375
8,B,100,8,18,1.7379527222365916
8,B,100,8,19,1.5898763632889592
8,B,100,8,20,1.5763932873322812
8,B,100,8,21,1.2676977409539358
8,B,100,8,22,1.2861124288699166
8,B,100,8,23,1.6064543187862783
8,B,100,8,24,1.4984606004685763
8,B,100,8,25,1.366316314578008
8,B,100,8,26,1.594794528735496
8,B,100,8,27,1.4902398090832174
8,B,100,8,28,1.145390792034066
8,B,100,8,29,1.2895678658421246
8,B,100,9,0,-2.43162004269365
8,B,100,9,1,-1.2654198189661114
8,B,100,9,2,-1.6591763890851674
8,B,100,9,3,-1.349384052157329
8,B,100,9,4,-1.7961128677110285
8,B,100,9,5,-2.4531239334222055
8,B,100,9,6,-0.9706413964396086
8,B,100,9,7,-0.8252830437146543
8,B,100,9,8,-1.572306673408228
8,B,100,9,9,-0.8272408847605188
8,B,100,9,10,-1.226025783878372
8,B,100,9,11,-3.679249379096082
8,B,100,9,12,-2.6211977390833496
8,B,100,9,13,-1.738300164791764
8,B,100,9,14,-2.0175019569631627
8,B,100,9,15,-3.125930389848849
8,B,100,9,16,-1.4805012937201614
8,B,100,9,17,-1.6136213453216943
8,B,100,9,18,-1.4826103137965954
8,B,100,9,19,-2.186113603504517
8,B,100,9,20,-1.873046072301842
8,B,100,9,21,-2.457333807211843
8,B,100,9,22,-2.2733308459369024
8,B,100,9,23,-3.260495662898477
8,B,100,9,24,-2.5073285224274025
8,B,100,9,25,-1.0990084444412582
8,B,100,9,26,-2.478501332674297
8,B,100,9,27,-2.7377051103135104
8,B,100,9,28,-1.466771944685775
8,B,100,9,29,-1.4518229221883339
9,A,0.05,0,0,-1.7688336803379006
9,A,0.05,0,1,-1.3820791851229903
9,A,0.05,0,2,-1.4797978230093227
9,A,0.05,0,3,-1.04941733148224
9,A,0.05,0,4,-1.1779743257350688
9,A,0.05,0,5,-0.9552264378874173
9,A,0.05,0,6,-1.303524960336211
9,A,0.05,0,7,-1.3915130890498217
9,A,0.05,0,8,-1.4399029866956135
9,A,0.05,0,9,-1.250480327759745
9,A,0.05,0,10,-1.47915318171384
9,A,0.05,0,11,-1.3844126364341682
9,A,0.05,0,12,-1.3782460399322378
9,A,0.05,0,13,-1.056372899286478
9,A,0.05,0,14,-1.2846273630367149
9,A,0.05,0,15,-0.9421728210683322
9,A,0.05,0,16,-0.7491465091726667
9,A,0.05,0,17,-0.521105306987104
9,A,0.05,0,18,-0.805120535295263
9,A,0.05,0,19,-0.4825755358097267
9,A,0.05,0,20,-0.6400938325123673
9,A,0.05,0,21,-0.3502832584431511
9,A,0.05,0,22,0.03065021360472464
9,A,0.05,0,23,-0.031449769181194104
9,A,0.05,0,24,-0.6979613196967938
9,A,0.05,0,25,-0.2888134637233658
9,A,0.05,0,26,-1.400437851928035
9,A,0.05,0,27,-0.35465587674925675
9,A,0.05,0,28,-1.5935785359748218
9,A,0.05,0,29,-0.2517809661207805
9,A,0.05,1,0,0.13920786795726112
9,A,0.05,1,1,0.07753222159800341
9,A,0.05,1,2,0.13877391584655305
9,A,0.05,1,3,0.12040579047637469
9,A,0.05,1,4,0.1710961344501391
9,A,0.05,1,5,0.2166822734296634
9,A,0.05,1,6,0.11698320762321512
9,A,0.05,1,7,0.0783602575047753
9,A,0.05,1,8,0.15869115219176166
9,A,0.05,1,9,0.1893789024270253
9,A,0.05,1,10,0.034305889846180715
9,A,0.05,1,11,0.03493082847452024
9,A,0.05,1,12,0.19582233331359122
9,A,0.05,1,13,0.14616761644824214
9,A,0.05,1,14,0.2065014204570441
9,A,0.05,1,15,0.07862272202296276
9,A,0.05,1,16,-0.15295323686220522
9,A,0.05,1,17,0.2402958325608
9,A,0.05,1,18,0.11835238384471852
9,A,0.05,1,19,0.004046238781458634
9,A,0.05,1,20,-0.21112925753581163
9,A,0.05,1,21,0.11664189360518518
9,A,0.05,1,22,0.10204758912241865
9,A,0.05,1,23,0.20837370255827878
9,A,0.05,1,24,0.11084921710847014
9,A,0.05,1,25,0.19405341872772827
9,A,0.05,1,26,0.2579078932175394
9,A,0.05,1,27,-0.040248910881716574
9,A,0.05,1,28,0.2336177955112865
9,A,0.05,1,29,0.21772855816597894
9,A,0.05,2,0,-1.0713186926092937
9,A,0.05,2,1,-0.8586965803858464
9,A,0.05,2,2,-1.360909962876309
9,A,0.05,2,3,-0.664541021101848
9,A,0.05,2,4,-1.4864054935401756
9,A,0.05,2,5,-1.3927387977732115
9,A,0.05,2,6,-2.2444893476055348
9,A,0.05,2,7,-1.9883341586044712
9,A,0.05,2,8,-1.59433474432264
9,A,0.05,2,9,-1.5844567062838724
9,A,0.05,2,10,-1.999749508919091
9,A,0.05,2,11,-1.993044823146679
9,A,0.05,2,12,-1.5485600565646849
9,A,0.05,2,13,-0.8355820709302739
9,A,0.05,2,14,-1.2510875690080692
9,A,0.05,2,15,-0.7755947706053219
9,A,0.05,2,16,-1.4437345901161287
9,A,0.05,2,17,-1.1654176004698933
9,A,0.05,2,18,-0.996625771238379
9,A,0.05,2,19,-0.22650755733939074
9,A,0.05,2,20,-1.7745839675081414
9,A,0.05,2,21,0.10116569923086756
9,A,0.05,2,22,-0.3460198472042814
9,A,0.05,2,23,-0.5690996205512294
9,A,0.05,2,24,-1.5852370458664573
9,A,0.05,2,25,-0.8383773231339446
9,A,0.05,2,26,-1.5347684014732639
9,A,0.05,2,27,-2.2336140088216077
9,A,0.05,2,28,-0.9372896569878517
9,A,0.05,2,29,-0.6240349997178601
9,A,0.05,3,0,0.3590469009767426
9,A,0.05,3,1,0.44813332886708596
9,A,0.05,3,2,0.4282911086861904
9,A,0.05,3,3,0.702161614834381
9,A,0.05,3,4,0.6868547846695932
9,A,0.05,3,5,0.6067526302643805
9,A,0.05,3,6,0.07390226300588075
9,A,0.05,3,7,0.26838666060389
9,A,0.05,3,8,-0.03753237235080724
9,A,0.05,3,9,0.1669892728822894
9,A,0.05,3,10,0.6097469148950273
9,A,0.05,3,11,-0.10679572126243304
9,A,0.05,3,12,0.24349283658526158
9,A,0.05,3,13,0.1944192922885072
9,A,0.05,3,14,-0.012794707665045887
9,A,0.05,3,15,0.3264054535433036
9,A,0.05,3,16,0.42456790627226293
9,A,0.05,3,17,0.4528125095755176
9,A,0.05,3,18,0.43352123949894567
9,A,0.05,3,19,0.6461731689780058
9,A,0.05,3,20,0.3568509617427425
9,A,0.05,3,21,0.5527732146657853
9,A,0.05,3,22,0.23317216339317623
9,A,0.05,3,23,0.08291021829375228
9,A,0.05,3,24,0.1361081299481539
9,A,0.05,3,25,-0.16001948141732772
9,A,0.05,3,26,0.6831642016199271
9,A,0.05,3,27,0.37277590384763365
9,A,0.05,3,28,0.11947419969779935
9,A,0.05,3,29,0.12510798729960548
9,A,0.05,4,0,0.8013750924712179
9,A,0.05,4,1,0.6817612702005605
9,A,0.05,4,2,0.5504687605621339
9,A,0.05,4,3,0.6136609850982244
9,A,0.05,4,4,0.6867614438025365
9,A,0.05,4,5,0.16516333046909648
9,A,0.05,4,6,0.6216914321961632
9,A,0.05,4,7,0.8929057918700345
9,A,0.05,4,8,0.839201197034246
9,A,0.05,4,9,0.26900214655705273
9,A,0.05,4,10,0.6937656997926329
9,A,0.05,4,11,0.43075491998032345
9,A,0.05,4,12,1.4852010840028131
9,A,0.05,4,13,0.4251922711355963
9,A,0.05,4,14,0.7962902742475791
9,A,0.05,4,15,0.9085147531375075
9,A,0.05,4,16,-0.16967844901575688
9,A,0.05,4,17,0.53963733880484
9,A,0.05,4,18,0.3108161658758733
9,A,0.05,4,19,1.0993960317276996
9,A,0.05,4,20,1.0218050579112652
9,A,0.05,4,21,1.0283389661222473
9,A,0.05,4,22,0.3309829224950358
9,A,0.05,4,23,0.9780986760068712
9,A,0.05,4,24,0.6092910771220134
9,A,0.05,4,25,0.5150595318005411
9,A,0.05,4,26,1.1353758643452971
9,A,0.05,4,27,0.18048675181875165
9,A,0.05,4,28,0.7055808028972248
9,A,0.05,4,29,0.6612898129618447
9,A,0.05,5,0,0.35813638413546756
9,A,0.05,5,1,0.5311804976960474
9,A,0.05,5,2,-1.2991885949751838
9,A,0.05,5,3,0.253060837802789
9,A,0.05,5,4,0.5019373439731084
9,A,0.05,5,5,0.5475311303415499
9,A,0.05,5,6,0.46115301832238587
9,A,0.05,5,7,0.44416198071110496
9,A,0.05,5,8,0.10286913098195893
9,A,0.05,5,9,0.24342124639184257
9,A,0.05,5,10,0.5018322998916016
9,A,0.05,5,11,0.5323523104654506
9,A,0.05,5,12,0.43782393594095587
9,A,0.05,5,13,0.5180555776879271
9,A,0.05,5,14,-0.8653328759907979
9,A,0.05,5,15,-1.0894939167504194
9,A,0.05,5,16,0.5294902197799694
9,A,0.05,5,17,0.631314749596818
9,A,0.05,5,18,0.15271072660194623
9,A,0.05,5,19,0.6609313402826767
9,A,0.05,5,20,0.43764268634126335
9,A,0.05,5,21,0.40461200397932084
9,A,0.05,5,22,0.4250515934058777
9,A,0.05,5,23,0.32538175142425263
9,A,0.05,5,24,0.6482773737278901
9,A,0.05,5,25,0.42780685849915373
9,A,0.05,5,26,0.7664501170594932
9,A,0.05,5,27,-0.9256966386040895
9,A,0.05,5,28,0.7597964212614424
9,A,0.05,5,29,0.8682281905655298
9,A,0.05,6,0,1.0949021921570858
9,A,0.05,6,1,1.1043843743021486
9,A,0.05,6,2,1.2220256309953872
9,A,0.05,6,3,1.0996095323385406
9,A,0.05,6,4,1.3061437906439235
9,A,0.05,6,5,1.2080152059402556
9,A,0.05,6,6,0.9937884621332579
9,A,0.05,6,7,1.1023203834491189
9,A,0.05,6,8,1.2504546868450452
9,A,0.05,6,9,1.0647797403446209
9,A,0.05,6,10,1.165474762678468
9,A,0.05,6,11,1.2217071474757564
9,A,0.05,6,12,1.117109490609742
9,A,0.05,6,13,1.0827669967930227
9,A,0.05,6,14,1.185340521106818
9,A,0.05,6,15,1.1627505820649342
9,A,0.05,6,16,1.0385423618080303
9,A,0.05,6,17,1.1274677735961085
9,A,0.05,6,18,1.1928185343533946
9,A,0.05,6,19,1.3781890706033626
9,A,0.05,6,20,1.3030271170376229
9,A,0.05,6,21,1.1078571320128197
9,A,0.05,6,22,1.1792619271640015
9,A,0.05,6,23,1.039328236846531
9,A,0.05,6,24,1.2361920739394625
9,A,0.05,6,25,1.1800201035630113
9,A,0.05,6,26,1.0119849787640143
9,A,0.05,6,27,1.0499825887583185
9,A,0.05,6,28,1.0277077805676977
9,A,0.05,6,29,1.257922973895794
9,A,0.05,7,0,-3.3517709472641632
9,A,0.05,7,1,-2.8577817114592143
9,A,0.05,7,2,-3.0349684943732274
9,A,0.05,7,3,-2.52242224958214
9,A,0.05,7,4,-2.5815334744870997
9,A,0.05,7,5,-3.3119554330857515
9,A,0.05,7,6,-2.1529301227262705
9,A,0.05,7,7,-1.7367736525202342
9,A,0.05,7,8,-1.8778626671246783
9,A,0.05,7,9,-2.5252445194309945
9,A,0.05,7,10,-2.624859499708567
9,A,0.05,7,11,-3.2152114309907507
9,A,0.05,7,12,-2.2307288071155704
9,A,0.05,7,13,-1.5891881192570894
9,A,0.05,7,14,-2.4051049677805487
9,A,0.05,7,15,-1.3415813159909658
9,A,0.05,7,16,-1.0237990304025542
9,A,0.05,7,17,-2.2050822642345937
9,A,0.05,7,18,-2.333474802784338
9,A,0.05,7,19,-2.447772881545165
9,A,0.05,7,20,-1.7083510789690914
9,A,0.05,7,21,-2.131541287544414
9,A,0.05,7,22,-2.2746687738431772
9,A,0.05,7,23,-2.31816564272432
9,A,0.05,7,24,-1.510414710838671
9,A,0.05,7,25,-1.8520484289905474
9,A,0.05,7,26,-1.8221023066290014
9,A,0.05,7,27,-1.411975709800974
9,A,0.05,7,28,-2.4177026544511366
9,A,0.05,7,29,-2.3233856926959993
9,A,0.05,8,0,-0.12788324002216184
9,A,0.05,8,1,-0.37623555161529965
9,A,0.05,8,2,-0.3050602802938939
9,A,0.05,8,3,-0.6899445471446171
9,A,0.05,8,4,-0.3051170362223652
9,A,0.05,8,5,-1.0128104306825838
9,A,0.05,8,6,-0.847071919193662
9,A,0.05,8,7,-0.6451571085874883
9,A,0.05,8,8,-0.23860980907711712
9,A,0.05,8,9,-0.3394406148547199
9,A,0.05,8,10,-0.18197820464523634
9,A,0.05,8,11,-0.22818622547755615
9,A,0.05,8,12,-0.19125934714689102
9,A,0.05,8,13,-0.19162894882871062
9,A,0.05,8,14,-0.6829731044732505
9,A,0.05,8,15,-0.46571333175665564
9,A,0.05,8,16,-0.5314092666310826
9,A,0.05,8,17,-0.33421389245743316
9,A,0.05,8,18,-0.27849320082224777
9,A,0.05,8,19,-0.8231915708464991
9,A,0.05,8,20,-0.471415162230938
9,A,0.05,8,21,-0.4566750318173078
9,A,0.05,8,22,-0.09912063424483343
9,A,0.05,8,23,-0.45844548191214496
9,A,0.05,8,24,-0.22361637485660404
9,A,0.05,8,25,-0.5927383769354884
9,A,0.05,8,26,-0.4399813178709895
9,A,0.05,8,27,-0.520636776200718
9,A,0.05,8,28,-0.48948440870810084
9,A,0.05,8,29,-0.43311147712032483
9,A,0.05,9,0,1.1986289637292447
9,A,0.05,9,1,1.5921464875997515
9,A,0.05,9,2,1.1332887863616348
9,A,0.05,9,3,1.7491803104430732
9,A,0.05,9,4,0.9229040863565834
9,A,0.05,9,5,1.9758936293093046
9,A,0.05,9,6,1.4371731767445133
9,A,0.05,9,7,1.8241797706077176
9,A,0.05,9,8,1.740918262661812
9,A,0.05,9,9,1.0790532583625336
9,A,0.05,9,10,0.8801097265757414
9,A,0.05,9,11,0.929837833063869
9,A,0.05,9,12,1.2496882527465527
9,A,0.05,9,13,0.5956013830395985
9,A,0.05,9,14,1.1174967646862544
9,A,0.05,9,15,1.7974806301952286
9,A,0.05,9,16,1.2746586513469202
9,A,0.05,9,17,1.3364231758158003
9,A,0.05,9,18,1.287893175400936
9,A,0.05,9,19,1.0555856607648124
9,A,0.05,9,20,1.5117039172339621
9,A,0.05,9,21,1.3597443284762043
9,A,0.05,9,22,1.5178084071266371
9,A,0.05,9,23,1.307451067060432
9,A,0.05,9,24,1.2957404967996005
9,A,0.05,9,25,1.299004874514004
9,A,0.05,9,26,2.4347014312715767
9,A,0.05,9,27,1.5536221233118974
9,A,0.05,9,28,0.9430937471147448
9,A,0.05,9,29,1.520956963977088
9,B,100,0,0,0.017392525280001514
9,B,100,0,1,-0.03233047049743115
9,B,100,0,2,-0.39775322564924226
9,B,100,0,3,-0.3403001877993802
9,B,100,0,4,-0.0822592256029048
9,B,100,0,5,-0.1381182989781376
9,B,100,0,6,0.05984507434326704
9,B,100,0,7,-0.09229500262325666
9,B,100,0,8,-0.174582626811758
9,B,100,0,9,-0.1821832832883209
9,B,100,0,10,-0.09092999012602786
9,B,100,0,11,-0.15832381942824775
9,B,100,0,12,-0.046972695057809856
9,B,100,0,13,-0.16309636402021516
9,B,100,0,14,-0.10511795845396342
9,B,100,0,15,-0.11706433463480333
9,B,100,0,16,0.001181652832807983
9,B,100,0,17,-0.10103394272087393
9,B,100,0,18,-0.08129372590436834
9,B,100,0,19,-0.10705102473227741
9,B,100,0,20,0.0312872746829173
9,B,100,0,21,0.03451145694507909
9,B,100,0,22,-0.19070394890013048
9,B,100,0,23,-0.32342150655094437
9,B,100,0,24,-0.2579505626766037
9,B,100,0,25,-0.16515517829309648
9,B,100,0,26,-0.127580973323413
9,B,100,0,27,0.033035142413285354
9,B,100,0,28,-0.2350106634381885
9,B,100,0,29,-0.15404386592426544
9,B,100,1,0,-0.03560276001618093
9,B,100,1,1,0.22184741542615197
9,B,100,1,2,0.11021579408788618
9,B,100,1,3,0.3284574134754649
9,B,100,1,4,0.36176312247322046
9,B,100,1,5,0.6695361522810757
9,B,100,1,6,0.4904821171041331
9,B,100,1,7,0.45751264147542475
9,B,100,1,8,0.39410835809909667
9,B,100,1,9,0.4225387625910205
9,B,100,1,10,0.8161184894226835
9,B,100,1,11,0.22424203761175873
9,B,100,1,12,0.5765126840627394
9,B,100,1,13,-0.04971523023020953
9,B,100,1,14,0.25287362013801173
9,B,100,1,15,0.5694647712758938
9,B,100,1,16,0.349732136705512
9,B,100,1,17,0.3268675309019497
9,B,100,1,18,0.6588408585175038
9,B,100,1,19,0.8766592785006213
9,B,100,1,20,0.13882561763060466
9,B,100,1,21,0.42265010275350845
9,B,100,1,22,0.19363256534233209
9,B,100,1,23,0.25519194549920926
9,B,100,1,24,0.19943489680064427
9,B,100,1,25,0.5176720469247206
9,B,100,1,26,0.5237311148775747
9,B,100,1,27,0.4367030623944626
9,B,100,1,28,0.15529613912530046
9,B,100,1,29,0.783261231967231
9,B,100,2,0,-0.03313837168761833
9,B,100,2,1,0.12540934104307908
9,B,100,2,2,0.1913799581335516
9,B,100,2,3,0.038343603683343094
9,B,100,2,4,-0.09156263500631649
9,B,100,2,5,-0.08635808762835108
9,B,100,2,6,0.2877521354395001
9,B,100,2,7,0.043761663405144154
9,B,100,2,8,0.08722005436330077
9,B,100,2,9,0.24541184287508172
9,B,100,2,10,-0.1987612796753094
9,B,100,2,11,0.08887810823843977
9,B,100,2,12,0.9305246091106768
9,B,100,2,13,0.20173062600006492
9,B,100,2,14,0.5742147470812596
9,B,100,2,15,0.4890748827738694
9,B,100,2,16,-0.02099994375946245
9,B,100,2,17,-0.07892400708977305
9,B,100,2,18,0.549456643168833
9,B,100,2,19,0.34760131920797943
9,B,100,2,20,0.7294372732954577
9,B,100,2,21,0.39541181760513616
9,B,100,2,22,0.4990937755685398
9,B,100,2,23,0.4119854049597908
9,B,100,2,24,0.30067342543595676
9,B,100,2,25,0.08410515970287517
9,B,100,2,26,0.5612266093286239
9,B,100,2,27,0.606579078619899
9,B,100,2,28,0.303958565214505
9,B,100,2,29,0.3062450604307652
9,B,100,3,0,0.12934958585008005
9,B,100,3,1,0.25453346930328025
9,B,100,3,2,0.21742974960051356
9,B,100,3,3,-0.4295488117369857
9,B,100,3,4,0.13710576844916803
9,B,100,3,5,-0.14852286518071076
9,B,100,3,6,-0.10287133886956643
9,B,100,3,7,0.39435326180062685
9,B,100,3,8,-0.8461781621079162
9,B,100,3,9,-0.004263303567492985
9,B,100,3,10,-0.8520912817139599
9,B,100,3,11,-1.084596269811862
9,B,100,3,12,0.035501199142584296
9,B,100,3,13,0.21026212398754432
9,B,100,3,14,-0.17805704836720246
9,B,100,3,15,0.1664520995223604
9,B,100,3,16,-0.3213836257295383
9,B,100,3,17,0.1941653085383781
9,B,100,3,18,-0.46700994281637664
9,B,100,3,19,0.24010057949291652
9,B,100,3,20,0.11648016360928541
9,B,100,3,21,-0.6972592513396991
9,B,100,3,22,-0.27635975321551015
9,B,100,3,23,0.32202618975310987
9,B,100,3,24,0.1889597978574205
9,B,100,3,25,0.09749291206570372
9,B,100,3,26,-0.026497808085615124
9,B,100,3,27,0.13771144541018793
9,B,100,3,28,0.06475968216200721
9,B,100,3,29,0.13981350282716207
9,B,100,4,0,-0.9395240879012932
9,B,100,4,1,-1.6455559732165466
9,B,100,4,2,-1.4964480730298122
9,B,100,4,3,-0.4459383498350977
9,B,100,4,4,-1.1857381816561394
9,B,100,4,5,-1.1219471119276394
9,B,100,4,6,-1.33169081985739
9,B,100,4,7,-1.4816538492155942
9,B,100,4,8,-0.8863160008671496
9,B,100,4,9,-0.8527872118255956
9,B,100,4,10,-1.0815866095193276
9,B,100,4,11,-0.7295659566089008
9,B,100,4,12,-1.2305739274903384
9,B,100,4,13,-1.2373049645127958
9,B,100,4,14,-1.0568774182075427
9,B,100,4,15,-1.067141086825548
9,B,100,4,16,-1.3481060570984005
9,B,100,4,17,-1.5367939457941489
9,B,100,4,18,-1.0107429213143775
9,B,100,4,19,-0.589060435017433
9,B,100,4,20,-0.9917071153330778
9,B,100,4,21,-0.7355733724703583
9,B,100,4,22,-0.7236193628165293
9,B,100,4,23,-0.786057918780796
9,B,100,4,24,-1.3450416622850578
9,B,100,4,25,-1.5442420122890372
9,B,100,4,26,-0.6039970874557047
9,B,100,4,27,-1.1386755746917543
9,B,100,4,28,-1.1724633577024182
9,B,100,4,29,-1.5961173940140512
9,B,100,5,0,-1.2933833495956988
9,B,100,5,1,-1.3758726570707034
9,B,100,5,2,-1.320415762388992
9,B,100,5,3,-1.1726266345357008
9,B,100,5,4,-1.7873848590618648
9,B,100,5,5,-0.9400220085472909
9,B,100,5,6,-0.8477757275106773
9,B,100,5,7,-0.7712879934874538
9,B,100,5,8,-1.2825566220854414
9,B,100,5,9,-1.1144478251830268
9,B,100,5,10,-1.2066034205327154
9,B,100,5,11,-1.1857631699466178
9,B,100,5,12,-0.8966790732910188
9,B,100,5,13,-0.7964792771323538
9,B,100,5,14,-1.2080685771433897
9,B,100,5,15,-1.1916993936949778
9,B,100,5,16,-1.2873283422921034
9,B,100,5,17,-1.3105725860508297
9,B,100,5,18,-0.9586705561535914
9,B,100,5,19,-0.9336492137399892
9,B,100,5,20,-0.7241897485572539
9,B,100,5,21,-0.7241213424420221
9,B,100,5,22,-0.7491497813350414
9,B,100,5,23,-1.0590301344911879
9,B,100,5,24,-1.0101350155068172
9,B,100,5,25,-1.2182921491925434
9,B,100,5,26,-0.9179545368887128
9,B,100,5,27,-0.6981908550179395
9,B,100,5,28,-0.6172041550668111
9,B,100,5,29,-0.5907885540889327
9,B,100,6,0,2.9807908736255166
9,B,100,6,1,2.0945574894613843
9,B,100,6,2,1.8831096344871412
9,B,100,6,3,2.289829725820344
9,B,100,6,4,3.043430503533409
9,B,100,6,5,2.4391424387516842
9,B,100,6,6,2.476296858613795
9,B,100,6,7,1.8414907480821017
9,B,100,6,8,1.4577928228328079
9,B,100,6,9,2.846691611683539
9,B,100,6,10,2.200874179284652
9,B,100,6,11,2.569474173305137
9,B,100,6,12,2.5342113075396178
9,B,100,6,13,2.4795965702282103
9,B,100,6,14,2.864787021929325
9,B,100,6,15,2.6072369427313618
9,B,100,6,16,2.5548003469501976
9,B,100,6,17,2.804498380475975
9,B,100,6,18,2.550639039688445
9,B,100,6,19,2.7923173264189627
9,B,100,6,20,2.1300807917761473
9,B,100,6,21,2.828813242731585
9,B,100,6,22,2.7433945814196083
9,B,100,6,23,2.573040017315172
9,B,100,6,24,2.477358464300173
9,B,100,6,25,2.288631717897765
9,B,100,6,26,1.711788629550578
9,B,100,6,27,2.768500625109252
9,B,100,6,28,3.245482147615395
9,B,100,6,29,3.0082660801951673
9,B,100,7,0,-0.06691021666933196
9,B,100,7,1,-0.32262729179070276
9,B,100,7,2,0.3848898522972679
9,B,100,7,3,0.28491129641089374
9,B,100,7,4,-1.1540584094022563
9,B,100,7,5,-1.2497922579508736
9,B,100,7,6,0.1288641683717032
9,B,100,7,7,0.7587789538771065
9,B,100,7,8,-0.9778525701699641
9,B,100,7,9,0.16354512281664385
9,B,100,7,10,0.13273744377434443
9,B,100,7,11,-1.3568885998824405
9,B,100,7,12,0.2480007641099339
9,B,100,7,13,0.5929231338569534
9,B,100,7,14,-1.467168887604148
9,B,100,7,15,-0.013753297940795326
9,B,100,7,16,0.4748794664873619
9,B,100,7,17,-1.1657114435900728
9,B,100,7,18,-0.4155356905981363
9,B,100,7,19,0.1651972182684959
9,B,100,7,20,-1.8301207050320665
9,B,100,7,21,0.6425641647983609
9,B,100,7,22,0.737255714609403
9,B,100,7,23,0.3299885999119141
9,B,100,7,24,0.5153903773295374
9,B,100,7,25,-0.07578485590797449
9,B,100,7,26,0.25158322684512346
9,B,100,7,27,0.4937394366421635
9,B,100,7,28,-0.2473807593928616
9,B,100,7,29,0.04635607491508305
9,B,100,8,0,0.549027606377651
9,B,100,8,1,0.876916799853705
9,B,100,8,2,0.5089144145071443
9,B,100,8,3,0.5622667198640781
9,B,100,8,4,1.072378712298567
9,B,100,8,5,1.466520532669466
9,B,100,8,6,0.8710068448899378
9,B,100,8,7,1.7607102686441023
9,B,100,8,8,0.6982478924701137
9,B,100,8,9,1.0681009484225414
9,B,100,8,10,0.212454795167801
9,B,100,8,11,0.34262941918080836
9,B,100,8,12,1.1386226195905935
9,B,100,8,13,1.627407645865474
9,B,100,8,14,2.214510051224795
9,B,100,8,15,0.3003327073920646
9,B,100,8,16,1.620701995966995
9,B,100,8,17,0.9576174530429974
9,B,100,8,18,1.1742925749186532
9,B,100,8,19,0.9937786204360927
9,B,100,8,20,1.2101006656438702
9,B,100,8,21,1.2679170748293511
9,B,100,8,22,1.639874074149374
9,B,100,8,23,0.7489210711304355
9,B,100,8,24,0.7305134873286584
9,B,100,8,25,0.6433269125255702
9,B,100,8,26,0.6215342656663713
9,B,100,8,27,1.5333817884863865
9,B,100,8,28,0.2141911651485559
9,B,100,8,29,0.660202603799501
9,B,100,9,0,0.20315366576110278
9,B,100,9,1,0.2490230496713185
9,B,100,9,2,0.24971279406042643
9,B,100,9,3,0.10392181188357119
9,B,100,9,4,0.08175732406583816
9,B,100,9,5,0.14361195492948717
9,B,100,9,6,0.41241909222613454
9,B,100,9,7,0.3375073336986067
9,B,100,9,8,0.40031576341314384
9,B,100,9,9,0.1397465895871369
9,B,100,9,10,0.41328043248287816
9,B,100,9,11,0.42195662248169363
9,B,100,9,12,0.37510317338219323
9,B,100,9,13,0.5765255075886765
9,B,100,9,14,-0.16803433741764473
9,B,100,9,15,0.27270716228355396
9,B,100,9,16,-0.04005875519646333
9,B,100,9,17,0.14027742153983674
9,B,100,9,18,0.26278118075985485
9,B,100,9,19,0.580014502823146
9,B,100,9,20,0.7997434449636006
9,B,100,9,21,0.18408102802771908
9,B,100,9,22,0.5512337991901388
9,B,100,9,23,0.4712293360995113
9,B,100,9,24,0.37564900926445566
9,B,100,9,25,0.4711279184867949
9,B,100,9,26,0.9713309067754975
9,B,100,9,27,0.2823790932901963
9,B,100,9,28,0.1943443885728693
9,B,100,9,29,0.17778964796201774
10,A,0.05,0,0,-0.3542058180450913
10,A,0.05,0,1,0.40371003054741994
10,A,0.05,0,2,-0.1785778355769933
10,A,0.05,0,3,1.2791861327020775
10,A,0.05,0,4,-0.18770972084183044
10,A,0.05,0,5,0.7504906352301308
10,A,0.05,0,6,1.833025259534497
10,A,0.05,0,7,0.25214487714039957
10,A,0.05,0,8,0.7482152034350674
10,A,0.05,0,9,0.5726711938650019
10,A,0.05,0,10,0.7604825907094205
10,A,0.05,0,11,0.7415515245238636
10,A,0.05,0,12,0.33069309112350664
10,A,0.05,0,13,1.9121996062133584
10,A,0.05,0,14,-0.31915400559970936
10,A,0.05,0,15,2.2434358628396023
10,A,0.05,0,16,0.7753443352972724
10,A,0.05,0,17,2.2694601828506813
10,A,0.05,0,18,1.546088881271598
10,A,0.05,0,19,1.1009489121720788
10,A,0.05,0,20,1.1564599683069987
10,A,0.05,0,21,0.5254207891937557
10,A,0.05,0,22,0.6876862284216131
10,A,0.05,0,23,1.1644416515975586
10,A,0.05,0,24,0.9437732011032356
10,A,0.05,0,25,0.1735591565835737
10,A,0.05,0,26,1.1697063156888798
10,A,0.05,0,27,2.0116077381236352
10,A,0.05,0,28,0.45097699734829494
10,A,0.05,0,29,0.12719041975046286
10,A,0.05,1,0,1.3312929646723966
10,A,0.05,1,1,1.6686124286994342
10,A,0.05,1,2,1.5613676966326622
10,A,0.05,1,3,1.2474617268205448
10,A,0.05,1,4,1.6076020245517435
10,A,0.05,1,5,1.444860365012075
10,A,0.05,1,6,1.456053809281965
10,A,0.05,1,7,1.719283230035094
10,A,0.05,1,8,1.5112469093467917
10,A,0.05,1,9,1.4942759217579358
10,A,0.05,1,10,1.359574729819093
10,A,0.05,1,11,1.75510093368107
10,A,0.05,1,12,1.596615641115435
10,A,0.05,1,13,1.427486618537298
10,A,0.05,1,14,1.4008982616116876
10,A,0.05,1,15,0.9587641313917745
10,A,0.05,1,16,1.0839889542962609
10,A,0.05,1,17,1.3959535508584233
10,A,0.05,1,18,1.351051175857941
10,A,0.05,1,19,1.293352435537728
10,A,0.05,1,20,1.389778851553355
10,A,0.05,1,21,1.7875473082779871
10,A,0.05,1,22,1.5360438324287002
10,A,0.05,1,23,1.675532261599657
10,A,0.05,1,24,1.7150150065316558
10,A,0.05,1,25,1.2886891058413132
10,A,0.05,1,26,1.1290970493604255
10,A,0.05,1,27,1.318484863140063
10,A,0.05,1,28,1.927839736728978
10,A,0.05,1,29,1.4847165768374435
10,A,0.05,2,0,-0.6719064205273398
10,A,0.05,2,1,-0.7603792882487709
10,A,0.05,2,2,-0.5713298319802885
10,A,0.05,2,3,-0.22082812482322575
10,A,0.05,2,4,-0.08603264009331221
10,A,0.05,2,5,-0.14122896957585465
10,A,0.05,2,6,-0.6582288188348682
10,A,0.05,2,7,-0.16949411206905315
10,A,0.05,2,8,-0.07712407811822579
10,A,0.05,2,9,-0.11518376276290404
10,A,0.05,2,10,0.021751893195396214
10,A,0.05,2,11,-0.5587184293452627
10,A,0.05,2,12,-0.003141167641895729
10,A,0.05,2,13,-0.06339441563206501
10,A,0.05,2,14,-0.10390783145219734
10,A,0.05,2,15,0.15077222361964485
10,A,0.05,2,16,-0.21603055477290994
10,A,0.05,2,17,-0.055397437163995276
10,A,0.05,2,18,0.20115077352081756
10,A,0.05,2,19,0.05603251719121358
10,A,0.05,2,20,-0.518316986354798
10,A,0.05,2,21,0.2401755715385609
10,A,0.05,2,22,0.2615985072322779
10,A,0.05,2,23,-0.0010510735237404677
10,A,0.05,2,24,0.28668148659260684
10,A,0.05,2,25,-0.517444934639833
10,A,0.05,2,26,0.19236452796630288
10,A,0.05,2,27,0.22292611030310705
10,A,0.05,2,28,-0.43712638449040525
10,A,0.05,2,29,0.21529857427733604
10,A,0.05,3,0,0.2960060956047262
10,A,0.05,3,1,0.15690040477147346
10,A,0.05,3,2,0.5300591458483038
10,A,0.05,3,3,0.39547763232534033
10,A,0.05,3,4,0.38634471147862
10,A,0.05,3,5,0.550762283751587
10,A,0.05,3,6,0.007686462195709587
10,A,0.05,3,7,0.3107814297323232
10,A,0.05,3,8,0.44118947151038884
10,A,0.05,3,9,0.18054895983036448
10,A,0.05,3,10,0.5084433017779099
10,A,0.05,3,11,0.3506465526197474
10,A,0.05,3,12,0.5192495593623957
10,A,0.05,3,13,0.6434677534653999
10,A,0.05,3,14,0.48585726529006545
10,A,0.05,3,15,0.6243140391567631
10,A,0.05,3,16,0.2793066557220704
10,A,0.05,3,17,0.5933951791511101
10,A,0.05,3,18,0.3948607188973053
10,A,0.05,3,19,0.23010494197322398
10,A,0.05,3,20,0.36034738909650754
10,A,0.05,3,21,0.49153603673449064
10,A,0.05,3,22,0.42099642362948236
10,A,0.05,3,23,0.6186683841492417
10,A,0.05,3,24,0.611915178699844
10,A,0.05,3,25,0.4881012026031212
10,A,0.05,3,26,0.505595585846278
10,A,0.05,3,27,0.5705621296026971
10,A,0.05,3,28,0.6006432277248573
10,A,0.05,3,29,0.23378767290373798
10,A,0.05,4,0,0.3251210948448168
10,A,0.05,4,1,0.5440397693074341
10,A,0.05,4,2,0.36521162486266184
10,A,0.05,4,3,0.49870476116478973
10,A,0.05,4,4,0.8240220612403144
10,A,0.05,4,5,0.544612453550276
10,A,0.05,4,6,0.7120400913832818
10,A,0.05,4,7,0.937227295049463
10,A,0.05,4,8,0.5559949206459004
10,A,0.05,4,9,0.32702409415140515
10,A,0.05,4,10,0.5648090921515085
10,A,0.05,4,11,0.37195897386690147
10,A,0.05,4,12,0.9276079026575501
10,A,0.05,4,13,0.303643250009346
10,A,0.05,4,14,0.9230718972472931
10,A,0.05,4,15,0.4350571366301538
10,A,0.05,4,16,0.3080007674315083
10,A,0.05,4,17,0.646393846964593
10,A,0.05,4,18,0.01818877404272357
10,A,0.05,4,19,0.8054373412804912
10,A,0.05,4,20,0.5319131464254563
10,A,0.05,4,21,0.4619230523225158
10,A,0.05,4,22,0.45097197971565683
10,A,0.05,4,23,0.640637844686863
10,A,0.05,4,24,0.5918805049603622
10,A,0.05,4,25,0.25076369786777514
10,A,0.05,4,26,0.27521119580075254
10,A,0.05,4,27,0.5751101231390335
10,A,0.05,4,28,0.974203674117626
10,A,0.05,4,29,0.9041482961909637
10,A,0.05,5,0,-0.07024077596012357
10,A,0.05,5,1,0.5141817872170974
10,A,0.05,5,2,-0.0012202094260914075
10,A,0.05,5,3,0.3189123261605224
10,A,0.05,5,4,0.5407983489074811
10,A,0.05,5,5,0.1186430617275427
10,A,0.05,5,6,0.2570891063139815
10,A,0.05,5,7,0.4310208335493337
10,A,0.05,5,8,0.12983862201261998
10,A,0.05,5,9,0.2305178016328331
10,A,0.05,5,10,0.37496821727658275
10,A,0.05,5,11,0.32102716628447614
10,A,0.05,5,12,0.46677442466270413
10,A,0.05,5,13,-0.02034173929894457
10,A,0.05,5,14,-0.11674099950898095
10,A,0.05,5,15,0.4004314595762739
10,A,0.05,5,16,-0.07440221697421469
10,A,0.05,5,17,0.1897630915176076
10,A,0.05,5,18,0.22755652889732575
10,A,0.05,5,19,0.41792181059609634
10,A,0.05,5,20,0.3245710120493472
10,A,0.05,5,21,0.09581547559120965
10,A,0.05,5,22,0.10907724273051544
10,A,0.05,5,23,0.207523013945934
10,A,0.05,5,24,0.35017765101520104
10,A,0.05,5,25,0.31924601298118327
10,A,0.05,5,26,0.1907621037133158
10,A,0.05,5,27,0.289628045290987
10,A,0.05,5,28,0.2312047734667996
10,A,0.05,5,29,0.5581562658245166
10,A,0.05,6,0,0.24908522191441224
10,A,0.05,6,1,0.5497845503589457
10,A,0.05,6,2,-0.33076156049785754
10,A,0.05,6,3,0.32420444318099634
10,A,0.05,6,4,0.8435796431287357
10,A,0.05,6,5,-0.15973296442770205
10,A,0.05,6,6,-0.18287838481241822
10,A,0.05,6,7,0.5364728417745821
10,A,0.05,6,8,0.16801908343519148
10,A,0.05,6,9,0.08997214693410953
10,A,0.05,6,10,0.41931099397461785
10,A,0.05,6,11,-0.1029423928395315
10,A,0.05,6,12,0.43616710946648257
10,A,0.05,6,13,0.44828454322301875
10,A,0.05,6,14,-0.021533526670244958
10,A,0.05,6,15,0.5668906633448271
10,A,0.05,6,16,0.0970946244370703
10,A,0.05,6,17,0.16029699045843937
10,A,0.05,6,18,0.23946112613822831
10,A,0.05,6,19,0.12907617065589996
10,A,0.05,6,20,0.006581277218849971
10,A,0.05,6,21,0.36680935761387207
10,A,0.05,6,22,0.43865695391256415
10,A,0.05,6,23,-0.18338476917520483
10,A,0.05,6,24,0.6830739966328784
10,A,0.05,6,25,0.7616117737100225
10,A,0.05,6,26,-0.06713923409105041
10,A,0.05,6,27,0.13347019033233962
10,A,0.05,6,28,0.3309631633898446
10,A,0.05,6,29,0.5758038603790852
10,A,0.05,7,0,1.191219965244745
10,A,0.05,7,1,1.4018889488841624
10,A,0.05,7,2,1.2504602046345181
10,A,0.05,7,3,1.2844266221120584
10,A,0.05,7,4,1.4581402801599241
10,A,0.05,7,5,1.0726973294890665
10,A,0.05,7,6,1.6851168219561705
10,A,0.05,7,7,1.3653842562520742
10,A,0.05,7,8,1.4071007814829306
10,A,0.05,7,9,1.4632677273608943
10,A,0.05,7,10,1.2045981263824688
10,A,0.05,7,11,1.5010951955412426
10,A,0.05,7,12,1.2094035051603553
10,A,0.05,7,13,1.2105626082481231
10,A,0.05,7,14,1.599082319026768
10,A,0.05,7,15,1.3037597604281776
10,A,0.05,7,16,1.4509371188173417
10,A,0.05,7,17,1.3732369394095267
10,A,0.05,7,18,1.4870492456619866
10,A,0.05,7,19,0.9776310903543173
10,A,0.05,7,20,1.6020565974152576
10,A,0.05,7,21,1.4094000357270502
10,A,0.05,7,22,1.5601268806692108
10,A,0.05,7,23,1.911483276499426
10,A,0.05,7,24,1.5942407198367905
10,A,0.05,7,25,1.219076394950191
10,A,0.05,7,26,1.587463464862684
10,A,0.05,7,27,1.4498212241869757
10,A,0.05,7,28,1.3369100864815917
10,A,0.05,7,29,1.1887081430290511
10,A,0.05,8,0,0.3372772868784243
10,A,0.05,8,1,0.574718874456773
10,A,0.05,8,2,0.1471981220316042
10,A,0.05,8,3,0.142222173240274
10,A,0.05,8,4,0.4884949767798785
10,A,0.05,8,5,0.41458627842660345
10,A,0.05,8,6,0.7410964932861093
10,A,0.05,8,7,0.5318856585231413
10,A,0.05,8,8,0.8229954148481421
10,A,0.05,8,9,0.824530964207149
10,A,0.05,8,10,0.8349579363093953
10,A,0.05,8,11,0.5121929712770082
10,A,0.05,8,12,0.7853708462016324
10,A,0.05,8,13,0.7713247262445814
10,A,0.05,8,14,0.4986420139377015
10,A,0.05,8,15,0.7689886281737619
10,A,0.05,8,16,0.6188132637499443
10,A,0.05,8,17,0.6149877894787662
10,A,0.05,8,18,0.7413927080197158
10,A,0.05,8,19,0.8059375112227921
10,A,0.05,8,20,0.7952149016788971
10,A,0.05,8,21,0.7060781557320982
10,A,0.05,8,22,0.7439447161983296
10,A,0.05,8,23,0.7410111108500733
10,A,0.05,8,24,0.84474567845432
10,A,0.05,8,25,0.20007947824104522
10,A,0.05,8,26,0.6866422582228747
10,A,0.05,8,27,0.6909267539711628
10,A,0.05,8,28,0.9035483168004201
10,A,0.05,8,29,0.3659098206665636
10,A,0.05,9,0,0.44810069816447823
10,A,0.05,9,1,0.9214477865854964
10,A,0.05,9,2,0.8748786130852374
10,A,0.05,9,3,0.7729247866007458
10,A,0.05,9,4,0.848243669114579
10,A,0.05,9,5,0.2950532874072836
10,A,0.05,9,6,0.8121420821605713
10,A,0.05,9,7,0.453215700271498
10,A,0.05,9,8,0.7639611746195926
10,A,0.05,9,9,1.054022189278014
10,A,0.05,9,10,0.4865315439602763
10,A,0.05,9,11,0.22663176303424934
10,A,0.05,9,12,0.4841306575148623
10,A,0.05,9,13,0.777597442319087
10,A,0.05,9,14,0.5768788179896105
10,A,0.05,9,15,0.6356925042184413
10,A,0.05,9,16,0.46975214725768055
10,A,0.05,9,17,0.4444409388649623
10,A,0.05,9,18,0.6558714371296629
10,A,0.05,9,19,0.14909591637802833
10,A,0.05,9,20,0.3333195191407481
10,A,0.05,9,21,0.3661413342587676
10,A,0.05,9,22,0.8222330241885898
10,A,0.05,9,23,0.45271380181784415
10,A,0.05,9,24,0.886516129119024
10,A,0.05,9,25,0.17827328365327536
10,A,0.05,9,26,0.42672004711483236
10,A,0.05,9,27,0.726114152547429
10,A,0.05,9,28,0.5863364503446293
10,A,0.05,9,29,0.48575342465898497
10,B,100,0,0,-0.5629717704903252
10,B,100,0,1,-0.4681181154806237
10,B,100,0,2,-0.4643837334534629
10,B,100,0,3,-0.1500334956058028
10,B,100,0,4,-0.5346791550269896
10,B,100,0,5,-0.28892753146399874
10,B,100,0,6,-0.8802463946032449
10,B,100,0,7,-0.5478869127099573
10,B,100,0,8,-0.4050086541735539
10,B,100,0,9,-0.619315953603908
10,B,100,0,10,-0.44247367834697443
10,B,100,0,11,-0.5081661830739671
10,B,100,0,12,-0.344604506856129
10,B,100,0,13,-0.5689940474334728
10,B,100,0,14,-0.6842919162393543
10,B,100,0,15,-0.49518835995007493
10,B,100,0,16,-0.9267583654861531
10,B,100,0,17,-0.7905807144675884
10,B,100,0,18,-0.3043680211136368
10,B,100,0,19,-0.8415372272898901
10,B,100,0,20,-0.6410382630179023
10,B,100,0,21,-0.510082929763878
10,B,100,0,22,-0.8481142947321266
10,B,100,0,23,-0.43896508481454083
10,B,100,0,24,-0.805447666535715
10,B,100,0,25,-0.503877250444756
10,B,100,0,26,-0.6602515072899705
10,B,100,0,27,-0.48737042753325976
10,B,100,0,28,-0.6655726045437014
10,B,100,0,29,-0.292234656050046
10,B,100,1,0,0.03715236443887728
10,B,100,1,1,-0.05114117501585335
10,B,100,1,2,-0.3776150186404926
10,B,100,1,3,-0.36375495227617805
10,B,100,1,4,0.2792166312625429
10,B,100,1,5,0.17802259631762732
10,B,100,1,6,0.13276688059065878
10,B,100,1,7,0.3816273704924611
10,B,100,1,8,-0.2862822082354194
10,B,100,1,9,0.38763422327829417
10,B,100,1,10,0.2573839550069285
10,B,100,1,11,0.6388411751900642
10,B,100,1,12,-0.236945849535268
10,B,100,1,13,0.2979272677303054
10,B,100,1,14,0.23400102896507857
10,B,100,1,15,0.3801548276312385
10,B,100,1,16,0.14065121001220274
10,B,100,1,17,-0.29156434126432235
10,B,100,1,18,-0.026758598376567053
10,B,100,1,19,-0.17215260074478272
10,B,100,1,20,0.06542516130621193
10,B,100,1,21,0.19062117230131131
10,B,100,1,22,0.05221283684251366
10,B,100,1,23,0.5017272304304182
10,B,100,1,24,0.4300313030386055
10,B,100,1,25,-0.16147875071431633
10,B,100,1,26,-0.5242174450433691
10,B,100,1,27,0.6152462574240202
10,B,100,1,28,-0.23612981891821844
10,B,100,1,29,0.44287825078858695
10,B,100,2,0,0.36760683735888805
10,B,100,2,1,0.32187662800090505
10,B,100,2,2,0.42572607103645493
10,B,100,2,3,0.46845548069773973
10,B,100,2,4,0.37792657393274587
10,B,100,2,5,0.3913685410014272
10,B,100,2,6,0.2695922377135271
10,B,100,2,7,0.18375718737173408
10,B,100,2,8,0.5072189962596139
10,B,100,2,9,0.5835626067367736
10,B,100,2,10,0.08124058114433873
10,B,100,2,11,0.2615675803147157
10,B,100,2,12,-0.0023886462398169835
10,B,100,2,13,0.6538904418250826
10,B,100,2,14,0.39416098385779846
10,B,100,2,15,0.6825259040799583
10,B,100,2,16,0.4591312042992486
10,B,100,2,17,0.8611149934861716
10,B,100,2,18,0.3171981534471739
10,B,100,2,19,0.6970084992283205
10,B,100,2,20,0.11115726943751081
10,B,100,2,21,0.45354983331221543
10,B,100,2,22,0.707280621321189
10,B,100,2,23,0.40217220027052536
10,B,100,2,24,0.43612227002872517
10,B,100,2,25,0.27738842296251404
10,B,100,2,26,0.6436819395883635
10,B,100,2,27,0.6771745495549133
10,B,100,2,28,0.7283742673550124
10,B,100,2,29,0.5701917153731826
10,B,100,3,0,-0.38424540909696725
10,B,100,3,1,0.24563288945031753
10,B,100,3,2,-0.10435740000132172
10,B,100,3,3,0.2528616830035363
10,B,100,3,4,0.6389651038405911
10,B,100,3,5,0.5423833864240981
10,B,100,3,6,0.06127807316280584
10,B,100,3,7,1.002646591558202
10,B,100,3,8,0.12460712488903411
10,B,100,3,9,0.838349153370407
10,B,100,3,10,0.3295978334651987
10,B,100,3,11,0.6705640137213941
10,B,100,3,12,0.917444447079161
10,B,100,3,13,-0.20407090622651333
10,B,100,3,14,-0.17488373375456884
10,B,100,3,15,0.10983213371194024
10,B,100,3,16,0.6882314486530148
10,B,100,3,17,0.5562984262067345
10,B,100,3,18,0.5960071979973712
10,B,100,3,19,0.6923108157459911
10,B,100,3,20,0.2915073231962324
10,B,100,3,21,0.3702477812390667
10,B,100,3,22,0.8282853536314636
10,B,100,3,23,0.3250394683558302
10,B,100,3,24,0.32745267442504794
10,B,100,3,25,0.8125199892355638
10,B,100,3,26,0.4054453167821713
10,B,100,3,27,0.4252380585213482
10,B,100,3,28,-0.38742657013153037
10,B,100,3,29,-0.202024517840394
10,B,100,4,0,-0.24808892429526314
10,B,100,4,1,0.053558549479194584
10,B,100,4,2,0.02945696905658933
10,B,100,4,3,-0.06779561192540468
10,B,100,4,4,-0.06795157052489113
10,B,100,4,5,0.04750881311676143
10,B,100,4,6,-0.05079056686219305
10,B,100,4,7,-0.06889548422473955
10,B,100,4,8,-0.06056882680810683
10,B,100,4,9,0.016305382193872495
10,B,100,4,10,0.1263789326197153
10,B,100,4,11,-0.09007738265650042
10,B,100,4,12,0.05033399955022357
10,B,100,4,13,-0.024366251108737955
10,B,100,4,14,-0.18349494052319565
10,B,100,4,15,0.13805182635731475
10,B,100,4,16,0.15036994863851524
10,B,100,4,17,-0.008102554812822935
10,B,100,4,18,0.02640790833354498
10,B,100,4,19,0.03227103148386482
10,B,100,4,20,0.15012911519796684
10,B,100,4,21,-0.07092382158958851
10,B,100,4,22,0.19501147063001206
10,B,100,4,23,0.039294294349045376
10,B,100,4,24,0.23920249506489533
10,B,100,4,25,0.08956377847408381
10,B,100,4,26,-0.028609325158925936
10,B,100,4,27,0.13151638400994572
10,B,100,4,28,-0.04134560174347545
10,B,100,4,29,0.10859356452975188
10,B,100,5,0,0.07083533225527341
10,B,100,5,1,0.24619812821239492
10,B,100,5,2,0.3006057669793529
10,B,100,5,3,-0.1819816821740204
10,B,100,5,4,0.3257311700565222
10,B,100,5,5,-0.01952015499472208
10,B,100,5,6,-0.036550630504013845
10,B,100,5,7,-0.10496785218904672
10,B,100,5,8,0.35560085797742563
10,B,100,5,9,0.33643239207461084
10,B,100,5,10,0.5031064342253511
10,B,100,5,11,0.3947289399199049
10,B,100,5,12,0.45784279139383816
10,B,100,5,13,0.46831630010868075
10,B,100,5,14,0.4699046242735355
10,B,100,5,15,0.484363490327384
10,B,100,5,16,0.4249512101953559
10,B,100,5,17,0.5500871275430516
10,B,100,5,18,0.5616442907546176
10,B,100,5,19,0.6388484113438643
10,B,100,5,20,0.3660013734584039
10,B,100,5,21,0.541805904492673
10,B,100,5,22,0.7356506322278425
10,B,100,5,23,0.8129590944174164
10,B,100,5,24,0.05920522973746558
10,B,100,5,25,0.48131292382280755
10,B,100,5,26,0.6523028857823217
10,B,100,5,27,0.521986355305187
10,B,100,5,28,0.511574318785231
10,B,100,5,29,0.47116238031565205
10,B,100,6,0,0.6762590970922072
10,B,100,6,1,0.7805367727486857
10,B,100,6,2,0.834981665221131
10,B,100,6,3,0.7853208617986597
10,B,100,6,4,0.9096479830542821
10,B,100,6,5,0.623375036930404
10,B,100,6,6,1.0924144159556375
10,B,100,6,7,0.9032057823498743
10,B,100,6,8,0.16535952733138154
10,B,100,6,9,0.5661428745456388
10,B,100,6,10,0.7184030798492904
10,B,100,6,11,0.44309428334463863
10,B,100,6,12,0.8911554170818692
10,B,100,6,13,1.1673760277534229
10,B,100,6,14,1.227205883302403
10,B,100,6,15,0.47543577359049327
10,B,100,6,16,1.7524143421193994
10,B,100,6,17,0.8686246778035834
10,B,100,6,18,0.5643888442743731
10,B,100,6,19,0.8043698406255836
10,B,100,6,20,0.8436429338470454
10,B,100,6,21,0.7673028284368388
10,B,100,6,22,1.1757342210042323
10,B,100,6,23,0.34760481707174473
10,B,100,6,24,0.9700982525717212
10,B,100,6,25,1.4010321571909343
10,B,100,6,26,0.656151436276853
10,B,100,6,27,0.8427704834370028
10,B,100,6,28,0.5618459332202469
10,B,100,6,29,0.9493875118178313
10,B,100,7,0,-0.06041053215397
10,B,100,7,1,-0.04789698930583712
10,B,100,7,2,-0.22628754233691392
10,B,100,7,3,-0.09387754551492283
10,B,100,7,4,-0.08618366364754153
10,B,100,7,5,-0.03996574930627296
10,B,100,7,6,-0.03448820547709241
10,B,100,7,7,-0.02873516156047278
10,B,100,7,8,-0.008427705087973034
10,B,100,7,9,-0.1137403879041196
10,B,100,7,10,0.022577501254611918
10,B,100,7,11,0.00022509423605219077
10,B,100,7,12,-0.04098682790520088
10,B,100,7,13,-0.020385870595068356
10,B,100,7,14,-0.04457982616753845
10,B,100,7,15,-0.03241279381324834
10,B,100,7,16,-0.07141184902122914
10,B,100,7,17,-0.03636201935252877
10,B,100,7,18,-0.0567823143985655
10,B,100,7,19,-0.05337589794911421
10,B,100,7,20,-0.02807109491286502
10,B,100,7,21,-0.03010591834988709
10,B,100,7,22,-0.04167861727153883
10,B,100,7,23,-0.06863176846833742
10,B,100,7,24,-0.04900107738633524
10,B,100,7,25,0.007880972857508614
10,B,100,7,26,-0.05587833229945231
10,B,100,7,27,-0.06009036906004226
10,B,100,7,28,-0.03409947574013714
10,B,100,7,29,0.032542051672587426
10,B,100,8,0,-2.1813920317440445
10,B,100,8,1,-2.03342948854137
10,B,100,8,2,-2.1172229455558513
10,B,100,8,3,-2.4905930503147373
10,B,100,8,4,-2.3819045882351335
10,B,100,8,5,-1.4483089973159344
10,B,100,8,6,-2.5252050721476302
10,B,100,8,7,-2.024651566581202
10,B,100,8,8,-1.1195761544503327
10,B,100,8,9,-2.385288033058186
10,B,100,8,10,-1.5437441376401502
10,B,100,8,11,-2.4624982072225228
10,B,100,8,12,-0.6064191533736552
10,B,100,8,13,-1.2360859653876566
10,B,100,8,14,-1.9246622026814146
10,B,100,8,15,-2.0726342837635268
10,B,100,8,16,-1.0851509742302492
10,B,100,8,17,-1.8201519447157002
10,B,100,8,18,-1.2357518760536015
10,B,100,8,19,-2.0183669329955904
10,B,100,8,20,-1.3144218776192993
10,B,100,8,21,-0.8692482204205112
10,B,100,8,22,-1.4716352051225416
10,B,100,8,23,-2.105255710724604
10,B,100,8,24,-0.8794332684632389
10,B,100,8,25,-1.3275491448613799
10,B,100,8,26,-2.3138014566770244
10,B,100,8,27,-0.7004618559965077
10,B,100,8,28,-1.7115648667849261
10,B,100,8,29,-2.552714101887496
10,B,100,9,0,-0.5395868416308736
10,B,100,9,1,0.22228508348331974
10,B,100,9,2,-0.1436533443410648
10,B,100,9,3,-0.22624319380309815
10,B,100,9,4,-0.039515045186019136
10,B,100,9,5,-0.14787482854277556
10,B,100,9,6,-0.7197276443807055
10,B,100,9,7,-0.15833893315756978
10,B,100,9,8,-0.28720883737524966
10,B,100,9,9,-0.4921971806551622
10,B,100,9,10,-0.1901522418190163
10,B,100,9,11,-0.709854940667226
10,B,100,9,12,0.5250202937573808
10,B,100,9,13,-0.20527041361117213
10,B,100,9,14,-0.5905906759891023
10,B,100,9,15,-0.6407292800243387
10,B,100,9,16,-0.41757551427953005
10,B,100,9,17,-0.12845312838676554
10,B,100,9,18,-0.6612858083542145
10,B,100,9,19,-0.4370412575034261
10,B,100,9,20,-0.32132234095024215
10,B,100,9,21,0.006714028294527315
10,B,100,9,22,0.055014210161743425
10,B,100,9,23,-0.8158697640765342
10,B,100,9,24,-0.18898206998083605
10,B,100,9,25,0.05898672876416923
10,B,100,9,26,-0.3111596753607833
10,B,100,9,27,-0.5179835609423111
10,B,100,9,28,0.032204459164695186
10,B,100,9,29,0.002087999855896124
11,A,0.05,0,0,0.18625436309730004
11,A,0.05,0,1,0.6214796537106698
11,A,0.05,0,2,0.5453670954258453
11,A,0.05,0,3,0.46087490753021315
11,A,0.05,0,4,0.05577998023591606
11,A,0.05,0,5,0.1685433232407537
11,A,0.05,0,6,0.2186406309348247
11,A,0.05,0,7,0.32577393770182206
11,A,0.05,0,8,0.4955849923622358
11,A,0.05,0,9,0.13288051844517326
11,A,0.05,0,10,0.6403449200178591
11,A,0.05,0,11,0.2688582541393354
11,A,0.05,0,12,0.18692497299408514
11,A,0.05,0,13,0.5354351823475259
11,A,0.05,0,14,0.21889124389150977
11,A,0.05,0,15,1.1701314145256019
11,A,0.05,0,16,0.72278767170215
11,A,0.05,0,17,0.7413644784464173
11,A,0.05,0,18,0.5617444584906678
11,A,0.05,0,19,0.7321098366389223
11,A,0.05,0,20,0.3852096216990995
11,A,0.05,0,21,0.5531937375226381
11,A,0.05,0,22,0.5372799187115227
11,A,0.05,0,23,0.35264597489465255
11,A,0.05,0,24,0.8368125493003712
11,A,0.05,0,25,0.17161643276531258
11,A,0.05,0,26,0.8249542803188721
11,A,0.05,0,27,0.45736975779644146
11,A,0.05,0,28,0.8847139853176895
11,A,0.05,0,29,0.5184987731769218
11,A,0.05,1,0,-0.7656629490285903
11,A,0.05,1,1,-0.4316811980102435
11,A,0.05,1,2,-0.98690912583367
11,A,0.05,1,3,-0.7966108721551717
11,A,0.05,1,4,-1.0927214415890294
11,A,0.05,1,5,-0.3389143471793661
11,A,0.05,1,6,-0.638739543210172
11,A,0.05,1,7,-0.3610084379394648
11,A,0.05,1,8,-0.6184592973921372
11,A,0.05,1,9,-0.3549573538531283
11,A,0.05,1,10,-0.4127517107154933
11,A,0.05,1,11,-0.6052617966767758
11,A,0.05,1,12,-0.8958445809431388
11,A,0.05,1,13,-0.4726929062067181
11,A,0.05,1,14,-0.6750165291732048
11,A,0.05,1,15,-0.4926727337629618
11,A,0.05,1,16,-0.25679125256974394
11,A,0.05,1,17,-0.2867411666462103
11,A,0.05,1,18,-0.2856315321500135
11,A,0.05,1,19,-0.43875874507912793
11,A,0.05,1,20,-0.43859021161600775
11,A,0.05,1,21,-0.3820370343990289
11,A,0.05,1,22,-1.241280606946722
11,A,0.05,1,23,-0.466831165525415
11,A,0.05,1,24,-0.2319938611842968
11,A,0.05,1,25,-0.24716997691665765
11,A,0.05,1,26,-0.1350789104481971
11,A,0.05,1,27,-0.35736126422478065
11,A,0.05,1,28,-0.5537203771403325
11,A,0.05,1,29,-0.4659224327722994
11,A,0.05,2,0,-0.5975768544625556
11,A,0.05,2,1,-0.7140651322713965
11,A,0.05,2,2,-0.3401150598306823
11,A,0.05,2,3,-0.4115398185905686
11,A,0.05,2,4,-0.5939832773614075
11,A,0.05,2,5,-0.23992284543194695
11,A,0.05,2,6,-0.20436781554564115
11,A,0.05,2,7,-0.49740350528539407
11,A,0.05,2,8,-0.5433503734316917
11,A,0.05,2,9,-0.5247387776895047
11,A,0.05,2,10,-0.23692552691608543
11,A,0.05,2,11,-0.2511353631164121
11,A,0.05,2,12,-0.20407965729307467
11,A,0.05,2,13,-0.2939153372830834
11,A,0.05,2,14,-0.43861174925327845
11,A,0.05,2,15,-0.7985809470341488
11,A,0.05,2,16,-0.4621939834546502
11,A,0.05,2,17,-0.1893714012484827
11,A,0.05,2,18,-0.5643513632376629
11,A,0.05,2,19,-0.8867539298875189
11,A,0.05,2,20,-0.33868915321350096
11,A,0.05,2,21,-0.18623322185998142
11,A,0.05,2,22,-0.518430301927068
11,A,0.05,2,23,-0.08125266257545777
11,A,0.05,2,24,-0.3682890476308789
11,A,0.05,2,25,0.04212568108277459
11,A,0.05,2,26,-0.13312234577113505
11,A,0.05,2,27,-0.14597382443151594
11,A,0.05,2,28,0.010640186566319237
11,A,0.05,2,29,-0.494616484103017
11,A,0.05,3,0,0.01725995724267528
11,A,0.05,3,1,0.23686259990461214
11,A,0.05,3,2,-0.06640851003506942
11,A,0.05,3,3,0.0014092754548745547
11,A,0.05,3,4,0.23601065707288166
11,A,0.05,3,5,0.2114957031617127
11,A,0.05,3,6,0.1144839942350268
11,A,0.05,3,7,-0.10499890513429518
11,A,0.05,3,8,-0.35664790649237577
11,A,0.05,3,9,0.0346849705380094
11,A,0.05,3,10,0.1039406522384833
11,A,0.05,3,11,-0.2862711504347844
11,A,0.05,3,12,0.1664780179666311
11,A,0.05,3,13,-0.2692157153665844
11,A,0.05,3,14,0.08192262396727622
11,A,0.05,3,15,-0.12521164068734178
11,A,0.05,3,16,-0.16575088817737846
11,A,0.05,3,17,-0.14333136592659126
11,A,0.05,3,18,-0.1390253785712077
11,A,0.05,3,19,-0.08724083111856822
11,A,0.05,3,20,0.3824470340033317
11,A,0.05,3,21,0.18758036761254485
11,A,0.05,3,22,0.3860516373150072
11,A,0.05,3,23,-0.11989892069898181
11,A,0.05,3,24,0.27499302853702623
11,A,0.05,3,25,-0.5126898419706171
11,A,0.05,3,26,0.21761463121841412
11,A,0.05,3,27,0.41363453510940984
11,A,0.05,3,28,-0.21314963186162467
11,A,0.05,3,29,-0.28108445417499284
11,A,0.05,4,0,0.13428777735881575
11,A,0.05,4,1,-0.26792652254770644
11,A,0.05,4,2,-0.025438226833435613
11,A,0.05,4,3,-0.32786505774075314
11,A,0.05,4,4,0.05255216739867021
11,A,0.05,4,5,-0.5731034543778467
11,A,0.05,4,6,-0.28133456706273624
11,A,0.05,4,7,-0.30952426624868373
11,A,0.05,4,8,-0.18551361924300672
11,A,0.05,4,9,-0.2943801013927113
11,A,0.05,4,10,-0.5164664745466159
11,A,0.05,4,11,-0.41863117011162626
11,A,0.05,4,12,-0.17626546883185765
11,A,0.05,4,13,-0.5181917716904378
11,A,0.05,4,14,-0.253684048016519
11,A,0.05,4,15,-0.20909354486910176
11,A,0.05,4,16,-0.5735259849582088
11,A,0.05,4,17,0.13113242535326955
11,A,0.05,4,18,0.28640859995217893
11,A,0.05,4,19,-0.6045382649246989
11,A,0.05,4,20,-0.2763214817288046
11,A,0.05,4,21,0.11927018770301157
11,A,0.05,4,22,-0.4566854959123713
11,A,0.05,4,23,0.24193415270555177
11,A,0.05,4,24,-0.3621814850502234
11,A,0.05,4,25,-0.08426892627298303
11,A,0.05,4,26,-0.24618344928307784
11,A,0.05,4,27,0.3631602485656057
11,A,0.05,4,28,0.48059359269108276
11,A,0.05,4,29,-0.40518618026974934
11,A,0.05,5,0,-0.033244866639106446
11,A,0.05,5,1,-0.047370464509960866
11,A,0.05,5,2,-0.14483565063931558
11,A,0.05,5,3,-0.05076631596690931
11,A,0.05,5,4,0.15619348309402156
11,A,0.05,5,5,0.08899517365526825
11,A,0.05,5,6,0.04892376600359591
11,A,0.05,5,7,-0.14051520665798606
11,A,0.05,5,8,-0.2116845593674955
11,A,0.05,5,9,-0.130965543823164
11,A,0.05,5,10,-0.05505398802470966
11,A,0.05,5,11,-0.46749339984147875
11,A,0.05,5,12,0.1301994294965923
11,A,0.05,5,13,0.007139065745516842
11,A,0.05,5,14,-0.10671078011142468
11,A,0.05,5,15,-0.001779491724754026
11,A,0.05,5,16,0.10896205493264673
11,A,0.05,5,17,0.34546837310601114
11,A,0.05,5,18,0.23636683777157733
11,A,0.05,5,19,-0.03767098465344016
11,A,0.05,5,20,-0.15187037708463824
11,A,0.05,5,21,-0.165757792251146
11,A,0.05,5,22,0.2117890314509064
11,A,0.05,5,23,0.04332466154331628
11,A,0.05,5,24,0.1669908041107468
11,A,0.05,5,25,-0.4082382941997604
11,A,0.05,5,26,-0.24259517135070835
11,A,0.05,5,27,0.1536139778176357
11,A,0.05,5,28,0.35308361025604523
11,A,0.05,5,29,-0.0788820099862246
11,A,0.05,6,0,-0.6558084573129952
11,A,0.05,6,1,-0.7745136518445888
11,A,0.05,6,2,-0.5417097202496018
11,A,0.05,6,3,-0.3285869825200504
11,A,0.05,6,4,-0.38342798661666916
11,A,0.05,6,5,-0.3433530218867993
11,A,0.05,6,6,-0.4720431820787445
11,A,0.05,6,7,-0.714278357485339
11,A,0.05,6,8,-0.7226160328191257
11,A,0.05,6,9,-0.3824932577076205
11,A,0.05,6,10,-0.9969385616423501
11,A,0.05,6,11,-0.5012369163669536
11,A,0.05,6,12,-0.663405716499861
11,A,0.05,6,13,-0.399838034012752
11,A,0.05,6,14,-0.4938874568721059
11,A,0.05,6,15,-0.41800870777453647
11,A,0.05,6,16,-0.5047768316796711
11,A,0.05,6,17,-0.6292815386727265
11,A,0.05,6,18,-1.4700189444558622
11,A,0.05,6,19,-0.808745219144242
11,A,0.05,6,20,-0.5433500585775602
11,A,0.05,6,21,-0.31086331146754004
11,A,0.05,6,22,-0.43921488567665407
11,A,0.05,6,23,-0.5222609449402571
11,A,0.05,6,24,-0.34631790964500236
11,A,0.05,6,25,-0.41403230977486494
11,A,0.05,6,26,-0.3265217026194877
11,A,0.05,6,27,-0.558752113165925
11,A,0.05,6,28,-0.6186631867196255
11,A,0.05,6,29,-1.4098881680749786
11,A,0.05,7,0,-0.15032368553378933
11,A,0.05,7,1,-0.18096843881396973
11,A,0.05,7,2,-0.21271067892712936
11,A,0.05,7,3,-0.19722670360695463
11,A,0.05,7,4,0.2343563998727643
11,A,0.05,7,5,0.21604477795373442
11,A,0.05,7,6,0.21898954151676459
11,A,0.05,7,7,0.21330854967252952
11,A,0.05,7,8,0.02129894375569199
11,A,0.05,7,9,0.18512439049638993
11,A,0.05,7,10,0.05162327676840411
11,A,0.05,7,11,0.11906524358673759
11,A,0.05,7,12,0.4187077475383515
11,A,0.05,7,13,-0.11292865741681811
11,A,0.05,7,14,0.05058915751181352
11,A,0.05,7,15,0.31254497695227124
11,A,0.05,7,16,-0.6177589531112228
11,A,0.05,7,17,0.011815756127665323
11,A,0.05,7,18,0.597980524176651
11,A,0.05,7,19,-0.23905491213561234
11,A,0.05,7,20,-0.07001325020272804
11,A,0.05,7,21,-0.04074216007978251
11,A,0.05,7,22,0.8551945988295452
11,A,0.05,7,23,0.6025117258926913
11,A,0.05,7,24,-0.1552677701197327
11,A,0.05,7,25,-0.18748381742922565
11,A,0.05,7,26,-0.31152980868232605
11,A,0.05,7,27,-0.4416372212171441
11,A,0.05,7,28,0.05925625531339632
11,A,0.05,7,29,0.16915713440272812
11,A,0.05,8,0,-1.0859881243553733
11,A,0.05,8,1,-0.28246421287821266
11,A,0.05,8,2,-0.1482021367741694
11,A,0.05,8,3,0.0033247994698464324
11,A,0.05,8,4,-0.10596096325481086
11,A,0.05,8,5,-0.6024103138206742
11,A,0.05,8,6,-0.08234533350881958
11,A,0.05,8,7,-0.02098229147001769
11,A,0.05,8,8,-0.12638643485140524
11,A,0.05,8,9,-0.0909641161857519
11,A,0.05,8,10,-0.17976406753467017
11,A,0.05,8,11,-0.024909651440280522
11,A,0.05,8,12,-0.6015300008611115
11,A,0.05,8,13,0.1239947157158666
11,A,0.05,8,14,0.12185456463594027
11,A,0.05,8,15,-0.029842790613722622
11,A,0.05,8,16,0.26571585900923494
11,A,0.05,8,17,-0.14575026843468955
11,A,0.05,8,18,-0.06528393221142367
11,A,0.05,8,19,-0.09886869556551968
11,A,0.05,8,20,-1.15139657658818
11,A,0.05,8,21,-0.05348315465563514
11,A,0.05,8,22,0.02609781442424851
11,A,0.05,8,23,-0.09501233331373721
11,A,0.05,8,24,-0.18963798197876058
11,A,0.05,8,25,-0.26933376836159295
11,A,0.05,8,26,0.002244439928918888
11,A,0.05,8,27,-0.21933776582592301
11,A,0.05,8,28,-0.11732544615833154
11,A,0.05,8,29,-0.024511145430027886
11,A,0.05,9,0,1.1963752316565577
11,A,0.05,9,1,0.46379724599438116
11,A,0.05,9,2,0.7023557915269621
11,A,0.05,9,3,0.7266134860641495
11,A,0.05,9,4,0.7813169011846632
11,A,0.05,9,5,0.27354399083932646
11,A,0.05,9,6,1.0174150642854531
11,A,0.05,9,7,0.38558272466968435
11,A,0.05,9,8,0.6178051271585925
11,A,0.05,9,9,0.8611094567748588
11,A,0.05,9,10,0.7460930011695747
11,A,0.05,9,11,1.1560958751249826
11,A,0.05,9,12,1.0528744621898392
11,A,0.05,9,13,0.9492986248679167
11,A,0.05,9,14,0.8110073108619413
11,A,0.05,9,15,0.6765444045243018
11,A,0.05,9,16,0.7991642246703631
11,A,0.05,9,17,0.6471423867451029
11,A,0.05,9,18,0.362440184790536
11,A,0.05,9,19,0.5197240005434366
11,A,0.05,9,20,1.1451402810035263
11,A,0.05,9,21,0.4460709240206978
11,A,0.05,9,22,0.5428251107815839
11,A,0.05,9,23,0.6136351997051274
11,A,0.05,9,24,0.6299930065507793
11,A,0.05,9,25,0.8466171655397329
11,A,0.05,9,26,0.7681698714341565
11,A,0.05,9,27,0.6908351227867198
11,A,0.05,9,28,0.6344376892112605
11,A,0.05,9,29,0.41104654581807687
11,B,100,0,0,0.9192681337012869
11,B,100,0,1,0.7339167804650641
11,B,100,0,2,0.9847998638828226
11,B,100,0,3,0.8204638571428499
11,B,100,0,4,0.948343052644063
11,B,100,0,5,1.353251462078612
11,B,100,0,6,0.9196647365064722
11,B,100,0,7,1.2276287000983244
11,B,100,0,8,1.3045169729171622
11,B,100,0,9,1.1555914910032041
11,B,100,0,10,1.1543047747304929
11,B,100,0,11,0.8505889032330165
11,B,100,0,12,0.8543627662030359
11,B,100,0,13,1.2569075428742897
11,B,100,0,14,1.0000447945359887
11,B,100,0,15,1.1949285519474422
11,B,100,0,16,0.9032461484479435
11,B,100,0,17,1.084915275327463
11,B,100,0,18,0.7119785297004262
11,B,100,0,19,0.9858944127236509
11,B,100,0,20,0.9333504755835048
11,B,100,0,21,1.1174950993439559
11,B,100,0,22,0.8733022167359109
11,B,100,0,23,1.2164044307396242
11,B,100,0,24,0.8395104973181539
11,B,100,0,25,1.0112094564732073
11,B,100,0,26,1.3615954413949254
11,B,100,0,27,1.0595908236426905
11,B,100,0,28,0.8998925322344863
11,B,100,0,29,0.9278038456795027
11,B,100,1,0,0.9986616401972516
11,B,100,1,1,0.04980533787138653
11,B,100,1,2,0.4597076236051985
11,B,100,1,3,0.2130585809870358
11,B,100,1,4,0.4589978971386891
11,B,100,1,5,0.47367422573912027
11,B,100,1,6,0.3697606358169623
11,B,100,1,7,0.12208486246117092
11,B,100,1,8,1.3203695514926725
11,B,100,1,9,1.029433150396295
11,B,100,1,10,0.040300607175059594
11,B,100,1,11,0.9761089045476915
11,B,100,1,12,1.1293583085194847
11,B,100,1,13,-0.013407435653119928
11,B,100,1,14,0.036386094934090486
11,B,100,1,15,0.9876037202012502
11,B,100,1,16,1.5659395655069943
11,B,100,1,17,1.1922854249399204
11,B,100,1,18,1.1841320163304714
11,B,100,1,19,0.01927390743311424
11,B,100,1,20,0.03301436131096345
11,B,100,1,21,-0.0005725313583181046
11,B,100,1,22,0.4898892979512813
11,B,100,1,23,0.34638129083197944
11,B,100,1,24,-0.5907477058702717
11,B,100,1,25,0.6978981516330408
11,B,100,1,26,0.5905024960521524
11,B,100,1,27,0.022058685170023695
11,B,100,1,28,1.0528484525071984
11,B,100,1,29,0.5970715905241307
11,B,100,2,0,-0.2618209255035022
11,B,100,2,1,0.49523327263894096
11,B,100,2,2,0.22632963724210745
11,B,100,2,3,0.2497824113632872
11,B,100,2,4,0.2722740337631671
11,B,100,2,5,0.5071122830652349
11,B,100,2,6,0.7087710300158907
11,B,100,2,7,-0.019025864730553562
11,B,100,2,8,0.5831923767623713
11,B,100,2,9,0.3539030483692277
11,B,100,2,10,0.580310195845608
11,B,100,2,11,0.47111715801820636
11,B,100,2,12,0.2706681886028172
11,B,100,2,13,0.6020505027950175
11,B,100,2,14,0.40402691569624827
11,B,100,2,15,0.5547109241682011
11,B,100,2,16,0.3210261349566616
11,B,100,2,17,0.2623665196725294
11,B,100,2,18,0.234936979259163
11,B,100,2,19,0.8068089285129668
11,B,100,2,20,0.44498976020414943
11,B,100,2,21,0.5499360624415789
11,B,100,2,22,0.8810472448834066
11,B,100,2,23,1.0172367188759581
11,B,100,2,24,1.0843688484337066
11,B,100,2,25,0.8036985754452587
11,B,100,2,26,0.6797179445106325
11,B,100,2,27,0.4590221864742787
11,B,100,2,28,0.04982402975440008
11,B,100,2,29,0.5570137841851835
11,B,100,3,0,0.10947156859858533
11,B,100,3,1,0.03046591974939886
11,B,100,3,2,0.040843094320652064
11,B,100,3,3,0.29690472573764765
11,B,100,3,4,0.6296513224033063
11,B,100,3,5,0.04161408618903427
11,B,100,3,6,0.6146378982782982
11,B,100,3,7,0.4513019887464317
11,B,100,3,8,0.008705118327683739
11,B,100,3,9,-0.25585994317186467
11,B,100,3,10,0.057317356838389
11,B,100,3,11,-0.016540571142868978
11,B,100,3,12,-0.009187683124393813
11,B,100,3,13,0.14932371889613352
11,B,100,3,14,0.09806066366673293
11,B,100,3,15,0.3207152839577674
11,B,100,3,16,0.4872802634924852
11,B,100,3,17,0.20256797212593208
11,B,100,3,18,0.3691758161435778
11,B,100,3,19,0.04133597965528132
11,B,100,3,20,0.015836928372200833
11,B,100,3,21,0.25220841430502927
11,B,100,3,22,0.6186630345262092
11,B,100,3,23,-0.1815600842118837
11,B,100,3,24,-0.12052378385333457
11,B,100,3,25,0.1734372546703699
11,B,100,3,26,0.27955085663331386
11,B,100,3,27,0.12685246352601426
11,B,100,3,28,-0.06572570481327215
11,B,100,3,29,0.4168309267842432
11,B,100,4,0,-0.5798802634435055
11,B,100,4,1,-0.10356127086715844
11,B,100,4,2,-0.3775145801622239
11,B,100,4,3,-0.4013646826967814
11,B,100,4,4,-0.014743415021021625
11,B,100,4,5,-0.07107258822794237
11,B,100,4,6,-0.056221336505078254
11,B,100,4,7,-0.17459546400709244
11,B,100,4,8,-0.457424995483352
11,B,100,4,9,-0.21102951612939427
11,B,100,4,10,-0.08069136639655082
11,B,100,4,11,-0.191007510719291
11,B,100,4,12,-0.16665209618838825
11,B,100,4,13,-0.16380898286982198
11,B,100,4,14,-0.3066496812089414
11,B,100,4,15,0.3763863887037948
11,B,100,4,16,0.41372027139045847
11,B,100,4,17,-0.32500716542996105
11,B,100,4,18,0.3430851719022048
11,B,100,4,19,-0.4018125338656695
11,B,100,4,20,0.2728923537226637
11,B,100,4,21,0.1753360780200898
11,B,100,4,22,0.0997542686922573
11,B,100,4,23,-0.374317514520541
11,B,100,4,24,0.4802317288711807
11,B,100,4,25,-0.15173277648362798
11,B,100,4,26,-0.2812821621253712
11,B,100,4,27,0.20340668216769145
11,B,100,4,28,-0.28500093796044396
11,B,100,4,29,0.10853954363320638
11,B,100,5,0,-0.7324422561739931
11,B,100,5,1,-0.733737520321235
11,B,100,5,2,-0.6931676523670329
11,B,100,5,3,-0.9245396703466825
11,B,100,5,4,-0.6929571854852559
11,B,100,5,5,-0.7737020420635078
11,B,100,5,6,-0.7382537250900968
11,B,100,5,7,-0.6841706800828998
11,B,100,5,8,-0.7931775694541587
11,B,100,5,9,-0.5926083446126158
11,B,100,5,10,-0.6961956906138252
11,B,100,5,11,-0.7763014901283115
11,B,100,5,12,-0.895540008050862
11,B,100,5,13,-0.6338727394283443
11,B,100,5,14,-0.7988997574906372
11,B,100,5,15,-0.6627749951698094
11,B,100,5,16,-0.7749856315565681
11,B,100,5,17,-0.7722893135601892
11,B,100,5,18,-0.7362040784907136
11,B,100,5,19,-0.816135738214659
11,B,100,5,20,-0.6557562227351006
11,B,100,5,21,-0.6789184922816105
11,B,100,5,22,-0.7065772337569505
11,B,100,5,23,-0.8007193973423632
11,B,100,5,24,-0.8006068118850111
11,B,100,5,25,-0.8698490728309478
11,B,100,5,26,-0.7821716425621916
11,B,100,5,27,-0.7423385460622635
11,B,100,5,28,-0.7489423136114792
11,B,100,5,29,-0.7212463656557045
11,B,100,6,0,2.225755408731691
11,B,100,6,1,2.356739374707443
11,B,100,6,2,1.902045822314586
11,B,100,6,3,2.213784223780319
11,B,100,6,4,2.4698994563431484
11,B,100,6,5,2.577954919444685
11,B,100,6,6,2.258784162378047
11,B,100,6,7,2.168372468171903
11,B,100,6,8,2.280359145305643
11,B,100,6,9,2.37881917078883
11,B,100,6,10,2.4203321941716864
11,B,100,6,11,2.4867078659929924
11,B,100,6,12,2.3591476389872525
11,B,100,6,13,2.504875017876428
11,B,100,6,14,2.754731723179953
11,B,100,6,15,2.87703035204182
11,B,100,6,16,2.527291952654253
11,B,100,6,17,1.9847800951955366
11,B,100,6,18,2.0764833554199527
11,B,100,6,19,2.0732154322525687
11,B,100,6,20,1.613065055019628
11,B,100,6,21,2.666055692908818
11,B,100,6,22,1.8507983147272256
11,B,100,6,23,2.7936708986469125
11,B,100,6,24,2.129622442376822
11,B,100,6,25,2.2061760021456855
11,B,100,6,26,2.296906479333768
11,B,100,6,27,2.195943782913725
11,B,100,6,28,2.374994126106147
11,B,100,6,29,2.3072722588956713
11,B,100,7,0,-0.13741873695129758
11,B,100,7,1,-0.1862798314702262
11,B,100,7,2,-0.009566627967309938
11,B,100,7,3,0.14126703339021787
11,B,100,7,4,-0.0824455532495805
11,B,100,7,5,-0.13080287535471813
11,B,100,7,6,-1.4125795229178628
11,B,100,7,7,-0.17451220611255114
11,B,100,7,8,-0.0188143612366788
11,B,100,7,9,-0.15439313644016592
11,B,100,7,10,0.04180756986329566
11,B,100,7,11,-0.15387269577317605
11,B,100,7,12,-0.16548630945150053
11,B,100,7,13,-1.245825427401811
11,B,100,7,14,-0.04511695823398606
11,B,100,7,15,-0.14969745324427908
11,B,100,7,16,0.037411336482927604
11,B,100,7,17,-0.04363819991490936
11,B,100,7,18,-1.4659276826204777
11,B,100,7,19,-1.2910306962938383
11,B,100,7,20,0.05718873511484602
11,B,100,7,21,-0.008426863628091655
11,B,100,7,22,0.05590706391783724
11,B,100,7,23,-0.01175767713778537
11,B,100,7,24,-0.008496356254275944
11,B,100,7,25,-0.1404077410780611
11,B,100,7,26,-0.14842444376358868
11,B,100,7,27,-0.23902521739781757
11,B,100,7,28,-0.018582041727623448
11,B,100,7,29,-0.04345017803035023
11,B,100,8,0,-0.04378546900710765
11,B,100,8,1,0.06476579535138678
11,B,100,8,2,0.10266126763512126
11,B,100,8,3,-0.07994713030914644
11,B,100,8,4,0.30281179649465156
11,B,100,8,5,0.0331779112883977
11,B,100,8,6,-0.1096954542247234
11,B,100,8,7,0.018191721637333822
11,B,100,8,8,-0.0031008972452407127
11,B,100,8,9,0.14843978577545824
11,B,100,8,10,-0.2308187785541019
11,B,100,8,11,0.18992220116787958
11,B,100,8,12,0.14381596429416857
11,B,100,8,13,0.34425143632299865
11,B,100,8,14,0.1656417088713256
11,B,100,8,15,0.06182059916224366
11,B,100,8,16,-0.044844331421756825
11,B,100,8,17,0.3083714141289696
11,B,100,8,18,0.13213686855725307
11,B,100,8,19,0.1961413453673852
11,B,100,8,20,0.09594104540325113
11,B,100,8,21,0.14598388478093996
11,B,100,8,22,0.2158863482960321
11,B,100,8,23,-0.11280543220321945
11,B,100,8,24,0.5220037474208082
11,B,100,8,25,0.18666711429168575
11,B,100,8,26,0.2217402877294065
11,B,100,8,27,-0.15749683289504313
11,B,100,8,28,-0.20364973398027358
11,B,100,8,29,0.1615136780621075
11,B,100,9,0,-0.6010401073185406
11,B,100,9,1,-0.49035801514211025
11,B,100,9,2,-0.5403378275070846
11,B,100,9,3,-0.1809003873595201
11,B,100,9,4,-0.11089958501368599
11,B,100,9,5,-0.17846842014944325
11,B,100,9,6,-0.19868591463699473
11,B,100,9,7,0.3595585843518673
11,B,100,9,8,0.17791920780877335
11,B,100,9,9,0.12797038149016832
11,B,100,9,10,0.6790345782527153
11,B,100,9,11,0.30325270266824045
11,B,100,9,12,1.4261378060655143
11,B,100,9,13,0.9116194380860324
11,B,100,9,14,0.1051084146167157
11,B,100,9,15,1.426454276937347
11,B,100,9,16,-0.14569716759299348
11,B,100,9,17,1.373141773614264
11,B,100,9,18,-0.08238649504061756
11,B,100,9,19,1.3260341998041594
11,B,100,9,20,1.1352503686999047
11,B,100,9,21,1.5239033690080406
11,B,100,9,22,-0.23048057270560807
11,B,100,9,23,0.7660637648963434
11,B,100,9,24,0.8090246515897964
11,B,100,9,25,1.1950485878463895
11,B,100,9,26,1.3606137020008955
11,B,100,9,27,1.3831577740369894
11,B,100,9,28,0.9779584267589546
11,B,100,9,29,0.07278621103317957
12,A,0.05,0,0,-1.1786704006283266
12,A,0.05,0,1,-1.3041053801762954
12,A,0.05,0,2,-2.110373790534822
12,A,0.05,0,3,-0.9862234043132435
12,A,0.05,0,4,-1.6338200023974092
12,A,0.05,0,5,-1.2744014170326023
12,A,0.05,0,6,-1.1494697627988004
12,A,0.05,0,7,-1.3854930120575464
12,A,0.05,0,8,-1.4750197178084745
12,A,0.05,0,9,-1.7233857283887501
12,A,0.05,0,10,-1.9588227104559892
12,A,0.05,0,11,-1.0372405613336548
12,A,0.05,0,12,-1.647868348970973
12,A,0.05,0,13,-1.342736747717738
12,A,0.05,0,14,-1.2460913057610623
12,A,0.05,0,15,-1.41433974503642
12,A,0.05,0,16,-1.5621035522064877
12,A,0.05,0,17,-1.3135204581042268
12,A,0.05,0,18,-1.4654592243686122
12,A,0.05,0,19,-1.3045886807854428
12,A,0.05,0,20,-1.5036480538587236
12,A,0.05,0,21,-1.579808347330323
12,A,0.05,0,22,-1.3184834360839512
12,A,0.05,0,23,-1.288110060148539
12,A,0.05,0,24,-1.572846861005264
12,A,0.05,0,25,-1.3526052456513606
12,A,0.05,0,26,-1.4008981362559187
12,A,0.05,0,27,-1.625652407068742
12,A,0.05,0,28,-1.4290822536734662
12,A,0.05,0,29,-1.5208322242437746
12,A,0.05,1,0,-0.9621972790041844
12,A,0.05,1,1,-1.0127609919945675
12,A,0.05,1,2,-2.0868971309413262
12,A,0.05,1,3,-1.1809320421111702
12,A,0.05,1,4,-1.6014743640059497
12,A,0.05,1,5,-1.2317129873998116
12,A,0.05,1,6,-0.7278963052051419
12,A,0.05,1,7,-1.4050452393155968
12,A,0.05,1,8,-1.156601339632023
12,A,0.05,1,9,-0.9069320628048321
12,A,0.05,1,10,-0.7189463990547545
12,A,0.05,1,11,-0.9433371236654857
12,A,0.05,1,12,-1.2789488230798027
12,A,0.05,1,13,-1.0894648413694612
12,A,0.05,1,14,-0.7261752069741372
12,A,0.05,1,15,-1.0501810701877823
12,A,0.05,1,16,-1.5868082191139092
12,A,0.05,1,17,-0.690454150305172
12,A,0.05,1,18,-0.7933286348137409
12,A,0.05,1,19,-0.6790758040215266
12,A,0.05,1,20,-0.42710723377045995
12,A,0.05,1,21,-1.4639760451341381
12,A,0.05,1,22,-0.510602467448516
12,A,0.05,1,23,-0.14807432874158133
12,A,0.05,1,24,-0.7260124260044918
12,A,0.05,1,25,-0.3038128236146272
12,A,0.05,1,26,-1.502184299800767
12,A,0.05,1,27,-0.4074969235718323
12,A,0.05,1,28,-0.24960176032446235
12,A,0.05,1,29,-0.31818260272611354
12,A,0.05,2,0,0.3429338091218452
12,A,0.05,2,1,0.10336068647856454
12,A,0.05,2,2,-0.03489485665196201
12,A,0.05,2,3,0.21172243552070794
12,A,0.05,2,4,0.20393399489198172
12,A,0.05,2,5,-0.06559475115535898
12,A,0.05,2,6,0.21055937086000723
12,A,0.05,2,7,0.39484989078886173
12,A,0.05,2,8,0.4458383951668505
12,A,0.05,2,9,0.3089939134255692
12,A,0.05,2,10,0.17407779143481286
12,A,0.05,2,11,0.19325919030484742
12,A,0.05,2,12,0.23586727558489679
12,A,0.05,2,13,0.3234590530016024
12,A,0.05,2,14,0.26438682391457413
12,A,0.05,2,15,-0.238258325185405
12,A,0.05,2,16,0.07468242198041594
12,A,0.05,2,17,0.23352414477143574
12,A,0.05,2,18,0.32678478546750495
12,A,0.05,2,19,0.2674586795164224
12,A,0.05,2,20,0.21770488370233018
12,A,0.05,2,21,0.691116863567917
12,A,0.05,2,22,-0.05993034447376221
12,A,0.05,2,23,0.10257062222723648
12,A,0.05,2,24,0.34576295035403926
12,A,0.05,2,25,0.34981760137354184
12,A,0.05,2,26,0.21461336710341097
12,A,0.05,2,27,0.36135013239811076
12,A,0.05,2,28,0.3596814294166644
12,A,0.05,2,29,0.4105672471992858
12,A,0.05,3,0,0.6042019075557868
12,A,0.05,3,1,0.43278639197771895
12,A,0.05,3,2,0.5023820903274302
12,A,0.05,3,3,0.47113626138773446
12,A,0.05,3,4,0.3847538020691117
12,A,0.05,3,5,0.5411869271696946
12,A,0.05,3,6,0.5108759816914548
12,A,0.05,3,7,0.46684859326190603
12,A,0.05,3,8,0.41205406680381196
12,A,0.05,3,9,0.9337698137520559
12,A,0.05,3,10,0.5085160436368221
12,A,0.05,3,11,0.623129413673605
12,A,0.05,3,12,0.6686120053946302
12,A,0.05,3,13,0.4259925336248832
12,A,0.05,3,14,0.704422395951083
12,A,0.05,3,15,0.4489303214511436
12,A,0.05,3,16,0.4484621180187077
12,A,0.05,3,17,0.4126143970727719
12,A,0.05,3,18,0.5176829899966049
12,A,0.05,3,19,0.3620166629349878
12,A,0.05,3,20,0.2670295093515922
12,A,0.05,3,21,0.5155908756566572
12,A,0.05,3,22,0.4862620197797405
12,A,0.05,3,23,0.7208818525477404
12,A,0.05,3,24,0.5359871594119016
12,A,0.05,3,25,0.4858094867607066
12,A,0.05,3,26,0.5513139789071912
12,A,0.05,3,27,0.6130604679160598
12,A,0.05,3,28,0.47076902934873616
12,A,0.05,3,29,0.5576231180655746
12,A,0.05,4,0,0.2790346668885007
12,A,0.05,4,1,0.2712700546515021
12,A,0.05,4,2,0.35887227848375164
12,A,0.05,4,3,0.3561878641139617
12,A,0.05,4,4,0.3481868581170739
12,A,0.05,4,5,0.4237560165366981
12,A,0.05,4,6,0.39409457785478075
12,A,0.05,4,7,0.42862667595944554
12,A,0.05,4,8,0.2648727999703444
12,A,0.05,4,9,0.30194485707894503
12,A,0.05,4,10,0.22760729343229802
12,A,0.05,4,11,0.28235384763030175
12,A,0.05,4,12,0.3205507461292244
12,A,0.05,4,13,0.22112551506804926
12,A,0.05,4,14,0.3110509896590677
12,A,0.05,4,15,0.1603687933506647
12,A,0.05,4,16,0.21206422324795812
12,A,0.05,4,17,0.2594815385344524
12,A,0.05,4,18,0.31118071492150134
12,A,0.05,4,19,0.3507935412182849
12,A,0.05,4,20,0.28618662867043393
12,A,0.05,4,21,0.24512775071444
12,A,0.05,4,22,0.37771067195555774
12,A,0.05,4,23,0.2658001026916128
12,A,0.05,4,24,0.18442217674360284
12,A,0.05,4,25,0.3724443685846285
12,A,0.05,4,26,0.4062194832699869
12,A,0.05,4,27,0.4750663204470335
12,A,0.05,4,28,0.25814741092486676
12,A,0.05,4,29,0.16207603804010198
12,A,0.05,5,0,0.008425108645694651
12,A,0.05,5,1,0.7412317727203416
12,A,0.05,5,2,-0.10543814117437425
12,A,0.05,5,3,0.0913115486628481
12,A,0.05,5,4,0.1731092079991918
12,A,0.05,5,5,-0.19571582384815053
12,A,0.05,5,6,-0.17304761604013938
12,A,0.05,5,7,0.10127806360064619
12,A,0.05,5,8,-0.10088266724817935
12,A,0.05,5,9,-0.03742465128660763
12,A,0.05,5,10,-0.05417116019557508
12,A,0.05,5,11,-0.15922874275194973
12,A,0.05,5,12,-0.12035180537221728
12,A,0.05,5,13,0.04178641007695846
12,A,0.05,5,14,-0.11896821049142477
12,A,0.05,5,15,0.0718529859458751
12,A,0.05,5,16,0.1681574315685224
12,A,0.05,5,17,0.33255132746292976
12,A,0.05,5,18,0.29339628872016066
12,A,0.05,5,19,0.3925360108610081
12,A,0.05,5,20,-0.14349198352232076
12,A,0.05,5,21,0.027663109450458107
12,A,0.05,5,22,-0.20023771225698023
12,A,0.05,5,23,0.020678942528045155
12,A,0.05,5,24,0.51202763303519
12,A,0.05,5,25,-0.18919456054463324
12,A,0.05,5,26,0.053763799707303744
12,A,0.05,5,27,0.056833908730525275
12,A,0.05,5,28,-0.06062073471818445
12,A,0.05,5,29,-0.28066808464797377
12,A,0.05,6,0,-1.2238207423973981
12,A,0.05,6,1,-0.8122410833764451
12,A,0.05,6,2,-0.24594436713671763
12,A,0.05,6,3,-1.3825594036744189
12,A,0.05,6,4,-0.7112487452097406
12,A,0.05,6,5,-0.26776299959569244
12,A,0.05,6,6,-1.097544764079248
12,A,0.05,6,7,-2.002060782450543
12,A,0.05,6,8,-2.0431476741436887
12,A,0.05,6,9,-0.6889968136830134
12,A,0.05,6,10,-1.4954222964917556
12,A,0.05,6,11,-0.97741966905787
12,A,0.05,6,12,-1.0368112215843883
12,A,0.05,6,13,-0.28197082831473147
12,A,0.05,6,14,-0.5243884619608197
12,A,0.05,6,15,-1.6321055774333482
12,A,0.05,6,16,-0.5883764995598928
12,A,0.05,6,17,-0.6931149217010694
12,A,0.05,6,18,-1.6603253664663882
12,A,0.05,6,19,-0.5194913275831432
12,A,0.05,6,20,-1.4048977507081617
12,A,0.05,6,21,-1.1839395533140273
12,A,0.05,6,22,-0.6386983969114959
12,A,0.05,6,23,-0.1555630431970398
12,A,0.05,6,24,-0.8070522822221943
12,A,0.05,6,25,-0.9418197962523217
12,A,0.05,6,26,-0.4257753706465019
12,A,0.05,6,27,-1.8978667003932148
12,A,0.05,6,28,-2.1595091244926232
12,A,0.05,6,29,-1.1089041397224568
12,A,0.05,7,0,-0.011900931356219066
12,A,0.05,7,1,0.07327271405480679
12,A,0.05,7,2,0.03206501295510756
12,A,0.05,7,3,0.020534600239232155
12,A,0.05,7,4,-0.061488148787503506
12,A,0.05,7,5,-0.018271412136496367
12,A,0.05,7,6,0.0018503735043246144
12,A,0.05,7,7,-0.00926017275530754
12,A,0.05,7,8,-0.01610905447410583
12,A,0.05,7,9,-0.17338571340430914
12,A,0.05,7,10,-0.01470670689747791
12,A,0.05,7,11,-0.006085936562690361
12,A,0.05,7,12,-0.48072619241910985
12,A,0.05,7,13,0.1333917717585868
12,A,0.05,7,14,0.08023449610951668
12,A,0.05,7,15,0.11981853162883918
12,A,0.05,7,16,-0.011647795146399171
12,A,0.05,7,17,0.1010101949521022
12,A,0.05,7,18,0.0692024752369139
12,A,0.05,7,19,-0.026171423082418526
12,A,0.05,7,20,0.04824013937922776
12,A,0.05,7,21,0.1256975702843208
12,A,0.05,7,22,-0.064313863580735
12,A,0.05,7,23,0.007360945915262528
12,A,0.05,7,24,0.1381527611644289
12,A,0.05,7,25,-0.00267406415011644
12,A,0.05,7,26,0.004323316338192286
12,A,0.05,7,27,0.13648379204009695
12,A,0.05,7,28,0.031269594519871595
12,A,0.05,7,29,0.15752122175564515
12,A,0.05,8,0,-0.013610643140989021
12,A,0.05,8,1,0.017961260847170077
12,A,0.05,8,2,0.005058649081904274
12,A,0.05,8,3,0.05252399777445854
12,A,0.05,8,4,0.036875978954796405
12,A,0.05,8,5,0.10459970220502668
12,A,0.05,8,6,-0.32747773374529493
12,A,0.05,8,7,0.0066526897039965276
12,A,0.05,8,8,-0.016063317156338214
12,A,0.05,8,9,0.002768846208182224
12,A,0.05,8,10,-0.027667323783286214
12,A,0.05,8,11,0.0705378498989402
12,A,0.05,8,12,-0.11538440360244567
12,A,0.05,8,13,0.09769810212829873
12,A,0.05,8,14,0.007700030756512556
12,A,0.05,8,15,-0.2576113821241149
12,A,0.05,8,16,0.3510789831859418
12,A,0.05,8,17,-0.11041933970739058
12,A,0.05,8,18,-0.16783402162301625
12,A,0.05,8,19,0.27744664432628857
12,A,0.05,8,20,0.22498186388093333
12,A,0.05,8,21,-0.12960314028378994
12,A,0.05,8,22,-0.12160134718432565
12,A,0.05,8,23,0.1469561345761689
12,A,0.05,8,24,-0.010689073639813196
12,A,0.05,8,25,0.3387186011403867
12,A,0.05,8,26,-0.020560573373849072
12,A,0.05,8,27,0.12204475536261072
12,A,0.05,8,28,0.12724125651430346
12,A,0.05,8,29,0.21605248990333753
12,A,0.05,9,0,-0.1593849488029338
12,A,0.05,9,1,-0.011063135549192766
12,A,0.05,9,2,0.04586970412934346
12,A,0.05,9,3,0.019162003355015413
12,A,0.05,9,4,0.42786956104890245
12,A,0.05,9,5,0.22746630636728216
12,A,0.05,9,6,0.23965659588247443
12,A,0.05,9,7,0.5728613616043399
12,A,0.05,9,8,0.6570426964914752
12,A,0.05,9,9,0.5544735964067697
12,A,0.05,9,10,0.4514189445048476
12,A,0.05,9,11,0.7344513793217033
12,A,0.05,9,12,-0.23393905228027892
12,A,0.05,9,13,0.12009671430873618
12,A,0.05,9,14,-0.3505448829019789
12,A,0.05,9,15,0.27598652541316987
12,A,0.05,9,16,0.24454056069448046
12,A,0.05,9,17,0.04244069372013388
12,A,0.05,9,18,-0.19341870606796877
12,A,0.05,9,19,0.2046018057325532
12,A,0.05,9,20,0.20507699200484744
12,A,0.05,9,21,0.06934417884692727
12,A,0.05,9,22,0.004077283915751986
12,A,0.05,9,23,0.2732035182305576
12,A,0.05,9,24,-0.007313576001828333
12,A,0.05,9,25,-0.02992324859951088
12,A,0.05,9,26,0.18334786765487776
12,A,0.05,9,27,0.15453838162377453
12,A,0.05,9,28,0.07072052468604144
12,A,0.05,9,29,0.6641234403610252
12,B,100,0,0,0.24783535402907636
12,B,100,0,1,0.1081724863354121
12,B,100,0,2,0.41713977084811427
12,B,100,0,3,0.24673404170157764
12,B,100,0,4,0.3247753827525442
12,B,100,0,5,0.24825933503524547
12,B,100,0,6,0.2517296279167674
12,B,100,0,7,0.22876343090249496
12,B,100,0,8,0.11587443236049662
12,B,100,0,9,0.6309308637957458
12,B,100,0,10,0.14858316547201889
12,B,100,0,11,0.10865060526818146
12,B,100,0,12,0.21108805186370022
12,B,100,0,13,0.3587849676323844
12,B,100,0,14,-0.20330048627982975
12,B,100,0,15,0.22103209455428977
12,B,100,0,16,0.3014067726748703
12,B,100,0,17,0.054029509950634706
12,B,100,0,18,0.46924867752551475
12,B,100,0,19,0.06395862351959218
12,B,100,0,20,0.12462450446832851
12,B,100,0,21,0.7449119319667145
12,B,100,0,22,0.00813105511209793
12,B,100,0,23,0.32615398064321877
12,B,100,0,24,-0.01460975458283255
12,B,100,0,25,0.33770599791800887
12,B,100,0,26,0.1373578580124339
12,B,100,0,27,0.6085994686499541
12,B,100,0,28,0.16407239743603783
12,B,100,0,29,0.635333024602813
12,B,100,1,0,-1.1661629701694813
12,B,100,1,1,-0.5711711525299868
12,B,100,1,2,-1.1566073576987355
12,B,100,1,3,-0.9474476587922039
12,B,100,1,4,-0.7162762338087111
12,B,100,1,5,-1.4061945355708911
12,B,100,1,6,-1.1786790352063468
12,B,100,1,7,-0.9168039047579866
12,B,100,1,8,-0.5277679067901556
12,B,100,1,9,-0.2046589400571446
12,B,100,1,10,-0.4107652647692436
12,B,100,1,11,-0.5408662041985401
12,B,100,1,12,-0.6868253575920485
12,B,100,1,13,-0.5527213352187694
12,B,100,1,14,-0.49663399256423213
12,B,100,1,15,-0.6761411593505091
12,B,100,1,16,-0.6223489875614319
12,B,100,1,17,-0.49491863377490947
12,B,100,1,18,-0.541011485927754
12,B,100,1,19,-0.7746034215844176
12,B,100,1,20,-0.7765492178479263
12,B,100,1,21,-0.6032781161963612
12,B,100,1,22,-0.40000839235557867
12,B,100,1,23,-0.45584594111701365
12,B,100,1,24,-0.3059451957701462
12,B,100,1,25,-0.3132631816003845
12,B,100,1,26,-0.5125308493089291
12,B,100,1,27,-0.6670763725470199
12,B,100,1,28,-0.6051597277635048
12,B,100,1,29,-0.8033496899828373
12,B,100,2,0,-0.8685523934701382
12,B,100,2,1,-0.9051044713761034
12,B,100,2,2,-1.5740721583409603
12,B,100,2,3,-0.5435174002915079
12,B,100,2,4,-0.7677754796931252
12,B,100,2,5,-0.5930807484718595
12,B,100,2,6,-0.7221172637022547
12,B,100,2,7,-0.023961486210764292
12,B,100,2,8,-0.9384501118637527
12,B,100,2,9,-0.8004834557998575
12,B,100,2,10,-0.7061658031435252
12,B,100,2,11,-0.8365933842410778
12,B,100,2,12,-0.9885554151787207
12,B,100,2,13,-0.9306454876373804
12,B,100,2,14,-0.7889737477287216
12,B,100,2,15,-1.1201987707465413
12,B,100,2,16,-1.0220752944857316
12,B,100,2,17,-1.7225860983988361
12,B,100,2,18,-1.3547298934441259
12,B,100,2,19,-1.0465135884101477
12,B,100,2,20,-0.8489776302593691
12,B,100,2,21,-0.7132311123690894
12,B,100,2,22,-1.7138258185385042
12,B,100,2,23,-1.104155675589391
12,B,100,2,24,-0.6766465434341875
12,B,100,2,25,-1.1450328389941058
12,B,100,2,26,-0.6082324290927615
12,B,100,2,27,-1.3147352520932976
12,B,100,2,28,-0.885034507485717
12,B,100,2,29,-1.0441716606866536
12,B,100,3,0,0.0028110226751337764
12,B,100,3,1,0.7446735811673333
12,B,100,3,2,-0.008120159806300679
12,B,100,3,3,0.03458291205832624
12,B,100,3,4,0.28904547101261396
12,B,100,3,5,0.11623645845258204
12,B,100,3,6,0.3861996918798102
12,B,100,3,7,1.453850745393175
12,B,100,3,8,1.1754932728327945
12,B,100,3,9,0.9142470049301352
12,B,100,3,10,0.8084415300445933
12,B,100,3,11,0.733707083645792
12,B,100,3,12,1.4853869174298302
12,B,100,3,13,0.34545828387352806
12,B,100,3,14,1.642481360547104
12,B,100,3,15,1.3111719444697432
12,B,100,3,16,0.12588176375601481
12,B,100,3,17,0.5242015705108739
12,B,100,3,18,1.5133104868973244
12,B,100,3,19,1.2222616712479977
12,B,100,3,20,0.11908723259674352
12,B,100,3,21,1.102178675731949
12,B,100,3,22,1.3298670512664899
12,B,100,3,23,0.014117041342688513
12,B,100,3,24,1.2450384688117972
12,B,100,3,25,1.613078586325475
12,B,100,3,26,1.422288111474885
12,B,100,3,27,0.05260929858330507
12,B,100,3,28,1.3189753192960132
12,B,100,3,29,1.4534304616728764
12,B,100,4,0,-0.01645821270714234
12,B,100,4,1,-0.02896544200474957
12,B,100,4,2,0.06667945519593098
12,B,100,4,3,-0.2009201204781898
12,B,100,4,4,-0.12258118733506726
12,B,100,4,5,-0.020047713042842877
12,B,100,4,6,-0.5708214107988229
12,B,100,4,7,-0.3321761630113972
12,B,100,4,8,-0.3691905758195476
12,B,100,4,9,-0.09943937085655932
12,B,100,4,10,0.18254297231888755
12,B,100,4,11,0.006389248874199908
12,B,100,4,12,0.07690791171907457
12,B,100,4,13,0.149633871668098
12,B,100,4,14,0.20717552452890528
12,B,100,4,15,-0.03202130593570396
12,B,100,4,16,0.2505063074964281
12,B,100,4,17,-0.6000914222794519
12,B,100,4,18,0.1826596344578096
12,B,100,4,19,-0.07535757633539673
12,B,100,4,20,0.07416623115873516
12,B,100,4,21,-0.5169681001183213
12,B,100,4,22,-0.2611642558516905
12,B,100,4,23,0.08665541993039101
12,B,100,4,24,-0.0667989386355942
12,B,100,4,25,-0.5463378913751895
12,B,100,4,26,-0.296777775558824
12,B,100,4,27,-0.3181201574346224
12,B,100,4,28,0.12845053691291283
12,B,100,4,29,-0.01984524236087393
12,B,100,5,0,1.8765667558147063
12,B,100,5,1,1.5091368748764369
12,B,100,5,2,1.9362728823292608
12,B,100,5,3,2.307442382433678
12,B,100,5,4,2.404495310916305
12,B,100,5,5,2.1427872763410796
12,B,100,5,6,1.8338163549634237
12,B,100,5,7,1.953200722954663
12,B,100,5,8,1.7433748445017314
12,B,100,5,9,2.372877533072015
12,B,100,5,10,2.4243410194483674
12,B,100,5,11,1.9941985451527322
12,B,100,5,12,1.5936076141881084
12,B,100,5,13,2.526502476103655
12,B,100,5,14,1.2077037973762554
12,B,100,5,15,1.9495757403843823
12,B,100,5,16,2.384885111782486
12,B,100,5,17,0.9600595555827588
12,B,100,5,18,2.1167824158336823
12,B,100,5,19,2.2018375776603825
12,B,100,5,20,1.7915335286303413
12,B,100,5,21,1.4133629673660855
12,B,100,5,22,2.3087421483738204
12,B,100,5,23,1.9314845052538727
12,B,100,5,24,1.5449028542069962
12,B,100,5,25,2.074750888830326
12,B,100,5,26,2.0770642940223585
12,B,100,5,27,0.5516682049624916
12,B,100,5,28,0.15946337898314417
12,B,100,5,29,2.5641033680412306
12,B,100,6,0,-0.05746104248296503
12,B,100,6,1,-0.4421604163171928
12,B,100,6,2,-0.3264407871161719
12,B,100,6,3,-0.3153617118949274
12,B,100,6,4,-0.3837238204389443
12,B,100,6,5,-0.11078528830711486
12,B,100,6,6,-0.5456994571016868
12,B,100,6,7,-0.5667343417621717
12,B,100,6,8,-0.03457590102415901
12,B,100,6,9,-0.3707816734716164
12,B,100,6,10,-0.1813662487374555
12,B,100,6,11,-0.5302225434613299
12,B,100,6,12,-0.544196028926769
12,B,100,6,13,-0.4804690289128679
12,B,100,6,14,-0.39197571727434816
12,B,100,6,15,-0.21777150946184845
12,B,100,6,16,-0.19775188005051922
12,B,100,6,17,-0.39324660831317954
12,B,100,6,18,-0.5640353559323923
12,B,100,6,19,-0.4156641736351312
12,B,100,6,20,-0.5968639114951747
12,B,100,6,21,-0.4473225926277192
12,B,100,6,22,-0.4515364567621948
12,B,100,6,23,-0.5256327313335907
12,B,100,6,24,-0.19529990112541673
12,B,100,6,25,-0.3757238346741388
12,B,100,6,26,-0.5037170191434497
12,B,100,6,27,-0.340971978449484
12,B,100,6,28,-0.2800639836802982
12,B,100,6,29,-0.3209085007749297
12,B,100,7,0,-0.2869346941906664
12,B,100,7,1,-0.5077792192452847
12,B,100,7,2,-0.5981272060386283
12,B,100,7,3,-0.8525580376953693
12,B,100,7,4,-0.5461100282303697
12,B,100,7,5,-0.33436229645061644
12,B,100,7,6,-0.3864137148781635
12,B,100,7,7,-0.9124702391165339
12,B,100,7,8,-0.11541236676303902
12,B,100,7,9,-0.3056741269169551
12,B,100,7,10,-0.03585400872767531
12,B,100,7,11,-0.1572224845102775
12,B,100,7,12,0.15811877978641242
12,B,100,7,13,-1.3905182953190287
12,B,100,7,14,-0.27281535917515426
12,B,100,7,15,-0.3428018117653772
12,B,100,7,16,0.23433797981778387
12,B,100,7,17,0.2824667743308483
12,B,100,7,18,-0.39719205732471813
12,B,100,7,19,0.12003537139087175
12,B,100,7,20,-0.17872955630588402
12,B,100,7,21,-0.5280266665301339
12,B,100,7,22,-0.2473417952796657
12,B,100,7,23,0.0734295291950851
12,B,100,7,24,-0.13865365057347767
12,B,100,7,25,-0.00207745983691807
12,B,100,7,26,-0.14251248402204944
12,B,100,7,27,-0.4257178576514697
12,B,100,7,28,-0.2847837312588656
12,B,100,7,29,-0.2162715421532683
12,B,100,8,0,-0.4595972763910357
12,B,100,8,1,-0.6440523660162509
12,B,100,8,2,-0.18899691020489667
12,B,100,8,3,-0.2754613422897591
12,B,100,8,4,-0.3513409386826318
12,B,100,8,5,-0.4496249646022957
12,B,100,8,6,-0.0878785200510806
12,B,100,8,7,-0.5203751698403901
12,B,100,8,8,-0.32975623586080643
12,B,100,8,9,-0.5877347098038914
12,B,100,8,10,-0.2180509873133566
12,B,100,8,11,-0.19077083966853248
12,B,100,8,12,-0.4347689450783636
12,B,100,8,13,-0.2272845625428427
12,B,100,8,14,-0.023665952737120494
12,B,100,8,15,-0.013630335396781771
12,B,100,8,16,-0.2127039387476448
12,B,100,8,17,-0.04364869114427235
12,B,100,8,18,-0.4641545387652991
12,B,100,8,19,-0.29731118278238244
12,B,100,8,20,-0.21036144493895859
12,B,100,8,21,-0.3532636650923709
12,B,100,8,22,-0.14784887566062158
12,B,100,8,23,0.04585800714305609
12,B,100,8,24,-0.5813393380979122
12,B,100,8,25,-0.39520012500136914
12,B,100,8,26,-0.21501147972778145
12,B,100,8,27,-0.6010769765927418
12,B,100,8,28,-0.22820822626580162
12,B,100,8,29,0.05377871761971404
12,B,100,9,0,0.1124662304489656
12,B,100,9,1,-0.0172300576780717
12,B,100,9,2,0.2770954296744844
12,B,100,9,3,-0.026239777404379
12,B,100,9,4,-0.36050394438667394
12,B,100,9,5,-0.24617631046648186
12,B,100,9,6,0.31908777524514326
12,B,100,9,7,0.24101123358209575
12,B,100,9,8,0.12690589913991718
12,B,100,9,9,0.013917585877354225
12,B,100,9,10,0.07743532103483063
12,B,100,9,11,0.01785828757781759
12,B,100,9,12,-0.03931237115853824
12,B,100,9,13,0.19437165061813716
12,B,100,9,14,0.2025961637172171
12,B,100,9,15,0.3886350983525949
12,B,100,9,16,-0.0020627947956754888
12,B,100,9,17,0.17423650822944117
12,B,100,9,18,0.3166873516099078
12,B,100,9,19,0.9537543777423961
12,B,100,9,20,-0.23649638436386805
12,B,100,9,21,0.2800578522696592
12,B,100,9,22,0.6317191494404253
12,B,100,9,23,-0.1590521746810527
12,B,100,9,24,0.5228513221271145
12,B,100,9,25,0.8768599054916458
12,B,100,9,26,0.6871992575713969
12,B,100,9,27,0.4751289955260002
12,B,100,9,28,0.5691913986559067
12,B,100,9,29,0.40696149661149617
13,A,0.05,0,0,0.4590061053053569
13,A,0.05,0,1,0.5314533985074351
13,A,0.05,0,2,0.4613398613247206
13,A,0.05,0,3,0.4145788298333924
13,A,0.05,0,4,0.4742741563305281
13,A,0.05,0,5,0.5305624602323301
13,A,0.05,0,6,0.47506101458081545
13,A,0.05,0,7,0.5660040897871703
13,A,0.05,0,8,0.7318155649083092
13,A,0.05,0,9,0.5239628379714183
13,A,0.05,0,10,0.6768801490207711
13,A,0.05,0,11,0.3428398705856851
13,A,0.05,0,12,0.3481801884699948
13,A,0.05,0,13,0.38597399024496853
13,A,0.05,0,14,0.38461389937015317
13,A,0.05,0,15,0.5449523653318931
13,A,0.05,0,16,0.4858084266276534
13,A,0.05,0,17,0.3621583371963499
13,A,0.05,0,18,0.436450836625901
13,A,0.05,0,19,0.3281005247429571
13,A,0.05,0,20,0.5596713837395338
13,A,0.05,0,21,0.6016292722015824
13,A,0.05,0,22,0.5026581940130876
13,A,0.05,0,23,0.5355699877193935
13,A,0.05,0,24,0.5443719198410654
13,A,0.05,0,25,0.5022174627682676
13,A,0.05,0,26,0.6339217874568269
13,A,0.05,0,27,0.6841484652226993
13,A,0.05,0,28,0.34541597089824305
13,A,0.05,0,29,0.8895671053054017
13,A,0.05,1,0,0.3214800549996243
13,A,0.05,1,1,0.435244181967261
13,A,0.05,1,2,0.45015831716234256
13,A,0.05,1,3,0.5190260978953285
13,A,0.05,1,4,0.4803396699350208
13,A,0.05,1,5,0.5527144490817597
13,A,0.05,1,6,0.8305922529378571
13,A,0.05,1,7,0.868342536749173
13,A,0.05,1,8,0.6519256900662623
13,A,0.05,1,9,0.5958207205169588
13,A,0.05,1,10,0.43086722082904316
13,A,0.05,1,11,0.5500713001821187
13,A,0.05,1,12,0.7108111134993678
13,A,0.05,1,13,0.5453441068242603
13,A,0.05,1,14,0.5962773106839041
13,A,0.05,1,15,0.9059241513594741
13,A,0.05,1,16,0.2373313161762059
13,A,0.05,1,17,0.7303854798698021
13,A,0.05,1,18,0.46457184204537477
13,A,0.05,1,19,0.831541679904362
13,A,0.05,1,20,0.7060649239073213
13,A,0.05,1,21,0.3453604863711196
13,A,0.05,1,22,0.7454456766517485
13,A,0.05,1,23,0.5522979133160137
13,A,0.05,1,24,0.519006957327595
13,A,0.05,1,25,0.43206061222319836
13,A,0.05,1,26,0.6012080333824605
13,A,0.05,1,27,1.0539283109631226
13,A,0.05,1,28,0.7468682477927477
13,A,0.05,1,29,0.8240076145274875
13,A,0.05,2,0,0.12003079111439155
13,A,0.05,2,1,0.24654518012181045
13,A,0.05,2,2,0.5458079485777758
13,A,0.05,2,3,0.5999281594678432
13,A,0.05,2,4,0.6382365905991135
13,A,0.05,2,5,0.3939995760804223
13,A,0.05,2,6,0.9983501889775535
13,A,0.05,2,7,0.8211516086659869
13,A,0.05,2,8,0.9281755328817926
13,A,0.05,2,9,1.638183641346516
13,A,0.05,2,10,1.110989141977495
13,A,0.05,2,11,0.6985970290144237
13,A,0.05,2,12,1.2835659667672221
13,A,0.05,2,13,1.18640271236219
13,A,0.05,2,14,0.7903906816348312
13,A,0.05,2,15,1.6331247232662687
13,A,0.05,2,16,1.343145637914198
13,A,0.05,2,17,1.1583372299812367
13,A,0.05,2,18,0.8309983408219435
13,A,0.05,2,19,0.5601607947297039
13,A,0.05,2,20,1.389891245465193
13,A,0.05,2,21,1.075171074599156
13,A,0.05,2,22,1.0049637282083748
13,A,0.05,2,23,0.6578769341443096
13,A,0.05,2,24,1.4477097222976714
13,A,0.05,2,25,0.7151188209045608
13,A,0.05,2,26,1.4569860339367149
13,A,0.05,2,27,1.2052903361486709
13,A,0.05,2,28,0.034910827729060304
13,A,0.05,2,29,0.8098154311810896
13,A,0.05,3,0,-0.0006527174026625789
13,A,0.05,3,1,0.05495284301309573
13,A,0.05,3,2,0.2497109463779262
13,A,0.05,3,3,0.4731979067769441
13,A,0.05,3,4,0.6121649786672639
13,A,0.05,3,5,0.4152930494148668
13,A,0.05,3,6,0.5669786780874608
13,A,0.05,3,7,0.04718488544269676
13,A,0.05,3,8,-0.007371866353062252
13,A,0.05,3,9,0.2908035782285747
13,A,0.05,3,10,0.5095425062605082
13,A,0.05,3,11,0.40386416722778556
13,A,0.05,3,12,0.2755894225445046
13,A,0.05,3,13,0.3284607817257706
13,A,0.05,3,14,0.3426563290418782
13,A,0.05,3,15,0.41728443935970433
13,A,0.05,3,16,0.4695361941504963
13,A,0.05,3,17,0.4032101247065268
13,A,0.05,3,18,0.2806506403484467
13,A,0.05,3,19,0.3360715471039829
13,A,0.05,3,20,0.18914123699825286
13,A,0.05,3,21,0.28925775683001825
13,A,0.05,3,22,0.36069481925697533
13,A,0.05,3,23,0.5085703893475174
13,A,0.05,3,24,0.36817883455166056
13,A,0.05,3,25,0.4947496247191982
13,A,0.05,3,26,0.24254040298904786
13,A,0.05,3,27,0.4359368655464506
13,A,0.05,3,28,0.21917779807392046
13,A,0.05,3,29,0.3667192974235861
13,A,0.05,4,0,-0.260771081556277
13,A,0.05,4,1,-0.056850586931205566
13,A,0.05,4,2,-0.1868463143479803
13,A,0.05,4,3,-0.3018399112582165
13,A,0.05,4,4,-0.12449232547511593
13,A,0.05,4,5,-0.3072613011272583
13,A,0.05,4,6,-0.08724880647033487
13,A,0.05,4,7,-0.21101561337839037
13,A,0.05,4,8,0.07911029841570888
13,A,0.05,4,9,-0.23362542291285007
13,A,0.05,4,10,0.017453615221444424
13,A,0.05,4,11,-0.3057013966882978
13,A,0.05,4,12,-0.24059179445103404
13,A,0.05,4,13,-0.47254676398918694
13,A,0.05,4,14,0.05430817539481335
13,A,0.05,4,15,-0.0362182167846199
13,A,0.05,4,16,-0.30597778956149174
13,A,0.05,4,17,-0.2854627645552206
13,A,0.05,4,18,-0.3927133618002597
13,A,0.05,4,19,-0.1731299613731826
13,A,0.05,4,20,-0.04412844222080366
13,A,0.05,4,21,-0.5407208371037339
13,A,0.05,4,22,-0.10788464468863182
13,A,0.05,4,23,-0.4781465427070466
13,A,0.05,4,24,-0.26167514072945464
13,A,0.05,4,25,-0.22970567516614399
13,A,0.05,4,26,-0.012073835545938907
13,A,0.05,4,27,-0.38464085723330615
13,A,0.05,4,28,-0.4107945493286732
13,A,0.05,4,29,-0.23905503007860535
13,A,0.05,5,0,0.5935629554271199
13,A,0.05,5,1,0.49496917531736423
13,A,0.05,5,2,0.40038584068983474
13,A,0.05,5,3,0.2620563977157139
13,A,0.05,5,4,0.3369802695260477
13,A,0.05,5,5,0.24516059497298293
13,A,0.05,5,6,0.6562802459681883
13,A,0.05,5,7,-0.13136307959572602
13,A,0.05,5,8,0.26587551608681037
13,A,0.05,5,9,0.33461300008686373
13,A,0.05,5,10,0.5064044784170336
13,A,0.05,5,11,0.2933971827374143
13,A,0.05,5,12,0.13436273601610776
13,A,0.05,5,13,0.42736277053743926
13,A,0.05,5,14,0.33262085371460565
13,A,0.05,5,15,0.40516054466084706
13,A,0.05,5,16,0.31804345285725816
13,A,0.05,5,17,0.56069462468553
13,A,0.05,5,18,0.08715574439165479
13,A,0.05,5,19,0.3043797763992649
13,A,0.05,5,20,-0.03450974693179537
13,A,0.05,5,21,0.3755640853228448
13,A,0.05,5,22,0.24071199433196502
13,A,0.05,5,23,0.14244459357123773
13,A,0.05,5,24,0.3955828542388724
13,A,0.05,5,25,0.14792807000600422
13,A,0.05,5,26,0.5491054009182303
13,A,0.05,5,27,0.537860763715712
13,A,0.05,5,28,0.5208288637772074
13,A,0.05,5,29,-0.0928569475006918
13,A,0.05,6,0,1.950002964357765
13,A,0.05,6,1,1.359189605050648
13,A,0.05,6,2,1.8200921397458782
13,A,0.05,6,3,1.8491510786002008
13,A,0.05,6,4,1.8967546142339113
13,A,0.05,6,5,1.9427321558057795
13,A,0.05,6,6,1.9448992454258938
13,A,0.05,6,7,2.484626174463149
13,A,0.05,6,8,1.5913608952563583
13,A,0.05,6,9,2.670100962885619
13,A,0.05,6,10,1.9579081055309513
13,A,0.05,6,11,1.7404039601168024
13,A,0.05,6,12,2.295585519279157
13,A,0.05,6,13,2.3166065478595934
13,A,0.05,6,14,1.574682161314397
13,A,0.05,6,15,2.3730314994384716
13,A,0.05,6,16,1.7759525542227652
13,A,0.05,6,17,2.153871430972008
13,A,0.05,6,18,2.0299365931035336
13,A,0.05,6,19,1.8005826707022201
13,A,0.05,6,20,2.0768844885076567
13,A,0.05,6,21,2.101623862623332
13,A,0.05,6,22,1.7859656401680761
13,A,0.05,6,23,1.3426611398726778
13,A,0.05,6,24,2.099812528764121
13,A,0.05,6,25,2.0179162999250613
13,A,0.05,6,26,1.4742027383454004
13,A,0.05,6,27,1.9478360110247308
13,A,0.05,6,28,2.1275277862095665
13,A,0.05,6,29,2.0648911881303627
13,A,0.05,7,0,0.9583366853854992
13,A,0.05,7,1,0.7034666093749593
13,A,0.05,7,2,0.9038073713920024
13,A,0.05,7,3,0.9836722259010725
13,A,0.05,7,4,1.282518761116866
13,A,0.05,7,5,1.0129853557748187
13,A,0.05,7,6,1.2097627140282745
13,A,0.05,7,7,0.815914354903402
13,A,0.05,7,8,0.9060587062248511
13,A,0.05,7,9,1.0670873512382326
13,A,0.05,7,10,0.7864561405030379
13,A,0.05,7,11,0.7958902863693871
13,A,0.05,7,12,1.1686240687280425
13,A,0.05,7,13,0.9730441317295117
13,A,0.05,7,14,0.34266749269095653
13,A,0.05,7,15,0.6774424778911031
13,A,0.05,7,16,0.7584404172525697
13,A,0.05,7,17,0.900489010372448
13,A,0.05,7,18,0.7041517871241795
13,A,0.05,7,19,0.6220296150271731
13,A,0.05,7,20,0.9416601470495385
13,A,0.05,7,21,0.4182863648293192
13,A,0.05,7,22,0.8773895765138224
13,A,0.05,7,23,0.8012261927021394
13,A,0.05,7,24,0.9148139402468165
13,A,0.05,7,25,0.6708821108998997
13,A,0.05,7,26,0.8321299259654247
13,A,0.05,7,27,1.1252913985653155
13,A,0.05,7,28,0.8783546508814875
13,A,0.05,7,29,0.6475004448321235
13,A,0.05,8,0,0.7909008941872658
13,A,0.05,8,1,0.15229691955211727
13,A,0.05,8,2,0.5465239246293887
13,A,0.05,8,3,0.1116031940737511
13,A,0.05,8,4,0.12788033501194793
13,A,0.05,8,5,0.34642973043073444
13,A,0.05,8,6,-0.7936110800889992
13,A,0.05,8,7,-0.7369511573557647
13,A,0.05,8,8,0.8865270246406547
13,A,0.05,8,9,0.08777199724122102
13,A,0.05,8,10,0.7349470171038915
13,A,0.05,8,11,0.2365922463585127
13,A,0.05,8,12,-0.2694534026292978
13,A,0.05,8,13,0.4502354386402806
13,A,0.05,8,14,1.04946454686694
13,A,0.05,8,15,-0.09345695536921352
13,A,0.05,8,16,0.38886097886087423
13,A,0.05,8,17,-0.1871788210006678
13,A,0.05,8,18,0.7807936125178312
13,A,0.05,8,19,0.20190788771274826
13,A,0.05,8,20,1.6217250166797148
13,A,0.05,8,21,0.5138463529763515
13,A,0.05,8,22,0.17249178622746508
13,A,0.05,8,23,0.8180090588839807
13,A,0.05,8,24,0.0518636378315786
13,A,0.05,8,25,1.3358646709243525
13,A,0.05,8,26,1.2828378513948402
13,A,0.05,8,27,-0.1381079614081978
13,A,0.05,8,28,0.14613490941835955
13,A,0.05,8,29,1.1954859523108041
13,A,0.05,9,0,-0.2879464951308152
13,A,0.05,9,1,-0.46965239352985927
13,A,0.05,9,2,-0.5332172692049265
13,A,0.05,9,3,-0.44814864668611254
13,A,0.05,9,4,-0.46161318653825373
13,A,0.05,9,5,-0.35512513537611207
13,A,0.05,9,6,-0.14345644697753585
13,A,0.05,9,7,-0.4972262567630874
13,A,0.05,9,8,-0.550577898030701
13,A,0.05,9,9,-0.5784951005106291
13,A,0.05,9,10,-0.15233000874036393
13,A,0.05,9,11,-0.3608688467279447
13,A,0.05,9,12,-0.5314124852016089
13,A,0.05,9,13,0.09134183359278411
13,A,0.05,9,14,-0.30893045968494803
13,A,0.05,9,15,-0.29675549577677085
13,A,0.05,9,16,-0.6070136297509489
13,A,0.05,9,17,-0.454486818353239
13,A,0.05,9,18,-0.29421296810105596
13,A,0.05,9,19,-0.4938902896614192
13,A,0.05,9,20,-0.2877229404336086
13,A,0.05,9,21,-0.4949572536733718
13,A,0.05,9,22,0.019545493382873612
13,A,0.05,9,23,-0.4240117872633083
13,A,0.05,9,24,-0.4498542370014327
13,A,0.05,9,25,-0.2088967757738164
13,A,0.05,9,26,-0.034893812424507745
13,A,0.05,9,27,-0.5689552794208308
13,A,0.05,9,28,-0.23662119214576866
13,A,0.05,9,29,-0.2824731561558556
13,B,100,0,0,1.1853416784234359
13,B,100,0,1,1.046373399429674
13,B,100,0,2,1.3601723923250824
13,B,100,0,3,0.31980832936433634
13,B,100,0,4,0.44529072821672566
13,B,100,0,5,1.0790483632531387
13,B,100,0,6,1.2600087818501036
13,B,100,0,7,1.2338561746438081
13,B,100,0,8,0.5027534312647258
13,B,100,0,9,1.1877892836465538
13,B,100,0,10,0.7135354454210928
13,B,100,0,11,1.6721367860354823
13,B,100,0,12,1.0095747855009776
13,B,100,0,13,2.2711611750667045
13,B,100,0,14,0.2382084925665336
13,B,100,0,15,1.3275651417965195
13,B,100,0,16,1.9375076963766034
13,B,100,0,17,1.6125577748573556
13,B,100,0,18,1.7507207005762937
13,B,100,0,19,0.5955676280547505
13,B,100,0,20,1.8098436643926112
13,B,100,0,21,1.156445774448005
13,B,100,0,22,1.0044556492478571
13,B,100,0,23,2.338591617717416
13,B,100,0,24,1.8466872455009082
13,B,100,0,25,0.4648033244423002
13,B,100,0,26,1.5541951414276924
13,B,100,0,27,2.051740223721755
13,B,100,0,28,1.1750827393174927
13,B,100,0,29,0.28645476061537517
13,B,100,1,0,-0.5931213297064549
13,B,100,1,1,-0.8157415568227683
13,B,100,1,2,-1.1911291465447351
13,B,100,1,3,-0.7084488904223101
13,B,100,1,4,-0.5424418081658218
13,B,100,1,5,-1.4448105840293752
13,B,100,1,6,-0.5724245090645738
13,B,100,1,7,-0.7955518603424232
13,B,100,1,8,-0.6787567924600892
13,B,100,1,9,-0.46670245560745255
13,B,100,1,10,-0.956440015457964
13,B,100,1,11,-0.5444173262897455
13,B,100,1,12,-0.42619063531767454
13,B,100,1,13,-0.5781441160205054
13,B,100,1,14,-0.7194510480325079
13,B,100,1,15,-0.8753416395453243
13,B,100,1,16,-0.17617138439025204
13,B,100,1,17,-0.9292331610695065
13,B,100,1,18,-0.4833394509303534
13,B,100,1,19,-0.600262595134275
13,B,100,1,20,-0.3003038449802615
13,B,100,1,21,-0.26360059825617677
13,B,100,1,22,-0.2822214495267741
13,B,100,1,23,-0.156208173949167
13,B,100,1,24,-0.9392571562133638
13,B,100,1,25,-0.6554970392286529
13,B,100,1,26,0.022971825070973357
13,B,100,1,27,-0.6170638817833187
13,B,100,1,28,-0.5394484561237117
13,B,100,1,29,-0.3530750730879359
13,B,100,2,0,1.5394120147888377
13,B,100,2,1,1.4480367730349697
13,B,100,2,2,1.3388745818446246
13,B,100,2,3,1.098037316886037
13,B,100,2,4,1.3611401380090422
13,B,100,2,5,1.234740832365968
13,B,100,2,6,1.4792588389621433
13,B,100,2,7,1.4003009276855876
13,B,100,2,8,1.4582822825005142
13,B,100,2,9,1.1295437477884365
13,B,100,2,10,1.3763533637221363
13,B,100,2,11,0.845712403974704
13,B,100,2,12,1.1766255211196457
13,B,100,2,13,0.6850470239954437
13,B,100,2,14,1.0863781039464637
13,B,100,2,15,1.6406039423780596
13,B,100,2,16,0.9263353643391176
13,B,100,2,17,1.3354620367755874
13,B,100,2,18,1.0371637346726148
13,B,100,2,19,1.1072335512377078
13,B,100,2,20,1.4244438167823303
13,B,100,2,21,1.2894476118182538
13,B,100,2,22,1.4538333135946637
13,B,100,2,23,1.5140085663074834
13,B,100,2,24,1.54386882934491
13,B,100,2,25,1.2319601472661927
13,B,100,2,26,1.7410540578725129
13,B,100,2,27,1.4942702211109795
13,B,100,2,28,1.2867214046121043
13,B,100,2,29,1.704957769308148
13,B,100,3,0,0.3433286424613221
13,B,100,3,1,0.31912268244508024
13,B,100,3,2,-0.24774918373727692
13,B,100,3,3,0.27164866144467703
13,B,100,3,4,-0.4711503383859634
13,B,100,3,5,0.030465305134881687
13,B,100,3,6,0.6251605513458448
13,B,100,3,7,0.957920614756428
13,B,100,3,8,0.3906471926007484
13,B,100,3,9,0.5915515936776984
13,B,100,3,10,0.5214921531334037
13,B,100,3,11,0.2039557335598772
13,B,100,3,12,0.23035254113124765
13,B,100,3,13,0.6347939058464198
13,B,100,3,14,0.4138623715006353
13,B,100,3,15,-0.10865938782812677
13,B,100,3,16,0.1725996039104976
13,B,100,3,17,-0.1370983697897381
13,B,100,3,18,0.21722219303131632
13,B,100,3,19,0.7714577891038126
13,B,100,3,20,0.7761876924238699
13,B,100,3,21,0.5476427702474805
13,B,100,3,22,0.42496870824683836
13,B,100,3,23,0.46779533512643623
13,B,100,3,24,-0.2151591389509104
13,B,100,3,25,-0.05525023958825367
13,B,100,3,26,0.4460425212232728
13,B,100,3,27,0.2980998413252388
13,B,100,3,28,0.49523449021580446
13,B,100,3,29,0.3086005757868421
13,B,100,4,0,0.008280000092228639
13,B,100,4,1,0.12209664698796466
13,B,100,4,2,-0.1543496676107211
13,B,100,4,3,-0.16488237682153803
13,B,100,4,4,0.05650684885416144
13,B,100,4,5,-0.08586475774480619
13,B,100,4,6,0.09111054422937477
13,B,100,4,7,-0.04767691681310948
13,B,100,4,8,0.31437942142457204
13,B,100,4,9,-0.29110360583858863
13,B,100,4,10,0.1567452158920201
13,B,100,4,11,-0.2723753256059689
13,B,100,4,12,-0.014877681228900461
13,B,100,4,13,-0.045147459215962325
13,B,100,4,14,0.005429566612564235
13,B,100,4,15,0.01370951156207811
13,B,100,4,16,0.08335211735668897
13,B,100,4,17,0.18247796501561794
13,B,100,4,18,-0.08798573714006061
13,B,100,4,19,0.014238875330169754
13,B,100,4,20,-0.21518154831739353
13,B,100,4,21,-0.019982093847316695
13,B,100,4,22,0.09132514543431144
13,B,100,4,23,-0.1028780249828151
13,B,100,4,24,0.009215121964963307
13,B,100,4,25,-0.010500253190766085
13,B,100,4,26,0.22198533171890591
13,B,100,4,27,-0.021043577422688472
13,B,100,4,28,-0.0008645592003972992
13,B,100,4,29,0.21663036463846705
13,B,100,5,0,1.110168430809207
13,B,100,5,1,1.0867620888051208
13,B,100,5,2,1.510613656297799
13,B,100,5,3,0.9539914787881439
13,B,100,5,4,1.3839150789245578
13,B,100,5,5,0.984039650111689
13,B,100,5,6,0.7263227025741034
13,B,100,5,7,1.4390589632686266
13,B,100,5,8,1.1612260376593415
13,B,100,5,9,0.8666492456256482
13,B,100,5,10,1.241522249904631
13,B,100,5,11,0.20864196858938486
13,B,100,5,12,1.2131729761215524
13,B,100,5,13,0.7773666672570732
13,B,100,5,14,0.9247565235512206
13,B,100,5,15,1.0480308667714464
13,B,100,5,16,0.9627886119209222
13,B,100,5,17,1.182518800599273
13,B,100,5,18,1.4268944101941494
13,B,100,5,19,1.5366097102576313
13,B,100,5,20,1.2607283354401086
13,B,100,5,21,1.1987204798764945
13,B,100,5,22,0.7762925946153909
13,B,100,5,23,0.9747062258165441
13,B,100,5,24,1.189735135902465
13,B,100,5,25,1.086499529607964
13,B,100,5,26,1.0219292489611183
13,B,100,5,27,1.065459795809414
13,B,100,5,28,1.008235702430024
13,B,100,5,29,0.9315584722367545
13,B,100,6,0,1.474391075342201
13,B,100,6,1,0.8603093085722034
13,B,100,6,2,1.258236283948082
13,B,100,6,3,0.5608297915011531
13,B,100,6,4,0.8498441922504716
13,B,100,6,5,1.5651996649189932
13,B,100,6,6,0.8498356046880872
13,B,100,6,7,1.1792954523897397
13,B,100,6,8,1.2649727617590902
13,B,100,6,9,1.255630899789705
13,B,100,6,10,0.8076839913681442
13,B,100,6,11,1.5779200154257265
13,B,100,6,12,1.065098861365402
13,B,100,6,13,1.4282102295253924
13,B,100,6,14,1.2698060552423944
13,B,100,6,15,1.3796266798716093
13,B,100,6,16,1.4486809873260245
13,B,100,6,17,1.2061338132262511
13,B,100,6,18,1.0058899886918318
13,B,100,6,19,0.9640768007619195
13,B,100,6,20,0.8747068819845414
13,B,100,6,21,1.2292592039410903
13,B,100,6,22,0.9877784579757918
13,B,100,6,23,1.1460424111289396
13,B,100,6,24,1.2199660572813351
13,B,100,6,25,1.150395790409078
13,B,100,6,26,1.3435142442932702
13,B,100,6,27,1.0899115251025586
13,B,100,6,28,0.8334655363788464
13,B,100,6,29,1.3351702095607678
13,B,100,7,0,0.4278768709984723
13,B,100,7,1,0.36121499679653585
13,B,100,7,2,-0.4045747324881406
13,B,100,7,3,0.8944384666485623
13,B,100,7,4,1.1235086259873843
13,B,100,7,5,0.9226890590007824
13,B,100,7,6,-0.20532893663324434
13,B,100,7,7,0.7154751786356861
13,B,100,7,8,1.6279419729934077
13,B,100,7,9,1.2948700273620102
13,B,100,7,10,0.9705387113953523
13,B,100,7,11,1.5524816161611983
13,B,100,7,12,1.8131268357448773
13,B,100,7,13,1.6863194439805442
13,B,100,7,14,1.358587637629368
13,B,100,7,15,0.6021227170570541
13,B,100,7,16,1.8780746262726682
13,B,100,7,17,1.0813449811873959
13,B,100,7,18,0.9978224789160591
13,B,100,7,19,1.4943684242312907
13,B,100,7,20,1.0135650718230886
13,B,100,7,21,1.4606564592777007
13,B,100,7,22,1.0449891392211508
13,B,100,7,23,1.4813692175928992
13,B,100,7,24,1.0539426624715826
13,B,100,7,25,1.7834564275577833
13,B,100,7,26,1.1987934942081626
13,B,100,7,27,0.5706047462440748
13,B,100,7,28,1.2583507174160427
13,B,100,7,29,1.2161620106696223
13,B,100,8,0,0.7700701643311973
13,B,100,8,1,0.5834786532741145
13,B,100,8,2,1.1826546082064675
13,B,100,8,3,0.41532299352042773
13,B,100,8,4,1.183346234892037
13,B,100,8,5,0.17348239255496647
13,B,100,8,6,0.5853750828436263
13,B,100,8,7,0.8818971285859492
13,B,100,8,8,0.3043308190185053
13,B,100,8,9,1.6349337697720194
13,B,100,8,10,0.4824581786628887
13,B,100,8,11,0.8609273600938092
13,B,100,8,12,0.25802978385867836
13,B,100,8,13,1.1853414997270728
13,B,100,8,14,0.46497995529618624
13,B,100,8,15,1.084744261153109
13,B,100,8,16,0.5912722031750469
13,B,100,8,17,0.7669842493013805
13,B,100,8,18,0.9674139091869146
13,B,100,8,19,1.0014610481956552
13,B,100,8,20,1.0413030453921372
13,B,100,8,21,0.3615992241416819
13,B,100,8,22,0.8234831887900921
13,B,100,8,23,0.5198445526652417
13,B,100,8,24,0.7463937876336917
13,B,100,8,25,1.0316608294297067
13,B,100,8,26,0.30744130815202625
13,B,100,8,27,1.0871581847786318
13,B,100,8,28,0.6764324877894513
13,B,100,8,29,1.0877568472058914
13,B,100,9,0,-0.1329334993449141
13,B,100,9,1,-0.1767352540759155
13,B,100,9,2,-0.4603390598775771
13,B,100,9,3,-0.3043975007164612
13,B,100,9,4,-0.4036073791824311
13,B,100,9,5,-0.47018949113162095
13,B,100,9,6,-0.35683450040055864
13,B,100,9,7,-0.33534940708078853
13,B,100,9,8,-0.38461516045723737
13,B,100,9,9,-0.24826283820814024
13,B,100,9,10,-0.18651369743390392
13,B,100,9,11,-0.1462079143788692
13,B,100,9,12,-0.14107781014901477
13,B,100,9,13,-0.2451511380467417
13,B,100,9,14,-0.17925346044916707
13,B,100,9,15,-0.39591449765362224
13,B,100,9,16,-0.16247418064208133
13,B,100,9,17,-0.6925553258931606
13,B,100,9,18,-0.5745448507247616
13,B,100,9,19,-0.0583015037555724
13,B,100,9,20,-0.08328827406606558
13,B,100,9,21,-0.0050936049961939215
13,B,100,9,22,0.09832414751015726
13,B,100,9,23,-0.039797544846555
13,B,100,9,24,0.08741718458798094
13,B,100,9,25,-0.19961180207009216
13,B,100,9,26,-0.17180789221298798
13,B,100,9,27,-0.15916822787789187
13,B,100,9,28,-0.15888639598962662
13,B,100,9,29,-0.17002515411287217
14,A,0.05,0,0,1.201865194703088
14,A,0.05,0,1,1.244289932564695
14,A,0.05,0,2,1.5094624427785723
14,A,0.05,0,3,1.2984486114376919
14,A,0.05,0,4,1.308143012932782
14,A,0.05,0,5,1.1867762070333685
14,A,0.05,0,6,1.559745987175332
14,A,0.05,0,7,1.3498445262178556
14,A,0.05,0,8,1.1452445968343565
14,A,0.05,0,9,1.2338725346153128
14,A,0.05,0,10,1.166756522132912
14,A,0.05,0,11,1.5995565951974966
14,A,0.05,0,12,1.4060633286899349
14,A,0.05,0,13,1.377049238993476
14,A,0.05,0,14,1.5753946404243637
14,A,0.05,0,15,1.2685093768632152
14,A,0.05,0,16,1.7391692332151238
14,A,0.05,0,17,1.4897264279457343
14,A,0.05,0,18,0.9973438556127305
14,A,0.05,0,19,1.2881348638278822
14,A,0.05,0,20,1.7391876985841215
14,A,0.05,0,21,1.296083273138399
14,A,0.05,0,22,1.0647954997427749
14,A,0.05,0,23,1.3102355468429352
14,A,0.05,0,24,1.4509259279163436
14,A,0.05,0,25,1.3428061898292234
14,A,0.05,0,26,1.5017022026953264
14,A,0.05,0,27,1.1354483195841594
14,A,0.05,0,28,1.4279769895769223
14,A,0.05,0,29,1.1905690019903212
14,A,0.05,1,0,1.351024656770141
14,A,0.05,1,1,1.5883776615757597
14,A,0.05,1,2,2.267883181099452
14,A,0.05,1,3,1.6532278576717896
14,A,0.05,1,4,2.507178931875261
14,A,0.05,1,5,2.11666404309425
14,A,0.05,1,6,3.0893969552016523
14,A,0.05,1,7,3.043603428959204
14,A,0.05,1,8,1.6432115330241523
14,A,0.05,1,9,2.140760886899801
14,A,0.05,1,10,1.857647412539383
14,A,0.05,1,11,2.356713643783965
14,A,0.05,1,12,2.27964270996286
14,A,0.05,1,13,2.3949726804425375
14,A,0.05,1,14,2.970598753818172
14,A,0.05,1,15,3.246343327580613
14,A,0.05,1,16,2.407757555229998
14,A,0.05,1,17,1.5079799987576648
14,A,0.05,1,18,1.9292681460012744
14,A,0.05,1,19,2.3221343425505125
14,A,0.05,1,20,2.0148963612449067
14,A,0.05,1,21,2.599524153101187
14,A,0.05,1,22,2.170704493866555
14,A,0.05,1,23,2.5387993445456916
14,A,0.05,1,24,2.4408791491491653
14,A,0.05,1,25,1.9271316360970585
14,A,0.05,1,26,1.693628015952719
14,A,0.05,1,27,2.9275613920210164
14,A,0.05,1,28,2.6674246346218013
14,A,0.05,1,29,1.902594379431426
14,A,0.05,2,0,0.0182521983609422
14,A,0.05,2,1,-0.010629636307024237
14,A,0.05,2,2,0.01112835282099123
14,A,0.05,2,3,0.08276504881982938
14,A,0.05,2,4,-0.011288261844215506
14,A,0.05,2,5,0.04508361407475673
14,A,0.05,2,6,0.0791635079228433
14,A,0.05,2,7,0.07217640275647257
14,A,0.05,2,8,-0.0576856232872619
14,A,0.05,2,9,0.07359483125039999
14,A,0.05,2,10,0.015969960648898357
14,A,0.05,2,11,0.020118205004425037
14,A,0.05,2,12,0.018311874590478793
14,A,0.05,2,13,0.019319237988156417
14,A,0.05,2,14,0.015892285540590346
14,A,0.05,2,15,0.061060205671853926
14,A,0.05,2,16,-0.03907624374695242
14,A,0.05,2,17,-0.04644652688220317
14,A,0.05,2,18,0.07751297335892623
14,A,0.05,2,19,0.018720616019033434
14,A,0.05,2,20,0.05173998420812906
14,A,0.05,2,21,0.08458235736846026
14,A,0.05,2,22,0.05580072462319231
14,A,0.05,2,23,0.057098537162754114
14,A,0.05,2,24,0.07179977788360578
14,A,0.05,2,25,0.08218065855929921
14,A,0.05,2,26,0.06161387147155356
14,A,0.05,2,27,0.07588129050405845
14,A,0.05,2,28,0.0753489119848396
14,A,0.05,2,29,0.08419707355675408
14,A,0.05,3,0,-1.4062825742017633
14,A,0.05,3,1,-1.3572251606582126
14,A,0.05,3,2,-1.4530744735681116
14,A,0.05,3,3,-1.4126179572373072
14,A,0.05,3,4,-1.7437732037557718
14,A,0.05,3,5,-0.7714449481567393
14,A,0.05,3,6,-1.2281768754304294
14,A,0.05,3,7,-1.47908156997721
14,A,0.05,3,8,-2.4013601027068523
14,A,0.05,3,9,-0.7674364285914589
14,A,0.05,3,10,-1.6765169640917181
14,A,0.05,3,11,-1.3730762162009635
14,A,0.05,3,12,-1.2769780253083163
14,A,0.05,3,13,-0.9631597932910625
14,A,0.05,3,14,-1.5632280988987746
14,A,0.05,3,15,-3.3734152891877778
14,A,0.05,3,16,-3.1153059927058133
14,A,0.05,3,17,-0.9536360677920477
14,A,0.05,3,18,-1.6112472290460642
14,A,0.05,3,19,-1.4069104712141176
14,A,0.05,3,20,-1.4337221625505807
14,A,0.05,3,21,-1.8820086482491365
14,A,0.05,3,22,-1.5250686016575399
14,A,0.05,3,23,-2.4873123432275923
14,A,0.05,3,24,-1.3333409445694349
14,A,0.05,3,25,-0.8977887495603017
14,A,0.05,3,26,-2.157769076671014
14,A,0.05,3,27,-1.0569959847007109
14,A,0.05,3,28,-0.6566504625491517
14,A,0.05,3,29,-0.9987219622963333
14,A,0.05,4,0,0.819516894917823
14,A,0.05,4,1,0.9790018013418585
14,A,0.05,4,2,0.6768877749741561
14,A,0.05,4,3,0.6826138920437484
14,A,0.05,4,4,1.034415131525456
14,A,0.05,4,5,0.9721614424865385
14,A,0.05,4,6,0.17788585782196464
14,A,0.05,4,7,-0.11646045729732975
14,A,0.05,4,8,0.28103036200116355
14,A,0.05,4,9,1.3178021655719965
14,A,0.05,4,10,1.2568832429814993
14,A,0.05,4,11,1.3472779234074759
14,A,0.05,4,12,1.1650639152371525
14,A,0.05,4,13,1.421844770529463
14,A,0.05,4,14,1.4692367891709326
14,A,0.05,4,15,1.0919246918556644
14,A,0.05,4,16,1.4240657462685449
14,A,0.05,4,17,1.1113859120583849
14,A,0.05,4,18,1.547350843423937
14,A,0.05,4,19,1.3144808861689683
14,A,0.05,4,20,1.5839214878989256
14,A,0.05,4,21,1.6492135941169128
14,A,0.05,4,22,1.254196187642251
14,A,0.05,4,23,1.6440616954491012
14,A,0.05,4,24,1.5259159512977125
14,A,0.05,4,25,1.4133137974897485
14,A,0.05,4,26,1.6456011744590622
14,A,0.05,4,27,1.7004011569232527
14,A,0.05,4,28,1.369818187635391
14,A,0.05,4,29,1.3183997782621508
14,A,0.05,5,0,-0.7368412953221892
14,A,0.05,5,1,-0.8470280837720539
14,A,0.05,5,2,0.027369237026306007
14,A,0.05,5,3,-1.289869917781902
14,A,0.05,5,4,-0.6616506495197971
14,A,0.05,5,5,-0.15729789584128326
14,A,0.05,5,6,-0.0009852043246386753
14,A,0.05,5,7,-0.7634164919464644
14,A,0.05,5,8,-0.0563122050430486
14,A,0.05,5,9,0.20176557972205045
14,A,0.05,5,10,0.07269920328991783
14,A,0.05,5,11,-0.3563750232595814
14,A,0.05,5,12,-0.8580013802269875
14,A,0.05,5,13,-0.14745400306689999
14,A,0.05,5,14,0.09041604098386391
14,A,0.05,5,15,-0.013827920347460233
14,A,0.05,5,16,-0.5146972314517524
14,A,0.05,5,17,-0.038272869445314744
14,A,0.05,5,18,-0.14226165441974714
14,A,0.05,5,19,0.07158798179449828
14,A,0.05,5,20,-0.7377225222773774
14,A,0.05,5,21,0.15583351563177528
14,A,0.05,5,22,-0.5062240746996001
14,A,0.05,5,23,-0.19559093815526918
14,A,0.05,5,24,-0.13274418430288173
14,A,0.05,5,25,-1.4050105476344026
14,A,0.05,5,26,0.08854063284179423
14,A,0.05,5,27,0.13118423112726763
14,A,0.05,5,28,-0.8201637622062938
14,A,0.05,5,29,-1.0869418785377916
14,A,0.05,6,0,1.8830591237685996
14,A,0.05,6,1,2.0058609168640626
14,A,0.05,6,2,2.0407290353121588
14,A,0.05,6,3,2.1592687212063173
14,A,0.05,6,4,2.0195953795799024
14,A,0.05,6,5,1.9216801060162587
14,A,0.05,6,6,1.9482523522635529
14,A,0.05,6,7,1.8964290303039046
14,A,0.05,6,8,2.1089347573967077
14,A,0.05,6,9,1.670453168865402
14,A,0.05,6,10,1.6988228126933405
14,A,0.05,6,11,2.016188513240035
14,A,0.05,6,12,2.022406851081423
14,A,0.05,6,13,1.9668961069662914
14,A,0.05,6,14,1.8762413421805573
14,A,0.05,6,15,1.9198176843892274
14,A,0.05,6,16,2.0512623546725903
14,A,0.05,6,17,1.7468484003401825
14,A,0.05,6,18,2.083992228610791
14,A,0.05,6,19,1.8053496367427602
14,A,0.05,6,20,1.9809836759442934
14,A,0.05,6,21,2.1229103578048036
14,A,0.05,6,22,2.0341404169755375
14,A,0.05,6,23,1.9672947357826867
14,A,0.05,6,24,2.118412541597079
14,A,0.05,6,25,1.862952507592933
14,A,0.05,6,26,2.2902725998894193
14,A,0.05,6,27,1.650870941927189
14,A,0.05,6,28,1.8750409963237973
14,A,0.05,6,29,1.9450506735382354
14,A,0.05,7,0,-0.29132215527420574
14,A,0.05,7,1,-0.17156697346786046
14,A,0.05,7,2,0.033790518123006534
14,A,0.05,7,3,-0.21658273240646803
14,A,0.05,7,4,-0.40477340598000117
14,A,0.05,7,5,0.008443247886912609
14,A,0.05,7,6,0.5736424927328638
14,A,0.05,7,7,0.2979904752282025
14,A,0.05,7,8,0.15563444365368503
14,A,0.05,7,9,0.2385644822384327
14,A,0.05,7,10,0.18038714658354965
14,A,0.05,7,11,0.26811307110992305
14,A,0.05,7,12,-0.052273217880384665
14,A,0.05,7,13,0.17028857064324618
14,A,0.05,7,14,0.2474056873265647
14,A,0.05,7,15,0.20346735643890734
14,A,0.05,7,16,0.06497592127878511
14,A,0.05,7,17,0.06795695789678548
14,A,0.05,7,18,1.4747361248687354
14,A,0.05,7,19,0.6863699093372586
14,A,0.05,7,20,0.9366276249812875
14,A,0.05,7,21,0.2313900449910145
14,A,0.05,7,22,0.18601207666582545
14,A,0.05,7,23,0.18842880814692925
14,A,0.05,7,24,-0.05017765354996835
14,A,0.05,7,25,0.7979709023221786
14,A,0.05,7,26,0.4881807547573156
14,A,0.05,7,27,0.27271955279907617
14,A,0.05,7,28,0.3449771268243811
14,A,0.05,7,29,0.469921060059255
14,A,0.05,8,0,-1.6018072171630342
14,A,0.05,8,1,-0.3559007497614535
14,A,0.05,8,2,-0.2660859990530124
14,A,0.05,8,3,-0.8110147405379325
14,A,0.05,8,4,-1.3692497802768626
14,A,0.05,8,5,-0.4229754547968378
14,A,0.05,8,6,-0.3083458162797371
14,A,0.05,8,7,-1.2150009952302245
14,A,0.05,8,8,-0.5202886792639781
14,A,0.05,8,9,-0.7205425357157101
14,A,0.05,8,10,-0.5414138090477778
14,A,0.05,8,11,-0.34267260232595464
14,A,0.05,8,12,-0.3732510002233328
14,A,0.05,8,13,-0.1606697871317797
14,A,0.05,8,14,-0.6067831268025229
14,A,0.05,8,15,-0.1663472698824145
14,A,0.05,8,16,-0.7310962233090736
14,A,0.05,8,17,-1.0662482381697047
14,A,0.05,8,18,-0.2506346507348612
14,A,0.05,8,19,-0.40621708953004104
14,A,0.05,8,20,-1.0932062219790524
14,A,0.05,8,21,-0.8175234184425337
14,A,0.05,8,22,-0.8520818301263603
14,A,0.05,8,23,-0.8089026472361343
14,A,0.05,8,24,-0.5049625351326099
14,A,0.05,8,25,-0.30343831651113384
14,A,0.05,8,26,-0.7209918901650778
14,A,0.05,8,27,-0.292321872970135
14,A,0.05,8,28,-0.38530695415807303
14,A,0.05,8,29,-0.22798201252803987
14,A,0.05,9,0,0.40141309563127797
14,A,0.05,9,1,-0.24192648968077146
14,A,0.05,9,2,0.026991834603745293
14,A,0.05,9,3,0.3456218327583177
14,A,0.05,9,4,-0.014670273005523702
14,A,0.05,9,5,0.16028969464289614
14,A,0.05,9,6,0.22345721127295748
14,A,0.05,9,7,-0.2299680966435378
14,A,0.05,9,8,0.04676424786037952
14,A,0.05,9,9,0.13558053144824733
14,A,0.05,9,10,0.29215317145113545
14,A,0.05,9,11,0.17743097233215982
14,A,0.05,9,12,-0.14127925479223752
14,A,0.05,9,13,0.3190109068712971
14,A,0.05,9,14,0.3165828646197043
14,A,0.05,9,15,0.07214820675389584
14,A,0.05,9,16,0.2777428957034693
14,A,0.05,9,17,-0.007687539890800421
14,A,0.05,9,18,0.025399937885082213
14,A,0.05,9,19,-0.055432129015929255
14,A,0.05,9,20,0.2833214254520705
14,A,0.05,9,21,0.35006804659531215
14,A,0.05,9,22,-0.3640283384404465
14,A,0.05,9,23,0.2913498373208897
14,A,0.05,9,24,0.41371616424003227
14,A,0.05,9,25,0.19891266855961998
14,A,0.05,9,26,0.05519485177714609
14,A,0.05,9,27,-0.1436600211956571
14,A,0.05,9,28,0.0662058615465459
14,A,0.05,9,29,-0.4481942212906135
14,B,100,0,0,0.6571210329520091
14,B,100,0,1,0.5379311359984318
14,B,100,0,2,0.7004242551380385
14,B,100,0,3,0.3443562267090132
14,B,100,0,4,0.05063140728088679
14,B,100,0,5,0.6014013514926653
14,B,100,0,6,0.30244818265658097
14,B,100,0,7,0.6356367733030605
14,B,100,0,8,0.9977366491412627
14,B,100,0,9,0.4824909266665912
14,B,100,0,10,1.0743857192941204
14,B,100,0,11,0.593737857016217
14,B,100,0,12,0.8920736322371856
14,B,100,0,13,0.24350540947126184
14,B,100,0,14,1.3622968931628885
14,B,100,0,15,0.9656975920509379
14,B,100,0,16,0.37940629354344496
14,B,100,0,17,1.1757090823409284
14,B,100,0,18,1.0436269306999446
14,B,100,0,19,0.853471657010652
14,B,100,0,20,0.2855164555071767
14,B,100,0,21,1.0868869431596917
14,B,100,0,22,0.7398165339864189
14,B,100,0,23,0.6737645207040571
14,B,100,0,24,0.810905125842886
14,B,100,0,25,-0.27660347770491717
14,B,100,0,26,1.0526064253936869
14,B,100,0,27,0.864734953026678
14,B,100,0,28,1.066433456522098
14,B,100,0,29,1.117881584569051
14,B,100,1,0,0.4207564170866935
14,B,100,1,1,0.8056747079407595
14,B,100,1,2,0.25796589428684563
14,B,100,1,3,0.6979488840604561
14,B,100,1,4,1.0361262036406238
14,B,100,1,5,0.21726351926579832
14,B,100,1,6,0.4265506614823577
14,B,100,1,7,0.42479482104120186
14,B,100,1,8,0.41025969609830565
14,B,100,1,9,0.5489890617911598
14,B,100,1,10,0.7384501503361413
14,B,100,1,11,0.37915042736968757
14,B,100,1,12,0.32206034965221636
14,B,100,1,13,0.9040548580731348
14,B,100,1,14,0.385330359212329
14,B,100,1,15,0.025807659224152416
14,B,100,1,16,0.2859174047316623
14,B,100,1,17,0.4165497060698125
14,B,100,1,18,0.7238665632594399
14,B,100,1,19,0.8158709467162144
14,B,100,1,20,0.09618137528378642
14,B,100,1,21,0.7015202696439877
14,B,100,1,22,0.45944658609898825
14,B,100,1,23,0.5495338545990006
14,B,100,1,24,0.9892895292012728
14,B,100,1,25,-0.2871595706971733
14,B,100,1,26,0.35966126168295043
14,B,100,1,27,0.5487742927531116
14,B,100,1,28,0.11204050841453435
14,B,100,1,29,0.18423892149457902
14,B,100,2,0,-0.21632014427814297
14,B,100,2,1,-0.555408662186354
14,B,100,2,2,-0.009636454726093742
14,B,100,2,3,-0.31655252500436226
14,B,100,2,4,-0.4660534156200075
14,B,100,2,5,-0.6306671211670022
14,B,100,2,6,0.1626585866385376
14,B,100,2,7,-0.6603097719289116
14,B,100,2,8,-0.9780512820040166
14,B,100,2,9,-0.135913559983171
14,B,100,2,10,-0.29045632148936856
14,B,100,2,11,-0.07857595825091333
14,B,100,2,12,-0.8875564096647744
14,B,100,2,13,-0.01884648462858751
14,B,100,2,14,-0.5568920825927892
14,B,100,2,15,0.047107478058080805
14,B,100,2,16,-1.1046728846358425
14,B,100,2,17,-0.9065882509929566
14,B,100,2,18,-0.3244976254695833
14,B,100,2,19,-0.7413432861115261
14,B,100,2,20,-0.32373221516497325
14,B,100,2,21,-0.4184808139210664
14,B,100,2,22,-1.072964769360911
14,B,100,2,23,-0.866141165457412
14,B,100,2,24,0.2820281385195847
14,B,100,2,25,-0.23479991851461848
14,B,100,2,26,-0.33092314918839694
14,B,100,2,27,-0.7861600540442186
14,B,100,2,28,-0.6356829274600845
14,B,100,2,29,0.5343779022646838
14,B,100,3,0,1.171602312781272
14,B,100,3,1,1.7314694648165836
14,B,100,3,2,1.6475761124654569
14,B,100,3,3,1.4387316230076646
14,B,100,3,4,1.714751053159368
14,B,100,3,5,1.5935192030548961
14,B,100,3,6,1.5892212669198393
14,B,100,3,7,1.6300083896747881
14,B,100,3,8,1.6338372871116607
14,B,100,3,9,1.6133669270990454
14,B,100,3,10,1.925277000244862
14,B,100,3,11,1.822980419618029
14,B,100,3,12,1.8491347278881816
14,B,100,3,13,1.8009903395582483
14,B,100,3,14,1.5450097511451173
14,B,100,3,15,1.6875392543734171
14,B,100,3,16,1.6066102315803505
14,B,100,3,17,1.8938586243477953
14,B,100,3,18,2.1033309343131292
14,B,100,3,19,1.7353724178201324
14,B,100,3,20,1.3729854720005006
14,B,100,3,21,1.6758993055607143
14,B,100,3,22,1.7325422378945763
14,B,100,3,23,1.6167461250675546
14,B,100,3,24,1.630563426915795
14,B,100,3,25,1.1311381388224688
14,B,100,3,26,1.2177281665109412
14,B,100,3,27,1.7583776177634969
14,B,100,3,28,1.8066459486807287
14,B,100,3,29,1.6418865745488904
14,B,100,4,0,0.8978638773331069
14,B,100,4,1,0.051388504462457796
14,B,100,4,2,0.25954945195149365
14,B,100,4,3,0.6175662180482215
14,B,100,4,4,0.5714216094568315
14,B,100,4,5,0.5207449737603699
14,B,100,4,6,0.19803597537342765
14,B,100,4,7,0.7432863685638713
14,B,100,4,8,0.5713351959673906
14,B,100,4,9,0.6083913314645694
14,B,100,4,10,1.1126711434441892
14,B,100,4,11,0.2492697099552324
14,B,100,4,12,0.23557000270338052
14,B,100,4,13,0.9148341857008232
14,B,100,4,14,1.0739372984982658
14,B,100,4,15,1.656974707411618
14,B,100,4,16,-0.3825653866479123
14,B,100,4,17,0.7896268187674637
14,B,100,4,18,0.0550903234588058
14,B,100,4,19,0.5796393732463284
14,B,100,4,20,0.7257976412283327
14,B,100,4,21,0.8535662183715025
14,B,100,4,22,1.3096883543371642
14,B,100,4,23,0.9662107776586029
14,B,100,4,24,0.3035239713045143
14,B,100,4,25,0.30635539472569956
14,B,100,4,26,-0.022490154064933234
14,B,100,4,27,0.5309153550880761
14,B,100,4,28,0.6249849772723269
14,B,100,4,29,0.4672158539733386
14,B,100,5,0,-0.46475804244070895
14,B,100,5,1,-0.484802548887823
14,B,100,5,2,-0.8375069349887474
14,B,100,5,3,-0.8476831952421833
14,B,100,5,4,-0.7927019088447581
14,B,100,5,5,-1.0439823707497224
14,B,100,5,6,-0.5946746698474854
14,B,100,5,7,-0.2771420783146215
14,B,100,5,8,-0.4789148739161742
14,B,100,5,9,-0.303896768591117
14,B,100,5,10,-0.2999723123570154
14,B,100,5,11,-0.19762938735964394
14,B,100,5,12,-0.1297884250376409
14,B,100,5,13,0.07526846224435242
14,B,100,5,14,-0.11609421756943276
14,B,100,5,15,-0.1779952111188958
14,B,100,5,16,-0.22119457599835454
14,B,100,5,17,-0.45915420712354726
14,B,100,5,18,-0.3352227462500987
14,B,100,5,19,-0.14778729337012578
14,B,100,5,20,-0.8994008437762053
14,B,100,5,21,-0.892122276394916
14,B,100,5,22,0.34087998232776107
14,B,100,5,23,0.12384150233467174
14,B,100,5,24,0.030583452189603243
14,B,100,5,25,-0.24814268949797116
14,B,100,5,26,0.14044370619825347
14,B,100,5,27,-0.2951648313540695
14,B,100,5,28,0.19329992575442306
14,B,100,5,29,-0.5120336169316871
14,B,100,6,0,-0.3865020920949606
14,B,100,6,1,-0.5140806303031026
14,B,100,6,2,-0.4942506347182227
14,B,100,6,3,-0.6863892244709252
14,B,100,6,4,-0.5418624544616862
14,B,100,6,5,-0.20468870846738127
14,B,100,6,6,-0.6129820830616942
14,B,100,6,7,-0.43003131823009005
14,B,100,6,8,-0.136414250799904
14,B,100,6,9,-0.4618411810246532
14,B,100,6,10,-1.1850411963085015
14,B,100,6,11,-0.6342758273618856
14,B,100,6,12,-0.2962494044769944
14,B,100,6,13,-0.8066787991697517
14,B,100,6,14,-0.2340853912628241
14,B,100,6,15,-0.4549276699023881
14,B,100,6,16,-1.0975667861724894
14,B,100,6,17,-0.467993376289222
14,B,100,6,18,-1.0352911284229662
14,B,100,6,19,-0.6240443750466323
14,B,100,6,20,-0.7400567575406041
14,B,100,6,21,-0.19999569656195468
14,B,100,6,22,-0.11606223707517932
14,B,100,6,23,-0.1492309730708234
14,B,100,6,24,-0.703244131420043
14,B,100,6,25,-0.7325943255860221
14,B,100,6,26,-1.1377250730638695
14,B,100,6,27,-0.699530072938111
14,B,100,6,28,-0.9980090552204116
14,B,100,6,29,-0.37415740463251373
14,B,100,7,0,0.7123012740672213
14,B,100,7,1,0.6868139576432283
14,B,100,7,2,0.9455587010399182
14,B,100,7,3,0.5224127640422811
14,B,100,7,4,0.7129711059718709
14,B,100,7,5,0.6809143314894927
14,B,100,7,6,0.5008689700139376
14,B,100,7,7,0.3892722021742385
14,B,100,7,8,0.5586409978328936
14,B,100,7,9,0.49781748739966625
14,B,100,7,10,0.8446094293403615
14,B,100,7,11,0.7845774416855882
14,B,100,7,12,0.8030835502487605
14,B,100,7,13,0.7949866800704256
14,B,100,7,14,0.6804393064437615
14,B,100,7,15,0.7373597963268937
14,B,100,7,16,0.35331336193115903
14,B,100,7,17,0.5122687645968315
14,B,100,7,18,0.5467398669536147
14,B,100,7,19,0.2707544370546007
14,B,100,7,20,0.5712441142549244
14,B,100,7,21,0.7903045071812627
14,B,100,7,22,0.5983341122245743
14,B,100,7,23,0.42649849860483546
14,B,100,7,24,0.5798478089065292
14,B,100,7,25,0.3799005607821165
14,B,100,7,26,0.6517231519199836
14,B,100,7,27,0.8454899160418382
14,B,100,7,28,0.9119758183720635
14,B,100,7,29,0.28537104864321927
14,B,100,8,0,-1.7671842553509445
14,B,100,8,1,-1.5478178920554766
14,B,100,8,2,-1.4772000586925493
14,B,100,8,3,-1.0144453109523006
14,B,100,8,4,-2.1285566831146463
14,B,100,8,5,-1.9888428560707025
14,B,100,8,6,-1.7398263717351756
14,B,100,8,7,-2.2685264438044745
14,B,100,8,8,-1.9311219212289388
14,B,100,8,9,-1.4225766671365598
14,B,100,8,10,-1.8686727840031463
14,B,100,8,11,-1.3812471920249922
14,B,100,8,12,-1.7822047944845736
14,B,100,8,13,-1.1841536108241033
14,B,100,8,14,-1.4647070802086297
14,B,100,8,15,-1.3655915662158116
14,B,100,8,16,-1.0007736774133453
14,B,100,8,17,-1.3931873572043967
14,B,100,8,18,-1.1071823913527172
14,B,100,8,19,-2.3038861677576
14,B,100,8,20,-2.343544978558097
14,B,100,8,21,-1.318425122570811
14,B,100,8,22,-1.3959046694327824
14,B,100,8,23,-1.840782770642616
14,B,100,8,24,-1.395581736683837
14,B,100,8,25,-1.953779295576581
14,B,100,8,26,-1.004535042854454
14,B,100,8,27,-1.4074079316834538
14,B,100,8,28,-1.7817636776323649
14,B,100,8,29,-1.215220113216682
14,B,100,9,0,0.49686992605010666
14,B,100,9,1,1.2172067740810646
14,B,100,9,2,0.6473144787406895
14,B,100,9,3,0.4896851576084905
14,B,100,9,4,0.5776086445871323
14,B,100,9,5,0.858253681350964
14,B,100,9,6,0.6582083864249004
14,B,100,9,7,0.8164499769750175
14,B,100,9,8,0.5556056740759037
14,B,100,9,9,0.5390111790839214
14,B,100,9,10,0.452457387771262
14,B,100,9,11,0.4045358625899039
14,B,100,9,12,0.701800479378214
14,B,100,9,13,0.43734954934432496
14,B,100,9,14,0.41360623010741265
14,B,100,9,15,0.5710139205439335
14,B,100,9,16,0.7533952887359613
14,B,100,9,17,0.35634575483474323
14,B,100,9,18,0.5090651908028438
14,B,100,9,19,0.9405183099247929
14,B,100,9,20,0.9619467371824055
14,B,100,9,21,0.9108606428803263
14,B,100,9,22,0.17976465700342936
14,B,100,9,23,0.926375980795417
14,B,100,9,24,0.8876444763647664
14,B,100,9,25,0.629484832677767
14,B,100,9,26,0.5915524401607489
14,B,100,9,27,0.6380745825652592
14,B,100,9,28,0.9915838576474437
14,B,100,9,29,0.31069619516533714
15,A,0.05,0,0,0.07895597614422473
15,A,0.05,0,1,0.4127347117906835
15,A,0.05,0,2,0.3496162878955747
15,A,0.05,0,3,0.3316640401113073
15,A,0.05,0,4,0.4749574494775736
15,A,0.05,0,5,-0.19102054123188733
15,A,0.05,0,6,0.3403445049669332
15,A,0.05,0,7,0.7686159597414869
15,A,0.05,0,8,0.2459877664940957
15,A,0.05,0,9,0.18131154608257316
15,A,0.05,0,10,0.13057985301316524
15,A,0.05,0,11,0.1527275582132155
15,A,0.05,0,12,0.501929808661593
15,A,0.05,0,13,0.4745869034171738
15,A,0.05,0,14,0.06232553891384724
15,A,0.05,0,15,0.2563144352831015
15,A,0.05,0,16,0.07176004612339336
15,A,0.05,0,17,-0.2267220301388285
15,A,0.05,0,18,0.49289088425945987
15,A,0.05,0,19,0.3255363695162107
15,A,0.05,0,20,0.19488726153364913
15,A,0.05,0,21,0.21276087696181822
15,A,0.05,0,22,-0.11587422908348909
15,A,0.05,0,23,0.1507116497373194
15,A,0.05,0,24,0.07840735426775579
15,A,0.05,0,25,0.5082122016411168
15,A,0.05,0,26,0.47450442951477173
15,A,0.05,0,27,-0.2008357505997983
15,A,0.05,0,28,0.47345799258136717
15,A,0.05,0,29,0.04286559199460482
15,A,0.05,1,0,1.0503266334711847
15,A,0.05,1,1,1.1432639740188153
15,A,0.05,1,2,1.0245932104227349
15,A,0.05,1,3,0.6023962473902945
15,A,0.05,1,4,1.231495291428411
15,A,0.05,1,5,0.9152086749132283
15,A,0.05,1,6,1.2049435239370008
15,A,0.05,1,7,1.1036265043664824
15,A,0.05,1,8,0.7360940619405086
15,A,0.05,1,9,1.0590064668234127
15,A,0.05,1,10,0.6956312734250095
15,A,0.05,1,11,1.2119107157219071
15,A,0.05,1,12,0.6742922964118127
15,A,0.05,1,13,0.8934625143597
15,A,0.05,1,14,0.9276266258567223
15,A,0.05,1,15,1.5423972952952973
15,A,0.05,1,16,0.8967863728747772
15,A,0.05,1,17,1.0493998216277995
15,A,0.05,1,18,1.1108986918915347
15,A,0.05,1,19,0.971203165774349
15,A,0.05,1,20,0.9984809051521987
15,A,0.05,1,21,0.7452743675927327
15,A,0.05,1,22,1.3874714279593094
15,A,0.05,1,23,0.8317886336696152
15,A,0.05,1,24,0.5528369248170406
15,A,0.05,1,25,0.8420287835015338
15,A,0.05,1,26,1.3943523694139364
15,A,0.05,1,27,0.9985709259881475
15,A,0.05,1,28,1.046184738603396
15,A,0.05,1,29,1.0488559415715601
15,A,0.05,2,0,0.4792422534797943
15,A,0.05,2,1,0.08522124073790677
15,A,0.05,2,2,-0.29740155564724624
15,A,0.05,2,3,0.3128488101255574
15,A,0.05,2,4,-0.11122342669599868
15,A,0.05,2,5,0.11820646706624369
15,A,0.05,2,6,-0.9707403217861827
15,A,0.05,2,7,0.021435964769505742
15,A,0.05,2,8,-0.6274785292105909
15,A,0.05,2,9,0.5164190742606193
15,A,0.05,2,10,-0.39970977003864194
15,A,0.05,2,11,-0.380691259704766
15,A,0.05,2,12,0.29210811748725557
15,A,0.05,2,13,0.3225296215147414
15,A,0.05,2,14,0.018771257376479958
15,A,0.05,2,15,0.0865361673812428
15,A,0.05,2,16,0.09026446381254294
15,A,0.05,2,17,0.1981454452681131
15,A,0.05,2,18,-0.1773410458738028
15,A,0.05,2,19,0.016796055257504685
15,A,0.05,2,20,-0.30720328350829923
15,A,0.05,2,21,0.021738196409493902
15,A,0.05,2,22,0.6273820352059081
15,A,0.05,2,23,0.10780124633001603
15,A,0.05,2,24,0.08943849751737794
15,A,0.05,2,25,0.5020561563937205
15,A,0.05,2,26,0.24725827596226482
15,A,0.05,2,27,-1.1020531318556603
15,A,0.05,2,28,-0.2746096138252972
15,A,0.05,2,29,0.25622201729717753
15,A,0.05,3,0,0.9632120854290118
15,A,0.05,3,1,0.5658154104087164
15,A,0.05,3,2,0.2850870289207282
15,A,0.05,3,3,0.7743651354611397
15,A,0.05,3,4,0.749063664045631
15,A,0.05,3,5,-0.07220503206675107
15,A,0.05,3,6,0.5041180393307635
15,A,0.05,3,7,0.6090292108062013
15,A,0.05,3,8,0.4939308625501953
15,A,0.05,3,9,0.734805502813813
15,A,0.05,3,10,0.7095628933235448
15,A,0.05,3,11,0.2973752866558394
15,A,0.05,3,12,0.1899410107831711
15,A,0.05,3,13,0.06276437663943814
15,A,0.05,3,14,0.6493329307185016
15,A,0.05,3,15,1.2230365781313772
15,A,0.05,3,16,0.7591707795650543
15,A,0.05,3,17,0.47981189125479784
15,A,0.05,3,18,1.1131922592306391
15,A,0.05,3,19,0.38680469334490564
15,A,0.05,3,20,0.7691223435078116
15,A,0.05,3,21,0.5105340807332672
15,A,0.05,3,22,0.19139928155239905
15,A,0.05,3,23,0.811015098123529
15,A,0.05,3,24,0.6610863549128716
15,A,0.05,3,25,0.41574038353287673
15,A,0.05,3,26,0.8644055259012955
15,A,0.05,3,27,0.2640087652254384
15,A,0.05,3,28,0.38517796978419866
15,A,0.05,3,29,1.064229227830778
15,A,0.05,4,0,0.3928542173972947
15,A,0.05,4,1,-0.0113627556607101
15,A,0.05,4,2,0.4691459123259917
15,A,0.05,4,3,0.1538999409866947
15,A,0.05,4,4,0.7864691463408781
15,A,0.05,4,5,0.25885614141460966
15,A,0.05,4,6,0.31981246353613285
15,A,0.05,4,7,0.36640602268212674
15,A,0.05,4,8,0.2346680119969255
15,A,0.05,4,9,0.49754854386302655
15,A,0.05,4,10,0.46205267877257783
15,A,0.05,4,11,0.2784108577859485
15,A,0.05,4,12,0.5092890067033657
15,A,0.05,4,13,0.050933650178778295
15,A,0.05,4,14,-0.17281126361119975
15,A,0.05,4,15,0.4390995464813508
15,A,0.05,4,16,0.43568870548523275
15,A,0.05,4,17,0.43543271190798144
15,A,0.05,4,18,0.46184314663684767
15,A,0.05,4,19,0.39538508320401117
15,A,0.05,4,20,-0.2290771257348216
15,A,0.05,4,21,-0.21095565087516047
15,A,0.05,4,22,0.328025083454516
15,A,0.05,4,23,0.0746057955606585
15,A,0.05,4,24,0.09805560635306589
15,A,0.05,4,25,0.1476327042870982
15,A,0.05,4,26,0.4116677970349229
15,A,0.05,4,27,-0.15707398624105376
15,A,0.05,4,28,0.1375960425667566
15,A,0.05,4,29,0.326835102220102
15,A,0.05,5,0,1.8214780585628343
15,A,0.05,5,1,1.6418132770560727
15,A,0.05,5,2,1.0930603365153997
15,A,0.05,5,3,1.8755908254769253
15,A,0.05,5,4,1.5312554392352498
15,A,0.05,5,5,1.8100401482418118
15,A,0.05,5,6,1.6454221210686921
15,A,0.05,5,7,1.1002321313077728
15,A,0.05,5,8,1.5386086385812001
15,A,0.05,5,9,1.3274997042723589
15,A,0.05,5,10,1.3346517137144565
15,A,0.05,5,11,1.5043718466736982
15,A,0.05,5,12,1.7454175614374006
15,A,0.05,5,13,1.5539195341917573
15,A,0.05,5,14,1.5512145034420874
15,A,0.05,5,15,1.7455304444573285
15,A,0.05,5,16,1.7865232691054211
15,A,0.05,5,17,1.3682798000856062
15,A,0.05,5,18,1.4085038177793006
15,A,0.05,5,19,1.7508792910154538
15,A,0.05,5,20,1.9963381029594478
15,A,0.05,5,21,1.7640595145464961
15,A,0.05,5,22,1.6349558407434162
15,A,0.05,5,23,1.7406533221688185
15,A,0.05,5,24,1.783516639060583
15,A,0.05,5,25,1.5006719277461003
15,A,0.05,5,26,1.4989115085953204
15,A,0.05,5,27,1.8827256146037856
15,A,0.05,5,28,1.8800277429030752
15,A,0.05,5,29,1.5782177383645748
15,A,0.05,6,0,1.3710544452711848
15,A,0.05,6,1,1.0161130701732624
15,A,0.05,6,2,0.8129761855488167
15,A,0.05,6,3,1.6343983966610864
15,A,0.05,6,4,0.8305332621984266
15,A,0.05,6,5,1.2739151909828417
15,A,0.05,6,6,1.3953315344271415
15,A,0.05,6,7,0.9108447505672437
15,A,0.05,6,8,1.2167669015342406
15,A,0.05,6,9,1.1152795415139176
15,A,0.05,6,10,0.7380151847745671
15,A,0.05,6,11,1.2742609853835734
15,A,0.05,6,12,1.2036501478553563
15,A,0.05,6,13,0.9761020441747703
15,A,0.05,6,14,1.0446874239029609
15,A,0.05,6,15,0.9417324870323884
15,A,0.05,6,16,0.6799312747211964
15,A,0.05,6,17,0.8937083633928935
15,A,0.05,6,18,1.285028096851756
15,A,0.05,6,19,1.2925472711369925
15,A,0.05,6,20,1.067207631985454
15,A,0.05,6,21,1.497390787764051
15,A,0.05,6,22,1.117549161629127
15,A,0.05,6,23,1.0410702930355755
15,A,0.05,6,24,0.9491857438072949
15,A,0.05,6,25,1.5890095340007535
15,A,0.05,6,26,0.9435856741832653
15,A,0.05,6,27,1.544760569216297
15,A,0.05,6,28,0.4712667889303235
15,A,0.05,6,29,1.080774917744786
15,A,0.05,7,0,0.17325390020734793
15,A,0.05,7,1,0.06819546399544453
15,A,0.05,7,2,0.10052030157908591
15,A,0.05,7,3,0.13887754932420268
15,A,0.05,7,4,0.2303187659830635
15,A,0.05,7,5,0.2132899604846286
15,A,0.05,7,6,0.28911963117018274
15,A,0.05,7,7,0.24389471149287115
15,A,0.05,7,8,0.14196747432998175
15,A,0.05,7,9,0.27701048527219857
15,A,0.05,7,10,0.3965004731734857
15,A,0.05,7,11,0.3404918864727688
15,A,0.05,7,12,0.3546138042208625
15,A,0.05,7,13,0.3145961959571841
15,A,0.05,7,14,0.5053274167520302
15,A,0.05,7,15,0.26672965211808214
15,A,0.05,7,16,0.23028126724303646
15,A,0.05,7,17,0.4241633631496546
15,A,0.05,7,18,0.23990824785457307
15,A,0.05,7,19,0.16609987288935826
15,A,0.05,7,20,0.29933352376765493
15,A,0.05,7,21,0.30083372389812957
15,A,0.05,7,22,0.2370623510552402
15,A,0.05,7,23,0.31479551039126186
15,A,0.05,7,24,0.394670939079181
15,A,0.05,7,25,0.4001132708526795
15,A,0.05,7,26,0.48419972132547023
15,A,0.05,7,27,0.40586374577429096
15,A,0.05,7,28,0.5241028915808262
15,A,0.05,7,29,0.3451195144626364
15,A,0.05,8,0,0.12129177717087691
15,A,0.05,8,1,-0.15623243149708796
15,A,0.05,8,2,-0.04086637271872901
15,A,0.05,8,3,0.18730258518733933
15,A,0.05,8,4,0.49283220931772703
15,A,0.05,8,5,-0.07715574962261774
15,A,0.05,8,6,-0.07642941660358742
15,A,0.05,8,7,0.37546800726583984
15,A,0.05,8,8,-0.27881463172825416
15,A,0.05,8,9,0.3739881745755921
15,A,0.05,8,10,0.07920101211446301
15,A,0.05,8,11,0.27164866292592654
15,A,0.05,8,12,0.16389132355291827
15,A,0.05,8,13,-0.011602795102241915
15,A,0.05,8,14,0.0001915848178205468
15,A,0.05,8,15,0.26863151624637616
15,A,0.05,8,16,0.37986074468288583
15,A,0.05,8,17,0.4162783934619457
15,A,0.05,8,18,0.130364595914166
15,A,0.05,8,19,0.09788780444860345
15,A,0.05,8,20,0.1959637120235074
15,A,0.05,8,21,-0.18288182489448504
15,A,0.05,8,22,0.007290058650425724
15,A,0.05,8,23,0.18143551460091953
15,A,0.05,8,24,0.1424737741733488
15,A,0.05,8,25,-0.08890250692686083
15,A,0.05,8,26,0.25907769819972504
15,A,0.05,8,27,0.03814512335653866
15,A,0.05,8,28,-0.04269547407971288
15,A,0.05,8,29,-0.10855676409248997
15,A,0.05,9,0,0.08670943562424195
15,A,0.05,9,1,0.35740880823277216
15,A,0.05,9,2,0.5823109950468632
15,A,0.05,9,3,0.2769310468699318
15,A,0.05,9,4,0.027273038572631744
15,A,0.05,9,5,0.09625061507144891
15,A,0.05,9,6,-0.11655588590072403
15,A,0.05,9,7,0.6341399539921657
15,A,0.05,9,8,0.41458071357911724
15,A,0.05,9,9,0.31349505975650355
15,A,0.05,9,10,0.6547599420647902
15,A,0.05,9,11,0.4921821977774388
15,A,0.05,9,12,0.7491026232621635
15,A,0.05,9,13,0.01265406491651218
15,A,0.05,9,14,0.10598986357942282
15,A,0.05,9,15,0.3714744510306491
15,A,0.05,9,16,0.09459838550384761
15,A,0.05,9,17,0.1900003704653567
15,A,0.05,9,18,-0.10478967605269593
15,A,0.05,9,19,0.04675756081614457
15,A,0.05,9,20,-0.45482320031778267
15,A,0.05,9,21,0.2723550274207007
15,A,0.05,9,22,0.23696850986258824
15,A,0.05,9,23,0.5423523535534956
15,A,0.05,9,24,0.4657883145424557
15,A,0.05,9,25,-0.17794430598667785
15,A,0.05,9,26,0.16114751170559247
15,A,0.05,9,27,0.047522125384108924
15,A,0.05,9,28,0.1253306491965651
15,A,0.05,9,29,0.4667634367922401
15,B,100,0,0,0.5837931120149781
15,B,100,0,1,0.31524410266785846
15,B,100,0,2,0.3737467999967979
15,B,100,0,3,0.527550709352841
15,B,100,0,4,0.21625302955375614
15,B,100,0,5,-0.06995463762189949
15,B,100,0,6,0.5771858613628114
15,B,100,0,7,0.36225189653249645
15,B,100,0,8,0.47920920106313686
15,B,100,0,9,-0.042940922639954776
15,B,100,0,10,0.3619325081565875
15,B,100,0,11,0.34511869375813153
15,B,100,0,12,0.19294821015866848
15,B,100,0,13,0.46410744758469863
15,B,100,0,14,0.47742395136069987
15,B,100,0,15,0.45373396041766145
15,B,100,0,16,0.18301829116868
15,B,100,0,17,0.29759458912799325
15,B,100,0,18,0.5288147545595066
15,B,100,0,19,0.2758436503998945
15,B,100,0,20,0.09540290260955965
15,B,100,0,21,0.41522811664772835
15,B,100,0,22,0.13217018340508863
15,B,100,0,23,0.10432395891284592
15,B,100,0,24,0.2216555603788007
15,B,100,0,25,0.3442119597508093
15,B,100,0,26,0.31821276568541573
15,B,100,0,27,0.35729407912513095
15,B,100,0,28,0.2041789513739458
15,B,100,0,29,0.19565602328397605
15,B,100,1,0,-0.4067811707528214
15,B,100,1,1,-0.7712090447529273
15,B,100,1,2,-0.4526301140684515
15,B,100,1,3,-0.8184746911623819
15,B,100,1,4,-0.48141831676761415
15,B,100,1,5,-0.7169221980124592
15,B,100,1,6,-0.3244243296436346
15,B,100,1,7,-0.5054669425797034
15,B,100,1,8,-0.10449721719232781
15,B,100,1,9,-0.4970813270015367
15,B,100,1,10,-0.5780616735085532
15,B,100,1,11,-0.7946198869982956
15,B,100,1,12,-0.5518033243101178
15,B,100,1,13,-0.21896371021413602
15,B,100,1,14,-1.2729679325434882
15,B,100,1,15,-0.9362704676994847
15,B,100,1,16,-0.524660268765451
15,B,100,1,17,-0.21949749679967673
15,B,100,1,18,-0.5779649121792334
15,B,100,1,19,-0.8125381193634699
15,B,100,1,20,-0.607870062154488
15,B,100,1,21,-1.1133689822781172
15,B,100,1,22,-0.6438273705563833
15,B,100,1,23,-0.3268166028137311
15,B,100,1,24,-0.8844492211866756
15,B,100,1,25,-0.8116816724225
15,B,100,1,26,-0.6325274402013871
15,B,100,1,27,-0.7714505953171656
15,B,100,1,28,-0.27592219712011096
15,B,100,1,29,-0.3725866465974865
15,B,100,2,0,-0.1040709401573641
15,B,100,2,1,0.0638996091190754
15,B,100,2,2,-0.4310440665582605
15,B,100,2,3,-0.11263023699196698
15,B,100,2,4,-0.2647817975682324
15,B,100,2,5,-0.34841469696430855
15,B,100,2,6,-0.5757218997082382
15,B,100,2,7,-0.2414408822047416
15,B,100,2,8,-0.22321914512173935
15,B,100,2,9,-0.5846080575502586
15,B,100,2,10,-0.21148040430491832
15,B,100,2,11,-0.41884046362542965
15,B,100,2,12,-0.6388300359367116
15,B,100,2,13,-0.33299987653094976
15,B,100,2,14,-0.6925893386155796
15,B,100,2,15,-0.6784206112765888
15,B,100,2,16,-0.28208316551781654
15,B,100,2,17,-0.2532991226638853
15,B,100,2,18,-0.3775191791256975
15,B,100,2,19,-0.3876883698807424
15,B,100,2,20,-0.1757864255688737
15,B,100,2,21,-0.47778332457898237
15,B,100,2,22,-0.4502211803238726
15,B,100,2,23,-0.6155060628335352
15,B,100,2,24,-0.1317376888011935
15,B,100,2,25,-0.060749813649113235
15,B,100,2,26,-0.23110775650832588
15,B,100,2,27,-0.480633393478172
15,B,100,2,28,-0.4830280435629612
15,B,100,2,29,-0.6007403757385434
15,B,100,3,0,0.35714132100522356
15,B,100,3,1,0.3203092943436492
15,B,100,3,2,0.3847172537696563
15,B,100,3,3,0.3801459937990263
15,B,100,3,4,0.31332011624617406
15,B,100,3,5,0.3803223891810221
15,B,100,3,6,0.3919002292235044
15,B,100,3,7,0.25670665423357436
15,B,100,3,8,0.29512701567585836
15,B,100,3,9,0.1921406193542092
15,B,100,3,10,0.40113395556247994
15,B,100,3,11,0.3518446314336786
15,B,100,3,12,0.3914847819547685
15,B,100,3,13,0.34958827038998447
15,B,100,3,14,0.24888116745813332
15,B,100,3,15,0.43984236441245056
15,B,100,3,16,0.5046701519596007
15,B,100,3,17,0.3993964276765813
15,B,100,3,18,0.45759657576924817
15,B,100,3,19,0.4235142575082744
15,B,100,3,20,0.481739106286639
15,B,100,3,21,0.25657825553088237
15,B,100,3,22,0.30418760319939536
15,B,100,3,23,0.41747917586196837
15,B,100,3,24,0.4235372514773189
15,B,100,3,25,0.6275225383401435
15,B,100,3,26,0.2556330443090724
15,B,100,3,27,0.3011381315025169
15,B,100,3,28,0.28849449430116847
15,B,100,3,29,0.2484510277364091
15,B,100,4,0,-0.03539832043563132
15,B,100,4,1,-0.040983043844454066
15,B,100,4,2,-0.06357280356290028
15,B,100,4,3,-0.036641097107827245
15,B,100,4,4,-0.058840858472969756
15,B,100,4,5,-0.06133225262198382
15,B,100,4,6,-0.03150458363281228
15,B,100,4,7,-0.06946162154438511
15,B,100,4,8,-0.12162816198871894
15,B,100,4,9,-0.03457116567845801
15,B,100,4,10,0.03351911735692837
15,B,100,4,11,0.04879040099783345
15,B,100,4,12,-0.034135385931642434
15,B,100,4,13,-0.0076890810968851565
15,B,100,4,14,-0.0454356256963201
15,B,100,4,15,0.02105341062029911
15,B,100,4,16,-0.03628837051949672
15,B,100,4,17,0.03056901796759398
15,B,100,4,18,0.045147563360952395
15,B,100,4,19,-0.06041514406739885
15,B,100,4,20,-0.07919242081354118
15,B,100,4,21,-0.017079920584654153
15,B,100,4,22,0.0014090811612608768
15,B,100,4,23,0.046771221758289225
15,B,100,4,24,0.012642579855035382
15,B,100,4,25,0.024635566865167966
15,B,100,4,26,-0.040536994111997834
15,B,100,4,27,0.03649681851309731
15,B,100,4,28,-0.043195502960840036
15,B,100,4,29,-0.051426315537011505
15,B,100,5,0,0.7166891565451233
15,B,100,5,1,0.6300455400116072
15,B,100,5,2,0.8513422000513063
15,B,100,5,3,0.8392901027392293
15,B,100,5,4,0.8938152646604678
15,B,100,5,5,0.8823748652878959
15,B,100,5,6,1.068828700891557
15,B,100,5,7,0.64148407120089
15,B,100,5,8,1.026294435647056
15,B,100,5,9,0.9933332374142188
15,B,100,5,10,0.8522919324065099
15,B,100,5,11,0.8645956244700465
15,B,100,5,12,1.0313968669723157
15,B,100,5,13,1.3157918304371552
15,B,100,5,14,0.6459045175223869
15,B,100,5,15,0.9765972788668191
15,B,100,5,16,1.160187357862474
15,B,100,5,17,0.9481376790967925
15,B,100,5,18,0.9996156586181891
15,B,100,5,19,1.110185500011364
15,B,100,5,20,1.120591730018663
15,B,100,5,21,0.5464995748469027
15,B,100,5,22,1.098485961994506
15,B,100,5,23,1.1811340803656551
15,B,100,5,24,1.036539829598381
15,B,100,5,25,1.0652197233589817
15,B,100,5,26,1.175969103453976
15,B,100,5,27,1.0126318207474434
15,B,100,5,28,0.8832992663489198
15,B,100,5,29,1.3065363776822074
15,B,100,6,0,-1.310604255296349
15,B,100,6,1,-2.6031618880570835
15,B,100,6,2,-0.37758636514708843
15,B,100,6,3,-1.4425355100784887
15,B,100,6,4,-0.7534491352548267
15,B,100,6,5,-1.0657182732494563
15,B,100,6,6,-0.6203244247565537
15,B,100,6,7,-1.9847842783622927
15,B,100,6,8,-1.3294312987771366
15,B,100,6,9,-2.3530046523743455
15,B,100,6,10,-1.9562782434711374
15,B,100,6,11,-2.1347585920252086
15,B,100,6,12,-1.8413939388325984
15,B,100,6,13,-0.29198538501955995
15,B,100,6,14,-2.7181315046605627
15,B,100,6,15,-1.9510248514791009
15,B,100,6,16,-0.10241716678600679
15,B,100,6,17,-1.8900326694645022
15,B,100,6,18,-1.5715598209823327
15,B,100,6,19,-2.575716627973042
15,B,100,6,20,-1.2653696321701098
15,B,100,6,21,-0.36705493841667114
15,B,100,6,22,-1.6796700507155722
15,B,100,6,23,-2.089050912268528
15,B,100,6,24,-1.2014901538680207
15,B,100,6,25,-2.4265899870011087
15,B,100,6,26,-0.14863738853806474
15,B,100,6,27,-1.460336643177999
15,B,100,6,28,-1.5534416908566921
15,B,100,6,29,-2.356341464571313
15,B,100,7,0,0.4904361421792704
15,B,100,7,1,1.2053212361872394
15,B,100,7,2,0.5563079392508313
15,B,100,7,3,0.2795109950593097
15,B,100,7,4,0.2321734505898352
15,B,100,7,5,0.15193147677467095
15,B,100,7,6,-0.21219544874300517
15,B,100,7,7,0.48354232385094403
15,B,100,7,8,0.14468431724931172
15,B,100,7,9,-0.2282543997414933
15,B,100,7,10,-0.05659368518312873
15,B,100,7,11,-0.0890350983370971
15,B,100,7,12,0.5077095428176558
15,B,100,7,13,0.058999506175111086
15,B,100,7,14,0.33560709146987944
15,B,100,7,15,-0.012043090105465424
15,B,100,7,16,0.4722449298351301
15,B,100,7,17,0.5268718841060286
15,B,100,7,18,0.4221557212101169
15,B,100,7,19,0.2214897981998886
15,B,100,7,20,-0.21139412800107765
15,B,100,7,21,0.12416220503796653
15,B,100,7,22,0.4966342684529787
15,B,100,7,23,0.6224641613901627
15,B,100,7,24,0.6582040937994772
15,B,100,7,25,0.2673138201662994
15,B,100,7,26,0.48813580989836275
15,B,100,7,27,0.4779520015467338
15,B,100,7,28,-0.11207399886211723
15,B,100,7,29,-0.02874241259127682
15,B,100,8,0,-0.9226016547928942
15,B,100,8,1,-0.7308331854973735
15,B,100,8,2,-0.9443682791171966
15,B,100,8,3,-1.2873641080885734
15,B,100,8,4,-0.5639294436169451
15,B,100,8,5,-0.5692801364567242
15,B,100,8,6,-0.9255986643725069
15,B,100,8,7,-0.7435252324434226
15,B,100,8,8,-0.9804427585405869
15,B,100,8,9,-0.7207379876630006
15,B,100,8,10,-0.8204240066708854
15,B,100,8,11,-0.8004258516858965
15,B,100,8,12,-0.48967137052762943
15,B,100,8,13,-0.9396039324923146
15,B,100,8,14,-0.49863845280904867
15,B,100,8,15,-0.4427369639045741
15,B,100,8,16,-0.5135231537393846
15,B,100,8,17,-0.6671552005168968
15,B,100,8,18,-0.8474706931442305
15,B,100,8,19,-0.755771477333879
15,B,100,8,20,-0.2072103854359166
15,B,100,8,21,-1.0315514427121435
15,B,100,8,22,-1.2391412545733935
15,B,100,8,23,-1.277380741218458
15,B,100,8,24,-1.4714717910170345
15,B,100,8,25,-0.5376338861466592
15,B,100,8,26,-1.3239806384027393
15,B,100,8,27,-0.46870189747285107
15,B,100,8,28,-0.3847843078678825
15,B,100,8,29,-0.738448231287166
15,B,100,9,0,0.5889889105693079
15,B,100,9,1,0.5888188668767076
15,B,100,9,2,0.4818221197277292
15,B,100,9,3,0.2797921561029815
15,B,100,9,4,0.30560014159211346
15,B,100,9,5,0.3160745700452996
15,B,100,9,6,0.5264565905213167
15,B,100,9,7,0.5314652265784705
15,B,100,9,8,0.48659496950646874
15,B,100,9,9,0.583845938658789
15,B,100,9,10,0.43236863267055
15,B,100,9,11,0.5637411312794322
15,B,100,9,12,0.7550324331760974
15,B,100,9,13,0.6851391047158284
15,B,100,9,14,0.5268986325878234
15,B,100,9,15,0.35982476861168916
15,B,100,9,16,0.26533130448390546
15,B,100,9,17,0.5229204644797751
15,B,100,9,18,0.3241360921957008
15,B,100,9,19,0.5362706472505743
15,B,100,9,20,0.4917927896065897
15,B,100,9,21,0.43200549325980236
15,B,100,9,22,0.42124807028722916
15,B,100,9,23,0.542216375581764
15,B,100,9,24,0.5495924743523428
15,B,100,9,25,0.08750737772864078
15,B,100,9,26,0.4026987127927501
15,B,100,9,27,0.30542326929362706
15,B,100,9,28,0.3290408070700678
15,B,100,9,29,0.3676421141173846
16,A,0.05,0,0,0.4871737116713768
16,A,0.05,0,1,0.16774420737251272
16,A,0.05,0,2,0.34351706069680205
16,A,0.05,0,3,0.12453444767098056
16,A,0.05,0,4,0.3590719515080126
16,A,0.05,0,5,0.2989176337325475
16,A,0.05,0,6,0.038306708722606324
16,A,0.05,0,7,0.34622711201166556
16,A,0.05,0,8,0.235416166382555
16,A,0.05,0,9,0.06429069359442277
16,A,0.05,0,10,0.4616871296334771
16,A,0.05,0,11,0.09167093120593926
16,A,0.05,0,12,0.23183196058855488
16,A,0.05,0,13,0.0534401700621841
16,A,0.05,0,14,0.33817665614085435
16,A,0.05,0,15,0.36474483816838243
16,A,0.05,0,16,0.08185706783364675
16,A,0.05,0,17,0.2550145786272309
16,A,0.05,0,18,0.26546288518134925
16,A,0.05,0,19,0.14724108951915582
16,A,0.05,0,20,0.43439739429057134
16,A,0.05,0,21,0.4909087763014057
16,A,0.05,0,22,0.3383529959801943
16,A,0.05,0,23,0.1436271558685654
16,A,0.05,0,24,0.2258609717173293
16,A,0.05,0,25,0.3445725565078111
16,A,0.05,0,26,0.08954806229842889
16,A,0.05,0,27,0.40593172146837325
16,A,0.05,0,28,0.4328887996311919
16,A,0.05,0,29,0.4150772549062937
16,A,0.05,1,0,-0.32485864930920616
16,A,0.05,1,1,-0.3344944919059398
16,A,0.05,1,2,-0.48147801160251164
16,A,0.05,1,3,-0.4966927501659181
16,A,0.05,1,4,-0.29262602736552534
16,A,0.05,1,5,-0.4220970414388489
16,A,0.05,1,6,-0.40705329046106664
16,A,0.05,1,7,-0.12536028902130913
16,A,0.05,1,8,-0.15491451554082966
16,A,0.05,1,9,-0.48893876714928497
16,A,0.05,1,10,-0.14473081061681262
16,A,0.05,1,11,-0.3781058890340302
16,A,0.05,1,12,-0.5226937990581647
16,A,0.05,1,13,-0.5508769586364004
16,A,0.05,1,14,-0.2618369412971542
16,A,0.05,1,15,-0.5491260012901413
16,A,0.05,1,16,-0.5528315046464489
16,A,0.05,1,17,-0.40602530779301776
16,A,0.05,1,18,-0.4828517363861761
16,A,0.05,1,19,-0.4360226683564905
16,A,0.05,1,20,-0.09028815126806383
16,A,0.05,1,21,-0.18715062300389837
16,A,0.05,1,22,-0.05758786659951409
16,A,0.05,1,23,-0.4908427230074406
16,A,0.05,1,24,-0.6319404205463891
16,A,0.05,1,25,-0.33946504313218384
16,A,0.05,1,26,-0.26254812175859776
16,A,0.05,1,27,-0.41467142693850273
16,A,0.05,1,28,-0.5453552753884041
16,A,0.05,1,29,-0.41224342080441195
16,A,0.05,2,0,-0.33387988691657694
16,A,0.05,2,1,-0.38964615538953173
16,A,0.05,2,2,-0.5643184579364039
16,A,0.05,2,3,-0.3502751925012223
16,A,0.05,2,4,-0.33714418626540466
16,A,0.05,2,5,-0.4793507088712709
16,A,0.05,2,6,-0.47215077624710733
16,A,0.05,2,7,-0.3142045138261819
16,A,0.05,2,8,-0.4313471831977064
16,A,0.05,2,9,-0.22908227361298958
16,A,0.05,2,10,-0.2931408180416553
16,A,0.05,2,11,-0.35365289631911695
16,A,0.05,2,12,-0.4010138183417128
16,A,0.05,2,13,0.09723097843911371
16,A,0.05,2,14,-0.43830474203144976
16,A,0.05,2,15,-0.1489266002009641
16,A,0.05,2,16,-0.5080979572567809
16,A,0.05,2,17,-0.5399525545673233
16,A,0.05,2,18,-0.06309690945675372
16,A,0.05,2,19,-0.20180093353602632
16,A,0.05,2,20,-0.20697285307647192
16,A,0.05,2,21,-0.19600928059050873
16,A,0.05,2,22,-0.3105241789798557
16,A,0.05,2,23,-0.48988787155814784
16,A,0.05,2,24,-0.07123972047446542
16,A,0.05,2,25,-0.17760063014772529
16,A,0.05,2,26,-0.043522381079252645
16,A,0.05,2,27,-0.29962156036900167
16,A,0.05,2,28,-0.321108639047569
16,A,0.05,2,29,-0.10531711470864326
16,A,0.05,3,0,1.4542584510103413
16,A,0.05,3,1,1.5658606192566842
16,A,0.05,3,2,1.700421456536768
16,A,0.05,3,3,1.7378040013072533
16,A,0.05,3,4,1.1892215325066395
16,A,0.05,3,5,1.3515760735544675
16,A,0.05,3,6,1.7505814867654312
16,A,0.05,3,7,1.549552367050957
16,A,0.05,3,8,1.6031783078071242
16,A,0.05,3,9,1.7406815507451465
16,A,0.05,3,10,1.7253947784971926
16,A,0.05,3,11,1.491647910408404
16,A,0.05,3,12,1.5881457837502113
16,A,0.05,3,13,1.5338660639857882
16,A,0.05,3,14,1.197404358187168
16,A,0.05,3,15,1.48719949029395
16,A,0.05,3,16,1.4237702127870175
16,A,0.05,3,17,1.6785226667168218
16,A,0.05,3,18,1.7093891859919852
16,A,0.05,3,19,1.3141871809510586
16,A,0.05,3,20,1.7792225880805879
16,A,0.05,3,21,1.849257469132504
16,A,0.05,3,22,1.9230244193135422
16,A,0.05,3,23,1.6425235510534162
16,A,0.05,3,24,1.540595472936414
16,A,0.05,3,25,1.8123691610325947
16,A,0.05,3,26,1.9293167146300036
16,A,0.05,3,27,1.2708749606233436
16,A,0.05,3,28,1.8657020914927949
16,A,0.05,3,29,1.8374078559103222
16,A,0.05,4,0,0.8880795474942559
16,A,0.05,4,1,1.389596047736524
16,A,0.05,4,2,0.9255506985508539
16,A,0.05,4,3,1.66825946200846
16,A,0.05,4,4,2.4248866741667645
16,A,0.05,4,5,2.7916991233306536
16,A,0.05,4,6,1.8150762817919053
16,A,0.05,4,7,2.0420953659999173
16,A,0.05,4,8,1.024462344925281
16,A,0.05,4,9,2.3345601657963586
16,A,0.05,4,10,1.2359946888348976
16,A,0.05,4,11,2.389429649215815
16,A,0.05,4,12,1.9840363809314363
16,A,0.05,4,13,2.540813797364727
16,A,0.05,4,14,2.053606275274972
16,A,0.05,4,15,1.553549016823817
16,A,0.05,4,16,0.8667649545261127
16,A,0.05,4,17,1.7911066606448312
16,A,0.05,4,18,0.8688166007715532
16,A,0.05,4,19,1.602015011999747
16,A,0.05,4,20,2.2944748548835627
16,A,0.05,4,21,1.7733881077413318
16,A,0.05,4,22,2.447258165989753
16,A,0.05,4,23,2.233550492143344
16,A,0.05,4,24,1.4629795509111285
16,A,0.05,4,25,1.1874842105474934
16,A,0.05,4,26,2.4194100255240274
16,A,0.05,4,27,1.5939530734786016
16,A,0.05,4,28,2.0347991389800386
16,A,0.05,4,29,1.568238051974548
16,A,0.05,5,0,0.9319550829145913
16,A,0.05,5,1,1.1497767940557653
16,A,0.05,5,2,0.8717705968907873
16,A,0.05,5,3,0.7352135669716757
16,A,0.05,5,4,1.3353236697554576
16,A,0.05,5,5,0.9927534393902151
16,A,0.05,5,6,1.3436020750459226
16,A,0.05,5,7,0.7894715999863839
16,A,0.05,5,8,1.3629060555826895
16,A,0.05,5,9,0.9693313751627161
16,A,0.05,5,10,1.010827580533199
16,A,0.05,5,11,1.4983707497709993
16,A,0.05,5,12,1.0072203000273923
16,A,0.05,5,13,1.0912763312211373
16,A,0.05,5,14,0.6945831229368472
16,A,0.05,5,15,1.0761931418630282
16,A,0.05,5,16,1.4041483672009911
16,A,0.05,5,17,1.2353849802872627
16,A,0.05,5,18,0.5781558058252971
16,A,0.05,5,19,1.127192399439239
16,A,0.05,5,20,1.1622476718668104
16,A,0.05,5,21,1.0605981590377391
16,A,0.05,5,22,1.0045158953826594
16,A,0.05,5,23,1.3173983076638582
16,A,0.05,5,24,1.0664776031117955
16,A,0.05,5,25,1.036227418687497
16,A,0.05,5,26,0.9840479326644048
16,A,0.05,5,27,1.3133432840988892
16,A,0.05,5,28,1.0139356021652879
16,A,0.05,5,29,0.976491986671204
16,A,0.05,6,0,1.0472884729246696
16,A,0.05,6,1,0.18788835280242938
16,A,0.05,6,2,0.2027124262326572
16,A,0.05,6,3,0.8766589905968176
16,A,0.05,6,4,1.5903698697678001
16,A,0.05,6,5,0.30370038098653357
16,A,0.05,6,6,1.4133271541510495
16,A,0.05,6,7,1.1374399747611776
16,A,0.05,6,8,1.262887891582328
16,A,0.05,6,9,1.0547504739727942
16,A,0.05,6,10,1.0221584651668498
16,A,0.05,6,11,1.0379398120999117
16,A,0.05,6,12,0.6283298248652138
16,A,0.05,6,13,0.6241647744431945
16,A,0.05,6,14,0.7420797974559863
16,A,0.05,6,15,0.9271372435671876
16,A,0.05,6,16,0.17090384447670973
16,A,0.05,6,17,0.5276397124863433
16,A,0.05,6,18,0.9812607925623187
16,A,0.05,6,19,0.44045890191725795
16,A,0.05,6,20,-0.3722362328413599
16,A,0.05,6,21,1.0100974707559984
16,A,0.05,6,22,0.7440024481704821
16,A,0.05,6,23,0.2306331719236369
16,A,0.05,6,24,0.6622937648708003
16,A,0.05,6,25,1.226938319390767
16,A,0.05,6,26,1.0689234021963228
16,A,0.05,6,27,0.8860025794428502
16,A,0.05,6,28,-0.11737536674801048
16,A,0.05,6,29,1.321345355512047
16,A,0.05,7,0,-0.7282671129473579
16,A,0.05,7,1,-0.6832261429980708
16,A,0.05,7,2,-0.1778294690331931
16,A,0.05,7,3,-0.5644640085600398
16,A,0.05,7,4,-0.17816293619994925
16,A,0.05,7,5,-0.08140241319114458
16,A,0.05,7,6,-0.0787323437345226
16,A,0.05,7,7,-0.1480760648732823
16,A,0.05,7,8,-0.050160924854847695
16,A,0.05,7,9,0.3878070510598865
16,A,0.05,7,10,-0.03499898161691769
16,A,0.05,7,11,-0.07691259597370893
16,A,0.05,7,12,0.24480318071150448
16,A,0.05,7,13,-0.05157794765631929
16,A,0.05,7,14,-0.06103153463051747
16,A,0.05,7,15,-0.26619925440032915
16,A,0.05,7,16,-0.0487051692880246
16,A,0.05,7,17,-0.03315374697651539
16,A,0.05,7,18,-0.034582827211834005
16,A,0.05,7,19,-0.04055018518944221
16,A,0.05,7,20,-0.02398286021912243
16,A,0.05,7,21,0.018041113434376196
16,A,0.05,7,22,-0.09971244922915345
16,A,0.05,7,23,-0.11626996229015338
16,A,0.05,7,24,-0.157898852474952
16,A,0.05,7,25,-0.09122985831267731
16,A,0.05,7,26,-0.0701896000798688
16,A,0.05,7,27,-0.12567032437741302
16,A,0.05,7,28,-0.13810359344603976
16,A,0.05,7,29,-0.3591258895112749
16,A,0.05,8,0,-0.12824220435090936
16,A,0.05,8,1,-0.38768194587736027
16,A,0.05,8,2,-0.3606792175734013
16,A,0.05,8,3,-0.28870298828626145
16,A,0.05,8,4,-0.3353325908801539
16,A,0.05,8,5,-0.17943327646053545
16,A,0.05,8,6,-0.36294105571490576
16,A,0.05,8,7,-0.5498178850017906
16,A,0.05,8,8,-0.3007511810001112
16,A,0.05,8,9,-0.32897120172509187
16,A,0.05,8,10,-0.3734895988238167
16,A,0.05,8,11,-0.3889088438429876
16,A,0.05,8,12,-0.5342686783079357
16,A,0.05,8,13,-0.2543408592350202
16,A,0.05,8,14,-0.3456621837319387
16,A,0.05,8,15,-0.46145064175012324
16,A,0.05,8,16,-0.43042665637800454
16,A,0.05,8,17,-0.5127098610616685
16,A,0.05,8,18,-0.28260286833593284
16,A,0.05,8,19,-0.3234545971566022
16,A,0.05,8,20,-0.36335407464204117
16,A,0.05,8,21,-0.5476758431308554
16,A,0.05,8,22,-0.39095765808557015
16,A,0.05,8,23,-0.4267870783068274
16,A,0.05,8,24,-0.28326111426323325
16,A,0.05,8,25,-0.42183708384119895
16,A,0.05,8,26,-0.19987010428087343
16,A,0.05,8,27,-0.3689563932847691
16,A,0.05,8,28,-0.43275465056308254
16,A,0.05,8,29,-0.28261271605527893
16,A,0.05,9,0,-0.6624793565471774
16,A,0.05,9,1,-0.7359975064766298
16,A,0.05,9,2,-0.3403239619078412
16,A,0.05,9,3,-0.8626156350943514
16,A,0.05,9,4,-0.6590903260038932
16,A,0.05,9,5,-1.1174079413031661
16,A,0.05,9,6,-0.7199066764379594
16,A,0.05,9,7,-0.42361360260958186
16,A,0.05,9,8,-0.1478638923458643
16,A,0.05,9,9,-0.6793753179900792
16,A,0.05,9,10,-0.4894607476819218
16,A,0.05,9,11,0.12091044219630849
16,A,0.05,9,12,0.3975071792898857
16,A,0.05,9,13,0.10502261646143625
16,A,0.05,9,14,-0.1769644256780367
16,A,0.05,9,15,0.33844808570317936
16,A,0.05,9,16,0.08991488143169982
16,A,0.05,9,17,-0.03517007227895433
16,A,0.05,9,18,0.6737786567530981
16,A,0.05,9,19,0.30088746528809623
16,A,0.05,9,20,-0.20399165136539224
16,A,0.05,9,21,0.36050505024987095
16,A,0.05,9,22,0.32435686203478326
16,A,0.05,9,23,0.526555326842851
16,A,0.05,9,24,-0.18424406525403225
16,A,0.05,9,25,0.05029663864444912
16,A,0.05,9,26,0.31096682598465464
16,A,0.05,9,27,0.6304035525481579
16,A,0.05,9,28,-0.4774169325425822
16,A,0.05,9,29,0.5924811106740562
16,B,100,0,0,0.023248078999822674
16,B,100,0,1,-0.13679214892939456
16,B,100,0,2,-0.1960363501552408
16,B,100,0,3,-0.13818247733162703
16,B,100,0,4,0.10541362129049078
16,B,100,0,5,-0.16364101244287396
16,B,100,0,6,-0.2720802674542931
16,B,100,0,7,-0.013749672837702212
16,B,100,0,8,-0.024614413476464755
16,B,100,0,9,-0.13472729363726277
16,B,100,0,10,-0.14330080672034018
16,B,100,0,11,-0.1484821800930264
16,B,100,0,12,-0.04681501566825649
16,B,100,0,13,-0.06974567151497577
16,B,100,0,14,-0.05846252714567705
16,B,100,0,15,-0.09741599376613469
16,B,100,0,16,-0.16030830654295625
16,B,100,0,17,-0.17720941415482716
16,B,100,0,18,-0.048712581237806765
16,B,100,0,19,-0.01666124461681854
16,B,100,0,20,0.11081418916395691
16,B,100,0,21,-0.1271651857175584
16,B,100,0,22,-0.15768578688695842
16,B,100,0,23,-0.2746506610909275
16,B,100,0,24,-0.08995289248801151
16,B,100,0,25,-0.1262113159597883
16,B,100,0,26,-0.016253662377862035
16,B,100,0,27,-0.027227881981180778
16,B,100,0,28,0.34910251245086255
16,B,100,0,29,-0.06267777016489536
16,B,100,1,0,-0.7830737290437637
16,B,100,1,1,-0.7873109860655948
16,B,100,1,2,-1.0637871569220494
16,B,100,1,3,-1.145036294272394
16,B,100,1,4,-1.2440911981696392
16,B,100,1,5,-0.47784081790422617
16,B,100,1,6,-1.518041417263939
16,B,100,1,7,-0.7244423333130502
16,B,100,1,8,-1.132643329284675
16,B,100,1,9,-0.8829986106299442
16,B,100,1,10,-1.2405080773523671
16,B,100,1,11,-1.278090174700155
16,B,100,1,12,-0.7213744911312326
16,B,100,1,13,-0.9850291948568338
16,B,100,1,14,-0.8550527534773257
16,B,100,1,15,-0.5411513803075142
16,B,100,1,16,-1.3156422179007004
16,B,100,1,17,-0.020735855232285962
16,B,100,1,18,-1.2349467328851025
16,B,100,1,19,-0.6378687867113958
16,B,100,1,20,-0.5778489409036607
16,B,100,1,21,-0.7282950101058082
16,B,100,1,22,-1.2524940419649824
16,B,100,1,23,-1.0070997372572017
16,B,100,1,24,-0.6661680071285158
16,B,100,1,25,-0.48316969178708535
16,B,100,1,26,-0.960815332421099
16,B,100,1,27,-0.9773083801345209
16,B,100,1,28,-0.9533575639124966
16,B,100,1,29,-0.4798468472768476
16,B,100,2,0,-1.7616869224840053
16,B,100,2,1,-0.5092322656872109
16,B,100,2,2,-1.1739919461397417
16,B,100,2,3,-1.1567595674195155
16,B,100,2,4,-0.8664002167089988
16,B,100,2,5,-0.8660708685021868
16,B,100,2,6,-1.0888088232263724
16,B,100,2,7,-0.673267844749825
16,B,100,2,8,-0.41742494385981466
16,B,100,2,9,0.07937475771906345
16,B,100,2,10,-0.9295388706323079
16,B,100,2,11,-0.15967635932001567
16,B,100,2,12,-0.38846326161426703
16,B,100,2,13,-0.7598583130594118
16,B,100,2,14,-0.20783682259350034
16,B,100,2,15,-0.35799717106753765
16,B,100,2,16,-0.3706768748021349
16,B,100,2,17,-0.2530886217250119
16,B,100,2,18,-0.3816707172551915
16,B,100,2,19,-0.09809224119515826
16,B,100,2,20,0.1819024986317635
16,B,100,2,21,-0.4312437228725814
16,B,100,2,22,-0.5601002204923159
16,B,100,2,23,-0.1599617668686665
16,B,100,2,24,-0.663966001919686
16,B,100,2,25,-0.9326090540129374
16,B,100,2,26,-0.5403448936608327
16,B,100,2,27,-0.4769241692254724
16,B,100,2,28,-0.9177520151025155
16,B,100,2,29,-0.8420855493127579
16,B,100,3,0,-0.8188282770143679
16,B,100,3,1,-0.5356821308211547
16,B,100,3,2,-0.8492419805874396
16,B,100,3,3,-0.9433021798086284
16,B,100,3,4,-1.038125867089993
16,B,100,3,5,-1.3683024345082044
16,B,100,3,6,-0.8597565381591217
16,B,100,3,7,-0.70233533121275
16,B,100,3,8,-0.9350951384995561
16,B,100,3,9,-0.9599096067381683
16,B,100,3,10,-0.6946438464877783
16,B,100,3,11,-0.9094145039338448
16,B,100,3,12,-0.8908352883546773
16,B,100,3,13,-0.7498062703356015
16,B,100,3,14,-1.1429270046133864
16,B,100,3,15,-0.7994415750572532
16,B,100,3,16,-0.731806151022258
16,B,100,3,17,-0.9401951600059266
16,B,100,3,18,-1.0738590419677772
16,B,100,3,19,-1.3805454409336388
16,B,100,3,20,-0.897276424001141
16,B,100,3,21,-0.7913605117871858
16,B,100,3,22,-0.724866532863106
16,B,100,3,23,-0.5764682759578393
16,B,100,3,24,-0.8971262971820319
16,B,100,3,25,-0.773812575805831
16,B,100,3,26,-0.9079441545350833
16,B,100,3,27,-0.7129789122779271
16,B,100,3,28,-0.8976679020157969
16,B,100,3,29,-0.7242612399484138
16,B,100,4,0,0.1079579022140315
16,B,100,4,1,0.3892124578445825
16,B,100,4,2,0.11431208376750258
16,B,100,4,3,0.275703731397692
16,B,100,4,4,0.22176132178600996
16,B,100,4,5,-0.018330003240633597
16,B,100,4,6,0.08577693412871931
16,B,100,4,7,0.12939074915644064
16,B,100,4,8,0.3285042766524696
16,B,100,4,9,0.08413109735199184
16,B,100,4,10,0.22610260819116898
16,B,100,4,11,0.27348677820894907
16,B,100,4,12,0.07375877121696647
16,B,100,4,13,0.26011171635212155
16,B,100,4,14,0.39397360978656126
16,B,100,4,15,-0.005618280812848969
16,B,100,4,16,1.3398929338698395
16,B,100,4,17,1.136587030942063
16,B,100,4,18,1.0410515526005581
16,B,100,4,19,1.0571343904349053
16,B,100,4,20,0.19540707124241435
16,B,100,4,21,1.1087561465757798
16,B,100,4,22,0.9735540557773023
16,B,100,4,23,0.3350722177333428
16,B,100,4,24,0.23658935713059587
16,B,100,4,25,0.7388212156411187
16,B,100,4,26,1.2747717812442305
16,B,100,4,27,1.3809602898580007
16,B,100,4,28,1.2898948920981161
16,B,100,4,29,0.776388106943319
16,B,100,5,0,0.9724967164368029
16,B,100,5,1,1.298897633381169
16,B,100,5,2,0.976546511055481
16,B,100,5,3,1.0508586240078093
16,B,100,5,4,1.3274283585512747
16,B,100,5,5,1.0344361783119016
16,B,100,5,6,1.176577622085602
16,B,100,5,7,1.1186007675737855
16,B,100,5,8,1.0940487097722642
16,B,100,5,9,0.9966030624619648
16,B,100,5,10,1.2228302371340751
16,B,100,5,11,1.2781402072014332
16,B,100,5,12,1.00965756334907
16,B,100,5,13,1.1810940290586642
16,B,100,5,14,1.531262471511487
16,B,100,5,15,1.5468925780457567
16,B,100,5,16,1.398841428053535
16,B,100,5,17,1.412455114684818
16,B,100,5,18,1.5739451984258623
16,B,100,5,19,1.2848918066176649
16,B,100,5,20,1.2782095159869162
16,B,100,5,21,1.243288733036221
16,B,100,5,22,1.175463653428844
16,B,100,5,23,1.3824812887168612
16,B,100,5,24,1.12656416616836
16,B,100,5,25,1.3362993772963048
16,B,100,5,26,1.2881497086112952
16,B,100,5,27,1.4145531388738963
16,B,100,5,28,1.2560781911313368
16,B,100,5,29,1.0873627581390461
16,B,100,6,0,-6.40496008109302
16,B,100,6,1,-5.990722712542496
16,B,100,6,2,-5.61296988659565
16,B,100,6,3,-4.7097186023445605
16,B,100,6,4,-3.8804404045025054
16,B,100,6,5,-5.334721790752784
16,B,100,6,6,-3.2432368854806035
16,B,100,6,7,-6.152681787556812
16,B,100,6,8,-4.124909135765586
16,B,100,6,9,-3.681373690493685
16,B,100,6,10,-6.398176991763789
16,B,100,6,11,-3.056398963828509
16,B,100,6,12,-2.088048804589602
16,B,100,6,13,-4.261658419874902
16,B,100,6,14,-3.4128068541230823
16,B,100,6,15,-6.67818649634027
16,B,100,6,16,-6.058829149318165
16,B,100,6,17,-5.67747968143987
16,B,100,6,18,-5.029942126782579
16,B,100,6,19,-6.588277544827478
16,B,100,6,20,-6.345833566038317
16,B,100,6,21,-6.149066633061019
16,B,100,6,22,-6.024589790635196
16,B,100,6,23,-4.321176995972711
16,B,100,6,24,-3.5468952577222628
16,B,100,6,25,-4.161429961308921
16,B,100,6,26,-5.783402318844888
16,B,100,6,27,-6.1315186311873076
16,B,100,6,28,-5.417931612705482
16,B,100,6,29,-6.209325634031449
16,B,100,7,0,0.5031570037323747
16,B,100,7,1,0.6463019519075986
16,B,100,7,2,-0.0846217309463812
16,B,100,7,3,1.2350234314727988
16,B,100,7,4,1.0648678500805462
16,B,100,7,5,0.9864776251163078
16,B,100,7,6,0.12472979432374717
16,B,100,7,7,0.2882551056202367
16,B,100,7,8,0.03300031183681222
16,B,100,7,9,-0.1074219489092994
16,B,100,7,10,0.3763380197419778
16,B,100,7,11,0.3553024516963757
16,B,100,7,12,0.91258170542513
16,B,100,7,13,0.4633781620769008
16,B,100,7,14,0.37204527959741557
16,B,100,7,15,0.7839624511894703
16,B,100,7,16,0.9263012510199657
16,B,100,7,17,0.5944244739553738
16,B,100,7,18,0.1838204440037004
16,B,100,7,19,0.5622489167514397
16,B,100,7,20,1.1938064450008727
16,B,100,7,21,0.8539634753756717
16,B,100,7,22,-0.14353459736354202
16,B,100,7,23,0.8713910351221696
16,B,100,7,24,0.3291142591546174
16,B,100,7,25,0.019300524234724677
16,B,100,7,26,0.535664879976494
16,B,100,7,27,0.17811667121106609
16,B,100,7,28,0.738598908794701
16,B,100,7,29,0.603059411760466
16,B,100,8,0,0.7769085762312166
16,B,100,8,1,0.554192056214747
16,B,100,8,2,0.4661474259801572
16,B,100,8,3,0.5925842232816627
16,B,100,8,4,0.33163981881334825
16,B,100,8,5,0.4866437246062554
16,B,100,8,6,0.5166509979605526
16,B,100,8,7,0.34800983005321146
16,B,100,8,8,0.6377257881784036
16,B,100,8,9,0.6835749247513433
16,B,100,8,10,0.7822786910203186
16,B,100,8,11,0.7450179601451221
16,B,100,8,12,0.40318043155145533
16,B,100,8,13,0.45429040294877027
16,B,100,8,14,0.6521066528401416
16,B,100,8,15,0.6083252042431815
16,B,100,8,16,0.6047297940335531
16,B,100,8,17,0.5924389570049479
16,B,100,8,18,0.6125525100969421
16,B,100,8,19,0.8172810488218195
16,B,100,8,20,0.40296158414373484
16,B,100,8,21,0.8917141074363594
16,B,100,8,22,0.7780224079994625
16,B,100,8,23,0.2386152713783672
16,B,100,8,24,0.43043991536695486
16,B,100,8,25,0.7631674030467649
16,B,100,8,26,0.6453419842711199
16,B,100,8,27,0.619678455352141
16,B,100,8,28,0.6531402906102661
16,B,100,8,29,0.35525860678728866
16,B,100,9,0,3.1729600151947186
16,B,100,9,1,1.8851391613783632
16,B,100,9,2,3.871083734506575
16,B,100,9,3,2.901126663608749
16,B,100,9,4,3.7904289572743686
16,B,100,9,5,2.7458076516459746
16,B,100,9,6,2.9244625455552287
16,B,100,9,7,2.612056083105901
16,B,100,9,8,2.4162079969424504
16,B,100,9,9,3.205001215832222
16,B,100,9,10,2.9011013798709313
16,B,100,9,11,2.6925176107382485
16,B,100,9,12,3.034179878543797
16,B,100,9,13,3.0492801353451706
16,B,100,9,14,3.5604644194237562
16,B,100,9,15,3.2228602331110703
16,B,100,9,16,3.0726327652234224
16,B,100,9,17,3.764418729095777
16,B,100,9,18,2.436102267811775
16,B,100,9,19,2.573285132411457
16,B,100,9,20,3.205818298214805
16,B,100,9,21,3.3864873462607403
16,B,100,9,22,2.7716284370133177
16,B,100,9,23,2.9100127295085914
16,B,100,9,24,3.2235563381205963
16,B,100,9,25,3.1424376015137576
16,B,100,9,26,3.547281343943735
16,B,100,9,27,2.8589446077718152
16,B,100,9,28,2.888339376445759
16,B,100,9,29,3.0639746756772874
17,A,0.05,0,0,0.23173603869603385
17,A,0.05,0,1,0.3701382129918499
17,A,0.05,0,2,0.4646539381155784
17,A,0.05,0,3,0.2524255507702809
17,A,0.05,0,4,0.1598026854451777
17,A,0.05,0,5,-0.0658673609599554
17,A,0.05,0,6,0.42208186725066993
17,A,0.05,0,7,0.3893655708314335
17,A,0.05,0,8,0.4002155255698741
17,A,0.05,0,9,0.2907234271461467
17,A,0.05,0,10,0.17625621534474473
17,A,0.05,0,11,0.29546679095943734
17,A,0.05,0,12,0.307338621366861
17,A,0.05,0,13,0.13294976971156894
17,A,0.05,0,14,-0.03866049512562006
17,A,0.05,0,15,0.4459984190472257
17,A,0.05,0,16,0.07138694164358744
17,A,0.05,0,17,0.3146653119389394
17,A,0.05,0,18,0.5065895456847486
17,A,0.05,0,19,-0.2075193865088102
17,A,0.05,0,20,0.16094934381588827
17,A,0.05,0,21,0.4723144234713595
17,A,0.05,0,22,0.5657516793416972
17,A,0.05,0,23,0.28927124270008725
17,A,0.05,0,24,0.29588062157540146
17,A,0.05,0,25,0.31006663042086124
17,A,0.05,0,26,0.20926047510362225
17,A,0.05,0,27,0.2732153190197463
17,A,0.05,0,28,0.3340917241807238
17,A,0.05,0,29,0.3088355300300802
17,A,0.05,1,0,0.4097216619649738
17,A,0.05,1,1,0.3652821502613627
17,A,0.05,1,2,0.9068699185470076
17,A,0.05,1,3,1.0909947800475999
17,A,0.05,1,4,0.1511684899225175
17,A,0.05,1,5,0.14835232425714676
17,A,0.05,1,6,1.130763289129792
17,A,0.05,1,7,0.6522563232861374
17,A,0.05,1,8,0.8770025829073668
17,A,0.05,1,9,0.6756101859090606
17,A,0.05,1,10,0.6794219665779424
17,A,0.05,1,11,1.3470748816863767
17,A,0.05,1,12,1.0992710935020662
17,A,0.05,1,13,0.7228085409521757
17,A,0.05,1,14,1.0685739412672752
17,A,0.05,1,15,0.4758005020972085
17,A,0.05,1,16,0.7175330997634121
17,A,0.05,1,17,1.0415379771891133
17,A,0.05,1,18,0.4296636254958563
17,A,0.05,1,19,1.0277718663097801
17,A,0.05,1,20,0.7512285823706432
17,A,0.05,1,21,0.5773052469541449
17,A,0.05,1,22,0.7379619983755948
17,A,0.05,1,23,1.0747223654650129
17,A,0.05,1,24,1.3541095393402476
17,A,0.05,1,25,0.6127269821330509
17,A,0.05,1,26,1.1467404726195551
17,A,0.05,1,27,0.703187124922391
17,A,0.05,1,28,0.7161369400921553
17,A,0.05,1,29,0.5207473566564244
17,A,0.05,2,0,0.221741668954009
17,A,0.05,2,1,0.32336265967773054
17,A,0.05,2,2,0.40198548501701525
17,A,0.05,2,3,0.41498945102739343
17,A,0.05,2,4,0.3353525785843752
17,A,0.05,2,5,0.5856655515308805
17,A,0.05,2,6,-0.09621843540885781
17,A,0.05,2,7,0.46690308998612723
17,A,0.05,2,8,0.08198941354377742
17,A,0.05,2,9,0.44425507310088286
17,A,0.05,2,10,0.5415234986414876
17,A,0.05,2,11,0.4735595409163962
17,A,0.05,2,12,0.2752324237536994
17,A,0.05,2,13,0.33672579377506257
17,A,0.05,2,14,0.30185293312252115
17,A,0.05,2,15,0.20967703778981503
17,A,0.05,2,16,0.044028913098352315
17,A,0.05,2,17,0.3329843420627337
17,A,0.05,2,18,0.2607976773952112
17,A,0.05,2,19,0.3758318120824825
17,A,0.05,2,20,-0.05734264256764621
17,A,0.05,2,21,0.4854359158269695
17,A,0.05,2,22,0.30886225618085417
17,A,0.05,2,23,0.5739634310142157
17,A,0.05,2,24,0.4325546978087296
17,A,0.05,2,25,0.21554223162705585
17,A,0.05,2,26,0.19665887579212946
17,A,0.05,2,27,-0.00032114730980275065
17,A,0.05,2,28,0.32044776851251966
17,A,0.05,2,29,0.21159199828341996
17,A,0.05,3,0,0.34285483186143134
17,A,0.05,3,1,0.4117961405922892
17,A,0.05,3,2,0.21848416485283445
17,A,0.05,3,3,0.4504713020038462
17,A,0.05,3,4,0.5981180690404988
17,A,0.05,3,5,0.42317697251007663
17,A,0.05,3,6,0.3984831032346696
17,A,0.05,3,7,0.6678893498460486
17,A,0.05,3,8,0.40439899080326824
17,A,0.05,3,9,0.3459980859789598
17,A,0.05,3,10,0.49848371892333915
17,A,0.05,3,11,0.5580797350481023
17,A,0.05,3,12,0.423940702861897
17,A,0.05,3,13,0.29032637055546084
17,A,0.05,3,14,0.3823046703331582
17,A,0.05,3,15,0.4556426923811957
17,A,0.05,3,16,0.4598331623592182
17,A,0.05,3,17,0.315404198052749
17,A,0.05,3,18,0.218406352031829
17,A,0.05,3,19,0.4239415426735729
17,A,0.05,3,20,0.25659881696446585
17,A,0.05,3,21,0.39859529513452246
17,A,0.05,3,22,0.3980919161816994
17,A,0.05,3,23,0.4352758169279167
17,A,0.05,3,24,0.33543838859073677
17,A,0.05,3,25,0.5722310932877473
17,A,0.05,3,26,0.4001075160582095
17,A,0.05,3,27,0.4512339473569673
17,A,0.05,3,28,0.6240497313114141
17,A,0.05,3,29,0.2862042622063272
17,A,0.05,4,0,-0.36358556916368834
17,A,0.05,4,1,0.17706854866593427
17,A,0.05,4,2,0.6148629199736143
17,A,0.05,4,3,0.3189575896821821
17,A,0.05,4,4,-0.3677749811954043
17,A,0.05,4,5,0.15498222515148244
17,A,0.05,4,6,-0.0570667410411439
17,A,0.05,4,7,-0.4858075737883095
17,A,0.05,4,8,0.39937884004900964
17,A,0.05,4,9,0.18499125265761462
17,A,0.05,4,10,0.1872794352710557
17,A,0.05,4,11,-0.33228035937975764
17,A,0.05,4,12,0.4059791109837802
17,A,0.05,4,13,-0.3401487221778382
17,A,0.05,4,14,0.15310007358018843
17,A,0.05,4,15,-0.11530230088697488
17,A,0.05,4,16,0.6569773444063427
17,A,0.05,4,17,0.25420098859922496
17,A,0.05,4,18,0.20832089281193386
17,A,0.05,4,19,0.09902441543523362
17,A,0.05,4,20,0.33421681571898176
17,A,0.05,4,21,0.13351156175239892
17,A,0.05,4,22,0.3537776711649503
17,A,0.05,4,23,0.4109955457333575
17,A,0.05,4,24,0.2676463106956942
17,A,0.05,4,25,0.055369580155691774
17,A,0.05,4,26,0.512496414250977
17,A,0.05,4,27,0.19202864415417747
17,A,0.05,4,28,0.48838936191275384
17,A,0.05,4,29,0.22208795140818224
17,A,0.05,5,0,1.0106002821342157
17,A,0.05,5,1,1.2699340630452927
17,A,0.05,5,2,0.9494580794032913
17,A,0.05,5,3,1.4777924764023302
17,A,0.05,5,4,1.0666046855383733
17,A,0.05,5,5,1.1874292863651759
17,A,0.05,5,6,1.6857737862255335
17,A,0.05,5,7,1.5224510400488869
17,A,0.05,5,8,1.493635008374844
17,A,0.05,5,9,1.3729858760555245
17,A,0.05,5,10,1.5929286674178909
17,A,0.05,5,11,1.4998891624944404
17,A,0.05,5,12,0.8676066095135287
17,A,0.05,5,13,1.4618451503380925
17,A,0.05,5,14,1.2502871792942034
17,A,0.05,5,15,1.3163483699812744
17,A,0.05,5,16,1.4717650008960597
17,A,0.05,5,17,1.6147419458717598
17,A,0.05,5,18,1.4812976742635626
17,A,0.05,5,19,1.8730769991995286
17,A,0.05,5,20,1.0922585744064657
17,A,0.05,5,21,1.9481760434812743
17,A,0.05,5,22,1.273325116075161
17,A,0.05,5,23,2.0163831052868866
17,A,0.05,5,24,1.4694481870285179
17,A,0.05,5,25,1.3583954002016025
17,A,0.05,5,26,1.2160627515377591
17,A,0.05,5,27,1.6235152419275765
17,A,0.05,5,28,1.6038721713075015
17,A,0.05,5,29,1.5603084257650885
17,A,0.05,6,0,-0.7915717883814934
17,A,0.05,6,1,-0.812160776051303
17,A,0.05,6,2,-0.88397761378193
17,A,0.05,6,3,-0.42659724900748813
17,A,0.05,6,4,-0.4855449583518842
17,A,0.05,6,5,-0.5263708357035211
17,A,0.05,6,6,-0.6433986693930734
17,A,0.05,6,7,-0.7229065986817592
17,A,0.05,6,8,-0.4904058634150585
17,A,0.05,6,9,-0.4991081588516424
17,A,0.05,6,10,-0.8197153177419471
17,A,0.05,6,11,-0.8749625750803938
17,A,0.05,6,12,-0.47030444868462706
17,A,0.05,6,13,-0.5192727902042159
17,A,0.05,6,14,-0.6989664706054457
17,A,0.05,6,15,-0.6058954281770471
17,A,0.05,6,16,-0.6638653392660214
17,A,0.05,6,17,-0.704366533084701
17,A,0.05,6,18,-0.7540345845598826
17,A,0.05,6,19,-0.6585860205380409
17,A,0.05,6,20,-0.35013460942591
17,A,0.05,6,21,-0.588977134316167
17,A,0.05,6,22,-0.8281778832075709
17,A,0.05,6,23,-0.560572708848853
17,A,0.05,6,24,-0.6821351835900051
17,A,0.05,6,25,-0.6039818480441413
17,A,0.05,6,26,-0.6436603998221005
17,A,0.05,6,27,-0.7382480210213225
17,A,0.05,6,28,-0.779484312607136
17,A,0.05,6,29,-0.8818244300329283
17,A,0.05,7,0,0.31451440582097634
17,A,0.05,7,1,0.23361622667782422
17,A,0.05,7,2,0.2728911300091148
17,A,0.05,7,3,0.25338003918294727
17,A,0.05,7,4,0.2793997831062907
17,A,0.05,7,5,0.5445571352442202
17,A,0.05,7,6,0.37814660899793356
17,A,0.05,7,7,0.2507761178468225
17,A,0.05,7,8,0.2657704219881632
17,A,0.05,7,9,0.027750001319943818
17,A,0.05,7,10,0.23994057033634336
17,A,0.05,7,11,0.9539143141420572
17,A,0.05,7,12,0.4990976568232159
17,A,0.05,7,13,0.3831961168729362
17,A,0.05,7,14,0.3639375615551178
17,A,0.05,7,15,0.5058952681895292
17,A,0.05,7,16,0.4891951033658328
17,A,0.05,7,17,0.3022267047180344
17,A,0.05,7,18,0.21298760651438714
17,A,0.05,7,19,0.6916012322559667
17,A,0.05,7,20,0.5436848133656005
17,A,0.05,7,21,0.5040112722794536
17,A,0.05,7,22,0.28755191748118886
17,A,0.05,7,23,0.19004647625853224
17,A,0.05,7,24,0.39319225080206416
17,A,0.05,7,25,0.480454940539881
17,A,0.05,7,26,0.5325269652840939
17,A,0.05,7,27,0.4202357736041538
17,A,0.05,7,28,0.14341743608448668
17,A,0.05,7,29,0.7915468435823797
17,A,0.05,8,0,0.46696532683779357
17,A,0.05,8,1,0.9211314524357777
17,A,0.05,8,2,1.3118120895002499
17,A,0.05,8,3,0.8807090862260216
17,A,0.05,8,4,0.38525815232444366
17,A,0.05,8,5,1.1177394322519367
17,A,0.05,8,6,0.7955319306344447
17,A,0.05,8,7,0.872336906958621
17,A,0.05,8,8,1.1259680046455824
17,A,0.05,8,9,0.8547635940205394
17,A,0.05,8,10,1.0678683959756494
17,A,0.05,8,11,0.9025999113634675
17,A,0.05,8,12,0.911023452229191
17,A,0.05,8,13,1.146484008551139
17,A,0.05,8,14,0.6666739588799359
17,A,0.05,8,15,1.069237139627761
17,A,0.05,8,16,1.0223342753037785
17,A,0.05,8,17,0.8677334897629703
17,A,0.05,8,18,0.9892001775035764
17,A,0.05,8,19,1.0716943363787492
17,A,0.05,8,20,0.6700602416793412
17,A,0.05,8,21,0.9427828928635766
17,A,0.05,8,22,1.0003978382928596
17,A,0.05,8,23,0.8259848599555962
17,A,0.05,8,24,0.949487337089206
17,A,0.05,8,25,1.082175510575811
17,A,0.05,8,26,0.7905845105461654
17,A,0.05,8,27,0.9008341142910438
17,A,0.05,8,28,0.6547532774887032
17,A,0.05,8,29,0.4377722481542472
17,A,0.05,9,0,-1.1955580638440222
17,A,0.05,9,1,-1.0756947001371047
17,A,0.05,9,2,-0.8062220167539265
17,A,0.05,9,3,-0.7913818240738418
17,A,0.05,9,4,-1.114853740739463
17,A,0.05,9,5,-1.4504194777986377
17,A,0.05,9,6,-0.9407920744305609
17,A,0.05,9,7,-1.2968124640412062
17,A,0.05,9,8,-0.5868032618853343
17,A,0.05,9,9,-0.9198172643351041
17,A,0.05,9,10,-1.121566515933448
17,A,0.05,9,11,-1.1228508024177049
17,A,0.05,9,12,-0.8963897222060329
17,A,0.05,9,13,-0.5295919597039861
17,A,0.05,9,14,-1.1982220643484516
17,A,0.05,9,15,-1.493214612114617
17,A,0.05,9,16,-1.1070072387991008
17,A,0.05,9,17,-1.4295582692266944
17,A,0.05,9,18,-0.7359772389243473
17,A,0.05,9,19,-0.8327537160538231
17,A,0.05,9,20,-1.212538128770907
17,A,0.05,9,21,-1.4317629807006493
17,A,0.05,9,22,-1.0811778116878927
17,A,0.05,9,23,-1.366093499279023
17,A,0.05,9,24,-0.8218470711806767
17,A,0.05,9,25,-0.8832970742863662
17,A,0.05,9,26,-1.3068859015249554
17,A,0.05,9,27,-1.272028121370219
17,A,0.05,9,28,-0.8182185445877187
17,A,0.05,9,29,-1.065689880334143
17,B,100,0,0,1.766049189207848
17,B,100,0,1,1.2772727356367481
17,B,100,0,2,1.2061723045898038
17,B,100,0,3,1.4238772929292234
17,B,100,0,4,1.7269625666861614
17,B,100,0,5,1.5101282557482674
17,B,100,0,6,1.4332686914144575
17,B,100,0,7,1.565492148933787
17,B,100,0,8,1.4758912549212497
17,B,100,0,9,1.3137171187617238
17,B,100,0,10,1.3117411595679864
17,B,100,0,11,1.3857755614485432
17,B,100,0,12,1.1276405981105377
17,B,100,0,13,1.345790846272737
17,B,100,0,14,1.6378110951170062
17,B,100,0,15,1.3926561583567354
17,B,100,0,16,1.2364708314707828
17,B,100,0,17,1.299394022470286
17,B,100,0,18,1.5503140102779465
17,B,100,0,19,1.2473997669618568
17,B,100,0,20,1.445959969095513
17,B,100,0,21,1.6004172939136685
17,B,100,0,22,1.23582639063817
17,B,100,0,23,1.4870279634437924
17,B,100,0,24,1.5792630468154747
17,B,100,0,25,1.4454037082185913
17,B,100,0,26,1.379429997877074
17,B,100,0,27,1.6883506466463887
17,B,100,0,28,1.520873733259316
17,B,100,0,29,1.502268979620572
17,B,100,1,0,-0.7105418917393181
17,B,100,1,1,0.5208347880832
17,B,100,1,2,-0.22615231151687476
17,B,100,1,3,0.2757931089270035
17,B,100,1,4,0.44609194565269145
17,B,100,1,5,-0.4880344326097123
17,B,100,1,6,0.3770302280480798
17,B,100,1,7,-0.25912847050921095
17,B,100,1,8,0.13057286444277946
17,B,100,1,9,-0.43754907119823966
17,B,100,1,10,0.41039756429441443
17,B,100,1,11,0.20407824942862962
17,B,100,1,12,-0.014379374166981321
17,B,100,1,13,-0.2200033126699941
17,B,100,1,14,-0.28007508480495336
17,B,100,1,15,0.2043646973535516
17,B,100,1,16,0.22192217542364817
17,B,100,1,17,0.08650026212311705
17,B,100,1,18,0.5096463678341969
17,B,100,1,19,0.7731438709532593
17,B,100,1,20,-0.4232265717261742
17,B,100,1,21,-0.17927544335653603
17,B,100,1,22,-0.7749860170125025
17,B,100,1,23,0.9777874060946306
17,B,100,1,24,0.06162715698591247
17,B,100,1,25,0.2327401119511742
17,B,100,1,26,0.47139973051622325
17,B,100,1,27,-0.4989896318657835
17,B,100,1,28,-0.2961347301216237
17,B,100,1,29,-0.17454530981579167
17,B,100,2,0,-0.05735018785615198
17,B,100,2,1,0.41831255585263905
17,B,100,2,2,-0.26198118948827687
17,B,100,2,3,0.18645958357492237
17,B,100,2,4,0.2345005782579044
17,B,100,2,5,-0.20628750649866953
17,B,100,2,6,0.29213043699148805
17,B,100,2,7,0.029487598578413095
17,B,100,2,8,0.10434228515166677
17,B,100,2,9,-0.18328532442202528
17,B,100,2,10,-0.26858181524333824
17,B,100,2,11,-0.11573451247860458
17,B,100,2,12,-0.05280152649885491
17,B,100,2,13,-0.14780357431606655
17,B,100,2,14,-0.33042791574884944
17,B,100,2,15,-0.15920270484484036
17,B,100,2,16,0.4069672164816065
17,B,100,2,17,-0.1919144479937993
17,B,100,2,18,-0.11235543396178593
17,B,100,2,19,-0.04330809103001063
17,B,100,2,20,-0.22667593108417092
17,B,100,2,21,-0.5407966710511246
17,B,100,2,22,0.2813708473005602
17,B,100,2,23,-0.06225255817970904
17,B,100,2,24,0.4603779714682325
17,B,100,2,25,0.25521232873314936
17,B,100,2,26,0.14044906862837622
17,B,100,2,27,0.3914765910526209
17,B,100,2,28,-0.39315497918791337
17,B,100,2,29,0.11378988033701182
17,B,100,3,0,1.744435475721878
17,B,100,3,1,2.040259883701842
17,B,100,3,2,1.5054467156675582
17,B,100,3,3,0.6199860996301482
17,B,100,3,4,1.6637197781189001
17,B,100,3,5,1.201645391588064
17,B,100,3,6,1.1837381383910328
17,B,100,3,7,2.094983468853096
17,B,100,3,8,1.2297711208463433
17,B,100,3,9,2.109751972760006
17,B,100,3,10,1.296139962298504
17,B,100,3,11,1.7245351847480805
17,B,100,3,12,1.8375237016476365
17,B,100,3,13,1.7670577833436967
17,B,100,3,14,1.8454116487013092
17,B,100,3,15,1.7327816372250429
17,B,100,3,16,1.6241595613984876
17,B,100,3,17,1.8172679114320216
17,B,100,3,18,1.9097772003940485
17,B,100,3,19,1.409258126199087
17,B,100,3,20,1.494047939584422
17,B,100,3,21,1.7530066804306976
17,B,100,3,22,1.639044956491334
17,B,100,3,23,1.868724108673593
17,B,100,3,24,1.297654885015495
17,B,100,3,25,1.7480226999399615
17,B,100,3,26,1.8204173175326046
17,B,100,3,27,1.4942781212495706
17,B,100,3,28,1.7682914431087662
17,B,100,3,29,1.8181696931001816
17,B,100,4,0,-0.5238323818454811
17,B,100,4,1,-0.8711511159331417
17,B,100,4,2,-0.6841625653070862
17,B,100,4,3,-0.41164894899590865
17,B,100,4,4,-0.7387812842048801
17,B,100,4,5,-0.5595857964005867
17,B,100,4,6,-0.9164185687437463
17,B,100,4,7,-0.3294981934322305
17,B,100,4,8,-0.7172038966207551
17,B,100,4,9,-0.09714669552918954
17,B,100,4,10,-0.5538200329987836
17,B,100,4,11,-0.9100849905366495
17,B,100,4,12,-0.7681116526383575
17,B,100,4,13,-0.28138386499214174
17,B,100,4,14,-0.41633092226234764
17,B,100,4,15,-0.5214209819600667
17,B,100,4,16,-0.04331504063065111
17,B,100,4,17,-0.4251697784273057
17,B,100,4,18,-0.5964134464827971
17,B,100,4,19,-0.38787482752419333
17,B,100,4,20,-1.2029395131541682
17,B,100,4,21,-0.42159128589892514
17,B,100,4,22,-0.6327723098113485
17,B,100,4,23,-0.36627036315895645
17,B,100,4,24,-0.5301764092190426
17,B,100,4,25,-0.6185165942764739
17,B,100,4,26,-0.11299854267818475
17,B,100,4,27,-0.24497497929921486
17,B,100,4,28,-0.6846447022751264
17,B,100,4,29,-0.7593036116587389
17,B,100,5,0,-1.276662277088334
17,B,100,5,1,-1.3866380669472285
17,B,100,5,2,-0.27780571394486964
17,B,100,5,3,-0.5844997115730995
17,B,100,5,4,-0.20435067090891407
17,B,100,5,5,-1.0543305216875019
17,B,100,5,6,-0.5108442734090668
17,B,100,5,7,-0.33983908692794157
17,B,100,5,8,-0.2734728246913671
17,B,100,5,9,-0.40695830766962354
17,B,100,5,10,-0.5690283944735011
17,B,100,5,11,-0.23031885241264938
17,B,100,5,12,-0.4469510606907797
17,B,100,5,13,-0.44044366972662413
17,B,100,5,14,-0.2739119209312189
17,B,100,5,15,-1.3731063578461105
17,B,100,5,16,-0.2782161821246898
17,B,100,5,17,-0.6938812431433536
17,B,100,5,18,-0.20302799166060254
17,B,100,5,19,-0.5089054930715434
17,B,100,5,20,-0.3799818710937901
17,B,100,5,21,-0.5252243088040532
17,B,100,5,22,-0.5788035042169369
17,B,100,5,23,-0.28045573735239904
17,B,100,5,24,-0.3701891465752819
17,B,100,5,25,-0.4954535512342205
17,B,100,5,26,-0.8834250843152465
17,B,100,5,27,-0.37842301434482123
17,B,100,5,28,-0.35492479482792094
17,B,100,5,29,-0.4161500102161347
17,B,100,6,0,-1.4553511422492644
17,B,100,6,1,-1.162160231051967
17,B,100,6,2,-0.9170038687195369
17,B,100,6,3,-1.4855014490455938
17,B,100,6,4,-1.2262647773995126
17,B,100,6,5,-0.40735171372629175
17,B,100,6,6,-0.15505563037560088
17,B,100,6,7,-0.15311959446275342
17,B,100,6,8,-0.31753040779184594
17,B,100,6,9,-0.5194845362524709
17,B,100,6,10,0.2979525649776284
17,B,100,6,11,-0.2890017007746028
17,B,100,6,12,0.17152705634254398
17,B,100,6,13,0.3843372765188778
17,B,100,6,14,0.35578093169318603
17,B,100,6,15,0.14272918450251637
17,B,100,6,16,0.6104310043681779
17,B,100,6,17,0.293370333618573
17,B,100,6,18,-0.3798068416753393
17,B,100,6,19,0.4744272149527614
17,B,100,6,20,0.4121948611902774
17,B,100,6,21,-0.06968856965598602
17,B,100,6,22,0.6758867746681146
17,B,100,6,23,0.650468982923078
17,B,100,6,24,0.35624898055709087
17,B,100,6,25,0.089879523178448
17,B,100,6,26,-0.6233464361630603
17,B,100,6,27,0.1889052393368994
17,B,100,6,28,-0.2555323603483455
17,B,100,6,29,0.14364985022574656
17,B,100,7,0,-0.6206008938370561
17,B,100,7,1,-0.4733815227120629
17,B,100,7,2,-0.5791616293860339
17,B,100,7,3,-0.7758862534393776
17,B,100,7,4,-0.7915249561735336
17,B,100,7,5,-0.8318597575168483
17,B,100,7,6,-0.5900875583373039
17,B,100,7,7,-0.8731992813458922
17,B,100,7,8,-0.880266555172984
17,B,100,7,9,-0.38157699538090667
17,B,100,7,10,-0.4981958884637996
17,B,100,7,11,-0.7023032829318482
17,B,100,7,12,-0.4928083005839256
17,B,100,7,13,-0.6690776999492144
17,B,100,7,14,-0.6250280991285091
17,B,100,7,15,-0.6938749434444895
17,B,100,7,16,-0.31977424642561375
17,B,100,7,17,-0.4571928303511189
17,B,100,7,18,-0.4225466414437168
17,B,100,7,19,-0.5322627884676454
17,B,100,7,20,-1.0097951156487874
17,B,100,7,21,-0.8046721856139034
17,B,100,7,22,-0.4753838927783295
17,B,100,7,23,-0.16084529009539728
17,B,100,7,24,-0.39014424666963515
17,B,100,7,25,-0.5567665314275182
17,B,100,7,26,-0.5364296998890765
17,B,100,7,27,-0.5691557569623751
17,B,100,7,28,-0.5372640560283602
17,B,100,7,29,-0.5393387900013564
17,B,100,8,0,0.18696664790687628
17,B,100,8,1,0.08303743679211519
17,B,100,8,2,0.5203900914578574
17,B,100,8,3,0.16049811466472258
17,B,100,8,4,0.4362585924124521
17,B,100,8,5,0.2303850194316135
17,B,100,8,6,0.2082820733372723
17,B,100,8,7,0.338239011579365
17,B,100,8,8,0.13731038626831973
17,B,100,8,9,0.31671502181659805
17,B,100,8,10,0.2975058430325535
17,B,100,8,11,0.3872701774511352
17,B,100,8,12,0.14540601385681154
17,B,100,8,13,0.3612552189059379
17,B,100,8,14,0.2682715714856564
17,B,100,8,15,0.18235061562171034
17,B,100,8,16,0.14605176432471337
17,B,100,8,17,0.24930959816388099
17,B,100,8,18,0.6216964452512251
17,B,100,8,19,0.3782422790734722
17,B,100,8,20,0.26594867416897117
17,B,100,8,21,0.23793697697753724
17,B,100,8,22,-0.020607148086590032
17,B,100,8,23,0.25524505245593443
17,B,100,8,24,0.37231923004647827
17,B,100,8,25,0.5302225151042012
17,B,100,8,26,0.39594729122927813
17,B,100,8,27,0.39488431212838376
17,B,100,8,28,0.14450624997152098
17,B,100,8,29,0.1537544659771767
17,B,100,9,0,-2.026963379766229
17,B,100,9,1,-1.081082308279765
17,B,100,9,2,-1.6352018312221202
17,B,100,9,3,-1.663829954004037
17,B,100,9,4,-0.8274530208064991
17,B,100,9,5,-1.291435982089066
17,B,100,9,6,-0.793096082174802
17,B,100,9,7,-1.9917783857086957
17,B,100,9,8,-1.3326868770331681
17,B,100,9,9,-1.3180109336596257
17,B,100,9,10,-1.1719272938648544
17,B,100,9,11,-1.0345774249364346
17,B,100,9,12,-1.1816961727740183
17,B,100,9,13,-1.610314865417277
17,B,100,9,14,-1.5552906502809543
17,B,100,9,15,-0.9580642526657873
17,B,100,9,16,-1.304690792222063
17,B,100,9,17,-1.7321848297120215
17,B,100,9,18,-1.3310276501648588
17,B,100,9,19,-1.6200879169113471
17,B,100,9,20,-1.6049704676631402
17,B,100,9,21,-1.3349857446000777
17,B,100,9,22,-1.109695895610025
17,B,100,9,23,-1.5354886843242312
17,B,100,9,24,-1.691192809216667
17,B,100,9,25,-1.2664819397312685
17,B,100,9,26,-1.6705949281767811
17,B,100,9,27,-1.3103897953019799
17,B,100,9,28,-1.1963259206355217
17,B,100,9,29,-1.6701405129554001
18,A,0.05,0,0,-0.5099166554671437
18,A,0.05,0,1,-0.45502819389604626
18,A,0.05,0,2,-0.5982300321046355
18,A,0.05,0,3,-0.26343358535679806
18,A,0.05,0,4,-0.18924722688256984
18,A,0.05,0,5,-0.48652068355925404
18,A,0.05,0,6,-0.5569777745761704
18,A,0.05,0,7,-0.4337990700610718
18,A,0.05,0,8,-0.22091327138267217
18,A,0.05,0,9,-0.42089270974326476
18,A,0.05,0,10,-0.8578106463115296
18,A,0.05,0,11,-0.35445331781682343
18,A,0.05,0,12,-0.33911953948279916
18,A,0.05,0,13,-0.5856399191354184
18,A,0.05,0,14,-0.37586013457628714
18,A,0.05,0,15,-0.8749509154343582
18,A,0.05,0,16,-0.33465404591222775
18,A,0.05,0,17,-0.48452955228625566
18,A,0.05,0,18,-0.35569037810299114
18,A,0.05,0,19,-0.48375847814558315
18,A,0.05,0,20,-0.15655208988599237
18,A,0.05,0,21,-0.14131230808482012
18,A,0.05,0,22,-0.39146480798395866
18,A,0.05,0,23,-0.6707393756176672
18,A,0.05,0,24,-0.27327108767379626
18,A,0.05,0,25,-0.1918876643099829
18,A,0.05,0,26,-0.2060367748228654
18,A,0.05,0,27,-0.28200643502642975
18,A,0.05,0,28,-0.46998403530395466
18,A,0.05,0,29,-0.1862375716612392
18,A,0.05,1,0,-0.1685102274999019
18,A,0.05,1,1,0.19731693267631512
18,A,0.05,1,2,0.050805463898377354
18,A,0.05,1,3,-0.04021155797699713
18,A,0.05,1,4,-0.3357941234549286
18,A,0.05,1,5,0.38320489578837386
18,A,0.05,1,6,-0.04478397107852751
18,A,0.05,1,7,-0.17629781250847942
18,A,0.05,1,8,-0.30191150419061935
18,A,0.05,1,9,-0.014685808818054969
18,A,0.05,1,10,-0.1719874795687223
18,A,0.05,1,11,-0.3035375444508859
18,A,0.05,1,12,-0.026304273624792318
18,A,0.05,1,13,0.212470061872537
18,A,0.05,1,14,-0.04107750837026491
18,A,0.05,1,15,0.11364403360433273
18,A,0.05,1,16,-0.16401384124701818
18,A,0.05,1,17,-0.03497419721409153
18,A,0.05,1,18,-0.1570326629945993
18,A,0.05,1,19,-0.03389740690665982
18,A,0.05,1,20,-0.07801212254050055
18,A,0.05,1,21,-0.3352201184726701
18,A,0.05,1,22,-0.08611374740366462
18,A,0.05,1,23,-0.43559344557306756
18,A,0.05,1,24,-0.20886308304538712
18,A,0.05,1,25,-0.3480626269418172
18,A,0.05,1,26,0.12092538624631473
18,A,0.05,1,27,0.010472021517273743
18,A,0.05,1,28,-0.29728505860753
18,A,0.05,1,29,-0.19896400028399266
18,A,0.05,2,0,-0.33576806013679444
18,A,0.05,2,1,-0.43446495336543683
18,A,0.05,2,2,-0.4534096405800212
18,A,0.05,2,3,-0.6507925022917056
18,A,0.05,2,4,-0.7146905472021283
18,A,0.05,2,5,-0.15432396876481422
18,A,0.05,2,6,-0.3477438976377944
18,A,0.05,2,7,-0.34066071809357995
18,A,0.05,2,8,-0.43258873558459465
18,A,0.05,2,9,-1.0035210357195417
18,A,0.05,2,10,-0.5254277698194701
18,A,0.05,2,11,-0.54705410675824
18,A,0.05,2,12,-0.20620324241721874
18,A,0.05,2,13,-0.4724512486656252
18,A,0.05,2,14,-1.0213289758733899
18,A,0.05,2,15,-0.6597616407179767
18,A,0.05,2,16,-0.5542170434436947
18,A,0.05,2,17,-0.5477350980574179
18,A,0.05,2,18,-0.6096091495696658
18,A,0.05,2,19,-0.29187841223216293
18,A,0.05,2,20,-0.7331986881928508
18,A,0.05,2,21,-0.3300046086473849
18,A,0.05,2,22,-0.4092904717516953
18,A,0.05,2,23,-0.3158133955026101
18,A,0.05,2,24,-0.357924234088953
18,A,0.05,2,25,-0.6630872319640508
18,A,0.05,2,26,-0.7549571220048781
18,A,0.05,2,27,-0.5019013659471261
18,A,0.05,2,28,-0.7747312256820578
18,A,0.05,2,29,-0.3263015127956247
18,A,0.05,3,0,1.8164757881440141
18,A,0.05,3,1,1.4575073723133336
18,A,0.05,3,2,1.5546936908807807
18,A,0.05,3,3,1.9819705654522481
18,A,0.05,3,4,2.234198293383921
18,A,0.05,3,5,1.6428672923665255
18,A,0.05,3,6,2.1727784788157107
18,A,0.05,3,7,2.113409833841852
18,A,0.05,3,8,1.7397701409755477
18,A,0.05,3,9,1.808521738202096
18,A,0.05,3,10,2.2482604923348424
18,A,0.05,3,11,1.7243948103309297
18,A,0.05,3,12,1.9834847800684525
18,A,0.05,3,13,2.0684601506075033
18,A,0.05,3,14,2.514508652497454
18,A,0.05,3,15,2.3598530584501285
18,A,0.05,3,16,1.8277094572781611
18,A,0.05,3,17,1.7073680292237634
18,A,0.05,3,18,2.28005096428663
18,A,0.05,3,19,1.6034935532192627
18,A,0.05,3,20,1.9023644273057683
18,A,0.05,3,21,1.8565622477367973
18,A,0.05,3,22,1.7826380380651368
18,A,0.05,3,23,1.6865375384896921
18,A,0.05,3,24,1.8006665431253117
18,A,0.05,3,25,1.6239906713061154
18,A,0.05,3,26,2.2737412064149645
18,A,0.05,3,27,1.6972290996580863
18,A,0.05,3,28,1.9610024423487196
18,A,0.05,3,29,2.0686784433396097
18,A,0.05,4,0,-0.9434099180216644
18,A,0.05,4,1,-0.9567673551514884
18,A,0.05,4,2,-1.0487033621488873
18,A,0.05,4,3,-1.148665021053949
18,A,0.05,4,4,-0.6281350064493657
18,A,0.05,4,5,-1.1352139413592695
18,A,0.05,4,6,-0.8293197414290395
18,A,0.05,4,7,-1.185368810286373
18,A,0.05,4,8,-0.7057030058566833
18,A,0.05,4,9,-0.9205328392540112
18,A,0.05,4,10,-0.7163860162029609
18,A,0.05,4,11,-0.8482055473276177
18,A,0.05,4,12,-0.9544998336713344
18,A,0.05,4,13,-1.0931838258715125
18,A,0.05,4,14,-0.7126874257604553
18,A,0.05,4,15,-1.0941211137650613
18,A,0.05,4,16,-0.9577427988067452
18,A,0.05,4,17,-0.7458376676206165
18,A,0.05,4,18,-1.1203299170746792
18,A,0.05,4,19,-0.8547927373034164
18,A,0.05,4,20,-1.1079832713776698
18,A,0.05,4,21,-0.9504785677404198
18,A,0.05,4,22,-0.3772826307266773
18,A,0.05,4,23,-0.785118707078569
18,A,0.05,4,24,-0.9637316130554059
18,A,0.05,4,25,-1.0038607550344503
18,A,0.05,4,26,-0.9484675275446011
18,A,0.05,4,27,-0.35155282527305426
18,A,0.05,4,28,-0.41662415894312876
18,A,0.05,4,29,-0.8548075820347227
18,A,0.05,5,0,0.7414697668712891
18,A,0.05,5,1,0.5456037408312711
18,A,0.05,5,2,0.6570684194420915
18,A,0.05,5,3,0.5272233388624182
18,A,0.05,5,4,0.7802606288284458
18,A,0.05,5,5,0.01814200587053642
18,A,0.05,5,6,0.885213637873173
18,A,0.05,5,7,0.8011114956829443
18,A,0.05,5,8,0.813019928450182
18,A,0.05,5,9,0.9392813993857035
18,A,0.05,5,10,0.6208099834606129
18,A,0.05,5,11,0.9350855142756991
18,A,0.05,5,12,0.9111549639772698
18,A,0.05,5,13,0.974877098775737
18,A,0.05,5,14,0.6581465914507871
18,A,0.05,5,15,1.1025929966360273
18,A,0.05,5,16,1.0856858299248038
18,A,0.05,5,17,1.1547741551519006
18,A,0.05,5,18,1.0773434175674907
18,A,0.05,5,19,1.017686296768313
18,A,0.05,5,20,0.78027605560854
18,A,0.05,5,21,0.9998791686169712
18,A,0.05,5,22,0.003775656052916564
18,A,0.05,5,23,1.146620614918331
18,A,0.05,5,24,1.1455819156454414
18,A,0.05,5,25,1.182872545872743
18,A,0.05,5,26,1.0847119912359713
18,A,0.05,5,27,1.2743981311132477
18,A,0.05,5,28,1.1729603846928163
18,A,0.05,5,29,0.9005454429325408
18,A,0.05,6,0,0.7065906262266245
18,A,0.05,6,1,0.26578034084009533
18,A,0.05,6,2,1.1367195372098828
18,A,0.05,6,3,0.532470785391
18,A,0.05,6,4,0.9708501067692795
18,A,0.05,6,5,0.3792929341553544
18,A,0.05,6,6,0.6732357774578714
18,A,0.05,6,7,0.7455270807015759
18,A,0.05,6,8,0.6267403393380657
18,A,0.05,6,9,0.2363393956329263
18,A,0.05,6,10,0.7658329967504484
18,A,0.05,6,11,1.0560918581423373
18,A,0.05,6,12,0.17168088044297672
18,A,0.05,6,13,0.32533648938187304
18,A,0.05,6,14,0.6148312650448398
18,A,0.05,6,15,1.0016798110423282
18,A,0.05,6,16,0.6753210814607935
18,A,0.05,6,17,0.8135608735042205
18,A,0.05,6,18,1.2576171657884387
18,A,0.05,6,19,0.9763281642975989
18,A,0.05,6,20,0.652215271572561
18,A,0.05,6,21,1.1701441666249839
18,A,0.05,6,22,1.172598211961478
18,A,0.05,6,23,1.118415861451901
18,A,0.05,6,24,0.5912069550330986
18,A,0.05,6,25,0.5213080229353502
18,A,0.05,6,26,0.9642071121167702
18,A,0.05,6,27,0.9612066805626243
18,A,0.05,6,28,0.9536709398602792
18,A,0.05,6,29,1.0210470436953836
18,A,0.05,7,0,0.5071893418523524
18,A,0.05,7,1,0.6522057134443661
18,A,0.05,7,2,0.6874327404519359
18,A,0.05,7,3,0.7862380879957015
18,A,0.05,7,4,0.39158914163966607
18,A,0.05,7,5,0.8396813641571408
18,A,0.05,7,6,0.5607389178958457
18,A,0.05,7,7,0.2944368528968315
18,A,0.05,7,8,0.6847606068114609
18,A,0.05,7,9,0.8258141968025821
18,A,0.05,7,10,0.4366292000895428
18,A,0.05,7,11,0.994872427413025
18,A,0.05,7,12,0.20912333620073886
18,A,0.05,7,13,0.10519925000681919
18,A,0.05,7,14,0.7947974916759425
18,A,0.05,7,15,0.2672691583941006
18,A,0.05,7,16,0.8394742983727
18,A,0.05,7,17,1.2159606044240034
18,A,0.05,7,18,1.1812994854672727
18,A,0.05,7,19,0.7956157802481957
18,A,0.05,7,20,0.5278600326601988
18,A,0.05,7,21,0.762459048998241
18,A,0.05,7,22,0.42546195569163775
18,A,0.05,7,23,0.18765030269693533
18,A,0.05,7,24,0.6752548960183257
18,A,0.05,7,25,0.5783002830212196
18,A,0.05,7,26,0.9831369436806414
18,A,0.05,7,27,-0.32978511226035495
18,A,0.05,7,28,0.4979886555275034
18,A,0.05,7,29,0.9441934742521997
18,A,0.05,8,0,1.5424016454683829
18,A,0.05,8,1,1.26530728708866
18,A,0.05,8,2,1.757164235685765
18,A,0.05,8,3,1.7477156050932157
18,A,0.05,8,4,1.4237507535927898
18,A,0.05,8,5,0.9730821854872104
18,A,0.05,8,6,1.4508720068919567
18,A,0.05,8,7,2.0410260147156465
18,A,0.05,8,8,1.8813590940667528
18,A,0.05,8,9,1.5447502504427482
18,A,0.05,8,10,1.7242973478564114
18,A,0.05,8,11,2.0546800905718174
18,A,0.05,8,12,1.9243566859930628
18,A,0.05,8,13,2.2508461529729966
18,A,0.05,8,14,2.109161106063161
18,A,0.05,8,15,2.3403945238488606
18,A,0.05,8,16,1.9660497235946093
18,A,0.05,8,17,2.375810507329426
18,A,0.05,8,18,2.3331493049383227
18,A,0.05,8,19,2.100738229930266
18,A,0.05,8,20,2.2752241112488556
18,A,0.05,8,21,2.211741954973374
18,A,0.05,8,22,2.1618460071314165
18,A,0.05,8,23,2.541103459772529
18,A,0.05,8,24,2.0408311451244625
18,A,0.05,8,25,2.290610090787574
18,A,0.05,8,26,2.225474694391166
18,A,0.05,8,27,2.0825008143527817
18,A,0.05,8,28,1.8641442455738242
18,A,0.05,8,29,2.259780623829728
18,A,0.05,9,0,-0.9868668155842015
18,A,0.05,9,1,-0.8969867309464263
18,A,0.05,9,2,-0.3333696578124125
18,A,0.05,9,3,-0.4331020858396759
18,A,0.05,9,4,-0.46444428614494915
18,A,0.05,9,5,-0.5236317952844901
18,A,0.05,9,6,-0.0761804551188775
18,A,0.05,9,7,-0.32516536036057786
18,A,0.05,9,8,-0.30059915938960535
18,A,0.05,9,9,-0.0727566896565165
18,A,0.05,9,10,-0.03040326379379524
18,A,0.05,9,11,-0.06753713374785121
18,A,0.05,9,12,-0.07753701011596825
18,A,0.05,9,13,-0.2563258015581911
18,A,0.05,9,14,-0.05480332525588034
18,A,0.05,9,15,-0.04053151344822158
18,A,0.05,9,16,0.027077963885249277
18,A,0.05,9,17,-0.02636236266215984
18,A,0.05,9,18,0.15766829594218953
18,A,0.05,9,19,0.03913630582669717
18,A,0.05,9,20,-0.07122715395876633
18,A,0.05,9,21,-0.31102854946408914
18,A,0.05,9,22,-0.048825681338761084
18,A,0.05,9,23,-0.14005698457324212
18,A,0.05,9,24,0.0753765929655616
18,A,0.05,9,25,-0.10758292174969043
18,A,0.05,9,26,0.11118636150441931
18,A,0.05,9,27,-0.06838480410926465
18,A,0.05,9,28,-0.2355973125873052
18,A,0.05,9,29,-0.027113870186327656
18,B,100,0,0,-0.3722109049884745
18,B,100,0,1,-0.6231944248584346
18,B,100,0,2,-0.5726329727918745
18,B,100,0,3,-0.42119418606335296
18,B,100,0,4,-0.5723835747666106
18,B,100,0,5,-0.9308455177592192
18,B,100,0,6,-0.5257658958739684
18,B,100,0,7,-0.02166676072570055
18,B,100,0,8,-0.5944931526082221
18,B,100,0,9,-0.42152491863964503
18,B,100,0,10,-0.15278369798764027
18,B,100,0,11,-0.4587374429338848
18,B,100,0,12,0.06041456271631228
18,B,100,0,13,-0.01621883224885167
18,B,100,0,14,0.016321553691411063
18,B,100,0,15,-0.8348728618264041
18,B,100,0,16,-0.07397028664344603
18,B,100,0,17,-0.09938384823911865
18,B,100,0,18,-0.5260071647464286
18,B,100,0,19,-1.0708236248005827
18,B,100,0,20,-0.4440405065130211
18,B,100,0,21,0.009066486638962356
18,B,100,0,22,-0.17426755792419077
18,B,100,0,23,-0.5568958890832139
18,B,100,0,24,0.0379535075257339
18,B,100,0,25,0.16112324506419212
18,B,100,0,26,0.08068802286363179
18,B,100,0,27,0.18755402787533
18,B,100,0,28,0.3893266149942186
18,B,100,0,29,-0.09539823692959265
18,B,100,1,0,-0.4128772895511917
18,B,100,1,1,-0.02168892920809587
18,B,100,1,2,-0.1260792164854794
18,B,100,1,3,-0.3181174116018769
18,B,100,1,4,0.03752724574212806
18,B,100,1,5,-0.34149463721874324
18,B,100,1,6,0.2033310443254474
18,B,100,1,7,-0.20273214016513655
18,B,100,1,8,0.16365156946364628
18,B,100,1,9,0.028889790187204986
18,B,100,1,10,-0.38919848668775076
18,B,100,1,11,0.36756189431965947
18,B,100,1,12,-0.022423020774333086
18,B,100,1,13,-0.06919534932269256
18,B,100,1,14,-0.057397491434335784
18,B,100,1,15,-0.08512241385136449
18,B,100,1,16,-0.23760398650073902
18,B,100,1,17,-0.18130965765959775
18,B,100,1,18,0.10530324339336819
18,B,100,1,19,0.03353268431487396
18,B,100,1,20,0.1839923047014753
18,B,100,1,21,-0.15161162587538854
18,B,100,1,22,-0.13226430392952349
18,B,100,1,23,0.01148490334524708
18,B,100,1,24,-0.3292842980931932
18,B,100,1,25,0.13643654298245195
18,B,100,1,26,0.2333752793485397
18,B,100,1,27,-0.22761026991609568
18,B,100,1,28,0.09403565282879808
18,B,100,1,29,0.03647464269096303
18,B,100,2,0,-0.7416736308406239
18,B,100,2,1,-0.8410746048212503
18,B,100,2,2,-0.8101532925155892
18,B,100,2,3,-0.8754955175091796
18,B,100,2,4,-0.7905058290762687
18,B,100,2,5,-0.763725740751914
18,B,100,2,6,-0.9341672677117404
18,B,100,2,7,-0.7526917038158107
18,B,100,2,8,-0.9960546067253276
18,B,100,2,9,-0.700622417721514
18,B,100,2,10,-0.7455651030710301
18,B,100,2,11,-0.7321120937701421
18,B,100,2,12,-0.7005542410998735
18,B,100,2,13,-0.7569146579822569
18,B,100,2,14,-0.9544245793238849
18,B,100,2,15,-0.7873092288624995
18,B,100,2,16,-0.799574550098076
18,B,100,2,17,-0.84490079739187
18,B,100,2,18,-0.7938522892161034
18,B,100,2,19,-0.4751642840281229
18,B,100,2,20,-0.701657384639619
18,B,100,2,21,-0.4983450283549723
18,B,100,2,22,-0.8052843736905683
18,B,100,2,23,-0.7146016293375754
18,B,100,2,24,-0.0726302835083594
18,B,100,2,25,-0.584362684558359
18,B,100,2,26,-0.7446724266903268
18,B,100,2,27,-0.8481287750672273
18,B,100,2,28,-0.3105025046373402
18,B,100,2,29,-0.8161449503466559
18,B,100,3,0,-1.3113899490351228
18,B,100,3,1,-0.8892824885342085
18,B,100,3,2,-2.35473597187191
18,B,100,3,3,-2.7516161522656692
18,B,100,3,4,-3.3726762043921616
18,B,100,3,5,-1.7956900077518774
18,B,100,3,6,-1.3942772855546612
18,B,100,3,7,-1.284568504951213
18,B,100,3,8,-1.8993441922398056
18,B,100,3,9,-1.6438543819336027
18,B,100,3,10,-0.8848050096057569
18,B,100,3,11,-3.1155106533360297
18,B,100,3,12,-0.5374997360111452
18,B,100,3,13,-0.5431863452836863
18,B,100,3,14,-2.739709338721111
18,B,100,3,15,-1.75537185002156
18,B,100,3,16,-1.1630035919883615
18,B,100,3,17,-0.8871021859314591
18,B,100,3,18,-2.1644744760992385
18,B,100,3,19,-1.295202883168881
18,B,100,3,20,-0.8426352114955021
18,B,100,3,21,-0.6933287967425618
18,B,100,3,22,-1.326897483184557
18,B,100,3,23,-2.273275079365113
18,B,100,3,24,-2.4747463172521535
18,B,100,3,25,-1.2339701220394463
18,B,100,3,26,-2.0525447692320906
18,B,100,3,27,-2.5907375005835145
18,B,100,3,28,-0.5136107591766224
18,B,100,3,29,-2.9061926866555323
18,B,100,4,0,0.14499084126139766
18,B,100,4,1,0.7439006677712146
18,B,100,4,2,0.3215081100142957
18,B,100,4,3,0.41784274666800303
18,B,100,4,4,1.2002331294646535
18,B,100,4,5,0.6046334084239542
18,B,100,4,6,1.4289570279933435
18,B,100,4,7,0.9422448344726306
18,B,100,4,8,0.6408961015084758
18,B,100,4,9,0.6830257227463442
18,B,100,4,10,1.1417457787138565
18,B,100,4,11,0.3671061154053799
18,B,100,4,12,1.0557429381840173
18,B,100,4,13,0.9461880028916938
18,B,100,4,14,1.3238097841862106
18,B,100,4,15,0.8532064929669321
18,B,100,4,16,0.6093973639835021
18,B,100,4,17,1.1620724696476723
18,B,100,4,18,0.7548025617539388
18,B,100,4,19,0.9545885277998469
18,B,100,4,20,1.616753966376241
18,B,100,4,21,0.48622347173794267
18,B,100,4,22,0.9661720779522286
18,B,100,4,23,1.425871641053485
18,B,100,4,24,1.4523179558477572
18,B,100,4,25,1.4063526354503728
18,B,100,4,26,0.9863904547435207
18,B,100,4,27,1.428050773784273
18,B,100,4,28,0.38067901967903894
18,B,100,4,29,0.9927603519902475
18,B,100,5,0,0.046815049599114505
18,B,100,5,1,-0.37480878356883196
18,B,100,5,2,-0.6270251798985066
18,B,100,5,3,-0.3872621046187919
18,B,100,5,4,-0.47510583124478256
18,B,100,5,5,-1.0465811502567963
18,B,100,5,6,-0.6219801719890521
18,B,100,5,7,0.38302316093221644
18,B,100,5,8,-1.2475535938828268
18,B,100,5,9,-0.8313371872974544
18,B,100,5,10,-1.0743203954844867
18,B,100,5,11,-1.2533255552031255
18,B,100,5,12,-1.2583217690130997
18,B,100,5,13,-0.7577904767521715
18,B,100,5,14,-1.752356293789114
18,B,100,5,15,-1.7540545961206468
18,B,100,5,16,-0.6348023504182901
18,B,100,5,17,-1.7627934178945106
18,B,100,5,18,-0.7489364924812082
18,B,100,5,19,-0.7927736905863497
18,B,100,5,20,-0.9344009620165626
18,B,100,5,21,-1.3140192596942037
18,B,100,5,22,-0.6640156755570661
18,B,100,5,23,-0.8619961976352005
18,B,100,5,24,-1.4088229759465511
18,B,100,5,25,-1.6045705178705898
18,B,100,5,26,-0.8378777666383506
18,B,100,5,27,-0.32433163520928415
18,B,100,5,28,-1.4306349264589293
18,B,100,5,29,-0.9266027768499552
18,B,100,6,0,-0.13702516087279343
18,B,100,6,1,-0.09528839355462734
18,B,100,6,2,-0.35707024553717026
18,B,100,6,3,-0.4269424725367845
18,B,100,6,4,0.25111401594150307
18,B,100,6,5,-0.04205170356962438
18,B,100,6,6,-0.06007880627054777
18,B,100,6,7,-0.20437361499423262
18,B,100,6,8,0.004563253526878108
18,B,100,6,9,-0.4742318933362688
18,B,100,6,10,-0.07310402288002138
18,B,100,6,11,-0.1669434303490362
18,B,100,6,12,0.0730896665005513
18,B,100,6,13,-0.32133418752533904
18,B,100,6,14,-0.3463114730275007
18,B,100,6,15,0.18061730408335047
18,B,100,6,16,-0.34483549972045313
18,B,100,6,17,-0.18374375157172848
18,B,100,6,18,-0.18249374473098265
18,B,100,6,19,-0.11102022232171968
18,B,100,6,20,-0.42465598889127787
18,B,100,6,21,0.21795629539647332
18,B,100,6,22,0.2795567309584701
18,B,100,6,23,-0.2753970714636572
18,B,100,6,24,0.11923818545628145
18,B,100,6,25,0.1019076360424553
18,B,100,6,26,-0.2147212979180229
18,B,100,6,27,0.0822299397589234
18,B,100,6,28,-0.2853169260674655
18,B,100,6,29,-0.20166289325627884
18,B,100,7,0,0.574493397923835
18,B,100,7,1,0.09496307581003455
18,B,100,7,2,-0.23463044452758589
18,B,100,7,3,0.4634003404960288
18,B,100,7,4,0.9761168859387835
18,B,100,7,5,0.40741129664259357
18,B,100,7,6,0.8903609993324169
18,B,100,7,7,0.8709298969020263
18,B,100,7,8,0.6069492204742111
18,B,100,7,9,1.209022531562648
18,B,100,7,10,-0.10898313087356266
18,B,100,7,11,0.21890513200831335
18,B,100,7,12,0.1016315222038754
18,B,100,7,13,0.6975286180432736
18,B,100,7,14,0.3757316959862548
18,B,100,7,15,0.8953872788286117
18,B,100,7,16,0.8906741989374645
18,B,100,7,17,0.627374012036086
18,B,100,7,18,0.6837917306381976
18,B,100,7,19,0.48755310964804616
18,B,100,7,20,0.49458869627749963
18,B,100,7,21,0.16238949192516916
18,B,100,7,22,0.3133664718255565
18,B,100,7,23,0.9465564801573215
18,B,100,7,24,0.1909706747921975
18,B,100,7,25,0.37514340816089176
18,B,100,7,26,0.8434456858497065
18,B,100,7,27,-0.15267139948828867
18,B,100,7,28,0.3180123638184125
18,B,100,7,29,-0.004589170232598984
18,B,100,8,0,-0.10078865352971668
18,B,100,8,1,-0.3551986071311944
18,B,100,8,2,-0.13924001741755834
18,B,100,8,3,-0.0672296681337882
18,B,100,8,4,-0.09014429527198795
18,B,100,8,5,-0.15472755781663214
18,B,100,8,6,-0.3209066725998399
18,B,100,8,7,-0.06450154599819752
18,B,100,8,8,-0.0807762743659395
18,B,100,8,9,-0.13238544678177022
18,B,100,8,10,-0.04937126674561373
18,B,100,8,11,-0.5288311637674341
18,B,100,8,12,-0.03878893875444232
18,B,100,8,13,-0.09575028581786289
18,B,100,8,14,-0.10399546541291846
18,B,100,8,15,-0.10319598068794415
18,B,100,8,16,-0.08659659230189892
18,B,100,8,17,-0.11756036162160956
18,B,100,8,18,-0.08825534446972871
18,B,100,8,19,-0.08467954235635237
18,B,100,8,20,-0.050250647217577576
18,B,100,8,21,-0.056467927911670907
18,B,100,8,22,-0.09507561745513993
18,B,100,8,23,-0.0927397666137793
18,B,100,8,24,-0.12610542645532918
18,B,100,8,25,-0.12120062326878973
18,B,100,8,26,-0.002471248737344765
18,B,100,8,27,-0.06625284874190382
18,B,100,8,28,-0.08186577900057841
18,B,100,8,29,-0.011774970823632974
18,B,100,9,0,1.3026093726449794
18,B,100,9,1,1.0204463200364542
18,B,100,9,2,1.3305237871802615
18,B,100,9,3,1.1640858885809862
18,B,100,9,4,1.2745669055836875
18,B,100,9,5,1.1585153582578667
18,B,100,9,6,1.3070283264872227
18,B,100,9,7,1.5665156261997686
18,B,100,9,8,1.005313175799993
18,B,100,9,9,1.4372947614630016
18,B,100,9,10,0.6999087025963571
18,B,100,9,11,1.172112347614385
18,B,100,9,12,1.3671937950096762
18,B,100,9,13,0.9948843235256952
18,B,100,9,14,1.3625867864133094
18,B,100,9,15,0.9216995770477199
18,B,100,9,16,1.0686410052558455
18,B,100,9,17,1.0077311185072613
18,B,100,9,18,1.6293298566382886
18,B,100,9,19,1.4023930618598035
18,B,100,9,20,0.8931744926924048
18,B,100,9,21,1.2722561749613577
18,B,100,9,22,1.208171341297323
18,B,100,9,23,1.1744803836675328
18,B,100,9,24,1.1398303583058669
18,B,100,9,25,1.6245008223601722
18,B,100,9,26,1.1915654104057354
18,B,100,9,27,1.2996328115838007
18,B,100,9,28,1.4088118438093697
18,B,100,9,29,1.190071679174355
19,A,0.05,0,0,-1.0146427046104805
19,A,0.05,0,1,-0.9611717052738726
19,A,0.05,0,2,-0.5944883122039967
19,A,0.05,0,3,-0.5744357559214116
19,A,0.05,0,4,-0.4394395696761901
19,A,0.05,0,5,-0.11037173933547255
19,A,0.05,0,6,-0.07103488926285587
19,A,0.05,0,7,-0.031097673549846872
19,A,0.05,0,8,-0.02513835338930948
19,A,0.05,0,9,-0.07934119536417072
19,A,0.05,0,10,-0.05189632805013913
19,A,0.05,0,11,-0.04990083793670383
19,A,0.05,0,12,-0.5758538171621519
19,A,0.05,0,13,-0.036416980544115365
19,A,0.05,0,14,-0.03553034957175349
19,A,0.05,0,15,-0.007887507807136172
19,A,0.05,0,16,-0.11149148894909894
19,A,0.05,0,17,-0.02474651752374497
19,A,0.05,0,18,0.043451049369177
19,A,0.05,0,19,-0.012312441340787818
19,A,0.05,0,20,-0.020436621113313586
19,A,0.05,0,21,-0.06453007203113471
19,A,0.05,0,22,-0.0702470828415513
19,A,0.05,0,23,-0.19620983815747642
19,A,0.05,0,24,-0.1267133193439477
19,A,0.05,0,25,0.0218324490664202
19,A,0.05,0,26,-0.01646106010951072
19,A,0.05,0,27,-0.0595035726150247
19,A,0.05,0,28,-0.08077007974233959
19,A,0.05,0,29,-0.06527383376288474
19,A,0.05,1,0,-0.8829764515894531
19,A,0.05,1,1,-0.8819640421144627
19,A,0.05,1,2,-0.921147719490321
19,A,0.05,1,3,-0.8594105899077134
19,A,0.05,1,4,-0.5969013331724018
19,A,0.05,1,5,-0.5742442234222975
19,A,0.05,1,6,-0.5926424257891412
19,A,0.05,1,7,-0.7725611825497867
19,A,0.05,1,8,-0.4461744056827332
19,A,0.05,1,9,-0.9762877073101807
19,A,0.05,1,10,-0.5760902445818479
19,A,0.05,1,11,-0.4959827465581601
19,A,0.05,1,12,-0.5211266185357704
19,A,0.05,1,13,0.47102764293773103
19,A,0.05,1,14,0.6493870639424097
19,A,0.05,1,15,0.4353580274668963
19,A,0.05,1,16,0.5252156408350951
19,A,0.05,1,17,0.4213904853467719
19,A,0.05,1,18,0.148949776458215
19,A,0.05,1,19,0.7469959071447249
19,A,0.05,1,20,-0.6334882837701201
19,A,0.05,1,21,0.23815508406720134
19,A,0.05,1,22,0.39131590661202587
19,A,0.05,1,23,0.7378840084582444
19,A,0.05,1,24,0.4952190049089873
19,A,0.05,1,25,0.1451698071095728
19,A,0.05,1,26,0.5125280969030259
19,A,0.05,1,27,0.5773549883666227
19,A,0.05,1,28,0.25103407047216303
19,A,0.05,1,29,0.6126011742614826
19,A,0.05,2,0,0.9813062809554701
19,A,0.05,2,1,0.5825962631116336
19,A,0.05,2,2,0.5589373714058269
19,A,0.05,2,3,1.2606592504614837
19,A,0.05,2,4,0.7790760721250485
19,A,0.05,2,5,1.4754760737372554
19,A,0.05,2,6,1.0026725536988266
19,A,0.05,2,7,0.5490206496212096
19,A,0.05,2,8,0.6439680680230554
19,A,0.05,2,9,-0.06121477914747077
19,A,0.05,2,10,1.2180358999696397
19,A,0.05,2,11,0.7470770270344138
19,A,0.05,2,12,1.0143533804716218
19,A,0.05,2,13,0.9375347704802652
19,A,0.05,2,14,0.9032483029638456
19,A,0.05,2,15,1.7672530032484581
19,A,0.05,2,16,1.1773178785408642
19,A,0.05,2,17,0.435454549535778
19,A,0.05,2,18,0.6911953865003827
19,A,0.05,2,19,0.8693388310074628
19,A,0.05,2,20,1.1288208689985302
19,A,0.05,2,21,1.522210555052339
19,A,0.05,2,22,1.078426450475093
19,A,0.05,2,23,1.0645843895918636
19,A,0.05,2,24,0.7451647481629057
19,A,0.05,2,25,1.085860649920315
19,A,0.05,2,26,1.5582629122451364
19,A,0.05,2,27,0.6933995135145997
19,A,0.05,2,28,1.0857192286952289
19,A,0.05,2,29,1.3248828933862657
19,A,0.05,3,0,1.0791936227188583
19,A,0.05,3,1,1.0783726152402615
19,A,0.05,3,2,0.6951722001254097
19,A,0.05,3,3,0.4500548788433605
19,A,0.05,3,4,0.9842523766724957
19,A,0.05,3,5,0.8044607871528949
19,A,0.05,3,6,0.8300966978054843
19,A,0.05,3,7,0.2939610987361528
19,A,0.05,3,8,0.7917807032406219
19,A,0.05,3,9,1.02286586505914
19,A,0.05,3,10,0.7639704196629151
19,A,0.05,3,11,0.30618820615430076
19,A,0.05,3,12,0.9698127192186529
19,A,0.05,3,13,0.4262068297157597
19,A,0.05,3,14,0.5708175652334091
19,A,0.05,3,15,1.265486309260754
19,A,0.05,3,16,1.2811650011117446
19,A,0.05,3,17,1.0385200471207305
19,A,0.05,3,18,0.933410630951858
19,A,0.05,3,19,1.4140527169885366
19,A,0.05,3,20,1.158601468470509
19,A,0.05,3,21,0.701655726054503
19,A,0.05,3,22,1.125347732369235
19,A,0.05,3,23,0.6897399583423229
19,A,0.05,3,24,1.038910863624053
19,A,0.05,3,25,0.6470981290416318
19,A,0.05,3,26,1.6696779281177083
19,A,0.05,3,27,0.9263909117706466
19,A,0.05,3,28,0.6483245433030179
19,A,0.05,3,29,0.8391225833205068
19,A,0.05,4,0,-0.9048633054059216
19,A,0.05,4,1,-0.666183258614655
19,A,0.05,4,2,-0.9559838029206086
19,A,0.05,4,3,-1.5454857041917451
19,A,0.05,4,4,-1.331185702487274
19,A,0.05,4,5,-1.4050837783743542
19,A,0.05,4,6,-0.5209296377124534
19,A,0.05,4,7,-0.6096159908737011
19,A,0.05,4,8,-0.386273728673999
19,A,0.05,4,9,-0.3990743958807516
19,A,0.05,4,10,-0.6551441770826252
19,A,0.05,4,11,-1.0177313126706033
19,A,0.05,4,12,-1.3738351475672725
19,A,0.05,4,13,-0.5332442262608279
19,A,0.05,4,14,-0.2754095846507339
19,A,0.05,4,15,-0.9220421682039581
19,A,0.05,4,16,-0.7651471684679861
19,A,0.05,4,17,-1.0365863316524244
19,A,0.05,4,18,-0.6982946547069698
19,A,0.05,4,19,-0.3662317832501778
19,A,0.05,4,20,-0.5127207870721611
19,A,0.05,4,21,-1.0720395131574132
19,A,0.05,4,22,-0.7130912429516113
19,A,0.05,4,23,-0.9236418662464694
19,A,0.05,4,24,-0.5107338934252766
19,A,0.05,4,25,-1.4363884465924397
19,A,0.05,4,26,-1.2387324549056433
19,A,0.05,4,27,-0.26660751926020415
19,A,0.05,4,28,-1.2685643857245696
19,A,0.05,4,29,-1.2426861660884518
19,A,0.05,5,0,-1.2017546119466198
19,A,0.05,5,1,-0.8377965068374122
19,A,0.05,5,2,-1.210587990621072
19,A,0.05,5,3,-1.0068424735936576
19,A,0.05,5,4,-1.0703834475948557
19,A,0.05,5,5,-0.8721074790493538
19,A,0.05,5,6,-0.746664184759053
19,A,0.05,5,7,-1.0408503620383691
19,A,0.05,5,8,-1.0996298805030322
19,A,0.05,5,9,-0.9072988573923237
19,A,0.05,5,10,-1.0094876758782811
19,A,0.05,5,11,-1.1829913348485102
19,A,0.05,5,12,-0.8801080403378466
19,A,0.05,5,13,-1.0774882806864636
19,A,0.05,5,14,-0.8191737792084323
19,A,0.05,5,15,-1.244510021884086
19,A,0.05,5,16,-0.5683178576083268
19,A,0.05,5,17,-1.1567406791903025
19,A,0.05,5,18,-0.7426396899825455
19,A,0.05,5,19,-0.9439032928705136
19,A,0.05,5,20,-0.897212279826383
19,A,0.05,5,21,-0.8071521056654068
19,A,0.05,5,22,-1.1990349417883726
19,A,0.05,5,23,-1.038969174419082
19,A,0.05,5,24,-1.145741009709472
19,A,0.05,5,25,-1.4026557717973012
19,A,0.05,5,26,-0.9084264492807209
19,A,0.05,5,27,-0.9934372575299154
19,A,0.05,5,28,-0.8533778773935169
19,A,0.05,5,29,-0.647374938980282
19,A,0.05,6,0,0.17490472485885303
19,A,0.05,6,1,-0.1683693860552055
19,A,0.05,6,2,0.5331280586044035
19,A,0.05,6,3,0.1441126256101337
19,A,0.05,6,4,-0.3212238235430185
19,A,0.05,6,5,0.12131265687298683
19,A,0.05,6,6,0.4484236725443158
19,A,0.05,6,7,0.10575169029379852
19,A,0.05,6,8,-0.2652816912718723
19,A,0.05,6,9,0.9308763916124974
19,A,0.05,6,10,-0.1554937728859332
19,A,0.05,6,11,0.20759063551343518
19,A,0.05,6,12,0.3244554515363935
19,A,0.05,6,13,0.17669123750201796
19,A,0.05,6,14,-0.6994354145276245
19,A,0.05,6,15,0.3336766796148305
19,A,0.05,6,16,0.08064417281154533
19,A,0.05,6,17,-0.18914518337402114
19,A,0.05,6,18,0.1048060235369021
19,A,0.05,6,19,-0.174878490776322
19,A,0.05,6,20,-0.20847365455885047
19,A,0.05,6,21,-0.5043011030678246
19,A,0.05,6,22,-0.8735243780614208
19,A,0.05,6,23,-0.7384571646985403
19,A,0.05,6,24,-0.3203241040303342
19,A,0.05,6,25,0.24512986808423237
19,A,0.05,6,26,0.07562182571220627
19,A,0.05,6,27,-0.2524449935279793
19,A,0.05,6,28,0.4801201010752346
19,A,0.05,6,29,0.8424284029114735
19,A,0.05,7,0,0.0030495087658345406
19,A,0.05,7,1,0.05353653721663003
19,A,0.05,7,2,-0.024443568113121796
19,A,0.05,7,3,-0.01678517021548434
19,A,0.05,7,4,0.03777830126483628
19,A,0.05,7,5,0.010997042800749141
19,A,0.05,7,6,-0.010349167667865864
19,A,0.05,7,7,-0.03257194200965283
19,A,0.05,7,8,-0.07490321191025433
19,A,0.05,7,9,-0.41725168077051106
19,A,0.05,7,10,0.017645436962218906
19,A,0.05,7,11,0.0007762443474404493
19,A,0.05,7,12,-0.05980574582192738
19,A,0.05,7,13,0.005849455512867959
19,A,0.05,7,14,-0.02942861176409814
19,A,0.05,7,15,-0.001054029600378845
19,A,0.05,7,16,0.008387146819335639
19,A,0.05,7,17,-0.057650563152616484
19,A,0.05,7,18,-0.21320098927700748
19,A,0.05,7,19,-0.022216750995474873
19,A,0.05,7,20,0.01572637169596497
19,A,0.05,7,21,-0.017115549559565988
19,A,0.05,7,22,-0.021454451497275043
19,A,0.05,7,23,0.013148056606263373
19,A,0.05,7,24,-0.011195088840938415
19,A,0.05,7,25,-0.02891801008176266
19,A,0.05,7,26,-0.4972975610040997
19,A,0.05,7,27,0.03555545204548412
19,A,0.05,7,28,-0.3858122547914545
19,A,0.05,7,29,0.004099312682161394
19,A,0.05,8,0,-0.29963986097185474
19,A,0.05,8,1,-0.2607087200564345
19,A,0.05,8,2,-0.153852136599535
19,A,0.05,8,3,-0.10786227687769158
19,A,0.05,8,4,0.05634673357404318
19,A,0.05,8,5,-0.2058485984404807
19,A,0.05,8,6,-0.18382455136711093
19,A,0.05,8,7,-0.5058197391361307
19,A,0.05,8,8,-0.4512325469020934
19,A,0.05,8,9,-0.2635130125902009
19,A,0.05,8,10,-0.12668298132432473
19,A,0.05,8,11,0.15009041478049376
19,A,0.05,8,12,-0.04398635841896001
19,A,0.05,8,13,0.40392201519807863
19,A,0.05,8,14,-0.1924020312093693
19,A,0.05,8,15,0.42798054636120003
19,A,0.05,8,16,0.285429755671419
19,A,0.05,8,17,-0.47387624644791
19,A,0.05,8,18,0.02875312371209883
19,A,0.05,8,19,-0.017747325450465402
19,A,0.05,8,20,-0.4912281419345041
19,A,0.05,8,21,-0.4651711550282808
19,A,0.05,8,22,0.11854328956059365
19,A,0.05,8,23,-0.10583816232874958
19,A,0.05,8,24,0.32072771426911656
19,A,0.05,8,25,-0.13822065073716489
19,A,0.05,8,26,0.18586332281936183
19,A,0.05,8,27,0.172579037325077
19,A,0.05,8,28,0.1091198079761195
19,A,0.05,8,29,0.03431439051386884
19,A,0.05,9,0,-0.02623611373503365
19,A,0.05,9,1,-0.18082351610661757
19,A,0.05,9,2,-0.30579210792983613
19,A,0.05,9,3,-0.6583341878357128
19,A,0.05,9,4,-0.3085471639483408
19,A,0.05,9,5,-0.6996594735823672
19,A,0.05,9,6,-0.3384050322426147
19,A,0.05,9,7,-0.21656235973443277
19,A,0.05,9,8,-0.37349567222963276
19,A,0.05,9,9,-0.5025586263415818
19,A,0.05,9,10,-0.4578780712927086
19,A,0.05,9,11,-0.43698387888081325
19,A,0.05,9,12,-0.23054589481483204
19,A,0.05,9,13,-0.11815204237933949
19,A,0.05,9,14,-0.317757039363348
19,A,0.05,9,15,-0.5061425861824334
19,A,0.05,9,16,-0.4633498489249814
19,A,0.05,9,17,-0.11802200231527364
19,A,0.05,9,18,-0.3238722030362768
19,A,0.05,9,19,0.311135790861989
19,A,0.05,9,20,-0.15755980139332365
19,A,0.05,9,21,-0.11785631669494875
19,A,0.05,9,22,-0.3681264269491905
19,A,0.05,9,23,-0.2850803125214423
19,A,0.05,9,24,-0.0656587653158024
19,A,0.05,9,25,-0.0009674179188279917
19,A,0.05,9,26,0.20441648338522808
19,A,0.05,9,27,-0.37241578920736185
19,A,0.05,9,28,-0.11287573091381706
19,A,0.05,9,29,0.12275765294689704
19,B,100,0,0,-0.20321492620329315
19,B,100,0,1,-0.9651447141816579
19,B,100,0,2,-0.4595645398366963
19,B,100,0,3,-0.3430717798819957
19,B,100,0,4,-0.2501168358868007
19,B,100,0,5,-0.6092883247246889
19,B,100,0,6,-0.7601252207819122
19,B,100,0,7,-0.6402258510747997
19,B,100,0,8,-0.6189644415924415
19,B,100,0,9,-0.06616871677139978
19,B,100,0,10,-0.9201149652874995
19,B,100,0,11,-0.28262409645453274
19,B,100,0,12,-0.1334440755791874
19,B,100,0,13,-0.6715653837545593
19,B,100,0,14,-0.9380367956524645
19,B,100,0,15,-0.3053960517386981
19,B,100,0,16,-0.8528768987529697
19,B,100,0,17,-0.41518171854286556
19,B,100,0,18,-0.3485423929504317
19,B,100,0,19,-0.787279861965584
19,B,100,0,20,-1.090009017088265
19,B,100,0,21,-0.5124159743280338
19,B,100,0,22,0.19976994300542675
19,B,100,0,23,-0.5687847049465419
19,B,100,0,24,-0.4391019358674352
19,B,100,0,25,-0.4640475806894581
19,B,100,0,26,-0.20174133617726264
19,B,100,0,27,-0.6369305836677521
19,B,100,0,28,0.16001329073180834
19,B,100,0,29,-0.38445020301100896
19,B,100,1,0,0.5506840717621841
19,B,100,1,1,0.7532076261656465
19,B,100,1,2,0.6347420650742397
19,B,100,1,3,0.7242887965682281
19,B,100,1,4,0.4393619909247618
19,B,100,1,5,0.6144622683739973
19,B,100,1,6,0.4844776940353513
19,B,100,1,7,0.5060783559094151
19,B,100,1,8,0.896494099616525
19,B,100,1,9,0.3411003514166615
19,B,100,1,10,0.6394305539705175
19,B,100,1,11,0.5978777272550709
19,B,100,1,12,0.5185635053634604
19,B,100,1,13,0.1319348764022435
19,B,100,1,14,-0.2299431893497266
19,B,100,1,15,0.7275762665095078
19,B,100,1,16,0.62860762454711
19,B,100,1,17,0.22884502096874135
19,B,100,1,18,0.549545063614858
19,B,100,1,19,0.06570101780154701
19,B,100,1,20,0.802018287672769
19,B,100,1,21,0.3648930939769599
19,B,100,1,22,0.3734749112705127
19,B,100,1,23,0.507185212202087
19,B,100,1,24,0.4817241327472534
19,B,100,1,25,-0.14171504401106857
19,B,100,1,26,0.6061280944990325
19,B,100,1,27,0.6268664681234261
19,B,100,1,28,0.7785893214944728
19,B,100,1,29,0.35857074525077526
19,B,100,2,0,0.005104566448898038
19,B,100,2,1,0.04123057698779416
19,B,100,2,2,0.014594520614420726
19,B,100,2,3,0.05108231045613156
19,B,100,2,4,-0.0022267479947994215
19,B,100,2,5,0.017211024163335274
19,B,100,2,6,0.055904531826480273
19,B,100,2,7,0.007968263321877033
19,B,100,2,8,0.13541103655850908
19,B,100,2,9,0.05876023416747146
19,B,100,2,10,0.32996991294682537
19,B,100,2,11,-0.03557245650297489
19,B,100,2,12,0.0020867262221762606
19,B,100,2,13,0.5818294249474307
19,B,100,2,14,0.22980314573714947
19,B,100,2,15,-0.3137964778087974
19,B,100,2,16,0.08579269284641426
19,B,100,2,17,0.5510295622035268
19,B,100,2,18,0.4340961270533122
19,B,100,2,19,0.03553241006165301
19,B,100,2,20,0.2749331947610114
19,B,100,2,21,0.5142932581423871
19,B,100,2,22,0.04967544130200124
19,B,100,2,23,-0.04928862127786338
19,B,100,2,24,0.0867097340666108
19,B,100,2,25,0.2660202575527316
19,B,100,2,26,0.32116736635936416
19,B,100,2,27,0.03414883448452404
19,B,100,2,28,0.555065784454132
19,B,100,2,29,0.4976201510013376
19,B,100,3,0,0.03688446544510221
19,B,100,3,1,0.1696460278074913
19,B,100,3,2,0.323753332635375
19,B,100,3,3,0.3079712721915371
19,B,100,3,4,-0.1314783638987324
19,B,100,3,5,-0.032707667949822584
19,B,100,3,6,-0.5622509759990392
19,B,100,3,7,0.24299057193067355
19,B,100,3,8,-0.06736843921216552
19,B,100,3,9,0.11107652915328645
19,B,100,3,10,0.19805778134822202
19,B,100,3,11,0.41372815360595183
19,B,100,3,12,0.3435208782657449
19,B,100,3,13,0.16145489256609022
19,B,100,3,14,0.10131221412837862
19,B,100,3,15,0.4683596662655311
19,B,100,3,16,-0.12482230101450803
19,B,100,3,17,-0.23172441244973113
19,B,100,3,18,0.13044598444328842
19,B,100,3,19,-0.00023210356902377926
19,B,100,3,20,-0.31597730044288946
19,B,100,3,21,0.4913943288189579
19,B,100,3,22,0.4316636385542212
19,B,100,3,23,-0.2686402652706639
19,B,100,3,24,-0.35306513466009976
19,B,100,3,25,-0.09774604907585369
19,B,100,3,26,-0.35317912409842644
19,B,100,3,27,0.28856890782047506
19,B,100,3,28,-0.37739902228296945
19,B,100,3,29,-0.0799432072443512
19,B,100,4,0,0.7981462049750574
19,B,100,4,1,0.7975546763365661
19,B,100,4,2,1.2424567410641647
19,B,100,4,3,0.9198266411711012
19,B,100,4,4,0.6644889171476875
19,B,100,4,5,0.6224463776777972
19,B,100,4,6,0.6601359034910937
19,B,100,4,7,0.8566869375365485
19,B,100,4,8,0.6151202415387296
19,B,100,4,9,0.8138402738809253
19,B,100,4,10,0.4538833402614801
19,B,100,4,11,1.1350567798882676
19,B,100,4,12,0.5382052266018214
19,B,100,4,13,0.8579760068672934
19,B,100,4,14,0.7273999647757956
19,B,100,4,15,0.9403762703588798
19,B,100,4,16,0.8752718704608956
19,B,100,4,17,0.9964640508096166
19,B,100,4,18,0.42678519575573265
19,B,100,4,19,0.5906817411732682
19,B,100,4,20,0.41288663541003173
19,B,100,4,21,0.46810680319187853
19,B,100,4,22,0.8333675577432027
19,B,100,4,23,0.45557804336689656
19,B,100,4,24,0.35427455418413023
19,B,100,4,25,0.6314901387286211
19,B,100,4,26,0.6981446497156966
19,B,100,4,27,0.5842183135972083
19,B,100,4,28,0.4916502780121131
19,B,100,4,29,0.4653992814913411
19,B,100,5,0,-0.11443086275729782
19,B,100,5,1,0.14538497948205345
19,B,100,5,2,0.3558013800426659
19,B,100,5,3,0.7360665510900978
19,B,100,5,4,-0.04196369534470983
19,B,100,5,5,0.0144992822133002
19,B,100,5,6,-0.02297193542072029
19,B,100,5,7,-0.06783191558885732
19,B,100,5,8,0.6360063166492494
19,B,100,5,9,0.32870496142054884
19,B,100,5,10,0.3135086713219485
19,B,100,5,11,0.4674654061254748
19,B,100,5,12,0.3012652812794561
19,B,100,5,13,0.39680381186154784
19,B,100,5,14,0.07355601333502092
19,B,100,5,15,0.3457083285640753
19,B,100,5,16,0.5884450663075496
19,B,100,5,17,0.225466104894631
19,B,100,5,18,0.19837914900823733
19,B,100,5,19,0.49938772677365617
19,B,100,5,20,0.4639173018489563
19,B,100,5,21,0.5010277381371364
19,B,100,5,22,0.24735063566805957
19,B,100,5,23,0.4312354052781195
19,B,100,5,24,0.44649806632303535
19,B,100,5,25,0.4192959925903525
19,B,100,5,26,0.009323838201459335
19,B,100,5,27,0.11853535534981778
19,B,100,5,28,0.06536403412231441
19,B,100,5,29,-0.044752414502920446
19,B,100,6,0,-1.4438674767438686
19,B,100,6,1,-1.6924347314326762
19,B,100,6,2,-1.4538426311953871
19,B,100,6,3,-1.4748010733095367
19,B,100,6,4,-1.6611330178077433
19,B,100,6,5,-1.8288716500125894
19,B,100,6,6,-1.5487221976779952
19,B,100,6,7,-1.365697649853775
19,B,100,6,8,-1.3140788851016254
19,B,100,6,9,-1.23378241870769
19,B,100,6,10,-1.6532654401046076
19,B,100,6,11,-1.2794284417929345
19,B,100,6,12,-1.7294461258178293
19,B,100,6,13,-1.61978156529101
19,B,100,6,14,-1.689970407797378
19,B,100,6,15,-1.4990466517468306
19,B,100,6,16,-1.7779963487522457
19,B,100,6,17,-1.3354644167033705
19,B,100,6,18,-1.859962421587557
19,B,100,6,19,-1.224908329763278
19,B,100,6,20,-1.2253087911823142
19,B,100,6,21,-0.9102159616294876
19,B,100,6,22,-1.52621888604976
19,B,100,6,23,-1.514707498208963
19,B,100,6,24,-1.7009073126421397
19,B,100,6,25,-1.4808573416272015
19,B,100,6,26,-1.6676003379371387
19,B,100,6,27,-1.678162837144784
19,B,100,6,28,-1.2601552944747965
19,B,100,6,29,-1.4932583905669556
19,B,100,7,0,-1.0338966424483347
19,B,100,7,1,-0.8248248376477331
19,B,100,7,2,-1.212235669162283
19,B,100,7,3,-1.1315329542310169
19,B,100,7,4,-1.3438144857844303
19,B,100,7,5,-0.7378027269622927
19,B,100,7,6,-0.6062740351877539
19,B,100,7,7,-0.7878371955098414
19,B,100,7,8,-0.8128922377900112
19,B,100,7,9,-1.0387061816027063
19,B,100,7,10,-0.7227536850095486
19,B,100,7,11,-1.084818115168732
19,B,100,7,12,-0.9834003999112747
19,B,100,7,13,-1.3775929701902563
19,B,100,7,14,-1.2661742467625265
19,B,100,7,15,-0.7039484719241329
19,B,100,7,16,-0.5617945089093068
19,B,100,7,17,-1.0994175072256236
19,B,100,7,18,-0.8839096903534718
19,B,100,7,19,-0.7654747411145393
19,B,100,7,20,-0.6868486432089536
19,B,100,7,21,-0.8469065351836937
19,B,100,7,22,-0.40319808641858196
19,B,100,7,23,-1.0411979372788334
19,B,100,7,24,-1.1124958359895598
19,B,100,7,25,-0.9243283119165744
19,B,100,7,26,-0.9562106344562347
19,B,100,7,27,-1.04235829498471
19,B,100,7,28,-0.6779250369681847
19,B,100,7,29,-0.568134614654254
19,B,100,8,0,0.4195450263273008
19,B,100,8,1,0.3190865280439218
19,B,100,8,2,0.9690392114167913
19,B,100,8,3,1.2169379117264387
19,B,100,8,4,1.0286677248219822
19,B,100,8,5,0.6442927406837912
19,B,100,8,6,0.29031287113782916
19,B,100,8,7,0.47861028487805274
19,B,100,8,8,0.43179315934090173
19,B,100,8,9,0.5973297624094475
19,B,100,8,10,0.4454585517640067
19,B,100,8,11,0.5088766131604812
19,B,100,8,12,0.5364679952405871
19,B,100,8,13,0.513430120362867
19,B,100,8,14,1.2344594681215932
19,B,100,8,15,0.8086783484185814
19,B,100,8,16,-0.03501595515244666
19,B,100,8,17,0.5605036725120315
19,B,100,8,18,0.48330262242014344
19,B,100,8,19,0.6551774390548576
19,B,100,8,20,0.5663490488244991
19,B,100,8,21,0.738741081452924
19,B,100,8,22,0.7473763229129811
19,B,100,8,23,0.6079805546984443
19,B,100,8,24,1.1284755674814761
19,B,100,8,25,0.3917017480374728
19,B,100,8,26,0.6404715462780391
19,B,100,8,27,0.3703548659956817
19,B,100,8,28,0.2681074358598739
19,B,100,8,29,0.7460010136193279
19,B,100,9,0,0.3929014759382324
19,B,100,9,1,0.6184139320341647
19,B,100,9,2,0.2896465234480345
19,B,100,9,3,0.28956077633365274
19,B,100,9,4,0.06668330051623952
19,B,100,9,5,0.25309699939152663
19,B,100,9,6,0.28762804047178575
19,B,100,9,7,0.1740173465484093
19,B,100,9,8,0.31409256698092336
19,B,100,9,9,0.16284658716304987
19,B,100,9,10,0.24560204527062385
19,B,100,9,11,0.42973618315878753
19,B,100,9,12,0.30926776326975586
19,B,100,9,13,0.10831341357769086
19,B,100,9,14,0.3971454100069591
19,B,100,9,15,0.44127796994959334
19,B,100,9,16,0.4226819820984815
19,B,100,9,17,0.35698591346107955
19,B,100,9,18,0.06836346960028103
19,B,100,9,19,0.3456925325468397
19,B,100,9,20,0.25683841082129033
19,B,100,9,21,0.3998014582296587
19,B,100,9,22,0.02132013301684371
19,B,100,9,23,0.0696127803249141
19,B,100,9,24,0.29799556673792854
19,B,100,9,25,0.3238340236458829
19,B,100,9,26,0.07237663149311008
19,B,100,9,27,0.050859358640283334
19,B,100,9,28,0.40691280658456047
19,B,100,9,29,0.26719722963348524
20,A,0.05,0,0,-0.9261608730432066
20,A,0.05,0,1,-0.6883979916722517
20,A,0.05,0,2,-0.7545303460584464
20,A,0.05,0,3,-0.9378497746824285
20,A,0.05,0,4,-0.7756055912774976
20,A,0.05,0,5,-0.5966806096277378
20,A,0.05,0,6,-0.24286442309053186
20,A,0.05,0,7,-0.8202255727559702
20,A,0.05,0,8,-0.2884622456320395
20,A,0.05,0,9,-0.6872081041436494
20,A,0.05,0,10,-0.8361838592854414
20,A,0.05,0,11,-0.1276417577386718
20,A,0.05,0,12,-0.5698240782009997
20,A,0.05,0,13,-0.7212798247422739
20,A,0.05,0,14,-0.6979554534866502
20,A,0.05,0,15,-0.7420093477417816
20,A,0.05,0,16,-0.133213141711517
20,A,0.05,0,17,-0.4924400342135304
20,A,0.05,0,18,-0.404500525073647
20,A,0.05,0,19,-0.7232423277325661
20,A,0.05,0,20,-0.726827224157482
20,A,0.05,0,21,-0.9468004021854863
20,A,0.05,0,22,-0.8864601907531549
20,A,0.05,0,23,-0.6153094702970778
20,A,0.05,0,24,-0.6601992730690972
20,A,0.05,0,25,-0.7980493895648063
20,A,0.05,0,26,-0.6874701644604245
20,A,0.05,0,27,-0.8926248069155214
20,A,0.05,0,28,-0.4437901733087178
20,A,0.05,0,29,-0.5065822316079502
20,A,0.05,1,0,0.46173409454168274
20,A,0.05,1,1,-0.5459988727030485
20,A,0.05,1,2,-0.10271248244946543
20,A,0.05,1,3,-0.6126828886229578
20,A,0.05,1,4,-0.8766832328987266
20,A,0.05,1,5,-0.7289499120168507
20,A,0.05,1,6,-0.1807022691057711
20,A,0.05,1,7,-0.4772264209711767
20,A,0.05,1,8,-0.31710705802394257
20,A,0.05,1,9,-0.4374402466774885
20,A,0.05,1,10,-0.9381895513086463
20,A,0.05,1,11,-0.6093736400142382
20,A,0.05,1,12,-0.40175673057082006
20,A,0.05,1,13,-0.7970822230517987
20,A,0.05,1,14,-0.1892995458885411
20,A,0.05,1,15,-0.7420789552938255
20,A,0.05,1,16,-0.8990126040332627
20,A,0.05,1,17,-0.5862293332475578
20,A,0.05,1,18,-0.6714362720124274
20,A,0.05,1,19,-1.4103506184112686
20,A,0.05,1,20,-0.8732865464896179
20,A,0.05,1,21,-0.4325378190152587
20,A,0.05,1,22,-0.530218462871944
20,A,0.05,1,23,-0.4665214654621917
20,A,0.05,1,24,-0.7240222300126515
20,A,0.05,1,25,-0.22942165022500546
20,A,0.05,1,26,-1.1012261866860806
20,A,0.05,1,27,-0.9708749701939732
20,A,0.05,1,28,-1.1364772606602762
20,A,0.05,1,29,-0.5242866193942858
20,A,0.05,2,0,0.014641239650001402
20,A,0.05,2,1,0.386228448867818
20,A,0.05,2,2,-0.2910547100787029
20,A,0.05,2,3,-0.4686590582075217
20,A,0.05,2,4,-0.451970237817582
20,A,0.05,2,5,0.10426436672725094
20,A,0.05,2,6,-0.12796893392455436
20,A,0.05,2,7,-0.27421872401070696
20,A,0.05,2,8,-0.2611630694303803
20,A,0.05,2,9,0.005747777867020081
20,A,0.05,2,10,-0.48971965122067856
20,A,0.05,2,11,0.09116312245672015
20,A,0.05,2,12,-0.03728834975307997
20,A,0.05,2,13,-0.19989382619937987
20,A,0.05,2,14,0.16537634743623617
20,A,0.05,2,15,0.15504050475889725
20,A,0.05,2,16,0.03065043320367481
20,A,0.05,2,17,-0.3349298770546423
20,A,0.05,2,18,0.3964049711689454
20,A,0.05,2,19,-0.14489926621901536
20,A,0.05,2,20,0.24278635807226964
20,A,0.05,2,21,-0.28787694303173256
20,A,0.05,2,22,0.2553731415265659
20,A,0.05,2,23,-0.07222093637259726
20,A,0.05,2,24,0.20209327972833832
20,A,0.05,2,25,0.3740029605968837
20,A,0.05,2,26,-0.27970160249527176
20,A,0.05,2,27,0.01442182674340757
20,A,0.05,2,28,-0.45599080552002297
20,A,0.05,2,29,0.09478489031460477
20,A,0.05,3,0,-0.68542342206349
20,A,0.05,3,1,-0.4189933114221077
20,A,0.05,3,2,0.023438742427761027
20,A,0.05,3,3,0.07946301419881101
20,A,0.05,3,4,0.2536940141860697
20,A,0.05,3,5,-0.16048859286108247
20,A,0.05,3,6,-0.3718330545949886
20,A,0.05,3,7,-0.05323955319185394
20,A,0.05,3,8,0.19995970542966
20,A,0.05,3,9,0.14571745118620366
20,A,0.05,3,10,-0.17781394062185335
20,A,0.05,3,11,-0.22248566812192813
20,A,0.05,3,12,-0.02621688218687053
20,A,0.05,3,13,-0.06524522196262762
20,A,0.05,3,14,-0.1654938717133006
20,A,0.05,3,15,-0.16689304748198353
20,A,0.05,3,16,0.3020629085841282
20,A,0.05,3,17,-0.0934290930236121
20,A,0.05,3,18,-0.17332996207685603
20,A,0.05,3,19,0.2562693380068142
20,A,0.05,3,20,-0.09774396615137204
20,A,0.05,3,21,-0.31682442335075844
20,A,0.05,3,22,0.3256310790257359
20,A,0.05,3,23,0.35991376540817016
20,A,0.05,3,24,0.30256150459853315
20,A,0.05,3,25,0.2786739921318551
20,A,0.05,3,26,-0.18002245456945054
20,A,0.05,3,27,0.4698708909190138
20,A,0.05,3,28,0.11530920111263625
20,A,0.05,3,29,0.3618771142608504
20,A,0.05,4,0,0.00408585004043167
20,A,0.05,4,1,-0.2475639052871015
20,A,0.05,4,2,-0.025263475616904386
20,A,0.05,4,3,-0.5304039979288825
20,A,0.05,4,4,-0.260841793220449
20,A,0.05,4,5,-0.47335800112424453
20,A,0.05,4,6,-0.40797699958865735
20,A,0.05,4,7,-0.6315500547731171
20,A,0.05,4,8,-0.30685946182974055
20,A,0.05,4,9,-0.26501677451874395
20,A,0.05,4,10,-0.4057356891019495
20,A,0.05,4,11,-0.38134450007883974
20,A,0.05,4,12,-0.22398364767952333
20,A,0.05,4,13,-0.4745969464898608
20,A,0.05,4,14,-0.01400140884751192
20,A,0.05,4,15,-0.1641158924818841
20,A,0.05,4,16,0.06346657370567295
20,A,0.05,4,17,-0.16961898317339902
20,A,0.05,4,18,-0.02727753928554494
20,A,0.05,4,19,0.11448652328676769
20,A,0.05,4,20,-0.07839552721683724
20,A,0.05,4,21,-0.01579828586020842
20,A,0.05,4,22,-0.010584412375532279
20,A,0.05,4,23,0.434840422104665
20,A,0.05,4,24,0.0037382192029454127
20,A,0.05,4,25,-0.07989902629788118
20,A,0.05,4,26,0.22789066147995812
20,A,0.05,4,27,0.10018202478170686
20,A,0.05,4,28,-0.2246400658806951
20,A,0.05,4,29,-0.03240991826346142
20,A,0.05,5,0,0.6418145909927216
20,A,0.05,5,1,0.9111747968366926
20,A,0.05,5,2,0.6479220187241874
20,A,0.05,5,3,0.7321193494704338
20,A,0.05,5,4,0.7302288662732866
20,A,0.05,5,5,0.8387994504249484
20,A,0.05,5,6,0.47125330634586343
20,A,0.05,5,7,0.5872832335915932
20,A,0.05,5,8,0.7588267829713242
20,A,0.05,5,9,0.8971477937754468
20,A,0.05,5,10,1.064320213267654
20,A,0.05,5,11,0.8417778814897995
20,A,0.05,5,12,0.7313449588139551
20,A,0.05,5,13,0.7945940310428637
20,A,0.05,5,14,0.8338755245103838
20,A,0.05,5,15,0.6245566783687746
20,A,0.05,5,16,0.7036110936625446
20,A,0.05,5,17,0.568333311135371
20,A,0.05,5,18,0.533952540022291
20,A,0.05,5,19,1.1389142329066104
20,A,0.05,5,20,0.8602714118883417
20,A,0.05,5,21,0.6577184152849355
20,A,0.05,5,22,0.5087177281630986
20,A,0.05,5,23,0.8097634274874488
20,A,0.05,5,24,0.7860192389025268
20,A,0.05,5,25,0.6981427241726934
20,A,0.05,5,26,0.888383687702361
20,A,0.05,5,27,0.9113412675404863
20,A,0.05,5,28,0.9674344820740484
20,A,0.05,5,29,0.780292934703279
20,A,0.05,6,0,-0.2092939629531402
20,A,0.05,6,1,0.19073490339846041
20,A,0.05,6,2,0.5426618288906213
20,A,0.05,6,3,-0.01430010633945598
20,A,0.05,6,4,-0.03055500395350117
20,A,0.05,6,5,0.0673114683255199
20,A,0.05,6,6,-0.25095263299230786
20,A,0.05,6,7,-0.04281175301636344
20,A,0.05,6,8,0.27741495171241237
20,A,0.05,6,9,0.21704819684576335
20,A,0.05,6,10,0.04056181951947508
20,A,0.05,6,11,-0.36568472266818686
20,A,0.05,6,12,0.02345598523268807
20,A,0.05,6,13,0.0006626642941615006
20,A,0.05,6,14,0.14360988422266446
20,A,0.05,6,15,-0.0006858279799609806
20,A,0.05,6,16,0.18397104339011405
20,A,0.05,6,17,0.09466139778076912
20,A,0.05,6,18,0.30738551133872305
20,A,0.05,6,19,0.3364967102284115
20,A,0.05,6,20,0.17056078078187115
20,A,0.05,6,21,0.26500744592362974
20,A,0.05,6,22,0.24895728184888063
20,A,0.05,6,23,0.34466728767083
20,A,0.05,6,24,-0.010879781454629632
20,A,0.05,6,25,0.3460689798204362
20,A,0.05,6,26,0.10968595790289004
20,A,0.05,6,27,0.15573116402211307
20,A,0.05,6,28,0.12144913397211254
20,A,0.05,6,29,-0.03653869000076049
20,A,0.05,7,0,3.168514969439384
20,A,0.05,7,1,3.143422550290359
20,A,0.05,7,2,2.8095572260949613
20,A,0.05,7,3,3.195445195561438
20,A,0.05,7,4,3.0500109313174386
20,A,0.05,7,5,2.871836888994232
20,A,0.05,7,6,0.7746195027018986
20,A,0.05,7,7,2.803778763864568
20,A,0.05,7,8,3.1461445768170484
20,A,0.05,7,9,3.220020725076097
20,A,0.05,7,10,2.5769866921145077
20,A,0.05,7,11,2.1592754398342766
20,A,0.05,7,12,2.38406513184944
20,A,0.05,7,13,3.6741754625431016
20,A,0.05,7,14,2.9722375373026426
20,A,0.05,7,15,3.6208495856232736
20,A,0.05,7,16,3.312768786203502
20,A,0.05,7,17,3.1696911758648394
20,A,0.05,7,18,3.5176064208237756
20,A,0.05,7,19,1.1598793238922585
20,A,0.05,7,20,3.07108795174375
20,A,0.05,7,21,2.4508235426450105
20,A,0.05,7,22,1.8365877942029087
20,A,0.05,7,23,3.3334084787999325
20,A,0.05,7,24,3.0397351401175374
20,A,0.05,7,25,3.137703099011501
20,A,0.05,7,26,2.6673152117077925
20,A,0.05,7,27,2.6751255121625093
20,A,0.05,7,28,2.8461971218686988
20,A,0.05,7,29,3.4702453885542575
20,A,0.05,8,0,-1.7041366031003995
20,A,0.05,8,1,-1.6738900489049375
20,A,0.05,8,2,-1.5903234865442504
20,A,0.05,8,3,-1.3884298637467418
20,A,0.05,8,4,-1.7091131357513099
20,A,0.05,8,5,-1.7253217232090616
20,A,0.05,8,6,-1.5496744029824612
20,A,0.05,8,7,-1.5853625036900278
20,A,0.05,8,8,-1.4909049815058135
20,A,0.05,8,9,-1.7420422723622269
20,A,0.05,8,10,-1.5088511014152182
20,A,0.05,8,11,-1.8050630920509063
20,A,0.05,8,12,-1.7422868421110012
20,A,0.05,8,13,-1.6833717438106548
20,A,0.05,8,14,-1.6968600925704789
20,A,0.05,8,15,-1.749526866097644
20,A,0.05,8,16,-1.6006790463001033
20,A,0.05,8,17,-1.7088023899598102
20,A,0.05,8,18,-1.7271904941320702
20,A,0.05,8,19,-1.5354555830345902
20,A,0.05,8,20,-1.8334452283506566
20,A,0.05,8,21,-1.7003421976450914
20,A,0.05,8,22,-1.4442694725704053
20,A,0.05,8,23,-1.6984839761930122
20,A,0.05,8,24,-1.6957972220861848
20,A,0.05,8,25,-1.7793271452172619
20,A,0.05,8,26,-1.5972982509284486
20,A,0.05,8,27,-1.3691997441613872
20,A,0.05,8,28,-1.7457771442009495
20,A,0.05,8,29,-1.7742399401810054
20,A,0.05,9,0,0.7470807672877581
20,A,0.05,9,1,0.3865467473026362
20,A,0.05,9,2,0.8385936301457486
20,A,0.05,9,3,0.6491607990193109
20,A,0.05,9,4,0.5132956598399622
20,A,0.05,9,5,1.0066685122177266
20,A,0.05,9,6,0.7732830559062869
20,A,0.05,9,7,0.7741422618650102
20,A,0.05,9,8,0.7572895871449312
20,A,0.05,9,9,0.34187207716840307
20,A,0.05,9,10,0.5261186750998368
20,A,0.05,9,11,0.843268678555651
20,A,0.05,9,12,0.6008655930963059
20,A,0.05,9,13,1.1628733636076651
20,A,0.05,9,14,0.8171672477028675
20,A,0.05,9,15,0.9048688703899566
20,A,0.05,9,16,0.23943500770909804
20,A,0.05,9,17,0.18719901310288875
20,A,0.05,9,18,0.5849882539618564
20,A,0.05,9,19,0.5156993306155432
20,A,0.05,9,20,0.6539926519299264
20,A,0.05,9,21,0.7955015460510462
20,A,0.05,9,22,0.9869424586960013
20,A,0.05,9,23,0.6626847297154277
20,A,0.05,9,24,0.31077988793353795
20,A,0.05,9,25,0.7137900887574313
20,A,0.05,9,26,0.8910726007928667
20,A,0.05,9,27,0.7356631280473803
20,A,0.05,9,28,0.5715875683544898
20,A,0.05,9,29,0.824232469648105
20,B,100,0,0,1.4943842220986248
20,B,100,0,1,1.3947776275242851
20,B,100,0,2,1.3991221897814403
20,B,100,0,3,1.1466869126268138
20,B,100,0,4,0.6054548982046504
20,B,100,0,5,1.5923787426057878
20,B,100,0,6,0.757810851849775
20,B,100,0,7,0.9676714197434234
20,B,100,0,8,1.0022349314759738
20,B,100,0,9,1.1762279942025906
20,B,100,0,10,1.253090426597216
20,B,100,0,11,1.3163893143035987
20,B,100,0,12,0.8754564030819079
20,B,100,0,13,0.8303115464379797
20,B,100,0,14,1.0300588763967313
20,B,100,0,15,1.4274060524299392
20,B,100,0,16,1.1670872411685143
20,B,100,0,17,1.3643125984501303
20,B,100,0,18,1.2941824962007222
20,B,100,0,19,1.3352804334916526
20,B,100,0,20,1.1261725852266946
20,B,100,0,21,1.3396751292471063
20,B,100,0,22,1.3012811408106149
20,B,100,0,23,1.0691708438854848
20,B,100,0,24,1.485714941752784
20,B,100,0,25,1.2211267622249675
20,B,100,0,26,1.1300837081799011
20,B,100,0,27,1.7169228836203536
20,B,100,0,28,1.1271943147821002
20,B,100,0,29,0.9555528628220009
20,B,100,1,0,0.15483838020737764
20,B,100,1,1,0.3364423137327702
20,B,100,1,2,0.3768570468944903
20,B,100,1,3,0.5741927854719481
20,B,100,1,4,0.630908370861612
20,B,100,1,5,0.7407333301868503
20,B,100,1,6,0.9558425099625038
20,B,100,1,7,0.8424778079625104
20,B,100,1,8,0.7279267432153967
20,B,100,1,9,1.098706302432074
20,B,100,1,10,0.9592111233078523
20,B,100,1,11,0.9693881023628204
20,B,100,1,12,0.3786688221504931
20,B,100,1,13,0.9724361390869661
20,B,100,1,14,0.7471509788227435
20,B,100,1,15,0.4687974129478891
20,B,100,1,16,0.854745993321646
20,B,100,1,17,0.9066527673109608
20,B,100,1,18,0.9291798827930303
20,B,100,1,19,0.7216741097954305
20,B,100,1,20,0.8265426886531827
20,B,100,1,21,0.5626430946087446
20,B,100,1,22,0.6769477873237796
20,B,100,1,23,1.0051013119382595
20,B,100,1,24,0.6036966979055531
20,B,100,1,25,0.7880168448853759
20,B,100,1,26,0.3071098698268792
20,B,100,1,27,0.7694377457539453
20,B,100,1,28,0.7059311761487862
20,B,100,1,29,0.9553907151329964
20,B,100,2,0,0.3338433665944523
20,B,100,2,1,-0.04060087631912269
20,B,100,2,2,0.45762465410540787
20,B,100,2,3,0.32999651312756983
20,B,100,2,4,0.2628183849013668
20,B,100,2,5,0.28628793133318575
20,B,100,2,6,0.6661206638282583
20,B,100,2,7,0.34329369474299654
20,B,100,2,8,0.2874510368038163
20,B,100,2,9,-0.6066601688877945
20,B,100,2,10,0.001074526237587252
20,B,100,2,11,0.8363770691849495
20,B,100,2,12,0.03117678315823892
20,B,100,2,13,1.0000492279555961
20,B,100,2,14,0.4947494005821174
20,B,100,2,15,0.6023040166021595
20,B,100,2,16,-0.24174742719682255
20,B,100,2,17,0.3625201405103025
20,B,100,2,18,0.6163274338671892
20,B,100,2,19,0.6671049833507972
20,B,100,2,20,0.5967815578364768
20,B,100,2,21,0.3434708144096821
20,B,100,2,22,0.6119115166341575
20,B,100,2,23,-0.26613201830347033
20,B,100,2,24,0.14692304576553217
20,B,100,2,25,0.10412452035618029
20,B,100,2,26,-0.07782290353012856
20,B,100,2,27,0.7344759147909808
20,B,100,2,28,0.1781788545435501
20,B,100,2,29,-0.3338695453356266
20,B,100,3,0,-1.8292845908819375
20,B,100,3,1,-0.7577130546979906
20,B,100,3,2,-0.6263284450105606
20,B,100,3,3,-0.3548475497752287
20,B,100,3,4,-1.007709446932729
20,B,100,3,5,-0.4390733128113289
20,B,100,3,6,-0.3526505367205389
20,B,100,3,7,-1.0532468624758557
20,B,100,3,8,0.26288560270771755
20,B,100,3,9,-0.32911476050818095
20,B,100,3,10,-0.637752411007757
20,B,100,3,11,-0.33755094578873734
20,B,100,3,12,-0.555400106217883
20,B,100,3,13,-0.6553172222531155
20,B,100,3,14,-1.2024373543465
20,B,100,3,15,-0.10501006774166219
20,B,100,3,16,-0.6110147069772458
20,B,100,3,17,-1.1670985300864842
20,B,100,3,18,-0.5378749416792751
20,B,100,3,19,-0.87943889932611
20,B,100,3,20,-0.7513709016873268
20,B,100,3,21,-1.0372739744428934
20,B,100,3,22,-1.1482716385916265
20,B,100,3,23,-0.5523195178116322
20,B,100,3,24,-1.212670132356673
20,B,100,3,25,-1.0681039261542866
20,B,100,3,26,-0.35528989671684846
20,B,100,3,27,-1.0099179173165604
20,B,100,3,28,-0.28182697349004315
20,B,100,3,29,-0.8313952409458338
20,B,100,4,0,-0.025195575753128415
20,B,100,4,1,0.21371766283741234
20,B,100,4,2,0.19843332118777532
20,B,100,4,3,0.2713012735795874
20,B,100,4,4,0.1834995737002903
20,B,100,4,5,0.12628679311173002
20,B,100,4,6,0.31753511477725244
20,B,100,4,7,0.30900959339358314
20,B,100,4,8,0.29544898246166273
20,B,100,4,9,0.17435290175112708
20,B,100,4,10,0.07529586945868645
20,B,100,4,11,0.18588259756251202
20,B,100,4,12,0.22815354755860473
20,B,100,4,13,0.18846395591145468
20,B,100,4,14,0.061806003444555696
20,B,100,4,15,0.1523513374371642
20,B,100,4,16,0.07540398583515265
20,B,100,4,17,0.29460000947307907
20,B,100,4,18,0.34151004254655215
20,B,100,4,19,0.3754503736474334
20,B,100,4,20,0.12987773695931157
20,B,100,4,21,0.28713328557274964
20,B,100,4,22,0.07577579393390121
20,B,100,4,23,0.2644397811871495
20,B,100,4,24,0.20322789140500502
20,B,100,4,25,0.35703695667855817
20,B,100,4,26,0.24423105273836718
20,B,100,4,27,0.2852784421877882
20,B,100,4,28,0.32396288861262773
20,B,100,4,29,0.33390195758951347
20,B,100,5,0,-0.18638931858084962
20,B,100,5,1,-0.19009770627985664
20,B,100,5,2,-0.22370744234995674
20,B,100,5,3,-0.2107366373791144
20,B,100,5,4,-0.21114256683970756
20,B,100,5,5,-0.24148990120021877
20,B,100,5,6,-0.1814978239099161
20,B,100,5,7,-0.056901295759499294
20,B,100,5,8,-0.1840608842463081
20,B,100,5,9,-0.2298440119520995
20,B,100,5,10,-0.10698091544112683
20,B,100,5,11,0.006839512709137599
20,B,100,5,12,-0.07386771334045819
20,B,100,5,13,0.020527183558206565
20,B,100,5,14,0.06914339710557038
20,B,100,5,15,0.12678332200295195
20,B,100,5,16,0.2255474645979212
20,B,100,5,17,0.194044565951139
20,B,100,5,18,0.13696343939095187
20,B,100,5,19,0.1115526947238765
20,B,100,5,20,0.0073130206990959104
20,B,100,5,21,0.2188799160980611
20,B,100,5,22,0.06386451935299585
20,B,100,5,23,0.14787421487531266
20,B,100,5,24,0.025589562463625967
20,B,100,5,25,0.2247853781582783
20,B,100,5,26,0.1183742596405017
20,B,100,5,27,0.019327396924179886
20,B,100,5,28,0.08052923537697519
20,B,100,5,29,0.23624092912135272
20,B,100,6,0,-0.2376883657422669
20,B,100,6,1,-0.6267716422132895
20,B,100,6,2,0.05484686338515232
20,B,100,6,3,-0.2403842506142347
20,B,100,6,4,-0.44421816646659146
20,B,100,6,5,-0.21065852589349043
20,B,100,6,6,-0.9034798982851643
20,B,100,6,7,-0.45786534066554035
20,B,100,6,8,-0.3167776226248533
20,B,100,6,9,-0.9531403645164256
20,B,100,6,10,-0.3451383984493893
20,B,100,6,11,-0.7094433963084087
20,B,100,6,12,-0.379586571357004
20,B,100,6,13,-0.6923476289668995
20,B,100,6,14,-0.16583043503402872
20,B,100,6,15,-1.3382154907758255
20,B,100,6,16,-0.2824259568988682
20,B,100,6,17,-0.630789236801265
20,B,100,6,18,-0.44785184001656536
20,B,100,6,19,-0.005226144671864428
20,B,100,6,20,-0.7016815903222204
20,B,100,6,21,-0.25754108220888544
20,B,100,6,22,-0.4413602371782808
20,B,100,6,23,-0.5934533051595487
20,B,100,6,24,-0.24384534373979525
20,B,100,6,25,-0.20822878142870296
20,B,100,6,26,-0.3058812250384608
20,B,100,6,27,-0.21765107481079474
20,B,100,6,28,-0.4015036587016775
20,B,100,6,29,-0.4485641399262197
20,B,100,7,0,-0.3818317055193865
20,B,100,7,1,-0.27905452409226206
20,B,100,7,2,-0.3878331731764436
20,B,100,7,3,-0.17897744707901675
20,B,100,7,4,-0.3991353674421715
20,B,100,7,5,-0.634771878289282
20,B,100,7,6,-0.01986896193935167
20,B,100,7,7,-0.07624317764084255
20,B,100,7,8,-0.696714495783682
20,B,100,7,9,-0.17692335173262702
20,B,100,7,10,-0.4410634581218425
20,B,100,7,11,-0.22620361361874733
20,B,100,7,12,-0.607377341438301
20,B,100,7,13,-0.24078374245512024
20,B,100,7,14,-0.3833834337927414
20,B,100,7,15,-0.14074053628452388
20,B,100,7,16,-0.44421725922719524
20,B,100,7,17,-0.1716478269941128
20,B,100,7,18,-0.33450979798415054
20,B,100,7,19,0.06973525367641989
20,B,100,7,20,-0.2651249823215361
20,B,100,7,21,-0.6431359476645275
20,B,100,7,22,-0.585062628990667
20,B,100,7,23,-0.7678053923669865
20,B,100,7,24,-0.8819420045031701
20,B,100,7,25,-0.20084459510022926
20,B,100,7,26,-0.4744556855331408
20,B,100,7,27,-0.7022748508667525
20,B,100,7,28,-0.24044094949614728
20,B,100,7,29,-0.07180568406803235
20,B,100,8,0,1.065832707062427
20,B,100,8,1,1.3115802302026247
20,B,100,8,2,1.3443575187692887
20,B,100,8,3,1.3712901340475112
20,B,100,8,4,1.5047759114271144
20,B,100,8,5,1.327300921063281
20,B,100,8,6,1.656359024348388
20,B,100,8,7,1.8734480408522851
20,B,100,8,8,1.7625954027262596
20,B,100,8,9,1.2129681999195217
20,B,100,8,10,1.6175132086907797
20,B,100,8,11,1.0205222774133507
20,B,100,8,12,1.6695094325774216
20,B,100,8,13,1.2471465120344165
20,B,100,8,14,0.994016700469103
20,B,100,8,15,1.1670092631555935
20,B,100,8,16,1.8151750140188263
20,B,100,8,17,1.9328672655951362
20,B,100,8,18,2.162510138626895
20,B,100,8,19,1.2861133854024733
20,B,100,8,20,1.3682142603985923
20,B,100,8,21,1.21919254708075
20,B,100,8,22,1.430037469825228
20,B,100,8,23,1.9491877951186025
20,B,100,8,24,2.0570857941453466
20,B,100,8,25,1.4611476526195852
20,B,100,8,26,1.4760310302171427
20,B,100,8,27,1.4463823407329979
20,B,100,8,28,2.119775531396856
20,B,100,8,29,1.5372501429645793
20,B,100,9,0,0.5081698807169304
20,B,100,9,1,0.5911799212450192
20,B,100,9,2,0.20509570144924708
20,B,100,9,3,0.3146189215034332
20,B,100,9,4,0.5126655433692798
20,B,100,9,5,0.48298831092003586
20,B,100,9,6,0.2731597531457157
20,B,100,9,7,0.35195630915920295
20,B,100,9,8,0.5178872365782792
20,B,100,9,9,0.8901034397455032
20,B,100,9,10,0.6290869478821313
20,B,100,9,11,0.665915062949894
20,B,100,9,12,0.4402719065704485
20,B,100,9,13,0.027398704360894772
20,B,100,9,14,0.4449509520027048
20,B,100,9,15,-0.22462320555188361
20,B,100,9,16,0.29406933512747074
20,B,100,9,17,0.46331359046224013
20,B,100,9,18,0.5837616867566773
20,B,100,9,19,0.33757769818992983
20,B,100,9,20,0.21927403855842678
20,B,100,9,21,0.5524302278878278
20,B,100,9,22,0.33516916427391225
20,B,100,9,23,0.022360109783648083
20,B,100,9,24,0.1602538859443697
20,B,100,9,25,-0.0892562757550769
20,B,100,9,26,0.5321206007798097
20,B,100,9,27,0.3035638066790984
20,B,100,9,28,0.7674826249231445
20,B,100,9,29,-0.09632899282144382
21,A,0.05,0,0,-0.5817818229378517
21,A,0.05,0,1,-0.0010418766915900723
21,A,0.05,0,2,-1.298721218254977
21,A,0.05,0,3,-0.1500103830502349
21,A,0.05,0,4,-0.35950742901410415
21,A,0.05,0,5,-0.3319410238385661
21,A,0.05,0,6,-0.09020205217473036
21,A,0.05,0,7,-0.5169351401309816
21,A,0.05,0,8,-0.3825481714434756
21,A,0.05,0,9,-0.6325449718636386
21,A,0.05,0,10,-0.3004433109144036
21,A,0.05,0,11,0.2757697919617201
21,A,0.05,0,12,-1.0058010874773289
21,A,0.05,0,13,-0.4552553505089603
21,A,0.05,0,14,-0.21884103001158314
21,A,0.05,0,15,-0.27843569220121045
21,A,0.05,0,16,-0.08149083757768039
21,A,0.05,0,17,-0.7808411949508665
21,A,0.05,0,18,-0.055439758659989374
21,A,0.05,0,19,-0.4460064997042742
21,A,0.05,0,20,-0.37134590706629966
21,A,0.05,0,21,-0.35316670177657394
21,A,0.05,0,22,0.1740773812160493
21,A,0.05,0,23,-0.6765460384050442
21,A,0.05,0,24,-0.5302817072850563
21,A,0.05,0,25,-0.04763370900163532
21,A,0.05,0,26,-0.30393507631830025
21,A,0.05,0,27,0.10786393934073532
21,A,0.05,0,28,-0.9200669208086506
21,A,0.05,0,29,-0.5862751337075768
21,A,0.05,1,0,-0.11669569159613839
21,A,0.05,1,1,0.06720980076038982
21,A,0.05,1,2,0.6760025356801622
21,A,0.05,1,3,0.48409238252003844
21,A,0.05,1,4,0.1735576886124229
21,A,0.05,1,5,0.09304144405618811
21,A,0.05,1,6,1.1943033026306458
21,A,0.05,1,7,0.888648098470696
21,A,0.05,1,8,0.6124336638368849
21,A,0.05,1,9,1.3880116162836074
21,A,0.05,1,10,0.4904078423346068
21,A,0.05,1,11,0.6296093499174625
21,A,0.05,1,12,0.7007971156792306
21,A,0.05,1,13,0.09825762735258682
21,A,0.05,1,14,0.39448726258307326
21,A,0.05,1,15,0.6263888517583969
21,A,0.05,1,16,1.0533464609960024
21,A,0.05,1,17,-0.8092995943799629
21,A,0.05,1,18,1.0229767632762967
21,A,0.05,1,19,1.1902467196642084
21,A,0.05,1,20,0.3288748069798919
21,A,0.05,1,21,0.11404788507597502
21,A,0.05,1,22,0.19615984944525566
21,A,0.05,1,23,0.6910213690911443
21,A,0.05,1,24,0.14219840280439186
21,A,0.05,1,25,0.3843560595614731
21,A,0.05,1,26,-0.4676959346461638
21,A,0.05,1,27,0.3013949241835987
21,A,0.05,1,28,0.8369377667557001
21,A,0.05,1,29,0.5935594507795529
21,A,0.05,2,0,0.21101035758163192
21,A,0.05,2,1,0.13772021798913245
21,A,0.05,2,2,0.10794000618328066
21,A,0.05,2,3,0.15316478414088625
21,A,0.05,2,4,-0.001081076859899888
21,A,0.05,2,5,0.08138907028668046
21,A,0.05,2,6,0.13949688783192093
21,A,0.05,2,7,-0.15412201806734233
21,A,0.05,2,8,0.15796037711952152
21,A,0.05,2,9,-0.0479229751533664
21,A,0.05,2,10,0.20662862605545002
21,A,0.05,2,11,0.07304855366881086
21,A,0.05,2,12,0.054601763806188613
21,A,0.05,2,13,0.11627543749537629
21,A,0.05,2,14,0.16065391938367377
21,A,0.05,2,15,0.040952315081614135
21,A,0.05,2,16,-0.2145973502117038
21,A,0.05,2,17,-0.11389580158278222
21,A,0.05,2,18,-0.0031282433564511084
21,A,0.05,2,19,0.11476139209143384
21,A,0.05,2,20,0.16280418850233025
21,A,0.05,2,21,0.11136836124960922
21,A,0.05,2,22,0.20068578063363618
21,A,0.05,2,23,0.141932537354371
21,A,0.05,2,24,-0.024668270096633672
21,A,0.05,2,25,0.08269196780520392
21,A,0.05,2,26,0.20942443011426684
21,A,0.05,2,27,0.05142008140186889
21,A,0.05,2,28,0.07575272443859984
21,A,0.05,2,29,0.08152814417235464
21,A,0.05,3,0,1.6055319113674524
21,A,0.05,3,1,1.9522934319652419
21,A,0.05,3,2,2.1779483563028075
21,A,0.05,3,3,1.9553185287931694
21,A,0.05,3,4,1.798826437518151
21,A,0.05,3,5,2.058996244071652
21,A,0.05,3,6,1.7815489857525626
21,A,0.05,3,7,1.676340026483631
21,A,0.05,3,8,2.4673864874010354
21,A,0.05,3,9,1.4220525912090605
21,A,0.05,3,10,1.6735179752194111
21,A,0.05,3,11,1.5364982652647865
21,A,0.05,3,12,1.7039206391343746
21,A,0.05,3,13,1.7551191660150331
21,A,0.05,3,14,1.8367268768525886
21,A,0.05,3,15,1.729252345290569
21,A,0.05,3,16,1.8844307710411328
21,A,0.05,3,17,1.9422253942625842
21,A,0.05,3,18,2.2882591374942836
21,A,0.05,3,19,1.926179427444485
21,A,0.05,3,20,1.9406663610156965
21,A,0.05,3,21,2.073936666024507
21,A,0.05,3,22,2.095423000840557
21,A,0.05,3,23,1.8916256479314966
21,A,0.05,3,24,1.5223388974450922
21,A,0.05,3,25,2.2574486682918184
21,A,0.05,3,26,1.8696364245660435
21,A,0.05,3,27,1.3688463250715337
21,A,0.05,3,28,1.676602486884107
21,A,0.05,3,29,2.1182755242266817
21,A,0.05,4,0,-0.037652952203367104
21,A,0.05,4,1,0.03070310581144034
21,A,0.05,4,2,-0.0028459822263867873
21,A,0.05,4,3,0.05592111729020575
21,A,0.05,4,4,0.0014036369449081506
21,A,0.05,4,5,0.004219246154043628
21,A,0.05,4,6,-0.02128675865770998
21,A,0.05,4,7,-0.04307928986844849
21,A,0.05,4,8,0.08963542658094371
21,A,0.05,4,9,0.010695039693496385
21,A,0.05,4,10,0.027126727072191065
21,A,0.05,4,11,-0.005008418547843289
21,A,0.05,4,12,0.022071671658204214
21,A,0.05,4,13,0.03952554256461515
21,A,0.05,4,14,-1.085757306894498
21,A,0.05,4,15,-0.016937177703108413
21,A,0.05,4,16,-0.012536273105133517
21,A,0.05,4,17,0.03135751241615563
21,A,0.05,4,18,0.02137364672527521
21,A,0.05,4,19,-0.0063049684502889895
21,A,0.05,4,20,0.020432239765586536
21,A,0.05,4,21,0.009122524021605263
21,A,0.05,4,22,-0.8259057597740336
21,A,0.05,4,23,-0.845855572254643
21,A,0.05,4,24,0.003473216946727711
21,A,0.05,4,25,0.008067596591865255
21,A,0.05,4,26,0.0179441538814193
21,A,0.05,4,27,0.004265409554622698
21,A,0.05,4,28,-0.8459738052027116
21,A,0.05,4,29,-0.020602861418839404
21,A,0.05,5,0,2.083972930626778
21,A,0.05,5,1,2.144743867193627
21,A,0.05,5,2,1.2582191615631113
21,A,0.05,5,3,2.1724725193263965
21,A,0.05,5,4,2.048740917155695
21,A,0.05,5,5,0.8778286465689538
21,A,0.05,5,6,2.007992060841604
21,A,0.05,5,7,1.8812696682477283
21,A,0.05,5,8,1.9007866686749122
21,A,0.05,5,9,1.5705140557395965
21,A,0.05,5,10,2.4466837727784605
21,A,0.05,5,11,1.9729884511937268
21,A,0.05,5,12,2.1069838986080103
21,A,0.05,5,13,1.3392299381258637
21,A,0.05,5,14,1.696936615185063
21,A,0.05,5,15,0.8139614632595623
21,A,0.05,5,16,1.1382991770675703
21,A,0.05,5,17,1.8543728916872264
21,A,0.05,5,18,2.2003412210943805
21,A,0.05,5,19,2.7587659811457743
21,A,0.05,5,20,1.1607022455718903
21,A,0.05,5,21,0.7715060354481439
21,A,0.05,5,22,1.2938593422894231
21,A,0.05,5,23,1.0079894875154995
21,A,0.05,5,24,1.93958160260056
21,A,0.05,5,25,2.476412150281905
21,A,0.05,5,26,2.5675618758591257
21,A,0.05,5,27,1.3389475024096194
21,A,0.05,5,28,1.686838368975774
21,A,0.05,5,29,1.188174436794321
21,A,0.05,6,0,-0.2573864716215636
21,A,0.05,6,1,0.0537078696180702
21,A,0.05,6,2,-0.023894680033701002
21,A,0.05,6,3,-0.15666392271905927
21,A,0.05,6,4,-0.06072699371214092
21,A,0.05,6,5,-0.03877059922622253
21,A,0.05,6,6,0.020381663818291564
21,A,0.05,6,7,0.35404324907457807
21,A,0.05,6,8,-0.24366844186772244
21,A,0.05,6,9,-0.17499856309445327
21,A,0.05,6,10,-0.17888373667035423
21,A,0.05,6,11,-0.19020342878355168
21,A,0.05,6,12,-0.02897686339203299
21,A,0.05,6,13,0.023554192525335572
21,A,0.05,6,14,0.16545387653997576
21,A,0.05,6,15,-0.0661074639545447
21,A,0.05,6,16,0.19603836951999493
21,A,0.05,6,17,0.13500839270332715
21,A,0.05,6,18,-0.0931882630724049
21,A,0.05,6,19,0.21554684137535607
21,A,0.05,6,20,-0.13132443636298605
21,A,0.05,6,21,-0.2072668060490094
21,A,0.05,6,22,-0.2113524941441916
21,A,0.05,6,23,0.12075616116511431
21,A,0.05,6,24,0.09971347296941845
21,A,0.05,6,25,-0.1784964413878921
21,A,0.05,6,26,-0.15986192191528525
21,A,0.05,6,27,0.0053297502008650705
21,A,0.05,6,28,0.2116164634234568
21,A,0.05,6,29,0.05095496678433011
21,A,0.05,7,0,0.02588413873046548
21,A,0.05,7,1,0.029665655451815827
21,A,0.05,7,2,-0.11452987987329188
21,A,0.05,7,3,0.006094148842532353
21,A,0.05,7,4,0.012588680585655944
21,A,0.05,7,5,-0.07875407153200435
21,A,0.05,7,6,-0.037144242084055486
21,A,0.05,7,7,-0.07382442669263875
21,A,0.05,7,8,-0.07210418004731253
21,A,0.05,7,9,0.038310799826219974
21,A,0.05,7,10,0.07749288201278232
21,A,0.05,7,11,-0.21859024050027198
21,A,0.05,7,12,0.061497497035005934
21,A,0.05,7,13,-0.053914378750171146
21,A,0.05,7,14,-0.01643381426005018
21,A,0.05,7,15,0.1273276427928066
21,A,0.05,7,16,-0.05478285418082847
21,A,0.05,7,17,-0.0035561828304159584
21,A,0.05,7,18,0.055220016588316156
21,A,0.05,7,19,-0.10818806090363724
21,A,0.05,7,20,0.0529985885273618
21,A,0.05,7,21,0.19150014876538968
21,A,0.05,7,22,0.13015793201609266
21,A,0.05,7,23,-0.10263470994358644
21,A,0.05,7,24,-0.037228873899955175
21,A,0.05,7,25,-0.09132018513508845
21,A,0.05,7,26,-0.11082158543041964
21,A,0.05,7,27,0.16851277764156247
21,A,0.05,7,28,-0.02610441973637377
21,A,0.05,7,29,0.16595011248992794
21,A,0.05,8,0,0.057088086175061704
21,A,0.05,8,1,0.097033695741038
21,A,0.05,8,2,0.11106811883680309
21,A,0.05,8,3,0.013101640431140822
21,A,0.05,8,4,0.5000219843158779
21,A,0.05,8,5,0.6292160658956406
21,A,0.05,8,6,-0.09219043505168019
21,A,0.05,8,7,0.5873301384908074
21,A,0.05,8,8,0.29633855693315886
21,A,0.05,8,9,0.45792735211397956
21,A,0.05,8,10,0.047603702371068986
21,A,0.05,8,11,0.295951324181153
21,A,0.05,8,12,0.3089636103625756
21,A,0.05,8,13,0.2966617115511172
21,A,0.05,8,14,0.43836573666029943
21,A,0.05,8,15,-0.12090605022831019
21,A,0.05,8,16,0.3696617205509799
21,A,0.05,8,17,0.03207775498334308
21,A,0.05,8,18,-0.04752581281722084
21,A,0.05,8,19,0.1424822100883199
21,A,0.05,8,20,0.7111380909208401
21,A,0.05,8,21,0.06531184180000761
21,A,0.05,8,22,0.2049195120683352
21,A,0.05,8,23,0.020541025942811906
21,A,0.05,8,24,0.4201494262073479
21,A,0.05,8,25,0.502825983592138
21,A,0.05,8,26,0.6444224798562691
21,A,0.05,8,27,0.2232728363115229
21,A,0.05,8,28,0.4046995854114212
21,A,0.05,8,29,-0.035110119113941816
21,A,0.05,9,0,0.024032217132303434
21,A,0.05,9,1,-0.14800005061836238
21,A,0.05,9,2,-0.20530755945567544
21,A,0.05,9,3,0.015428920217949922
21,A,0.05,9,4,-0.15367332467459816
21,A,0.05,9,5,-0.0906159837462396
21,A,0.05,9,6,-0.06505002819738093
21,A,0.05,9,7,-0.2305033260956249
21,A,0.05,9,8,-0.07425344972381208
21,A,0.05,9,9,-0.1986604417699601
21,A,0.05,9,10,-0.10890438384050845
21,A,0.05,9,11,-0.19479186535324094
21,A,0.05,9,12,-0.11138055268025812
21,A,0.05,9,13,-0.1866645903341753
21,A,0.05,9,14,-0.08232440611492224
21,A,0.05,9,15,-0.1668994114277797
21,A,0.05,9,16,-0.32897703980981463
21,A,0.05,9,17,-0.07204654528677465
21,A,0.05,9,18,-0.12577947111616164
21,A,0.05,9,19,-0.05865778757018842
21,A,0.05,9,20,-0.0523290286539596
21,A,0.05,9,21,0.08715395331075619
21,A,0.05,9,22,-0.08677276420385473
21,A,0.05,9,23,-0.19119436240840904
21,A,0.05,9,24,-0.2272818227479473
21,A,0.05,9,25,-0.2248029383367852
21,A,0.05,9,26,-0.034580471180626765
21,A,0.05,9,27,-0.04434142748054967
21,A,0.05,9,28,-0.1893598039598855
21,A,0.05,9,29,-0.22218384572233843
21,B,100,0,0,0.30097726052764245
21,B,100,0,1,0.4322067715509067
21,B,100,0,2,0.5014125489031106
21,B,100,0,3,0.519695481163027
21,B,100,0,4,0.5966082540458277
21,B,100,0,5,0.5258806712449021
21,B,100,0,6,0.668650256876243
21,B,100,0,7,0.7641832629836472
21,B,100,0,8,0.6595198394711725
21,B,100,0,9,0.6305078071540942
21,B,100,0,10,0.5624337738588466
21,B,100,0,11,0.9059979880681818
21,B,100,0,12,0.33594795840200853
21,B,100,0,13,0.2959530391283867
21,B,100,0,14,1.1507097028649824
21,B,100,0,15,0.4718593965501345
21,B,100,0,16,0.5354613510188084
21,B,100,0,17,0.5978992163004269
21,B,100,0,18,0.5728092982699817
21,B,100,0,19,0.2964701334927262
21,B,100,0,20,0.5226860438621429
21,B,100,0,21,0.5524341065283284
21,B,100,0,22,0.8257933946615671
21,B,100,0,23,0.3237822300736446
21,B,100,0,24,0.6036673639569615
21,B,100,0,25,0.5482555111804623
21,B,100,0,26,0.507384072462366
21,B,100,0,27,0.7583527745939792
21,B,100,0,28,0.7189722388733388
21,B,100,0,29,0.32800817272432914
21,B,100,1,0,0.5378797006314471
21,B,100,1,1,0.11127845772396973
21,B,100,1,2,-0.013204334954037668
21,B,100,1,3,0.4776013341080105
21,B,100,1,4,-0.08055872003872636
21,B,100,1,5,0.39223002597252793
21,B,100,1,6,0.4772210937774334
21,B,100,1,7,0.1563019931341326
21,B,100,1,8,0.0795014345397459
21,B,100,1,9,0.4583707078329034
21,B,100,1,10,-0.11856628337419646
21,B,100,1,11,0.32699950028127783
21,B,100,1,12,0.4882058531018752
21,B,100,1,13,0.2532503250231982
21,B,100,1,14,0.23244203554168466
21,B,100,1,15,-0.14323958511821797
21,B,100,1,16,0.18225188279043075
21,B,100,1,17,-0.05991162435118389
21,B,100,1,18,0.36448984038037757
21,B,100,1,19,0.31603032430587885
21,B,100,1,20,0.34850480735649036
21,B,100,1,21,0.15231761171477692
21,B,100,1,22,0.052489656168632035
21,B,100,1,23,-0.017594648591000874
21,B,100,1,24,0.36862745607307573
21,B,100,1,25,0.139282307513675
21,B,100,1,26,0.5905981481961363
21,B,100,1,27,0.4713138158060896
21,B,100,1,28,0.28509665528513295
21,B,100,1,29,-0.004568424745763475
21,B,100,2,0,-0.059879228412998704
21,B,100,2,1,-0.35685076153992934
21,B,100,2,2,-0.12192664540902576
21,B,100,2,3,-0.1557796107500695
21,B,100,2,4,-0.10703710442712806
21,B,100,2,5,-0.3560433918559995
21,B,100,2,6,-0.15133322105505773
21,B,100,2,7,-0.03393121175132125
21,B,100,2,8,-0.4090916147219414
21,B,100,2,9,0.011086756084910825
21,B,100,2,10,-0.2069059166925053
21,B,100,2,11,0.052120164703363336
21,B,100,2,12,-0.04771343574408338
21,B,100,2,13,0.31149218045948307
21,B,100,2,14,-0.11230132244987462
21,B,100,2,15,0.44956946595327807
21,B,100,2,16,0.1392003824031989
21,B,100,2,17,0.23457103138322752
21,B,100,2,18,-0.010104136372596266
21,B,100,2,19,0.1101222669332632
21,B,100,2,20,-0.22347606834208913
21,B,100,2,21,0.10529354371694598
21,B,100,2,22,-0.12090129691478513
21,B,100,2,23,0.064459822679771
21,B,100,2,24,0.23211305124300005
21,B,100,2,25,-0.05345810899374121
21,B,100,2,26,-0.030028446531623284
21,B,100,2,27,-0.4478158114624638
21,B,100,2,28,0.11521427506187018
21,B,100,2,29,-0.07449329861280692
21,B,100,3,0,0.5192803725810525
21,B,100,3,1,0.3672134442147695
21,B,100,3,2,0.6548249562952253
21,B,100,3,3,0.43076751514506656
21,B,100,3,4,0.08092344901657474
21,B,100,3,5,0.6659999299961964
21,B,100,3,6,0.38403598035379705
21,B,100,3,7,0.4417606659354845
21,B,100,3,8,0.465904356461864
21,B,100,3,9,0.30156731977986456
21,B,100,3,10,0.3499892111282915
21,B,100,3,11,0.47761170976471856
21,B,100,3,12,0.6212346414065715
21,B,100,3,13,0.5291013088492694
21,B,100,3,14,0.4776683730406894
21,B,100,3,15,0.4747499702105748
21,B,100,3,16,0.36537029350129796
21,B,100,3,17,0.4170852978193188
21,B,100,3,18,0.5203333252359007
21,B,100,3,19,0.10539409667383545
21,B,100,3,20,0.5588518329735285
21,B,100,3,21,0.3462782849227093
21,B,100,3,22,0.5560584956738521
21,B,100,3,23,0.4158003193533517
21,B,100,3,24,0.5009834380469453
21,B,100,3,25,0.4625144460662356
21,B,100,3,26,0.6511872619785918
21,B,100,3,27,0.47177113245103747
21,B,100,3,28,0.23474367423768985
21,B,100,3,29,0.5778064026522043
21,B,100,4,0,-0.34650182409862756
21,B,100,4,1,-0.14495267540795345
21,B,100,4,2,-0.28847130425518375
21,B,100,4,3,0.14552365985142293
21,B,100,4,4,-0.3314670078360713
21,B,100,4,5,-0.6299001336013599
21,B,100,4,6,-0.20935961187241708
21,B,100,4,7,-0.5035438598054307
21,B,100,4,8,-0.4061953187572023
21,B,100,4,9,0.7212214369268435
21,B,100,4,10,-0.5268114800247304
21,B,100,4,11,0.078121589016654
21,B,100,4,12,-0.011103129906157767
21,B,100,4,13,0.17684479321019067
21,B,100,4,14,-0.384161069853761
21,B,100,4,15,-0.401828920397523
21,B,100,4,16,-0.49117145294547876
21,B,100,4,17,0.19165197325373493
21,B,100,4,18,0.15128119918072244
21,B,100,4,19,-1.103843169168104
21,B,100,4,20,0.7258791121069735
21,B,100,4,21,-0.8953029914827988
21,B,100,4,22,-0.1937772139782937
21,B,100,4,23,0.8123253530270594
21,B,100,4,24,-0.9956756446792142
21,B,100,4,25,-0.2528472507532706
21,B,100,4,26,-0.46832960694466164
21,B,100,4,27,-0.26927865240499854
21,B,100,4,28,-0.3648495259180892
21,B,100,4,29,0.3331651047017419
21,B,100,5,0,-0.17122548131436133
21,B,100,5,1,-0.05395287766735267
21,B,100,5,2,-0.09019977857208075
21,B,100,5,3,-0.08533180307721679
21,B,100,5,4,-0.16895653380140163
21,B,100,5,5,0.01432677370028473
21,B,100,5,6,-0.04020480176260688
21,B,100,5,7,0.0038009013742916855
21,B,100,5,8,-0.10689747257076437
21,B,100,5,9,0.04358076871622441
21,B,100,5,10,-0.014143381219420697
21,B,100,5,11,-0.2141119004323234
21,B,100,5,12,-0.027002777483794104
21,B,100,5,13,0.0114319390950519
21,B,100,5,14,-0.04660900518278734
21,B,100,5,15,-0.32421304415173
21,B,100,5,16,0.020514066651936155
21,B,100,5,17,-0.030348906621497456
21,B,100,5,18,-0.06721269197113944
21,B,100,5,19,-0.020604846742089164
21,B,100,5,20,-0.008303212084408765
21,B,100,5,21,-0.09545246280700048
21,B,100,5,22,-0.009948665697459495
21,B,100,5,23,-0.09126980814909402
21,B,100,5,24,-0.015287868913551257
21,B,100,5,25,0.0004677025789532946
21,B,100,5,26,-0.059067950938698155
21,B,100,5,27,0.007908857733996329
21,B,100,5,28,-0.05397766584304213
21,B,100,5,29,0.11931853441818599
21,B,100,6,0,0.4510494118789324
21,B,100,6,1,-0.00467087332309467
21,B,100,6,2,0.31054590005339594
21,B,100,6,3,0.7415996257671751
21,B,100,6,4,0.2691003359970256
21,B,100,6,5,0.7962608977145782
21,B,100,6,6,0.2835851118777579
21,B,100,6,7,0.3426835324391845
21,B,100,6,8,0.16257357950458418
21,B,100,6,9,-0.06151712851383642
21,B,100,6,10,-0.2219005512411433
21,B,100,6,11,0.4586215768611069
21,B,100,6,12,0.20784642315768304
21,B,100,6,13,0.36031764905390634
21,B,100,6,14,0.6712756588778243
21,B,100,6,15,0.4034877360716238
21,B,100,6,16,0.4072632196864808
21,B,100,6,17,0.25807130729094235
21,B,100,6,18,0.28129842186877935
21,B,100,6,19,0.030890603595364215
21,B,100,6,20,0.6663767894089324
21,B,100,6,21,0.3394931468446802
21,B,100,6,22,0.3714067624509171
21,B,100,6,23,-0.00455445931294741
21,B,100,6,24,0.22245642213858186
21,B,100,6,25,0.1903133836889205
21,B,100,6,26,0.24090033774538291
21,B,100,6,27,0.17177217077427503
21,B,100,6,28,0.5948430804120105
21,B,100,6,29,-0.17647216504836574
21,B,100,7,0,0.33631424581485286
21,B,100,7,1,0.4935251500534623
21,B,100,7,2,0.36982780949002914
21,B,100,7,3,0.6914714638317673
21,B,100,7,4,0.4667408924544977
21,B,100,7,5,0.2828278949876512
21,B,100,7,6,0.28327432353343035
21,B,100,7,7,0.4697372285008586
21,B,100,7,8,0.2590011176912136
21,B,100,7,9,0.47810513653491404
21,B,100,7,10,0.41913447430280437
21,B,100,7,11,0.3413387460935561
21,B,100,7,12,0.2355054557032236
21,B,100,7,13,0.4212997105724202
21,B,100,7,14,0.2867373281981519
21,B,100,7,15,0.21537950550619359
21,B,100,7,16,0.26620623688234507
21,B,100,7,17,0.3682249000721045
21,B,100,7,18,0.2703225692219875
21,B,100,7,19,0.5436301708803921
21,B,100,7,20,0.4673515558559897
21,B,100,7,21,0.44083503854165734
21,B,100,7,22,0.25517697906776576
21,B,100,7,23,0.3063047501496042
21,B,100,7,24,0.4907505761093665
21,B,100,7,25,0.34363799898128794
21,B,100,7,26,0.2636530393574893
21,B,100,7,27,0.5493218851813554
21,B,100,7,28,0.719763382957034
21,B,100,7,29,0.40640452504103763
21,B,100,8,0,0.15228849968628477
21,B,100,8,1,0.4208025476607119
21,B,100,8,2,0.08582076652972541
21,B,100,8,3,0.31317835235955127
21,B,100,8,4,0.22425806422755626
21,B,100,8,5,0.4537342097094596
21,B,100,8,6,0.6268089188731778
21,B,100,8,7,0.480979032030096
21,B,100,8,8,0.4468527252532781
21,B,100,8,9,0.6203267176308894
21,B,100,8,10,0.885132174452832
21,B,100,8,11,0.020711801948416896
21,B,100,8,12,0.13004385425382692
21,B,100,8,13,0.7432375764396777
21,B,100,8,14,0.6043499446472587
21,B,100,8,15,0.8448034895624619
21,B,100,8,16,0.5920593229565768
21,B,100,8,17,0.37612864512587174
21,B,100,8,18,0.46334016486500224
21,B,100,8,19,0.4348056870048644
21,B,100,8,20,0.34790875330659093
21,B,100,8,21,0.9521905947405498
21,B,100,8,22,0.561535711755733
21,B,100,8,23,0.7792248224705162
21,B,100,8,24,0.4945923988755739
21,B,100,8,25,0.20687373613466822
21,B,100,8,26,0.30930774966325875
21,B,100,8,27,0.32127685385612587
21,B,100,8,28,0.060488276081586155
21,B,100,8,29,0.6079537067885815
21,B,100,9,0,-0.4947460918146696
21,B,100,9,1,-0.5863818435713972
21,B,100,9,2,-0.5923397090365504
21,B,100,9,3,-0.8285857838612933
21,B,100,9,4,-0.7687981625476362
21,B,100,9,5,-0.40083548774171585
21,B,100,9,6,-0.7006153564499017
21,B,100,9,7,-0.9015592272994917
21,B,100,9,8,-1.0800584283571624
21,B,100,9,9,-0.4363221359475785
21,B,100,9,10,-0.5364922960851713
21,B,100,9,11,-0.8895970426096247
21,B,100,9,12,-0.8475170945985454
21,B,100,9,13,-0.8705244586406278
21,B,100,9,14,-0.46153578033592413
21,B,100,9,15,-0.750207094095523
21,B,100,9,16,-0.6399776951689788
21,B,100,9,17,-0.6226554574592544
21,B,100,9,18,-0.8804014853871088
21,B,100,9,19,-0.8355765526081868
21,B,100,9,20,-0.8504860967618646
21,B,100,9,21,-0.42227885618983546
21,B,100,9,22,-0.8036325534737965
21,B,100,9,23,-0.52544484242539
21,B,100,9,24,-0.5913621855869515
21,B,100,9,25,-0.4911088088483103
21,B,100,9,26,-0.4453712277908257
21,B,100,9,27,-0.743311441193399
21,B,100,9,28,-0.4893468092208937
21,B,100,9,29,-0.39727328961832425
22,A,0.05,0,0,-0.03651501776700089
22,A,0.05,0,1,-0.32254959056250815
22,A,0.05,0,2,-0.13430837152919353
22,A,0.05,0,3,0.12519943059438868
22,A,0.05,0,4,-0.2393337070471497
22,A,0.05,0,5,-0.08260570759816659
22,A,0.05,0,6,-0.1833062689109372
22,A,0.05,0,7,-0.1107863729512076
22,A,0.05,0,8,-0.13130657598175358
22,A,0.05,0,9,-0.14982692900899874
22,A,0.05,0,10,-0.0006656339073521848
22,A,0.05,0,11,-0.1125819242586305
22,A,0.05,0,12,-0.08327204748651508
22,A,0.05,0,13,0.04610728047399849
22,A,0.05,0,14,-0.41622597726950683
22,A,0.05,0,15,-0.16005730083315622
22,A,0.05,0,16,-0.13152287743946467
22,A,0.05,0,17,-0.14922490104819372
22,A,0.05,0,18,-0.18666161867998637
22,A,0.05,0,19,-0.024757688204020557
22,A,0.05,0,20,-0.2256536501001772
22,A,0.05,0,21,-0.08909272179854853
22,A,0.05,0,22,-0.04281810027871682
22,A,0.05,0,23,-0.05218776944086042
22,A,0.05,0,24,-0.11062645897944301
22,A,0.05,0,25,-0.11767497519741481
22,A,0.05,0,26,-0.16209164887304042
22,A,0.05,0,27,-0.24931816373249818
22,A,0.05,0,28,-0.18159345014297743
22,A,0.05,0,29,-0.29091164233505495
22,A,0.05,1,0,0.7230968187434188
22,A,0.05,1,1,-0.21802738671888236
22,A,0.05,1,2,0.23184276621874486
22,A,0.05,1,3,0.25785106388981854
22,A,0.05,1,4,-0.35747385788604635
22,A,0.05,1,5,0.27678526484912064
22,A,0.05,1,6,-0.15764811478881455
22,A,0.05,1,7,0.7519928408341675
22,A,0.05,1,8,0.781172054625943
22,A,0.05,1,9,-0.27062569302256334
22,A,0.05,1,10,0.8257243604865845
22,A,0.05,1,11,0.4040014758519686
22,A,0.05,1,12,0.1012634621661018
22,A,0.05,1,13,-0.31677960038941416
22,A,0.05,1,14,-0.7109644779794666
22,A,0.05,1,15,-0.3175546140955794
22,A,0.05,1,16,0.11681297553911589
22,A,0.05,1,17,0.23249175475695485
22,A,0.05,1,18,1.2809749262444299
22,A,0.05,1,19,-0.12119633044938641
22,A,0.05,1,20,0.8148206387801555
22,A,0.05,1,21,0.9533871086510357
22,A,0.05,1,22,0.9254821940889854
22,A,0.05,1,23,0.7291380525597126
22,A,0.05,1,24,0.8599275876960277
22,A,0.05,1,25,1.3511576323373942
22,A,0.05,1,26,0.15463013570564055
22,A,0.05,1,27,-0.19125317808959852
22,A,0.05,1,28,-0.14424319569137609
22,A,0.05,1,29,1.007981832626015
22,A,0.05,2,0,1.0573885445969846
22,A,0.05,2,1,1.1576645893915085
22,A,0.05,2,2,0.944614207410179
22,A,0.05,2,3,0.7145800077789913
22,A,0.05,2,4,1.1959757048328536
22,A,0.05,2,5,0.9998352333964274
22,A,0.05,2,6,0.8947190413262702
22,A,0.05,2,7,0.9845060554623268
22,A,0.05,2,8,1.2281161475766582
22,A,0.05,2,9,1.03039038808337
22,A,0.05,2,10,1.0534496833669513
22,A,0.05,2,11,0.7993358836905771
22,A,0.05,2,12,0.7345346624647975
22,A,0.05,2,13,0.9426435178132034
22,A,0.05,2,14,0.8547595318912247
22,A,0.05,2,15,0.7778615653788001
22,A,0.05,2,16,0.705763434363568
22,A,0.05,2,17,0.9000596699032181
22,A,0.05,2,18,0.919481685674899
22,A,0.05,2,19,0.6436191792663266
22,A,0.05,2,20,0.5713761536655771
22,A,0.05,2,21,0.39006742016950385
22,A,0.05,2,22,0.5826385796591135
22,A,0.05,2,23,0.5299718100120551
22,A,0.05,2,24,0.8520316398753663
22,A,0.05,2,25,0.2762803172573936
22,A,0.05,2,26,0.8952461360342685
22,A,0.05,2,27,0.3098911785916033
22,A,0.05,2,28,0.6361500470525484
22,A,0.05,2,29,0.7045625432234577
22,A,0.05,3,0,-0.11870579065305202
22,A,0.05,3,1,-0.2125609091984487
22,A,0.05,3,2,-1.8845112133240238
22,A,0.05,3,3,0.008816247289252285
22,A,0.05,3,4,-0.5624598011252121
22,A,0.05,3,5,-0.5641281067389187
22,A,0.05,3,6,-0.7559535426760126
22,A,0.05,3,7,-0.019656059253148114
22,A,0.05,3,8,-0.09315560368160362
22,A,0.05,3,9,0.009335465928740593
22,A,0.05,3,10,-0.5776582448436512
22,A,0.05,3,11,-0.6077329647219143
22,A,0.05,3,12,-0.004025912379637754
22,A,0.05,3,13,-1.4691417789688859
22,A,0.05,3,14,-1.1412724068651356
22,A,0.05,3,15,0.08528015605882219
22,A,0.05,3,16,-0.38085961955950237
22,A,0.05,3,17,-0.06673632197063273
22,A,0.05,3,18,-0.851177470147728
22,A,0.05,3,19,-0.06331495347882522
22,A,0.05,3,20,0.04240093626887912
22,A,0.05,3,21,-0.08607609758563016
22,A,0.05,3,22,0.070319619100419
22,A,0.05,3,23,-0.08596463095566287
22,A,0.05,3,24,-0.0982500622963865
22,A,0.05,3,25,-0.6872229052099464
22,A,0.05,3,26,0.05953967470856058
22,A,0.05,3,27,0.005258701960414596
22,A,0.05,3,28,0.06640925785781432
22,A,0.05,3,29,-0.5453462669158594
22,A,0.05,4,0,0.05078493042949517
22,A,0.05,4,1,-0.707499361075962
22,A,0.05,4,2,-0.055449956678657014
22,A,0.05,4,3,-0.4315853463379693
22,A,0.05,4,4,-0.05265266358721789
22,A,0.05,4,5,0.13175233771787623
22,A,0.05,4,6,0.5218325082187469
22,A,0.05,4,7,-0.08160453022364247
22,A,0.05,4,8,-0.4592412187302285
22,A,0.05,4,9,0.8703564837669119
22,A,0.05,4,10,0.6511358284567863
22,A,0.05,4,11,0.16312273607420508
22,A,0.05,4,12,-0.06634402282880554
22,A,0.05,4,13,0.3003332429009801
22,A,0.05,4,14,0.34600483003516913
22,A,0.05,4,15,0.5448762591171621
22,A,0.05,4,16,-0.6994576452220754
22,A,0.05,4,17,0.09798989406789797
22,A,0.05,4,18,0.7553995420128408
22,A,0.05,4,19,-0.3500858272295654
22,A,0.05,4,20,-0.019883317457885658
22,A,0.05,4,21,0.715659186841008
22,A,0.05,4,22,-0.7875890158070783
22,A,0.05,4,23,-0.3063986693147896
22,A,0.05,4,24,-0.13716374588183253
22,A,0.05,4,25,-0.3143217924610432
22,A,0.05,4,26,-0.4951505915086967
22,A,0.05,4,27,-1.2820499018018316
22,A,0.05,4,28,-0.5818302785154064
22,A,0.05,4,29,0.1652399001346009
22,A,0.05,5,0,-0.4030059043802285
22,A,0.05,5,1,-0.4289772487463253
22,A,0.05,5,2,-0.5927773487153642
22,A,0.05,5,3,-0.11700826494452124
22,A,0.05,5,4,-0.022787226107418426
22,A,0.05,5,5,-0.29188517002490344
22,A,0.05,5,6,-0.5391530707605086
22,A,0.05,5,7,-0.35482682762957496
22,A,0.05,5,8,-0.3028739588196942
22,A,0.05,5,9,-0.03170302814384572
22,A,0.05,5,10,-0.32537821575824144
22,A,0.05,5,11,-0.15045895870806922
22,A,0.05,5,12,-0.09483053669560594
22,A,0.05,5,13,-0.3910133000832673
22,A,0.05,5,14,-0.307163920716349
22,A,0.05,5,15,-0.3227903223478358
22,A,0.05,5,16,-0.4158601421583053
22,A,0.05,5,17,-0.2552849896023504
22,A,0.05,5,18,-0.29856544400379287
22,A,0.05,5,19,-0.5459000920030972
22,A,0.05,5,20,-0.005342239032630878
22,A,0.05,5,21,-0.16924314808305935
22,A,0.05,5,22,0.015520346692699251
22,A,0.05,5,23,0.0384733723554906
22,A,0.05,5,24,-0.21077985927949158
22,A,0.05,5,25,-0.21555480651066986
22,A,0.05,5,26,-0.1918538492696251
22,A,0.05,5,27,-0.2845430386036425
22,A,0.05,5,28,0.01777133592299716
22,A,0.05,5,29,-0.35310401210164066
22,A,0.05,6,0,-0.6958275327751817
22,A,0.05,6,1,-0.6063757254346503
22,A,0.05,6,2,-0.5033310529737077
22,A,0.05,6,3,-0.7763602750552981
22,A,0.05,6,4,-0.4990805697706522
22,A,0.05,6,5,-0.9912775019118311
22,A,0.05,6,6,-0.5532571651965335
22,A,0.05,6,7,-0.6366623955009776
22,A,0.05,6,8,-0.36160663189236225
22,A,0.05,6,9,-0.5979530302429242
22,A,0.05,6,10,-0.5744860994713022
22,A,0.05,6,11,-0.688059855534368
22,A,0.05,6,12,-0.6462827190460514
22,A,0.05,6,13,-0.7421291340586218
22,A,0.05,6,14,-0.4211371738954517
22,A,0.05,6,15,-0.47316041052660646
22,A,0.05,6,16,-0.4867758744053004
22,A,0.05,6,17,-0.4525122260354218
22,A,0.05,6,18,-0.5327827050019769
22,A,0.05,6,19,-0.33260728286532437
22,A,0.05,6,20,-0.6235864270894291
22,A,0.05,6,21,-0.6297297791377738
22,A,0.05,6,22,-0.9608473121690485
22,A,0.05,6,23,-0.35253939278467517
22,A,0.05,6,24,-0.5839100036568282
22,A,0.05,6,25,-0.39716478786361326
22,A,0.05,6,26,-0.6158558494371141
22,A,0.05,6,27,-0.6888556085359713
22,A,0.05,6,28,-0.40662837334521806
22,A,0.05,6,29,-0.27060896996022304
22,A,0.05,7,0,-0.16669075961760807
22,A,0.05,7,1,0.03166066760206446
22,A,0.05,7,2,-0.2632872112351596
22,A,0.05,7,3,-0.7557996518360196
22,A,0.05,7,4,-0.016855661872720085
22,A,0.05,7,5,-0.04244159331742101
22,A,0.05,7,6,-0.2384168578720625
22,A,0.05,7,7,-0.07039782023471362
22,A,0.05,7,8,-0.18006957615389318
22,A,0.05,7,9,-0.23612368424781305
22,A,0.05,7,10,0.04828522776568866
22,A,0.05,7,11,-0.3732584440371456
22,A,0.05,7,12,-0.3625864989129245
22,A,0.05,7,13,-0.13849031976307483
22,A,0.05,7,14,-0.31234525815880293
22,A,0.05,7,15,-0.40349631383097745
22,A,0.05,7,16,-0.26461300448662667
22,A,0.05,7,17,-0.42806102899053616
22,A,0.05,7,18,-0.5502578227070393
22,A,0.05,7,19,-0.2978656443658466
22,A,0.05,7,20,-0.2208192271130906
22,A,0.05,7,21,-0.14824168506378332
22,A,0.05,7,22,-0.31241925079130733
22,A,0.05,7,23,0.02154749069624599
22,A,0.05,7,24,-0.38693949110894316
22,A,0.05,7,25,-0.31168880865861415
22,A,0.05,7,26,-0.264189825237746
22,A,0.05,7,27,-0.3855542330959153
22,A,0.05,7,28,-0.22523455791899163
22,A,0.05,7,29,-0.17546589566407317
22,A,0.05,8,0,-1.5699904224786545
22,A,0.05,8,1,-1.3706775556670532
22,A,0.05,8,2,-1.1845436598835002
22,A,0.05,8,3,-1.1617061455392388
22,A,0.05,8,4,-1.0299161142172002
22,A,0.05,8,5,-1.0799911409540912
22,A,0.05,8,6,-1.3402866094639214
22,A,0.05,8,7,-1.1541895187345954
22,A,0.05,8,8,-0.9780504113203436
22,A,0.05,8,9,-0.7790455935283642
22,A,0.05,8,10,-1.514394244595157
22,A,0.05,8,11,-1.0895112463748053
22,A,0.05,8,12,-0.14362553565509237
22,A,0.05,8,13,-1.3433214446891157
22,A,0.05,8,14,-0.738261174423282
22,A,0.05,8,15,-1.5555375417601027
22,A,0.05,8,16,-1.5539553779413922
22,A,0.05,8,17,-1.1387867683450392
22,A,0.05,8,18,-1.1394379375117962
22,A,0.05,8,19,-1.4203760452972998
22,A,0.05,8,20,-1.1770536037772923
22,A,0.05,8,21,-1.3726237960958827
22,A,0.05,8,22,-1.2936142697561255
22,A,0.05,8,23,-0.5943825682605545
22,A,0.05,8,24,-1.7628122978427931
22,A,0.05,8,25,-1.338974836886457
22,A,0.05,8,26,-1.5926760066563845
22,A,0.05,8,27,-1.421206741556575
22,A,0.05,8,28,-1.404327360098242
22,A,0.05,8,29,-1.6567872540593795
22,A,0.05,9,0,-0.513971429465999
22,A,0.05,9,1,-0.46849169082943337
22,A,0.05,9,2,-0.3129908341367713
22,A,0.05,9,3,-0.6340133019461514
22,A,0.05,9,4,-0.18698648929624986
22,A,0.05,9,5,-0.46785233721235164
22,A,0.05,9,6,-0.3992915219881511
22,A,0.05,9,7,-0.5755180542486711
22,A,0.05,9,8,-0.4028654515626973
22,A,0.05,9,9,-0.3304889889694318
22,A,0.05,9,10,-0.5474096103045031
22,A,0.05,9,11,-0.3749537813660043
22,A,0.05,9,12,-0.5115045543748542
22,A,0.05,9,13,-0.490785319532309
22,A,0.05,9,14,-0.31396756441595514
22,A,0.05,9,15,-0.4533301473411401
22,A,0.05,9,16,-0.5928335394302371
22,A,0.05,9,17,-0.4833151773528392
22,A,0.05,9,18,-0.3936764859708501
22,A,0.05,9,19,-0.6012535154360711
22,A,0.05,9,20,-0.393447040156859
22,A,0.05,9,21,-0.31674115901013083
22,A,0.05,9,22,-0.4787473036300208
22,A,0.05,9,23,-0.343803459097951
22,A,0.05,9,24,-0.5327810766231001
22,A,0.05,9,25,-0.5349033552214275
22,A,0.05,9,26,-0.3490802403929419
22,A,0.05,9,27,-0.42559879083409136
22,A,0.05,9,28,-0.30885925194410435
22,A,0.05,9,29,-0.011047127196324589
22,B,100,0,0,0.6129319437173408
22,B,100,0,1,0.5965769432449797
22,B,100,0,2,0.40890495823228945
22,B,100,0,3,0.6415715860649813
22,B,100,0,4,0.6493592323960939
22,B,100,0,5,0.31398684735088467
22,B,100,0,6,0.6834358861145019
22,B,100,0,7,0.510251758314579
22,B,100,0,8,0.7882768405482249
22,B,100,0,9,0.9191106544107644
22,B,100,0,10,1.0202258790726475
22,B,100,0,11,0.11968091497913
22,B,100,0,12,0.18237699633255508
22,B,100,0,13,0.6894624768060408
22,B,100,0,14,1.1178456035335564
22,B,100,0,15,0.7084638270287302
22,B,100,0,16,0.6695077547839687
22,B,100,0,17,0.7426609695196538
22,B,100,0,18,0.5054635817707821
22,B,100,0,19,0.5237267412543476
22,B,100,0,20,0.7548962823555166
22,B,100,0,21,0.7796688681096265
22,B,100,0,22,0.7488636729276397
22,B,100,0,23,0.2502946148520756
22,B,100,0,24,0.6399020301157525
22,B,100,0,25,0.45990054222887267
22,B,100,0,26,0.6165832714794924
22,B,100,0,27,0.5214098520038624
22,B,100,0,28,0.2512225629688142
22,B,100,0,29,0.5534858660228815
22,B,100,1,0,-0.08229353202321066
22,B,100,1,1,0.3290932237770133
22,B,100,1,2,0.07201073056447486
22,B,100,1,3,0.5578494247477924
22,B,100,1,4,0.0052625054325529975
22,B,100,1,5,-0.031893397501631136
22,B,100,1,6,0.40694363195883476
22,B,100,1,7,0.11385269526912081
22,B,100,1,8,-0.15088469952393377
22,B,100,1,9,0.3299057259569365
22,B,100,1,10,0.11714177557810405
22,B,100,1,11,0.6785006599770781
22,B,100,1,12,0.3809064079882332
22,B,100,1,13,0.5572123604085207
22,B,100,1,14,0.25639390687960995
22,B,100,1,15,0.5498941640529962
22,B,100,1,16,0.30632983123421953
22,B,100,1,17,0.4543134320799226
22,B,100,1,18,-0.15193811352445405
22,B,100,1,19,0.22134396500214523
22,B,100,1,20,0.6178729013767585
22,B,100,1,21,-0.05647057723423367
22,B,100,1,22,-0.027873648714093598
22,B,100,1,23,0.1658320868395217
22,B,100,1,24,-0.07832488077489003
22,B,100,1,25,0.6698278726540199
22,B,100,1,26,0.3561032033205798
22,B,100,1,27,0.4843222383502627
22,B,100,1,28,0.05804465065590863
22,B,100,1,29,-0.3147291202065723
22,B,100,2,0,0.7129292460638568
22,B,100,2,1,1.0396438521266735
22,B,100,2,2,1.483659121027584
22,B,100,2,3,1.6181045944160115
22,B,100,2,4,1.469338930963407
22,B,100,2,5,1.721248171373068
22,B,100,2,6,1.6492940413139778
22,B,100,2,7,2.278735174822322
22,B,100,2,8,1.7123453396395325
22,B,100,2,9,2.2831621751970372
22,B,100,2,10,1.3172852296548545
22,B,100,2,11,1.7853328584044554
22,B,100,2,12,2.3011349568256905
22,B,100,2,13,1.7419248443301492
22,B,100,2,14,1.7538029988087296
22,B,100,2,15,2.045691840978142
22,B,100,2,16,2.636701769671303
22,B,100,2,17,2.346134132499802
22,B,100,2,18,0.7408059362668087
22,B,100,2,19,2.678376312457212
22,B,100,2,20,2.4422041066403413
22,B,100,2,21,1.4685364109872174
22,B,100,2,22,1.9183698890089587
22,B,100,2,23,2.1160847830884286
22,B,100,2,24,1.8804886905107299
22,B,100,2,25,1.9829273622019623
22,B,100,2,26,2.1518633391186386
22,B,100,2,27,2.3398973396921026
22,B,100,2,28,1.13997774096896
22,B,100,2,29,1.755788350355359
22,B,100,3,0,-2.532640863236234
22,B,100,3,1,-3.058621640958422
22,B,100,3,2,-2.1076933727229945
22,B,100,3,3,-3.1304591708371903
22,B,100,3,4,-1.7895276766713808
22,B,100,3,5,-2.5005281135984623
22,B,100,3,6,-2.2189142991240662
22,B,100,3,7,-1.8120613229028764
22,B,100,3,8,-1.8376010809848577
22,B,100,3,9,-2.3157601974510515
22,B,100,3,10,-2.78192024790774
22,B,100,3,11,-2.2585826496487043
22,B,100,3,12,-3.129485353100651
22,B,100,3,13,-2.2121000019307626
22,B,100,3,14,-2.6799325019492692
22,B,100,3,15,-2.2987798650779885
22,B,100,3,16,-2.5455319104564795
22,B,100,3,17,-2.1756031582399986
22,B,100,3,18,-2.5677839484443674
22,B,100,3,19,-2.5363687151178436
22,B,100,3,20,-3.3088282600771204
22,B,100,3,21,-2.2514106124978897
22,B,100,3,22,-2.0043911763145354
22,B,100,3,23,-1.9472949759933298
22,B,100,3,24,-2.5693654657631426
22,B,100,3,25,-1.9564277393057499
22,B,100,3,26,-2.5209210550423755
22,B,100,3,27,-2.8518091243099244
22,B,100,3,28,-2.928407941215862
22,B,100,3,29,-1.9499754092924633
22,B,100,4,0,-0.30339082755470176
22,B,100,4,1,-0.15679899323944738
22,B,100,4,2,0.04101204018668353
22,B,100,4,3,-0.3476901193713661
22,B,100,4,4,-0.06772623939482524
22,B,100,4,5,-0.16832030703109072
22,B,100,4,6,-0.4196761200848138
22,B,100,4,7,-0.8723054541192478
22,B,100,4,8,0.13290280729905057
22,B,100,4,9,-0.4381040364813269
22,B,100,4,10,0.08203283695772133
22,B,100,4,11,-0.5089173578941277
22,B,100,4,12,-0.25944186462984264
22,B,100,4,13,-0.165643970425027
22,B,100,4,14,-0.3160400806926863
22,B,100,4,15,-0.0445968696149873
22,B,100,4,16,-0.3764092417390719
22,B,100,4,17,-0.17948193242978638
22,B,100,4,18,-0.3575394147591948
22,B,100,4,19,-0.49772039116683525
22,B,100,4,20,-0.4885331244138139
22,B,100,4,21,-0.08623024041259075
22,B,100,4,22,-0.7631567360871929
22,B,100,4,23,-0.2276850080742902
22,B,100,4,24,-0.213962291074688
22,B,100,4,25,-0.451389088172304
22,B,100,4,26,-0.23288011639819184
22,B,100,4,27,-0.1885297906278346
22,B,100,4,28,-0.146829105884496
22,B,100,4,29,-0.12136972499465062
22,B,100,5,0,0.3348122599854853
22,B,100,5,1,0.3853308075481585
22,B,100,5,2,0.5038758905817915
22,B,100,5,3,0.35619362020106704
22,B,100,5,4,0.27368384809742113
22,B,100,5,5,0.2393549208867332
22,B,100,5,6,0.20321381965341825
22,B,100,5,7,0.32369492588647875
22,B,100,5,8,0.405911767378556
22,B,100,5,9,0.44477348814760304
22,B,100,5,10,0.5458802441216264
22,B,100,5,11,0.4043015352327671
22,B,100,5,12,0.2850504164371898
22,B,100,5,13,0.4291612366271818
22,B,100,5,14,0.3314141048185391
22,B,100,5,15,0.34192566471403374
22,B,100,5,16,0.36442260524481396
22,B,100,5,17,0.4516730857090625
22,B,100,5,18,0.37786223303408395
22,B,100,5,19,0.4048710552204458
22,B,100,5,20,0.30403895254768715
22,B,100,5,21,0.30725221237679506
22,B,100,5,22,0.41149841418400207
22,B,100,5,23,0.4502540113954283
22,B,100,5,24,0.4200598065385472
22,B,100,5,25,0.5231620391831189
22,B,100,5,26,0.31820080098993514
22,B,100,5,27,0.39170293257129263
22,B,100,5,28,0.29238464289455895
22,B,100,5,29,0.3869101910796001
22,B,100,6,0,0.38728048614680494
22,B,100,6,1,0.6765146862469639
22,B,100,6,2,0.6082435279936615
22,B,100,6,3,0.5570506322364451
22,B,100,6,4,0.6083431177665121
22,B,100,6,5,0.5336022852131981
22,B,100,6,6,0.6035720823224958
22,B,100,6,7,0.33773389017739086
22,B,100,6,8,0.6353299553689271
22,B,100,6,9,0.5038325663488499
22,B,100,6,10,0.706175590862804
22,B,100,6,11,0.5108623607226773
22,B,100,6,12,0.6939149833056538
22,B,100,6,13,0.09263130898040435
22,B,100,6,14,0.355264073773509
22,B,100,6,15,0.3813769764912869
22,B,100,6,16,0.5202139300693568
22,B,100,6,17,0.347883418620958
22,B,100,6,18,0.5764736477725759
22,B,100,6,19,0.5223977778315578
22,B,100,6,20,0.4933140671235395
22,B,100,6,21,0.712349352467071
22,B,100,6,22,0.4704596643578154
22,B,100,6,23,0.521012279737355
22,B,100,6,24,0.7502381545601337
22,B,100,6,25,0.5055700248575995
22,B,100,6,26,0.7316719728309222
22,B,100,6,27,0.49468766082072546
22,B,100,6,28,0.5511195588602575
22,B,100,6,29,0.4261366068774313
22,B,100,7,0,-0.09167363929888937
22,B,100,7,1,0.19591335291295933
22,B,100,7,2,0.3684787798407906
22,B,100,7,3,0.3026575822652386
22,B,100,7,4,-0.26203135030205876
22,B,100,7,5,0.03546449080794963
22,B,100,7,6,0.20139020128246113
22,B,100,7,7,0.2238894541049928
22,B,100,7,8,0.01712514247771138
22,B,100,7,9,0.10197965656140802
22,B,100,7,10,-0.1966814156759985
22,B,100,7,11,0.35521619289460843
22,B,100,7,12,0.23437316376541895
22,B,100,7,13,0.07135011110762948
22,B,100,7,14,0.4877002112203877
22,B,100,7,15,0.052153075761752016
22,B,100,7,16,0.12012199841243372
22,B,100,7,17,0.023547924167853663
22,B,100,7,18,0.23937504965889161
22,B,100,7,19,0.21552030942686068
22,B,100,7,20,0.20696031282979518
22,B,100,7,21,0.5897437445591789
22,B,100,7,22,0.15061438711410766
22,B,100,7,23,0.37877275542884814
22,B,100,7,24,0.2767012661412945
22,B,100,7,25,0.24748137909303186
22,B,100,7,26,0.5617893842087999
22,B,100,7,27,0.291006845946081
22,B,100,7,28,0.36241342173427543
22,B,100,7,29,0.1173764477508088
22,B,100,8,0,-0.1767227507612928
22,B,100,8,1,0.9586048785815907
22,B,100,8,2,0.4589112192081433
22,B,100,8,3,0.41309050793403157
22,B,100,8,4,0.37413981683419184
22,B,100,8,5,0.3846488841589218
22,B,100,8,6,0.578538233018628
22,B,100,8,7,0.48496588654818906
22,B,100,8,8,0.2331757937714068
22,B,100,8,9,1.0077926746443822
22,B,100,8,10,0.6229561716441616
22,B,100,8,11,-0.7644734554298819
22,B,100,8,12,-0.3701761702142672
22,B,100,8,13,0.25893855202347626
22,B,100,8,14,0.6904483324307993
22,B,100,8,15,-0.28727607510898706
22,B,100,8,16,0.6660180459284903
22,B,100,8,17,0.9907988945013789
22,B,100,8,18,-0.06020375309295234
22,B,100,8,19,-0.1377087813491595
22,B,100,8,20,0.1760202008073996
22,B,100,8,21,0.594897938980161
22,B,100,8,22,0.1242082874899222
22,B,100,8,23,0.8455659741441619
22,B,100,8,24,0.2348685184858954
22,B,100,8,25,0.7533727227421578
22,B,100,8,26,0.5484724928661505
22,B,100,8,27,0.3947112690717289
22,B,100,8,28,0.3718974102038971
22,B,100,8,29,0.9546232791850217
22,B,100,9,0,0.22789075644918155
22,B,100,9,1,0.397540175530274
22,B,100,9,2,0.18587023006318235
22,B,100,9,3,0.5181841675043067
22,B,100,9,4,0.24473977926747664
22,B,100,9,5,0.19965406363759194
22,B,100,9,6,0.6805917968539801
22,B,100,9,7,0.6867214824932959
22,B,100,9,8,0.4199625253093534
22,B,100,9,9,0.5961112877863727
22,B,100,9,10,0.6016845086825408
22,B,100,9,11,0.3820051682944902
22,B,100,9,12,0.507822518096388
22,B,100,9,13,0.34740227305822247
22,B,100,9,14,0.5053950390071973
22,B,100,9,15,0.7186347648242809
22,B,100,9,16,0.40433037762637564
22,B,100,9,17,0.6529301774922804
22,B,100,9,18,0.5463509029339773
22,B,100,9,19,0.3041183242284536
22,B,100,9,20,0.31659175660618166
22,B,100,9,21,0.2052039482977919
22,B,100,9,22,0.4000754283840454
22,B,100,9,23,0.6760856767607006
22,B,100,9,24,0.4612756326573468
22,B,100,9,25,0.5538675481281323
22,B,100,9,26,0.4681015188406566
22,B,100,9,27,0.41908698628359153
22,B,100,9,28,0.3538082714954432
22,B,100,9,29,0.5087712248681253
23,A,0.05,0,0,-0.7955790667936232
23,A,0.05,0,1,-0.47916599053380093
23,A,0.05,0,2,-0.5990621282341874
23,A,0.05,0,3,-0.3786930754070908
23,A,0.05,0,4,-0.7981524973149904
23,A,0.05,0,5,-0.49354668943186064
23,A,0.05,0,6,-0.8863122720442971
23,A,0.05,0,7,-0.4202998817676028
23,A,0.05,0,8,-0.5524393569374259
23,A,0.05,0,9,-0.6618161716404352
23,A,0.05,0,10,-0.6171076160742031
23,A,0.05,0,11,-0.7201751571731994
23,A,0.05,0,12,-0.45206507573350985
23,A,0.05,0,13,-1.0346058326733432
23,A,0.05,0,14,-0.717584372825355
23,A,0.05,0,15,-0.6559104460137488
23,A,0.05,0,16,-0.785299879983574
23,A,0.05,0,17,-0.4707913049143297
23,A,0.05,0,18,-0.5615103346059084
23,A,0.05,0,19,-0.6068024528982152
23,A,0.05,0,20,-0.5849229401167347
23,A,0.05,0,21,-0.5754324286738203
23,A,0.05,0,22,-0.3645953100439926
23,A,0.05,0,23,-0.6894617748826737
23,A,0.05,0,24,-0.3600351307052085
23,A,0.05,0,25,-0.04727979470264048
23,A,0.05,0,26,-0.523525733271812
23,A,0.05,0,27,-0.9723385337620875
23,A,0.05,0,28,-0.5178611429535266
23,A,0.05,0,29,-0.21209696686888743
23,A,0.05,1,0,-1.0977921714682892
23,A,0.05,1,1,-1.0465162460917434
23,A,0.05,1,2,-0.6280605700776046
23,A,0.05,1,3,-0.5600357941444535
23,A,0.05,1,4,-0.7043331355353448
23,A,0.05,1,5,-0.09277309498760018
23,A,0.05,1,6,-0.636385690983302
23,A,0.05,1,7,-0.6165445481950346
23,A,0.05,1,8,-0.7043915454423818
23,A,0.05,1,9,-0.35431699743673434
23,A,0.05,1,10,-0.8839236409228871
23,A,0.05,1,11,-1.35990595366923
23,A,0.05,1,12,-0.9127490860348743
23,A,0.05,1,13,-1.0029222976213097
23,A,0.05,1,14,-0.7013921782734539
23,A,0.05,1,15,-0.7039080631879007
23,A,0.05,1,16,-0.6456316422163089
23,A,0.05,1,17,-0.08799440794379135
23,A,0.05,1,18,-0.38322814151750273
23,A,0.05,1,19,-0.7440417934795912
23,A,0.05,1,20,-0.4615879459418963
23,A,0.05,1,21,-0.29167564382890115
23,A,0.05,1,22,-0.4866471413854445
23,A,0.05,1,23,-1.1516116064254953
23,A,0.05,1,24,-1.0708241101251115
23,A,0.05,1,25,-0.3323145983941221
23,A,0.05,1,26,-0.2238299803024853
23,A,0.05,1,27,-0.6770036415217102
23,A,0.05,1,28,-0.6612372390747967
23,A,0.05,1,29,-0.9558546609652063
23,A,0.05,2,0,0.3465341612043766
23,A,0.05,2,1,0.34220630495785315
23,A,0.05,2,2,0.3152058031410046
23,A,0.05,2,3,-0.11211013904499695
23,A,0.05,2,4,0.13647246974426389
23,A,0.05,2,5,0.10706579770533668
23,A,0.05,2,6,0.14064087081357432
23,A,0.05,2,7,0.21536079500549954
23,A,0.05,2,8,0.0710577029129753
23,A,0.05,2,9,0.25218398256834906
23,A,0.05,2,10,-0.090344530105835
23,A,0.05,2,11,0.3482248296769773
23,A,0.05,2,12,0.09940386258096374
23,A,0.05,2,13,0.13362932229860092
23,A,0.05,2,14,0.09593247403371372
23,A,0.05,2,15,0.06335957814505887
23,A,0.05,2,16,0.2219708827581561
23,A,0.05,2,17,0.16258531660368786
23,A,0.05,2,18,-0.057016007174939896
23,A,0.05,2,19,0.1880093122565291
23,A,0.05,2,20,0.258594299136083
23,A,0.05,2,21,0.3713255965023206
23,A,0.05,2,22,0.07397240815568247
23,A,0.05,2,23,0.2671766061380851
23,A,0.05,2,24,0.07504724283983889
23,A,0.05,2,25,0.2868755038711578
23,A,0.05,2,26,0.17271023123426113
23,A,0.05,2,27,0.3095036814973671
23,A,0.05,2,28,0.12303675379592394
23,A,0.05,2,29,0.14916680611042996
23,A,0.05,3,0,-0.7944279456251438
23,A,0.05,3,1,-0.7392983153888698
23,A,0.05,3,2,-0.8102191841503572
23,A,0.05,3,3,-0.5107750667478206
23,A,0.05,3,4,-0.6077217528216237
23,A,0.05,3,5,-0.9827840235154537
23,A,0.05,3,6,-0.45611040347717835
23,A,0.05,3,7,-0.23358243278686935
23,A,0.05,3,8,-0.5537495702306614
23,A,0.05,3,9,-0.6940674450175804
23,A,0.05,3,10,-0.6283928055172471
23,A,0.05,3,11,-0.8290105702799588
23,A,0.05,3,12,-0.7377615710514085
23,A,0.05,3,13,-0.38915950889465223
23,A,0.05,3,14,-0.6901765057701686
23,A,0.05,3,15,-0.8544506854810423
23,A,0.05,3,16,-1.0185529267294469
23,A,0.05,3,17,-0.636186309553068
23,A,0.05,3,18,-1.1740242837512833
23,A,0.05,3,19,-0.6036284096829344
23,A,0.05,3,20,-0.5896186797367463
23,A,0.05,3,21,-0.44475932466865037
23,A,0.05,3,22,-0.8265601812059166
23,A,0.05,3,23,-0.6603040747170714
23,A,0.05,3,24,-0.8813498527875407
23,A,0.05,3,25,-1.5653846042140898
23,A,0.05,3,26,-0.9355363720776683
23,A,0.05,3,27,-0.9065885970397245
23,A,0.05,3,28,-0.26939769689840093
23,A,0.05,3,29,-0.5051374870335816
23,A,0.05,4,0,0.8278794251443468
23,A,0.05,4,1,0.979047933653495
23,A,0.05,4,2,1.3449578540135168
23,A,0.05,4,3,1.237363522731113
23,A,0.05,4,4,1.1731910845877205
23,A,0.05,4,5,-0.012026833872412846
23,A,0.05,4,6,1.0072829830789005
23,A,0.05,4,7,1.0871063976701059
23,A,0.05,4,8,0.6598270570959961
23,A,0.05,4,9,1.4600247655533913
23,A,0.05,4,10,1.0136434298892882
23,A,0.05,4,11,0.8957326640615925
23,A,0.05,4,12,1.0920521049866985
23,A,0.05,4,13,0.7730683655726046
23,A,0.05,4,14,1.4897718835105311
23,A,0.05,4,15,0.9886824381320852
23,A,0.05,4,16,0.8923853092833377
23,A,0.05,4,17,0.9750731626248617
23,A,0.05,4,18,1.2832242087418382
23,A,0.05,4,19,1.4679403040419965
23,A,0.05,4,20,1.2897366773787553
23,A,0.05,4,21,1.122681269123735
23,A,0.05,4,22,1.035571590105839
23,A,0.05,4,23,1.3522394884572984
23,A,0.05,4,24,1.6659096627788628
23,A,0.05,4,25,0.7551845049457956
23,A,0.05,4,26,1.2284993916694604
23,A,0.05,4,27,1.102999204864017
23,A,0.05,4,28,1.0975324212461237
23,A,0.05,4,29,1.5469889524367553
23,A,0.05,5,0,1.2705992622158524
23,A,0.05,5,1,1.2245436603577822
23,A,0.05,5,2,1.1276166929222637
23,A,0.05,5,3,0.4803423969585708
23,A,0.05,5,4,0.9402239302355926
23,A,0.05,5,5,1.542703365347661
23,A,0.05,5,6,1.027259711255728
23,A,0.05,5,7,1.0488018056689783
23,A,0.05,5,8,0.6265100688089735
23,A,0.05,5,9,0.9773281711679066
23,A,0.05,5,10,0.810244596475162
23,A,0.05,5,11,1.0563810953131008
23,A,0.05,5,12,0.9402907151522519
23,A,0.05,5,13,0.9103915885399375
23,A,0.05,5,14,0.747206559972285
23,A,0.05,5,15,0.6558017894098567
23,A,0.05,5,16,0.2849944847807795
23,A,0.05,5,17,1.0258899000557307
23,A,0.05,5,18,0.7819192027744287
23,A,0.05,5,19,0.9095461681083409
23,A,0.05,5,20,0.9260422047361844
23,A,0.05,5,21,0.871886581349015
23,A,0.05,5,22,0.958510783941748
23,A,0.05,5,23,1.160194602390663
23,A,0.05,5,24,1.2085220994951578
23,A,0.05,5,25,1.3544249737604708
23,A,0.05,5,26,1.1455566101687
23,A,0.05,5,27,1.3785825727118646
23,A,0.05,5,28,1.0308720818380395
23,A,0.05,5,29,1.0843537358326663
23,A,0.05,6,0,-0.15688502010572805
23,A,0.05,6,1,-0.3969387047068496
23,A,0.05,6,2,-0.1286504656655062
23,A,0.05,6,3,0.004837495394974221
23,A,0.05,6,4,-0.021972372954973285
23,A,0.05,6,5,-0.1067306885356771
23,A,0.05,6,6,-0.004953132955065823
23,A,0.05,6,7,-0.28289238304188213
23,A,0.05,6,8,-0.30054480176691245
23,A,0.05,6,9,-0.005822932868514555
23,A,0.05,6,10,-0.027388076306882326
23,A,0.05,6,11,-0.04411397135680669
23,A,0.05,6,12,-0.0276627573034039
23,A,0.05,6,13,-0.9987044053444465
23,A,0.05,6,14,-0.6126964043330557
23,A,0.05,6,15,-0.13628710732452076
23,A,0.05,6,16,-0.264458943981169
23,A,0.05,6,17,-0.0678856351232179
23,A,0.05,6,18,-0.108315691425222
23,A,0.05,6,19,-0.24891574056434274
23,A,0.05,6,20,-0.2993449916321754
23,A,0.05,6,21,-0.07688920526240746
23,A,0.05,6,22,-0.892010815618751
23,A,0.05,6,23,-0.8549583821811428
23,A,0.05,6,24,-0.6526700485455607
23,A,0.05,6,25,-0.018857548888150343
23,A,0.05,6,26,-0.16139429209479622
23,A,0.05,6,27,-0.1537959344328463
23,A,0.05,6,28,-0.13905533806552423
23,A,0.05,6,29,-0.027032942134957452
23,A,0.05,7,0,-1.3140136919665784
23,A,0.05,7,1,-1.850152500888083
23,A,0.05,7,2,-0.944183187953572
23,A,0.05,7,3,-2.1270169133131436
23,A,0.05,7,4,-1.9757875872481585
23,A,0.05,7,5,-2.160196778466412
23,A,0.05,7,6,-0.9465530648287606
23,A,0.05,7,7,-1.3646787659402677
23,A,0.05,7,8,-0.9891093222269207
23,A,0.05,7,9,-1.1923826231661212
23,A,0.05,7,10,-0.3661772147322542
23,A,0.05,7,11,-0.22434942247349332
23,A,0.05,7,12,-0.209882900176764
23,A,0.05,7,13,-1.9709978335051432
23,A,0.05,7,14,-0.6070427999155902
23,A,0.05,7,15,-0.6894786824976389
23,A,0.05,7,16,-0.5784040408169894
23,A,0.05,7,17,0.017149611527061143
23,A,0.05,7,18,-1.0241790237819446
23,A,0.05,7,19,-1.4821686511194905
23,A,0.05,7,20,-0.6036735441432024
23,A,0.05,7,21,-1.3190259578518786
23,A,0.05,7,22,-0.5561563167833627
23,A,0.05,7,23,-0.48821663814165456
23,A,0.05,7,24,-0.9873465928721339
23,A,0.05,7,25,-1.2139710793950869
23,A,0.05,7,26,-0.4059292589393429
23,A,0.05,7,27,-1.9188624794101585
23,A,0.05,7,28,-0.39979208879346295
23,A,0.05,7,29,-0.8897013593744663
23,A,0.05,8,0,1.322957259063123
23,A,0.05,8,1,0.19812856425040207
23,A,0.05,8,2,1.2019167175189267
23,A,0.05,8,3,1.5312634022091296
23,A,0.05,8,4,1.4933432423924187
23,A,0.05,8,5,1.3369493804682016
23,A,0.05,8,6,1.2985007716258592
23,A,0.05,8,7,1.204090537628121
23,A,0.05,8,8,0.8712078134497228
23,A,0.05,8,9,1.0014795758604396
23,A,0.05,8,10,0.8375318429632345
23,A,0.05,8,11,0.8636810145500569
23,A,0.05,8,12,0.9711625919076523
23,A,0.05,8,13,1.0478763824242776
23,A,0.05,8,14,0.47859686651271677
23,A,0.05,8,15,1.0883711214395506
23,A,0.05,8,16,0.0390203642660433
23,A,0.05,8,17,0.40590371442036344
23,A,0.05,8,18,1.1762197482365946
23,A,0.05,8,19,0.7626924563191854
23,A,0.05,8,20,0.17290994181653618
23,A,0.05,8,21,0.7802136679797987
23,A,0.05,8,22,1.1102444610646898
23,A,0.05,8,23,1.1965993814304268
23,A,0.05,8,24,1.0745012153496694
23,A,0.05,8,25,0.9888364006916875
23,A,0.05,8,26,0.9314785298278969
23,A,0.05,8,27,0.8420804602767036
23,A,0.05,8,28,1.474320183551237
23,A,0.05,8,29,1.3342728503410406
23,A,0.05,9,0,-1.2168485878611013
23,A,0.05,9,1,-1.0842632538525285
23,A,0.05,9,2,-1.2504672744971994
23,A,0.05,9,3,-1.1334469867691483
23,A,0.05,9,4,-1.5674403886479333
23,A,0.05,9,5,-1.4270840454231617
23,A,0.05,9,6,-1.5096809273910343
23,A,0.05,9,7,-1.0404808018897116
23,A,0.05,9,8,-0.986697181090978
23,A,0.05,9,9,-0.8314715495519502
23,A,0.05,9,10,-1.2982991570626086
23,A,0.05,9,11,-0.956950666969914
23,A,0.05,9,12,-1.420085599888179
23,A,0.05,9,13,-1.2226338461448578
23,A,0.05,9,14,-1.3125245371243706
23,A,0.05,9,15,-1.4417933327580088
23,A,0.05,9,16,-1.4351688100853648
23,A,0.05,9,17,-1.2600170805192787
23,A,0.05,9,18,-1.2026205915844377
23,A,0.05,9,19,-1.3763421719532314
23,A,0.05,9,20,-1.1807040342740873
23,A,0.05,9,21,-0.7629966557306767
23,A,0.05,9,22,-0.7480821121482968
23,A,0.05,9,23,-1.3878153872268455
23,A,0.05,9,24,-1.2632952238799275
23,A,0.05,9,25,-1.4810213619483024
23,A,0.05,9,26,-0.9295057955020616
23,A,0.05,9,27,-1.0758423662588383
23,A,0.05,9,28,-1.1058461022407498
23,A,0.05,9,29,-1.3231457950717402
23,B,100,0,0,-1.9110960602804956
23,B,100,0,1,-2.057448810826949
23,B,100,0,2,-1.8953129002667428
23,B,100,0,3,-2.082697194449318
23,B,100,0,4,-1.9883300303050515
23,B,100,0,5,-2.0414811127531083
23,B,100,0,6,-1.8979475657179268
23,B,100,0,7,-2.3256184875812016
23,B,100,0,8,-2.1040399447181257
23,B,100,0,9,-1.976991533204131
23,B,100,0,10,-2.0419028672113524
23,B,100,0,11,-1.8511096252093173
23,B,100,0,12,-2.084427063045063
23,B,100,0,13,-1.9858091690427744
23,B,100,0,14,-2.1818898240148306
23,B,100,0,15,-2.0693688603275047
23,B,100,0,16,-1.9860014282510239
23,B,100,0,17,-2.2203209748467727
23,B,100,0,18,-2.0120120550189258
23,B,100,0,19,-2.174169768779397
23,B,100,0,20,-2.0755749680220728
23,B,100,0,21,-1.930928680902942
23,B,100,0,22,-2.2869016963590827
23,B,100,0,23,-2.0389728695623495
23,B,100,0,24,-2.183237419462961
23,B,100,0,25,-2.0408847271510386
23,B,100,0,26,-2.240351304039674
23,B,100,0,27,-2.2656638744401207
23,B,100,0,28,-2.0639001723314188
23,B,100,0,29,-2.1356507641373104
23,B,100,1,0,0.5141592724862953
23,B,100,1,1,0.5226105277703869
23,B,100,1,2,0.758649442630736
23,B,100,1,3,0.5671453751459332
23,B,100,1,4,0.21762621457227124
23,B,100,1,5,0.707390622344294
23,B,100,1,6,0.44250077648174907
23,B,100,1,7,0.6313743778558353
23,B,100,1,8,0.22112101298542242
23,B,100,1,9,0.5322976929393255
23,B,100,1,10,0.8396248293449481
23,B,100,1,11,0.9536186232103886
23,B,100,1,12,1.0213310404509044
23,B,100,1,13,0.2810418148431094
23,B,100,1,14,1.0129524240045458
23,B,100,1,15,0.7742360188285351
23,B,100,1,16,0.34065210776241783
23,B,100,1,17,0.6350672716712669
23,B,100,1,18,0.5708305052022876
23,B,100,1,19,0.8750017204485356
23,B,100,1,20,0.6183490056194156
23,B,100,1,21,0.6102858743933351
23,B,100,1,22,0.5631086553225457
23,B,100,1,23,0.6097724493548109
23,B,100,1,24,0.8378214463958554
23,B,100,1,25,0.38970039449246907
23,B,100,1,26,0.6747193185769333
23,B,100,1,27,0.667038479464416
23,B,100,1,28,0.6708948678846197
23,B,100,1,29,0.7123426221234885
23,B,100,2,0,-0.4129121598977372
23,B,100,2,1,-0.47222065326435325
23,B,100,2,2,-0.012798951282448224
23,B,100,2,3,-0.18690066833044874
23,B,100,2,4,-0.2548455402109937
23,B,100,2,5,-0.675664207027883
23,B,100,2,6,-0.5770249845313697
23,B,100,2,7,-0.24888020839347974
23,B,100,2,8,-0.3359002025987208
23,B,100,2,9,0.2343510004651438
23,B,100,2,10,-0.1731473618390864
23,B,100,2,11,0.2831144266804981
23,B,100,2,12,-0.33909474169160797
23,B,100,2,13,0.11282206357992572
23,B,100,2,14,-0.580997101406718
23,B,100,2,15,-0.34670549049594335
23,B,100,2,16,0.23325913104207957
23,B,100,2,17,-0.1502896054360539
23,B,100,2,18,0.15704394041178635
23,B,100,2,19,-0.23447479342679292
23,B,100,2,20,-0.4342162538363147
23,B,100,2,21,0.05187618342879211
23,B,100,2,22,0.39335715370701196
23,B,100,2,23,-0.3162159321807965
23,B,100,2,24,-0.25527388891075165
23,B,100,2,25,0.36456007431862336
23,B,100,2,26,0.3487320923045924
23,B,100,2,27,-0.3027778200325004
23,B,100,2,28,-0.14589764678454362
23,B,100,2,29,-0.1254582686363694
23,B,100,3,0,1.0001837100794526
23,B,100,3,1,0.3806623101420648
23,B,100,3,2,0.5357428534450239
23,B,100,3,3,0.19970512108867813
23,B,100,3,4,0.4571276146552289
23,B,100,3,5,0.44729696184662626
23,B,100,3,6,0.4648242850805139
23,B,100,3,7,0.8013373260538631
23,B,100,3,8,0.7486520102154587
23,B,100,3,9,0.348666727817062
23,B,100,3,10,0.9580966437541238
23,B,100,3,11,0.19205017280539988
23,B,100,3,12,0.634198854303946
23,B,100,3,13,0.5424937780846334
23,B,100,3,14,0.7009614086606165
23,B,100,3,15,0.9274750242853506
23,B,100,3,16,-0.06907712600145702
23,B,100,3,17,0.5734346311398633
23,B,100,3,18,1.1194259778135576
23,B,100,3,19,0.03678302188850637
23,B,100,3,20,0.1226631889149893
23,B,100,3,21,-0.11680049975461844
23,B,100,3,22,0.3609756815183459
23,B,100,3,23,0.1648715553944561
23,B,100,3,24,0.6920830163636342
23,B,100,3,25,0.1941126588656517
23,B,100,3,26,0.2687858117359631
23,B,100,3,27,0.030631390106776547
23,B,100,3,28,0.586307343680193
23,B,100,3,29,0.4793125016029631
23,B,100,4,0,-0.46291638218297493
23,B,100,4,1,-0.6308158406481184
23,B,100,4,2,-0.5331297583088327
23,B,100,4,3,-0.6346851891217818
23,B,100,4,4,-0.536324056880426
23,B,100,4,5,-0.46049556333912284
23,B,100,4,6,-0.8445065811002325
23,B,100,4,7,-0.8876115115441597
23,B,100,4,8,-0.0665307520247779
23,B,100,4,9,-0.6760965473370073
23,B,100,4,10,-0.8708312367588927
23,B,100,4,11,-0.7258007747847532
23,B,100,4,12,-0.9026236694720761
23,B,100,4,13,-0.8284942047901219
23,B,100,4,14,-0.9725657133716409
23,B,100,4,15,-0.6892088310103314
23,B,100,4,16,-0.2255726427678266
23,B,100,4,17,-0.8650992759334903
23,B,100,4,18,-0.8266425025061128
23,B,100,4,19,-0.41253578439727245
23,B,100,4,20,-0.8045691565592705
23,B,100,4,21,-0.6215550581372267
23,B,100,4,22,-0.4762574763785006
23,B,100,4,23,-0.35784977430038817
23,B,100,4,24,-0.12888064196137544
23,B,100,4,25,-0.6842515488065096
23,B,100,4,26,-0.6760400849930286
23,B,100,4,27,-0.4810421046587402
23,B,100,4,28,-0.6787516231370979
23,B,100,4,29,-0.6797349210209177
23,B,100,5,0,-1.7337867271431
23,B,100,5,1,-1.074136339073908
23,B,100,5,2,-2.9445895284862456
23,B,100,5,3,-1.9479599815767827
23,B,100,5,4,-1.518286933171399
23,B,100,5,5,-0.8096314916682487
23,B,100,5,6,-1.030238836322804
23,B,100,5,7,-1.605555722852331
23,B,100,5,8,-1.3972393970653196
23,B,100,5,9,-1.0604128554839158
23,B,100,5,10,-1.932382227032552
23,B,100,5,11,-1.2514336833849669
23,B,100,5,12,-0.4414093090360817
23,B,100,5,13,-1.2877588579283668
23,B,100,5,14,-1.2580619640153698
23,B,100,5,15,-0.9443818118221223
23,B,100,5,16,-1.2478653588392818
23,B,100,5,17,-1.969777362826856
23,B,100,5,18,-0.8267021166545075
23,B,100,5,19,-1.737805898408995
23,B,100,5,20,-1.647470358072792
23,B,100,5,21,-1.4251406663821218
23,B,100,5,22,-1.6719380364604115
23,B,100,5,23,-1.1188647836662404
23,B,100,5,24,-0.9327515749159667
23,B,100,5,25,-0.9997294178206443
23,B,100,5,26,-1.3474222099212507
23,B,100,5,27,-1.7666934735363993
23,B,100,5,28,-1.4964940356822278
23,B,100,5,29,-1.0634285852648244
23,B,100,6,0,0.7339432786752705
23,B,100,6,1,1.7230009830564026
23,B,100,6,2,1.615274058229886
23,B,100,6,3,1.4813820501102164
23,B,100,6,4,1.250582211024625
23,B,100,6,5,1.7920315021929298
23,B,100,6,6,1.1887292694789289
23,B,100,6,7,1.3731945972321697
23,B,100,6,8,1.6080291759578214
23,B,100,6,9,1.3477317212791828
23,B,100,6,10,1.2604547256797722
23,B,100,6,11,1.4091871637278095
23,B,100,6,12,1.2107511517157015
23,B,100,6,13,1.569685143324238
23,B,100,6,14,1.1692556390120008
23,B,100,6,15,1.4581912674177326
23,B,100,6,16,1.635001190358134
23,B,100,6,17,0.9736757590417555
23,B,100,6,18,1.2551402437748203
23,B,100,6,19,1.1927607172244985
23,B,100,6,20,1.4151776266957352
23,B,100,6,21,1.1483749991896364
23,B,100,6,22,0.9308687821136109
23,B,100,6,23,0.5684231717038599
23,B,100,6,24,1.4072288417868943
23,B,100,6,25,2.2913783534957295
23,B,100,6,26,1.2911237329090914
23,B,100,6,27,1.8052562166906285
23,B,100,6,28,2.2611144717005645
23,B,100,6,29,1.2873201234488927
23,B,100,7,0,0.5080415698210524
23,B,100,7,1,0.7403917298932123
23,B,100,7,2,0.5634404967985518
23,B,100,7,3,0.7379806995884172
23,B,100,7,4,0.47649263126412733
23,B,100,7,5,0.8961101491485205
23,B,100,7,6,0.513456225067093
23,B,100,7,7,0.2953580447257828
23,B,100,7,8,0.657389162429955
23,B,100,7,9,0.6567495548305204
23,B,100,7,10,0.7914007267627557
23,B,100,7,11,0.763343146959329
23,B,100,7,12,0.768732102610959
23,B,100,7,13,0.4886990276109565
23,B,100,7,14,0.3891738545791399
23,B,100,7,15,0.8780855254997226
23,B,100,7,16,0.03754168542801203
23,B,100,7,17,0.6233879691553704
23,B,100,7,18,0.34900647257943684
23,B,100,7,19,0.4667730323358374
23,B,100,7,20,0.671721945675233
23,B,100,7,21,0.5189523945745542
23,B,100,7,22,0.5754659626956952
23,B,100,7,23,0.5226795514253076
23,B,100,7,24,0.42270912685462364
23,B,100,7,25,0.46135047013258845
23,B,100,7,26,0.8195799025637371
23,B,100,7,27,0.45420344458227213
23,B,100,7,28,0.39203737136334094
23,B,100,7,29,0.730305885409908
23,B,100,8,0,-0.261117022222286
23,B,100,8,1,-0.2688762272611571
23,B,100,8,2,-0.4228713603368567
23,B,100,8,3,-0.2960937195348413
23,B,100,8,4,-0.32000000619938834
23,B,100,8,5,-0.18684173145229843
23,B,100,8,6,-0.22842107275523682
23,B,100,8,7,-0.28997942776449265
23,B,100,8,8,-0.26508843307691554
23,B,100,8,9,-0.6156909510458757
23,B,100,8,10,-0.25198128542813225
23,B,100,8,11,-0.37221460514939303
23,B,100,8,12,-0.2984012882330584
23,B,100,8,13,-0.16213822683078855
23,B,100,8,14,-0.16655231720105612
23,B,100,8,15,-0.2829854947163593
23,B,100,8,16,-0.3209097898305835
23,B,100,8,17,-0.14200069339599253
23,B,100,8,18,-0.16071932963879138
23,B,100,8,19,-0.0389341365406804
23,B,100,8,20,-0.35984989512020765
23,B,100,8,21,-0.36214766686478633
23,B,100,8,22,-0.3383134945133103
23,B,100,8,23,-0.3247930747531737
23,B,100,8,24,-0.4032441118203228
23,B,100,8,25,-0.18917997701390216
23,B,100,8,26,-0.18306466909125488
23,B,100,8,27,-0.2604347647925557
23,B,100,8,28,-0.2684138483639788
23,B,100,8,29,-0.32858676040920065
23,B,100,9,0,0.18784200764482528
23,B,100,9,1,0.2167334846354306
23,B,100,9,2,0.36963307276422563
23,B,100,9,3,0.2716845298660165
23,B,100,9,4,-0.10632638064000989
23,B,100,9,5,-0.19410700785370608
23,B,100,9,6,-0.18497823889312734
23,B,100,9,7,-0.7763599963716091
23,B,100,9,8,-1.130151945534551
23,B,100,9,9,-0.26217317394597933
23,B,100,9,10,-0.31844544467464636
23,B,100,9,11,0.16350297891406657
23,B,100,9,12,-0.20371317218687524
23,B,100,9,13,-0.301971590870629
23,B,100,9,14,-0.41890843324292026
23,B,100,9,15,-0.18999425305404177
23,B,100,9,16,-0.09090560509955609
23,B,100,9,17,-0.30295145340780977
23,B,100,9,18,-0.30965448631233883
23,B,100,9,19,0.18540731357656118
23,B,100,9,20,-0.0991211505942489
23,B,100,9,21,0.4098870188529298
23,B,100,9,22,-0.9195072013522952
23,B,100,9,23,-1.3442440986928912
23,B,100,9,24,-0.9616251705728708
23,B,100,9,25,0.026832208209594005
23,B,100,9,26,-0.19873727277815495
23,B,100,9,27,-0.2715295541190405
23,B,100,9,28,-0.28857971314584174
23,B,100,9,29,0.007590083905015304
24,A,0.05,0,0,2.9864767794749287
24,A,0.05,0,1,3.0616294070088492
24,A,0.05,0,2,2.8837196618091543
24,A,0.05,0,3,2.0072640089016103
24,A,0.05,0,4,2.6929373807737154
24,A,0.05,0,5,3.3587070033069844
24,A,0.05,0,6,3.125358326674022
24,A,0.05,0,7,2.375363490641099
24,A,0.05,0,8,2.4747755055712632
24,A,0.05,0,9,2.530863557810765
24,A,0.05,0,10,2.5647963153795925
24,A,0.05,0,11,2.5349202947089187
24,A,0.05,0,12,2.4892553020764123
24,A,0.05,0,13,1.9340476841989442
24,A,0.05,0,14,2.221438379337473
24,A,0.05,0,15,2.958776809908079
24,A,0.05,0,16,2.767607724766163
24,A,0.05,0,17,2.454174896817055
24,A,0.05,0,18,3.178382220611285
24,A,0.05,0,19,2.3719584326639107
24,A,0.05,0,20,2.2319939222559615
24,A,0.05,0,21,2.2649128017240137
24,A,0.05,0,22,2.159795803869035
24,A,0.05,0,23,2.706623274393105
24,A,0.05,0,24,2.7771495669237165
24,A,0.05,0,25,2.749923140770454
24,A,0.05,0,26,3.2958660215976145
24,A,0.05,0,27,2.9746256421956416
24,A,0.05,0,28,2.8096028324015574
24,A,0.05,0,29,2.887415294395322
24,A,0.05,1,0,-0.28893994080595475
24,A,0.05,1,1,-0.5786334811442579
24,A,0.05,1,2,-0.2027997030157599
24,A,0.05,1,3,-0.3198690248074237
24,A,0.05,1,4,-0.07214027086722849
24,A,0.05,1,5,-0.6487827228504712
24,A,0.05,1,6,-0.05627452309862951
24,A,0.05,1,7,-0.07036146793707493
24,A,0.05,1,8,-0.26186535764211555
24,A,0.05,1,9,-0.13555083898312234
24,A,0.05,1,10,-0.8794681741558309
24,A,0.05,1,11,-0.16215781821813727
24,A,0.05,1,12,-0.132723034432902
24,A,0.05,1,13,-0.05714212106788134
24,A,0.05,1,14,0.14439094636784405
24,A,0.05,1,15,-0.10978551891665918
24,A,0.05,1,16,-0.11798551196050674
24,A,0.05,1,17,0.058839371382311524
24,A,0.05,1,18,-0.045884213381491866
24,A,0.05,1,19,-0.22489902582479768
24,A,0.05,1,20,-0.2381628172893594
24,A,0.05,1,21,0.3016723956207106
24,A,0.05,1,22,-0.24837256254715034
24,A,0.05,1,23,0.26352298776988997
24,A,0.05,1,24,-0.01538095743213694
24,A,0.05,1,25,-0.4456422044939385
24,A,0.05,1,26,0.11510214413677676
24,A,0.05,1,27,-0.3494426697611725
24,A,0.05,1,28,-0.012827401735406684
24,A,0.05,1,29,0.20253136624419232
24,A,0.05,2,0,-0.6825168063576
24,A,0.05,2,1,-0.48141992859885446
24,A,0.05,2,2,-0.43412299963700973
24,A,0.05,2,3,-0.8287280131569504
24,A,0.05,2,4,-0.5385279784910487
24,A,0.05,2,5,-0.6846148874412197
24,A,0.05,2,6,-0.43925275999917096
24,A,0.05,2,7,-0.6086203137310398
24,A,0.05,2,8,-0.13816541472365934
24,A,0.05,2,9,-0.5635178237844773
24,A,0.05,2,10,-0.424402461911196
24,A,0.05,2,11,-0.878949054096984
24,A,0.05,2,12,-1.064120764046048
24,A,0.05,2,13,0.03672100488301009
24,A,0.05,2,14,-0.4376252646587828
24,A,0.05,2,15,-0.6375219281762928
24,A,0.05,2,16,-0.6356666844543307
24,A,0.05,2,17,-0.9144470314291528
24,A,0.05,2,18,-0.30009250758663164
24,A,0.05,2,19,-0.49214814063847856
24,A,0.05,2,20,-0.599659632217024
24,A,0.05,2,21,-0.4248201443590454
24,A,0.05,2,22,-0.35349751740245416
24,A,0.05,2,23,-0.20918079850325874
24,A,0.05,2,24,-0.27689693742121635
24,A,0.05,2,25,-0.5986220471347092
24,A,0.05,2,26,0.04231750678204028
24,A,0.05,2,27,-0.36378040447408255
24,A,0.05,2,28,-0.45639790456452517
24,A,0.05,2,29,-0.6628833870272764
24,A,0.05,3,0,-1.175095412637018
24,A,0.05,3,1,-1.3371432729911068
24,A,0.05,3,2,-1.1588472525559899
24,A,0.05,3,3,-1.4333417178429293
24,A,0.05,3,4,-1.2869491075162371
24,A,0.05,3,5,-0.9300651141546998
24,A,0.05,3,6,-0.9738826067047486
24,A,0.05,3,7,-1.232077110455175
24,A,0.05,3,8,-1.5806534001224564
24,A,0.05,3,9,-1.188454217875882
24,A,0.05,3,10,-1.1671903978556648
24,A,0.05,3,11,-1.3997977983790835
24,A,0.05,3,12,-1.15260443908465
24,A,0.05,3,13,-1.0241406191314484
24,A,0.05,3,14,-1.3504618980428462
24,A,0.05,3,15,-1.169016426616959
24,A,0.05,3,16,-1.357839314336037
24,A,0.05,3,17,-1.1920682544062047
24,A,0.05,3,18,-1.7280282274952898
24,A,0.05,3,19,-1.6884566818178377
24,A,0.05,3,20,-1.5950865682560096
24,A,0.05,3,21,-1.284366841802748
24,A,0.05,3,22,-1.0779496369916954
24,A,0.05,3,23,-1.0361089259542837
24,A,0.05,3,24,-0.9033124131553979
24,A,0.05,3,25,-1.1864148564387196
24,A,0.05,3,26,-1.1915483081161564
24,A,0.05,3,27,-1.0892010406195831
24,A,0.05,3,28,-1.5133729011950434
24,A,0.05,3,29,-1.203962993646287
24,A,0.05,4,0,-0.7135772132291323
24,A,0.05,4,1,-1.0381336762109892
24,A,0.05,4,2,-0.16183643409934023
24,A,0.05,4,3,-0.934642793913755
24,A,0.05,4,4,-0.562948425629129
24,A,0.05,4,5,-0.6597531234377906
24,A,0.05,4,6,-1.1550603129938166
24,A,0.05,4,7,-1.215418614319296
24,A,0.05,4,8,-0.8921668212641019
24,A,0.05,4,9,-0.6468509196265033
24,A,0.05,4,10,-0.5915693301809621
24,A,0.05,4,11,-0.9198877289147843
24,A,0.05,4,12,-1.1510707498063462
24,A,0.05,4,13,-1.3158013599613871
24,A,0.05,4,14,-0.4256269017791355
24,A,0.05,4,15,-0.5452528336980311
24,A,0.05,4,16,-1.2848153129100286
24,A,0.05,4,17,-0.5137575185690765
24,A,0.05,4,18,-0.39864070946708424
24,A,0.05,4,19,-1.03193792432496
24,A,0.05,4,20,-0.5741978485397543
24,A,0.05,4,21,-0.23838697147538693
24,A,0.05,4,22,-0.6980961330865375
24,A,0.05,4,23,-0.7323742214700523
24,A,0.05,4,24,-0.711813568669032
24,A,0.05,4,25,-0.8041800824367289
24,A,0.05,4,26,-0.43703223617206144
24,A,0.05,4,27,-0.5451252474197368
24,A,0.05,4,28,-0.8422504229344354
24,A,0.05,4,29,-1.0722845906898746
24,A,0.05,5,0,-0.6012408475789566
24,A,0.05,5,1,-1.0390077330813878
24,A,0.05,5,2,-0.7845173041401733
24,A,0.05,5,3,-1.3577368576866642
24,A,0.05,5,4,-0.3415179217874459
24,A,0.05,5,5,-1.3396740184741174
24,A,0.05,5,6,-1.1790830236612373
24,A,0.05,5,7,-0.6862525282003641
24,A,0.05,5,8,-0.7601256149211365
24,A,0.05,5,9,-1.4027355282330543
24,A,0.05,5,10,-0.5132311123059881
24,A,0.05,5,11,-1.203217543016739
24,A,0.05,5,12,-0.9249594880185865
24,A,0.05,5,13,-1.09165460848135
24,A,0.05,5,14,-0.26089005061561205
24,A,0.05,5,15,-0.20281982533789947
24,A,0.05,5,16,-1.0459247599094743
24,A,0.05,5,17,-1.203828763201161
24,A,0.05,5,18,-0.39221022580121595
24,A,0.05,5,19,-0.4419254055990913
24,A,0.05,5,20,-0.3635012791153016
24,A,0.05,5,21,-1.093766330374346
24,A,0.05,5,22,-1.058384124373352
24,A,0.05,5,23,-0.9559636569652675
24,A,0.05,5,24,-0.8854195643711305
24,A,0.05,5,25,-0.6400232809356312
24,A,0.05,5,26,-0.7953902873883161
24,A,0.05,5,27,-0.849164346576005
24,A,0.05,5,28,-1.9443602193745042
24,A,0.05,5,29,-1.0827696720947524
24,A,0.05,6,0,0.5820835270322707
24,A,0.05,6,1,0.1887670502815861
24,A,0.05,6,2,0.2652540040794782
24,A,0.05,6,3,0.23470791974661223
24,A,0.05,6,4,-0.013848654139170687
24,A,0.05,6,5,0.1804983714005061
24,A,0.05,6,6,0.3301682525855027
24,A,0.05,6,7,-0.28841027148020776
24,A,0.05,6,8,0.6667843152872611
24,A,0.05,6,9,-0.32440275982985833
24,A,0.05,6,10,-0.11589069453919935
24,A,0.05,6,11,0.2968113205249047
24,A,0.05,6,12,0.06680123385014036
24,A,0.05,6,13,0.025377960107146307
24,A,0.05,6,14,0.8092247417039533
24,A,0.05,6,15,-0.13879256968703396
24,A,0.05,6,16,-0.11679210650687381
24,A,0.05,6,17,1.0363193723584225
24,A,0.05,6,18,0.07875146863339345
24,A,0.05,6,19,0.23205764194501127
24,A,0.05,6,20,0.456234105263735
24,A,0.05,6,21,0.7968240030117522
24,A,0.05,6,22,0.5114936606562289
24,A,0.05,6,23,0.6360311340429371
24,A,0.05,6,24,-0.5338424533547972
24,A,0.05,6,25,-0.034580621247135096
24,A,0.05,6,26,0.8990124430119208
24,A,0.05,6,27,0.844085531777715
24,A,0.05,6,28,-0.27476981293334746
24,A,0.05,6,29,0.8983919813153871
24,A,0.05,7,0,-0.19913586240855172
24,A,0.05,7,1,-0.25217819342343656
24,A,0.05,7,2,-0.1173640529606549
24,A,0.05,7,3,-0.07524953807825273
24,A,0.05,7,4,0.038085049053465776
24,A,0.05,7,5,-0.003661404871594091
24,A,0.05,7,6,0.026864518394225306
24,A,0.05,7,7,0.007165497452365982
24,A,0.05,7,8,-0.08294738294556175
24,A,0.05,7,9,-0.013482630632078114
24,A,0.05,7,10,0.11216720962517614
24,A,0.05,7,11,0.10541744685289144
24,A,0.05,7,12,0.08037154456252227
24,A,0.05,7,13,-0.18133066158010686
24,A,0.05,7,14,0.1283674813071458
24,A,0.05,7,15,0.04127526364274409
24,A,0.05,7,16,0.10078967468671864
24,A,0.05,7,17,-0.07593519553612268
24,A,0.05,7,18,-0.09315232145317712
24,A,0.05,7,19,0.12529104604744262
24,A,0.05,7,20,0.08704640240261115
24,A,0.05,7,21,0.11966984665138031
24,A,0.05,7,22,0.07002452133487151
24,A,0.05,7,23,0.06194465352364186
24,A,0.05,7,24,-0.28132118479185625
24,A,0.05,7,25,-0.02795683245795448
24,A,0.05,7,26,0.020649807694099662
24,A,0.05,7,27,0.021365366837623186
24,A,0.05,7,28,-0.06210149983235936
24,A,0.05,7,29,0.11838859359651432
24,A,0.05,8,0,-0.9221771260311011
24,A,0.05,8,1,-1.5608146227817028
24,A,0.05,8,2,-1.9306050989481598
24,A,0.05,8,3,-1.4252334729623677
24,A,0.05,8,4,-1.4794446982519665
24,A,0.05,8,5,-1.5881668092686891
24,A,0.05,8,6,-1.5711576241519258
24,A,0.05,8,7,-1.9473218209674703
24,A,0.05,8,8,-1.7292464597346204
24,A,0.05,8,9,-1.462279861761762
24,A,0.05,8,10,-1.8327093263369876
24,A,0.05,8,11,-1.3182697734315767
24,A,0.05,8,12,-1.4997386806621558
24,A,0.05,8,13,-1.4766151101616152
24,A,0.05,8,14,-1.963117645117252
24,A,0.05,8,15,-1.385603864961465
24,A,0.05,8,16,-1.207781675154753
24,A,0.05,8,17,-1.535629769780707
24,A,0.05,8,18,-1.3114262498566311
24,A,0.05,8,19,-1.641127123935238
24,A,0.05,8,20,-1.3558374088620482
24,A,0.05,8,21,-1.6721196747683122
24,A,0.05,8,22,-1.1184080768424627
24,A,0.05,8,23,-1.4196376754726383
24,A,0.05,8,24,-1.8897678875835908
24,A,0.05,8,25,-1.8496959927206456
24,A,0.05,8,26,-1.800816569973466
24,A,0.05,8,27,-1.368361191259345
24,A,0.05,8,28,-1.7097721720893613
24,A,0.05,8,29,-1.6602733337246958
24,A,0.05,9,0,0.45388469686526206
24,A,0.05,9,1,0.21606156013734631
24,A,0.05,9,2,0.25618963060008326
24,A,0.05,9,3,0.27418474575029766
24,A,0.05,9,4,0.24462136733991063
24,A,0.05,9,5,0.36033203007787556
24,A,0.05,9,6,0.29067475874650817
24,A,0.05,9,7,0.3811709562384564
24,A,0.05,9,8,0.24130407026491069
24,A,0.05,9,9,0.4200248882955399
24,A,0.05,9,10,0.06913977549547548
24,A,0.05,9,11,0.2822493479059465
24,A,0.05,9,12,0.18498747180841862
24,A,0.05,9,13,0.3204436446401908
24,A,0.05,9,14,0.29834583562313555
24,A,0.05,9,15,0.26249644910310965
24,A,0.05,9,16,0.17733765533603232
24,A,0.05,9,17,0.12791360696441537
24,A,0.05,9,18,0.23147432982117622
24,A,0.05,9,19,0.4541714719258469
24,A,0.05,9,20,0.5016720722803332
24,A,0.05,9,21,-0.2824653688537823
24,A,0.05,9,22,0.27083833930904033
24,A,0.05,9,23,0.2923409471123452
24,A,0.05,9,24,0.4325391658190723
24,A,0.05,9,25,0.2606370587450989
24,A,0.05,9,26,0.2145398561241758
24,A,0.05,9,27,0.14350254150494904
24,A,0.05,9,28,0.11063926899537306
24,A,0.05,9,29,0.033530867168645846
24,B,100,0,0,2.2505046718721107
24,B,100,0,1,1.6383877798463695
24,B,100,0,2,1.3745578391962379
24,B,100,0,3,2.236259263757988
24,B,100,0,4,2.574164025260445
24,B,100,0,5,2.151849391475099
24,B,100,0,6,1.7737447337120378
24,B,100,0,7,2.889432830790672
24,B,100,0,8,2.7708345859172008
24,B,100,0,9,2.4897651295470227
24,B,100,0,10,1.6636897132868524
24,B,100,0,11,2.1327945460323376
24,B,100,0,12,2.1843751427981775
24,B,100,0,13,3.0596733782056518
24,B,100,0,14,2.4599013568793664
24,B,100,0,15,2.6056685557720836
24,B,100,0,16,2.0402431928973175
24,B,100,0,17,2.5129864985724657
24,B,100,0,18,2.440834255762516
24,B,100,0,19,2.3530532479551
24,B,100,0,20,1.784783864074792
24,B,100,0,21,2.7586768183080785
24,B,100,0,22,2.9616484881466483
24,B,100,0,23,2.716409288833402
24,B,100,0,24,2.87989417078304
24,B,100,0,25,2.4533999016560935
24,B,100,0,26,2.3143738744026994
24,B,100,0,27,1.6164195271424107
24,B,100,0,28,2.792793462410306
24,B,100,0,29,2.602609717298892
24,B,100,1,0,1.1290510000238452
24,B,100,1,1,0.8530280783201767
24,B,100,1,2,0.8768547919227643
24,B,100,1,3,0.695543888510406
24,B,100,1,4,0.4306762268838621
24,B,100,1,5,1.0232146442430832
24,B,100,1,6,1.13800691726881
24,B,100,1,7,0.423038333981468
24,B,100,1,8,0.8992235667566713
24,B,100,1,9,0.6483474811552669
24,B,100,1,10,0.6812125371783776
24,B,100,1,11,1.1592618993880892
24,B,100,1,12,0.8076441903916091
24,B,100,1,13,0.7464642560406712
24,B,100,1,14,0.6419955793174206
24,B,100,1,15,0.7020721983586201
24,B,100,1,16,0.8634552971425455
24,B,100,1,17,0.7318548356797041
24,B,100,1,18,0.6396947851296328
24,B,100,1,19,0.8172285458949128
24,B,100,1,20,0.6582381368302312
24,B,100,1,21,1.1713858187495185
24,B,100,1,22,0.7577684253254914
24,B,100,1,23,0.8315088116317509
24,B,100,1,24,0.8966335230270953
24,B,100,1,25,0.9562124430910648
24,B,100,1,26,0.7593928641384617
24,B,100,1,27,0.9246567674581551
24,B,100,1,28,0.9306565195515691
24,B,100,1,29,0.8149459880338428
24,B,100,2,0,-0.7430521614079731
24,B,100,2,1,-0.6306905074126756
24,B,100,2,2,-0.31914955493019936
24,B,100,2,3,-0.06942996651125868
24,B,100,2,4,-0.5019382835782922
24,B,100,2,5,-0.4740934114780388
24,B,100,2,6,-0.2805120271135808
24,B,100,2,7,-0.5410575608511738
24,B,100,2,8,-0.24649587581238258
24,B,100,2,9,-0.26327118558160356
24,B,100,2,10,-0.43463165503605694
24,B,100,2,11,-0.5067474339424246
24,B,100,2,12,0.2489193727236862
24,B,100,2,13,-0.30017365384360606
24,B,100,2,14,-0.5272953120813363
24,B,100,2,15,-1.0037794379632194
24,B,100,2,16,-0.40926986599583187
24,B,100,2,17,-0.21031083336676198
24,B,100,2,18,-0.16710213903790466
24,B,100,2,19,0.03449011704166411
24,B,100,2,20,0.22995865698245538
24,B,100,2,21,-0.3509272739840296
24,B,100,2,22,-0.16398805282416082
24,B,100,2,23,-0.6005935360067939
24,B,100,2,24,-0.7144671041524175
24,B,100,2,25,0.0003210255950362469
24,B,100,2,26,0.3477827591070598
24,B,100,2,27,-0.016509117035447152
24,B,100,2,28,-0.46933456033775217
24,B,100,2,29,-0.320277485983016
24,B,100,3,0,0.8407734941961384
24,B,100,3,1,0.04253191854076447
24,B,100,3,2,0.6471920896212271
24,B,100,3,3,0.47123367501832086
24,B,100,3,4,0.8000309192847782
24,B,100,3,5,1.2398631818505021
24,B,100,3,6,0.7055333780814147
24,B,100,3,7,0.47073079013239827
24,B,100,3,8,0.45352505353808326
24,B,100,3,9,0.1494534480877405
24,B,100,3,10,0.058513794884987556
24,B,100,3,11,0.7231072005410741
24,B,100,3,12,0.5523803703994342
24,B,100,3,13,0.451205462632815
24,B,100,3,14,0.6702183141517367
24,B,100,3,15,0.7430892012035063
24,B,100,3,16,0.8306884264634682
24,B,100,3,17,1.2050601346838796
24,B,100,3,18,0.8905916892746442
24,B,100,3,19,0.6815727538981543
24,B,100,3,20,0.3428575422921097
24,B,100,3,21,0.803400437721011
24,B,100,3,22,0.7318455692897382
24,B,100,3,23,0.6748202320140091
24,B,100,3,24,0.6794047250929747
24,B,100,3,25,0.7886450891970108
24,B,100,3,26,0.3754479627065718
24,B,100,3,27,-0.27977652505929396
24,B,100,3,28,1.1164969010181733
24,B,100,3,29,0.47844251242286356
24,B,100,4,0,0.13430251843331528
24,B,100,4,1,-0.16346447493531366
24,B,100,4,2,0.6288393261671104
24,B,100,4,3,1.0103370653922792
24,B,100,4,4,0.5253446094023914
24,B,100,4,5,1.2329894512409558
24,B,100,4,6,0.4617337529231249
24,B,100,4,7,1.360310690572885
24,B,100,4,8,1.522315202836
24,B,100,4,9,0.876216287099762
24,B,100,4,10,1.048494590678541
24,B,100,4,11,0.3466029855508696
24,B,100,4,12,0.9055531096935795
24,B,100,4,13,0.21782263255143003
24,B,100,4,14,1.6480162615627247
24,B,100,4,15,0.16784715436195372
24,B,100,4,16,1.589204943182157
24,B,100,4,17,1.4192295910470691
24,B,100,4,18,-0.11218044222000507
24,B,100,4,19,1.2946063055414339
24,B,100,4,20,0.37124784127904176
24,B,100,4,21,1.8469534777077912
24,B,100,4,22,1.3357504100706028
24,B,100,4,23,0.9385152199384302
24,B,100,4,24,1.3654468020154433
24,B,100,4,25,1.4367560399260584
24,B,100,4,26,0.6239280807879184
24,B,100,4,27,1.4433823203221523
24,B,100,4,28,1.334855797791967
24,B,100,4,29,0.49306609770764553
24,B,100,5,0,1.5028926870464323
24,B,100,5,1,1.8298218427511466
24,B,100,5,2,1.6978250680515092
24,B,100,5,3,1.7689787189120616
24,B,100,5,4,1.5400197836897487
24,B,100,5,5,1.9132737710761187
24,B,100,5,6,1.7305633151573028
24,B,100,5,7,1.9223134171828482
24,B,100,5,8,1.523030149324992
24,B,100,5,9,1.8784671681783445
24,B,100,5,10,1.7557064476825375
24,B,100,5,11,1.7610678582593615
24,B,100,5,12,1.7763115018141054
24,B,100,5,13,1.7368867235566898
24,B,100,5,14,1.7437585557955853
24,B,100,5,15,1.6291698156474308
24,B,100,5,16,1.796597689253871
24,B,100,5,17,1.7399590534231824
24,B,100,5,18,1.6883085792334873
24,B,100,5,19,1.5710746690899495
24,B,100,5,20,1.5753867529198946
24,B,100,5,21,1.4825776421719452
24,B,100,5,22,1.4625070197945227
24,B,100,5,23,1.0717806635167648
24,B,100,5,24,1.1844924038860407
24,B,100,5,25,1.5754329538452123
24,B,100,5,26,1.7200467036929519
24,B,100,5,27,1.5928024349137297
24,B,100,5,28,1.8815608994472002
24,B,100,5,29,2.1231066116677226
24,B,100,6,0,-0.5812019221374831
24,B,100,6,1,-0.21647051754039418
24,B,100,6,2,-0.18028841114654412
24,B,100,6,3,-0.20584689728411817
24,B,100,6,4,-0.18402472480627355
24,B,100,6,5,-0.1801517741285505
24,B,100,6,6,-0.6320836630527591
24,B,100,6,7,-0.41922537523785536
24,B,100,6,8,-0.34321062885120435
24,B,100,6,9,-0.23715295875432532
24,B,100,6,10,-0.8619819209130732
24,B,100,6,11,-0.1650926823738758
24,B,100,6,12,-0.15394766773967086
24,B,100,6,13,-0.17643869363360382
24,B,100,6,14,-0.1470938238480394
24,B,100,6,15,-0.27174772200558833
24,B,100,6,16,-0.38065469554194353
24,B,100,6,17,-0.42347330592616733
24,B,100,6,18,-0.10525847985843571
24,B,100,6,19,-0.1203145561341319
24,B,100,6,20,-0.7109888340939317
24,B,100,6,21,-0.5528901555828288
24,B,100,6,22,-0.16496568584282073
24,B,100,6,23,-0.1583872250888211
24,B,100,6,24,-0.172299314468272
24,B,100,6,25,-0.45781210618867046
24,B,100,6,26,-0.35416623423943266
24,B,100,6,27,-0.5211884419620458
24,B,100,6,28,-0.0629330601949077
24,B,100,6,29,-0.614964472226499
24,B,100,7,0,1.2420132461782791
24,B,100,7,1,1.2742300296428626
24,B,100,7,2,1.4187770771216952
24,B,100,7,3,1.1564627553431257
24,B,100,7,4,1.362281950761234
24,B,100,7,5,1.2655250865336902
24,B,100,7,6,1.1124177672676023
24,B,100,7,7,1.233321347722674
24,B,100,7,8,1.1535743729766763
24,B,100,7,9,1.2180125788972314
24,B,100,7,10,1.4298719031103966
24,B,100,7,11,1.102424095493376
24,B,100,7,12,1.3605301991118222
24,B,100,7,13,1.1223557202706969
24,B,100,7,14,1.3639648236125985
24,B,100,7,15,1.2531506321437158
24,B,100,7,16,1.2858760062963106
24,B,100,7,17,1.1213772059612541
24,B,100,7,18,1.2378728211956431
24,B,100,7,19,1.1894412629823665
24,B,100,7,20,1.3054206688865664
24,B,100,7,21,0.9082420281463384
24,B,100,7,22,1.320943179426999
24,B,100,7,23,1.3061178338910087
24,B,100,7,24,1.3312585699914696
24,B,100,7,25,1.3340763370412383
24,B,100,7,26,1.1596109599497988
24,B,100,7,27,1.139552948306907
24,B,100,7,28,1.1570958202450157
24,B,100,7,29,1.3321591692884645
24,B,100,8,0,0.02474744504298808
24,B,100,8,1,0.44625100411790625
24,B,100,8,2,0.08521698874497892
24,B,100,8,3,0.27210446981179376
24,B,100,8,4,0.08505106631399656
24,B,100,8,5,0.1632658519964801
24,B,100,8,6,0.2570743732611562
24,B,100,8,7,0.2991463980317604
24,B,100,8,8,0.12399952914001974
24,B,100,8,9,0.5440991432852428
24,B,100,8,10,0.15306597867474533
24,B,100,8,11,0.132694080287722
24,B,100,8,12,0.47438110495957114
24,B,100,8,13,0.4015770199627313
24,B,100,8,14,0.5808868050024228
24,B,100,8,15,0.31059618634686675
24,B,100,8,16,0.1095348339261788
24,B,100,8,17,0.4610741810339836
24,B,100,8,18,0.6052352800357518
24,B,100,8,19,0.5444694837464902
24,B,100,8,20,0.5619454927832838
24,B,100,8,21,0.2733557385386824
24,B,100,8,22,0.686809736188117
24,B,100,8,23,0.5585510317367918
24,B,100,8,24,0.3935505692023579
24,B,100,8,25,0.7126230001990356
24,B,100,8,26,0.6735044404452156
24,B,100,8,27,0.11744674938292604
24,B,100,8,28,0.8323698773144494
24,B,100,8,29,0.7538168820171208
24,B,100,9,0,0.10766750231971703
24,B,100,9,1,-0.01289695302227155
24,B,100,9,2,0.026053308410556784
24,B,100,9,3,0.012700574785543858
24,B,100,9,4,0.04125089092976874
24,B,100,9,5,0.02887946631382301
24,B,100,9,6,0.019912004027841594
24,B,100,9,7,0.126725771904068
24,B,100,9,8,-0.07284656819386211
24,B,100,9,9,0.02727377667227185
24,B,100,9,10,0.05415698118193442
24,B,100,9,11,-0.028118371140080912
24,B,100,9,12,0.15153897664868377
24,B,100,9,13,0.07777494772056225
24,B,100,9,14,-0.033824207304305916
24,B,100,9,15,-0.033003357234064494
24,B,100,9,16,0.023615933172811583
24,B,100,9,17,0.09705830157014571
24,B,100,9,18,-0.04582715335302947
24,B,100,9,19,-0.05505640621094526
24,B,100,9,20,0.2149274465522459
24,B,100,9,21,0.004162631030063384
24,B,100,9,22,0.09839843334957699
24,B,100,9,23,0.09642819003114388
24,B,100,9,24,-0.10304223571658713
24,B,100,9,25,0.09602820944394383
24,B,100,9,26,0.20674025578014324
24,B,100,9,27,0.2036103604970218
24,B,100,9,28,0.26428045208370177
24,B,100,9,29,0.15003739264649607
25,A,0.05,0,0,-0.03355239634106358
25,A,0.05,0,1,-0.6785293297049294
25,A,0.05,0,2,-0.008713634380221736
25,A,0.05,0,3,0.014425587905421876
25,A,0.05,0,4,-0.74135359172959
25,A,0.05,0,5,-0.1281277374782835
25,A,0.05,0,6,-0.7779150990017495
25,A,0.05,0,7,-0.24376806044098226
25,A,0.05,0,8,-0.20098097877413929
25,A,0.05,0,9,-0.3563791270433667
25,A,0.05,0,10,-0.137365085419884
25,A,0.05,0,11,-0.5512419972459818
25,A,0.05,0,12,-0.5272706392307098
25,A,0.05,0,13,-0.32995807749921935
25,A,0.05,0,14,0.09051931136978734
25,A,0.05,0,15,-0.2748586782632295
25,A,0.05,0,16,-0.24696053447378802
25,A,0.05,0,17,-0.37394557260538475
25,A,0.05,0,18,-0.548043072298195
25,A,0.05,0,19,0.03377810015262164
25,A,0.05,0,20,-0.47843149328475926
25,A,0.05,0,21,-0.26222824167988357
25,A,0.05,0,22,-0.3834834289168099
25,A,0.05,0,23,-0.1510146517240209
25,A,0.05,0,24,-0.23368146406953944
25,A,0.05,0,25,0.0471440041362215
25,A,0.05,0,26,0.06594334477424493
25,A,0.05,0,27,-0.3519015263300224
25,A,0.05,0,28,-0.5041730398698854
25,A,0.05,0,29,0.11969529676641986
25,A,0.05,1,0,-0.6338842275337009
25,A,0.05,1,1,-0.34443007284238214
25,A,0.05,1,2,-0.4214101010005327
25,A,0.05,1,3,-0.33547783395165875
25,A,0.05,1,4,-0.7843244766412155
25,A,0.05,1,5,-0.8378818438103592
25,A,0.05,1,6,-0.9393837989834285
25,A,0.05,1,7,-1.0029670898520062
25,A,0.05,1,8,-0.8827753631535132
25,A,0.05,1,9,-0.30212177979841726
25,A,0.05,1,10,-0.25091900415143675
25,A,0.05,1,11,-0.4150669746919879
25,A,0.05,1,12,-0.7757163553148123
25,A,0.05,1,13,0.14519047994701406
25,A,0.05,1,14,-0.17158431246611866
25,A,0.05,1,15,-0.056580812273411774
25,A,0.05,1,16,-0.0734519317515586
25,A,0.05,1,17,-0.6880772851894941
25,A,0.05,1,18,-0.5388651304557458
25,A,0.05,1,19,-0.019617639666018837
25,A,0.05,1,20,-0.3859132775401002
25,A,0.05,1,21,-0.8998017610147729
25,A,0.05,1,22,-0.2197323662757786
25,A,0.05,1,23,-0.6019782907503602
25,A,0.05,1,24,-0.029279551715175278
25,A,0.05,1,25,-0.5652744457812612
25,A,0.05,1,26,-0.08531395673112922
25,A,0.05,1,27,0.016866230367098296
25,A,0.05,1,28,-0.35724117351550405
25,A,0.05,1,29,-0.4476055808627106
25,A,0.05,2,0,-0.7319877905708297
25,A,0.05,2,1,-0.38808380377466306
25,A,0.05,2,2,-0.4972985157992362
25,A,0.05,2,3,-0.4179633354964941
25,A,0.05,2,4,-0.5364167217634593
25,A,0.05,2,5,-0.47409263231743126
25,A,0.05,2,6,-0.4723198712742494
25,A,0.05,2,7,-0.5547782101857754
25,A,0.05,2,8,-0.49180982018834424
25,A,0.05,2,9,-0.4832230912746998
25,A,0.05,2,10,-0.5822912237927177
25,A,0.05,2,11,-0.46862256048019535
25,A,0.05,2,12,-0.45074794877472074
25,A,0.05,2,13,-0.4690152574202894
25,A,0.05,2,14,-0.47737299025159446
25,A,0.05,2,15,-0.5708506061015758
25,A,0.05,2,16,-0.4938859393004269
25,A,0.05,2,17,-0.6062404202028502
25,A,0.05,2,18,-0.5441804550062754
25,A,0.05,2,19,-0.5383165808229269
25,A,0.05,2,20,-0.3920230699499781
25,A,0.05,2,21,-0.5174283521333813
25,A,0.05,2,22,-0.517998761266089
25,A,0.05,2,23,-0.513971782090573
25,A,0.05,2,24,-0.4576956974941784
25,A,0.05,2,25,-0.3563758585303246
25,A,0.05,2,26,-0.3372899961215605
25,A,0.05,2,27,-0.47617237653747235
25,A,0.05,2,28,-0.6488595167564961
25,A,0.05,2,29,-0.4072937967515149
25,A,0.05,3,0,0.025278753050175518
25,A,0.05,3,1,0.24591147844656822
25,A,0.05,3,2,0.6565969505364087
25,A,0.05,3,3,-0.4158571464238273
25,A,0.05,3,4,0.8947903673704024
25,A,0.05,3,5,0.7107398245255947
25,A,0.05,3,6,0.551135284731205
25,A,0.05,3,7,1.0555467778972203
25,A,0.05,3,8,0.5069274757550921
25,A,0.05,3,9,0.5921852406338509
25,A,0.05,3,10,0.3902293282990842
25,A,0.05,3,11,0.9382790187350243
25,A,0.05,3,12,-0.027232791330463458
25,A,0.05,3,13,0.7713092221986514
25,A,0.05,3,14,-0.7035141261129385
25,A,0.05,3,15,0.7745280355222707
25,A,0.05,3,16,0.3434221059320706
25,A,0.05,3,17,0.9903290570657148
25,A,0.05,3,18,-0.07854987770592427
25,A,0.05,3,19,0.6921656521700001
25,A,0.05,3,20,-0.1953545471896519
25,A,0.05,3,21,0.2410515936599698
25,A,0.05,3,22,0.1319840243708074
25,A,0.05,3,23,-0.33570254284365264
25,A,0.05,3,24,0.4879938706033402
25,A,0.05,3,25,0.9372907779840796
25,A,0.05,3,26,0.8824992130160073
25,A,0.05,3,27,0.2620476172883816
25,A,0.05,3,28,0.9475581649298721
25,A,0.05,3,29,0.8036596231430168
25,A,0.05,4,0,-0.021786114032894193
25,A,0.05,4,1,-0.5581284004912892
25,A,0.05,4,2,-0.2478417504546611
25,A,0.05,4,3,-0.06380022185968441
25,A,0.05,4,4,-0.08637673751197217
25,A,0.05,4,5,-0.5315704406513456
25,A,0.05,4,6,-0.37327787927539174
25,A,0.05,4,7,-0.48746753549129573
25,A,0.05,4,8,0.04090159364382409
25,A,0.05,4,9,-0.5828832644371844
25,A,0.05,4,10,-0.3349422825372511
25,A,0.05,4,11,-0.7232877673036684
25,A,0.05,4,12,-0.13302631659781217
25,A,0.05,4,13,0.08774078031604038
25,A,0.05,4,14,-0.23435473686929778
25,A,0.05,4,15,-0.2954853267666726
25,A,0.05,4,16,-0.42574898878267975
25,A,0.05,4,17,-0.2941617484970673
25,A,0.05,4,18,-0.54436862991564
25,A,0.05,4,19,-0.7032379815589421
25,A,0.05,4,20,-0.11809016627200124
25,A,0.05,4,21,-0.615346862687403
25,A,0.05,4,22,-0.4941062175892999
25,A,0.05,4,23,-0.784162648082148
25,A,0.05,4,24,-0.13337843374405933
25,A,0.05,4,25,0.07841530271903208
25,A,0.05,4,26,-0.0025660388304687524
25,A,0.05,4,27,-0.24861282063004267
25,A,0.05,4,28,-0.5503401175444104
25,A,0.05,4,29,-0.4106945586002094
25,A,0.05,5,0,-1.0381543655660197
25,A,0.05,5,1,-0.937052766499353
25,A,0.05,5,2,-0.6690869808688983
25,A,0.05,5,3,0.0014967666138683323
25,A,0.05,5,4,-0.8475247760522358
25,A,0.05,5,5,-0.30276047037349757
25,A,0.05,5,6,-0.9730215345323933
25,A,0.05,5,7,-1.0385925886366925
25,A,0.05,5,8,-1.0423962602646295
25,A,0.05,5,9,-0.5048095521180478
25,A,0.05,5,10,-0.5234393472343939
25,A,0.05,5,11,0.13610539995551083
25,A,0.05,5,12,-1.367365260275065
25,A,0.05,5,13,-1.18032634619005
25,A,0.05,5,14,0.02507382638643713
25,A,0.05,5,15,-0.5535039592296419
25,A,0.05,5,16,-1.4924718566438815
25,A,0.05,5,17,-0.006689861574547706
25,A,0.05,5,18,-0.007280957618269806
25,A,0.05,5,19,-0.9591596939527777
25,A,0.05,5,20,-1.081180732552356
25,A,0.05,5,21,-1.1944783830810575
25,A,0.05,5,22,-1.463888569072562
25,A,0.05,5,23,-0.2923885967688131
25,A,0.05,5,24,-0.374617952580363
25,A,0.05,5,25,-0.777441635236396
25,A,0.05,5,26,-1.2552602944008002
25,A,0.05,5,27,-0.5978208682781492
25,A,0.05,5,28,-0.3867453843808413
25,A,0.05,5,29,-0.3344100331796371
25,A,0.05,6,0,-1.1660081807753047
25,A,0.05,6,1,-0.7499981242980565
25,A,0.05,6,2,-1.0865678115283905
25,A,0.05,6,3,-1.2418147527737935
25,A,0.05,6,4,-1.1863449183311678
25,A,0.05,6,5,-0.6681440136194542
25,A,0.05,6,6,-0.7800885586078381
25,A,0.05,6,7,-0.7763348516720493
25,A,0.05,6,8,-0.5247141930753615
25,A,0.05,6,9,-0.7675739467814373
25,A,0.05,6,10,-0.6290792595658261
25,A,0.05,6,11,-0.5299354278913374
25,A,0.05,6,12,-0.4301294443364821
25,A,0.05,6,13,-0.7916533334896421
25,A,0.05,6,14,-1.0113327231823557
25,A,0.05,6,15,-0.8308900288753429
25,A,0.05,6,16,-0.7637696925651384
25,A,0.05,6,17,-0.4429595305414499
25,A,0.05,6,18,-0.6446460133094977
25,A,0.05,6,19,-0.76494449077582
25,A,0.05,6,20,-0.842228598721507
25,A,0.05,6,21,-0.43946871130452686
25,A,0.05,6,22,-1.3065523917799369
25,A,0.05,6,23,-0.9544282115467129
25,A,0.05,6,24,-0.9272736070808764
25,A,0.05,6,25,-0.7433459729698689
25,A,0.05,6,26,-1.3569440903545857
25,A,0.05,6,27,-0.7588202432832595
25,A,0.05,6,28,-1.1142012180603194
25,A,0.05,6,29,-0.4493013019283213
25,A,0.05,7,0,0.37175674671692527
25,A,0.05,7,1,0.836474091110684
25,A,0.05,7,2,0.64093473934649
25,A,0.05,7,3,0.7541499171311661
25,A,0.05,7,4,0.7774178627234382
25,A,0.05,7,5,0.7136788816662063
25,A,0.05,7,6,1.073050832467736
25,A,0.05,7,7,0.7972172253534445
25,A,0.05,7,8,0.9290183446855002
25,A,0.05,7,9,0.9874543749752429
25,A,0.05,7,10,0.5389011598886646
25,A,0.05,7,11,0.8151205975064096
25,A,0.05,7,12,0.6682131677920657
25,A,0.05,7,13,1.1493392557620608
25,A,0.05,7,14,0.8597910954828807
25,A,0.05,7,15,0.7440675905917765
25,A,0.05,7,16,0.47805377959634815
25,A,0.05,7,17,0.8149134924667506
25,A,0.05,7,18,0.6450533478412491
25,A,0.05,7,19,0.8804690024210771
25,A,0.05,7,20,0.6050356861437517
25,A,0.05,7,21,0.7579214174078502
25,A,0.05,7,22,1.0266357818059668
25,A,0.05,7,23,0.8370603256258855
25,A,0.05,7,24,0.32828037949919436
25,A,0.05,7,25,0.7625019532762891
25,A,0.05,7,26,0.7990184623612655
25,A,0.05,7,27,0.8258199108999188
25,A,0.05,7,28,0.8468164276555086
25,A,0.05,7,29,0.6318361499054993
25,A,0.05,8,0,0.8794316291240714
25,A,0.05,8,1,0.8836964693787901
25,A,0.05,8,2,0.7725394825295865
25,A,0.05,8,3,1.243708053650063
25,A,0.05,8,4,0.6491801305429541
25,A,0.05,8,5,0.6418142172734218
25,A,0.05,8,6,1.7462670043847008
25,A,0.05,8,7,1.1373108994000751
25,A,0.05,8,8,1.1386511119165934
25,A,0.05,8,9,0.974563176670852
25,A,0.05,8,10,0.7368317704371383
25,A,0.05,8,11,1.8096094548724004
25,A,0.05,8,12,0.4962662045579831
25,A,0.05,8,13,1.5034647517754758
25,A,0.05,8,14,1.519954740731144
25,A,0.05,8,15,1.8169174889321686
25,A,0.05,8,16,1.4695777917312245
25,A,0.05,8,17,1.2772623911746754
25,A,0.05,8,18,1.252036708137062
25,A,0.05,8,19,0.5971606991077333
25,A,0.05,8,20,0.7581293819898695
25,A,0.05,8,21,0.6614494929717935
25,A,0.05,8,22,1.6792511684052498
25,A,0.05,8,23,1.6749406518678434
25,A,0.05,8,24,1.3605345094786632
25,A,0.05,8,25,0.957356542707528
25,A,0.05,8,26,1.5193488403122692
25,A,0.05,8,27,1.1051644035188646
25,A,0.05,8,28,1.6797461526119815
25,A,0.05,8,29,1.9927318241133305
25,A,0.05,9,0,-0.3666186640338578
25,A,0.05,9,1,-0.5031102548396957
25,A,0.05,9,2,-0.68030644802853
25,A,0.05,9,3,-0.21753207846972095
25,A,0.05,9,4,-0.1336584224621462
25,A,0.05,9,5,-0.06505539170339786
25,A,0.05,9,6,0.012504968856638465
25,A,0.05,9,7,-0.7039868424791033
25,A,0.05,9,8,-0.029977344929553063
25,A,0.05,9,9,-0.4254946805023291
25,A,0.05,9,10,0.07813252553046728
25,A,0.05,9,11,0.2089554496841244
25,A,0.05,9,12,0.3914381292323938
25,A,0.05,9,13,-0.4084914753906287
25,A,0.05,9,14,0.20467054562464623
25,A,0.05,9,15,0.36340862402970153
25,A,0.05,9,16,0.2421968456438302
25,A,0.05,9,17,0.09402985273568547
25,A,0.05,9,18,0.9097646492177179
25,A,0.05,9,19,-0.20332608569404678
25,A,0.05,9,20,0.28873891984736644
25,A,0.05,9,21,0.20490768291069456
25,A,0.05,9,22,-0.48288018837048763
25,A,0.05,9,23,-0.538416250965135
25,A,0.05,9,24,1.0361135380129847
25,A,0.05,9,25,-0.18617156440351734
25,A,0.05,9,26,0.6622081478425306
25,A,0.05,9,27,-0.07813964100989013
25,A,0.05,9,28,0.9277870415055219
25,A,0.05,9,29,-0.2524613201916191
25,B,100,0,0,2.373459632867154
25,B,100,0,1,1.6719272926795685
25,B,100,0,2,2.1753995618651523
25,B,100,0,3,2.228538795094851
25,B,100,0,4,2.4282765426751474
25,B,100,0,5,2.7749874497070164
25,B,100,0,6,2.0018824180059895
25,B,100,0,7,2.2667877416836815
25,B,100,0,8,2.3265065736430177
25,B,100,0,9,2.7178676470277754
25,B,100,0,10,2.4153669824195187
25,B,100,0,11,2.007373236410287
25,B,100,0,12,2.0107588171731337
25,B,100,0,13,2.2995827001804976
25,B,100,0,14,2.39501745119222
25,B,100,0,15,2.1728706070292
25,B,100,0,16,1.2361968276957176
25,B,100,0,17,1.8453708056192868
25,B,100,0,18,2.612697809286515
25,B,100,0,19,2.438564918848723
25,B,100,0,20,2.508997479006473
25,B,100,0,21,2.566527137725056
25,B,100,0,22,2.4923186961395154
25,B,100,0,23,2.156552323868315
25,B,100,0,24,2.760651910358856
25,B,100,0,25,2.2723682671425522
25,B,100,0,26,2.2047793935496007
25,B,100,0,27,1.8978400953764558
25,B,100,0,28,2.384487958662569
25,B,100,0,29,2.2890705039608608
25,B,100,1,0,0.34213549878463656
25,B,100,1,1,0.6730011494157062
25,B,100,1,2,0.7897639463474889
25,B,100,1,3,0.9415878623222234
25,B,100,1,4,0.7667854542297443
25,B,100,1,5,0.9043542184280791
25,B,100,1,6,0.7386945299489511
25,B,100,1,7,0.48488175463965966
25,B,100,1,8,0.6178229530762223
25,B,100,1,9,0.43595913221037985
25,B,100,1,10,0.8027227906217278
25,B,100,1,11,0.4523593201842912
25,B,100,1,12,0.5683095323258145
25,B,100,1,13,0.36345613929139614
25,B,100,1,14,0.3952531847287735
25,B,100,1,15,0.6298903245796916
25,B,100,1,16,0.7390501919929179
25,B,100,1,17,0.8765655395293779
25,B,100,1,18,0.37526320166778515
25,B,100,1,19,0.5645690085355143
25,B,100,1,20,0.5944690300549669
25,B,100,1,21,0.638741412934428
25,B,100,1,22,0.468256272953491
25,B,100,1,23,0.7331936301385918
25,B,100,1,24,0.4554411203516971
25,B,100,1,25,0.36964743493350416
25,B,100,1,26,0.14968049577864675
25,B,100,1,27,0.6676492916938097
25,B,100,1,28,0.1848217898233615
25,B,100,1,29,1.033436067985192
25,B,100,2,0,0.5444381691597187
25,B,100,2,1,-0.10573120346930148
25,B,100,2,2,0.10899873934090135
25,B,100,2,3,0.1549804236170328
25,B,100,2,4,0.21382421139468522
25,B,100,2,5,0.2617624287465116
25,B,100,2,6,0.7276928124725699
25,B,100,2,7,0.39501649870632466
25,B,100,2,8,0.19074827148257514
25,B,100,2,9,0.1452413578197306
25,B,100,2,10,0.5510156821714942
25,B,100,2,11,0.035929661431461
25,B,100,2,12,0.25139089129454156
25,B,100,2,13,0.20782125741493077
25,B,100,2,14,0.37695764452633534
25,B,100,2,15,0.38645530114242865
25,B,100,2,16,0.12212485844170244
25,B,100,2,17,0.15382344590715533
25,B,100,2,18,0.02446457493332965
25,B,100,2,19,0.2583539587657234
25,B,100,2,20,0.43528028208419206
25,B,100,2,21,0.04121391727123981
25,B,100,2,22,0.3967698275919648
25,B,100,2,23,0.12992455819496584
25,B,100,2,24,-0.11756451075196869
25,B,100,2,25,0.2357140333331549
25,B,100,2,26,0.2751143888176899
25,B,100,2,27,0.25730270021992424
25,B,100,2,28,0.11948731892120555
25,B,100,2,29,0.5638160552463967
25,B,100,3,0,-0.39021909437358177
25,B,100,3,1,-0.7733923557130385
25,B,100,3,2,-0.5045830565678001
25,B,100,3,3,-0.5810780213325476
25,B,100,3,4,-0.6027254391380978
25,B,100,3,5,-0.8219622914853664
25,B,100,3,6,-0.752481131433859
25,B,100,3,7,-0.335875502215396
25,B,100,3,8,-0.649757682973197
25,B,100,3,9,-0.241697719554625
25,B,100,3,10,-0.02597036524268933
25,B,100,3,11,-0.15529431771350896
25,B,100,3,12,0.043582949450580506
25,B,100,3,13,-0.40049207760465183
25,B,100,3,14,-0.35963877343285033
25,B,100,3,15,-0.9798353315984895
25,B,100,3,16,0.30395561183569386
25,B,100,3,17,-0.1200358749183738
25,B,100,3,18,-0.3490576792728927
25,B,100,3,19,-0.9496534539831708
25,B,100,3,20,-0.6493206925573675
25,B,100,3,21,-0.8568774769310967
25,B,100,3,22,0.4652532686827042
25,B,100,3,23,-0.04550458949862285
25,B,100,3,24,0.41729283152774854
25,B,100,3,25,-0.7369867061079266
25,B,100,3,26,-0.19856315915566497
25,B,100,3,27,-0.026233999271593374
25,B,100,3,28,0.598682383486871
25,B,100,3,29,0.0933847252410199
25,B,100,4,0,-1.3103193994068172
25,B,100,4,1,-1.1125630068533308
25,B,100,4,2,-0.8672926332666864
25,B,100,4,3,-0.9632656398507765
25,B,100,4,4,-0.9298145032775688
25,B,100,4,5,-0.8583280966946347
25,B,100,4,6,-0.4442620515554373
25,B,100,4,7,-0.40086536414923946
25,B,100,4,8,-0.9119489617160067
25,B,100,4,9,-0.2784313786030398
25,B,100,4,10,-0.32496829996906296
25,B,100,4,11,-0.7090384146484436
25,B,100,4,12,-0.37857027988097514
25,B,100,4,13,-0.16218845290802708
25,B,100,4,14,-0.4025902369071202
25,B,100,4,15,-0.06947800049320413
25,B,100,4,16,-0.2005980908133931
25,B,100,4,17,-0.230897170909587
25,B,100,4,18,-0.14411496681554767
25,B,100,4,19,-0.13474543727512922
25,B,100,4,20,0.04068082692341381
25,B,100,4,21,-0.33502162503163374
25,B,100,4,22,-0.29530623511380233
25,B,100,4,23,-0.18048058790714916
25,B,100,4,24,-0.11482136237394666
25,B,100,4,25,-0.1635246024081121
25,B,100,4,26,-0.3787850021888682
25,B,100,4,27,-0.04768103547106548
25,B,100,4,28,-0.37100874174335424
25,B,100,4,29,-0.1239581291680091
25,B,100,5,0,0.12221513097611898
25,B,100,5,1,-0.027895689614565435
25,B,100,5,2,-0.6618655846858453
25,B,100,5,3,-0.17367241675255166
25,B,100,5,4,-0.2504060982211203
25,B,100,5,5,-0.11126932280394444
25,B,100,5,6,-0.1376715894156638
25,B,100,5,7,-0.11127844979143918
25,B,100,5,8,-0.3950634458046944
25,B,100,5,9,-0.06833513950176351
25,B,100,5,10,0.07831083123134537
25,B,100,5,11,-0.9046803236676543
25,B,100,5,12,-0.4021098869289388
25,B,100,5,13,-0.21092252870797568
25,B,100,5,14,-0.1602605936236973
25,B,100,5,15,-0.24257703251256577
25,B,100,5,16,-0.020868071666003893
25,B,100,5,17,-0.36654543561694436
25,B,100,5,18,0.04218491218067772
25,B,100,5,19,-0.011868324821831268
25,B,100,5,20,-0.23429373385722585
25,B,100,5,21,-0.1251148534716554
25,B,100,5,22,-0.3196688801157484
25,B,100,5,23,-0.22001160717740342
25,B,100,5,24,-0.18027382362886893
25,B,100,5,25,0.019752449131819963
25,B,100,5,26,-0.19075162492299824
25,B,100,5,27,-0.05481332309707029
25,B,100,5,28,-0.2339258303524475
25,B,100,5,29,-0.5151765112581411
25,B,100,6,0,-0.13781457848338757
25,B,100,6,1,-0.14909991649635876
25,B,100,6,2,-0.1747211041551829
25,B,100,6,3,-0.38492792453279423
25,B,100,6,4,-0.3330341472471729
25,B,100,6,5,-0.2699778267344924
25,B,100,6,6,-0.30806581097340663
25,B,100,6,7,-0.20674636501116864
25,B,100,6,8,-0.2998656028621714
25,B,100,6,9,-0.23472362196550475
25,B,100,6,10,-0.22493264143379096
25,B,100,6,11,-0.33897150181927965
25,B,100,6,12,-0.22149943358678792
25,B,100,6,13,-0.20961015164235042
25,B,100,6,14,-0.32000061812037145
25,B,100,6,15,-0.18784170415139065
25,B,100,6,16,-0.34147300994720364
25,B,100,6,17,-0.2703812367606566
25,B,100,6,18,-0.41536968365126326
25,B,100,6,19,-0.16466665449502363
25,B,100,6,20,-0.09927599120474503
25,B,100,6,21,-0.20228812764659987
25,B,100,6,22,-0.3445182606436349
25,B,100,6,23,-0.15289154838030533
25,B,100,6,24,-0.16881014758817509
25,B,100,6,25,-0.0551915262053046
25,B,100,6,26,-0.4103430729476087
25,B,100,6,27,-0.20734480652163886
25,B,100,6,28,-0.656244848820911
25,B,100,6,29,-0.4628244905694394
25,B,100,7,0,-0.24002954169029497
25,B,100,7,1,-0.03707969975385577
25,B,100,7,2,-0.13910222000867875
25,B,100,7,3,-0.10568172842366826
25,B,100,7,4,-0.08925609371460083
25,B,100,7,5,-0.07009867317226938
25,B,100,7,6,0.1408241344572685
25,B,100,7,7,0.06484278577061021
25,B,100,7,8,-0.12408471775388027
25,B,100,7,9,-0.0013538970349253718
25,B,100,7,10,0.5084438918500197
25,B,100,7,11,0.6639058521472077
25,B,100,7,12,0.6071979277001047
25,B,100,7,13,0.6107852844073478
25,B,100,7,14,-0.11185627323142534
25,B,100,7,15,0.64410999680099
25,B,100,7,16,-0.24818451995865412
25,B,100,7,17,0.6419257100628795
25,B,100,7,18,0.2544608470953091
25,B,100,7,19,0.028517219495591523
25,B,100,7,20,0.6365328754243569
25,B,100,7,21,0.24995426965429984
25,B,100,7,22,0.4762357819276964
25,B,100,7,23,0.4599222687897518
25,B,100,7,24,0.4984065342303667
25,B,100,7,25,0.08387137139899549
25,B,100,7,26,0.6386225427469278
25,B,100,7,27,0.3766576910614358
25,B,100,7,28,0.4185098311278988
25,B,100,7,29,0.5872147714568012
25,B,100,8,0,2.5440656279206424
25,B,100,8,1,1.40071772884295
25,B,100,8,2,1.9572114947162098
25,B,100,8,3,1.6899718522220277
25,B,100,8,4,1.282392548378666
25,B,100,8,5,1.9517065113111554
25,B,100,8,6,2.7231560772002017
25,B,100,8,7,1.5872102214634476
25,B,100,8,8,2.421325637409185
25,B,100,8,9,2.007881905745716
25,B,100,8,10,2.1381264937284254
25,B,100,8,11,1.843271016811015
25,B,100,8,12,1.6990232487829755
25,B,100,8,13,2.2887991830363394
25,B,100,8,14,1.8931711178648778
25,B,100,8,15,1.5319067470759007
25,B,100,8,16,1.7170256515835494
25,B,100,8,17,1.8916258003793438
25,B,100,8,18,2.6783128890531023
25,B,100,8,19,2.166258336382128
25,B,100,8,20,2.015374690886157
25,B,100,8,21,1.9101126349594149
25,B,100,8,22,2.7034158657273686
25,B,100,8,23,2.544304272526018
25,B,100,8,24,2.924038267600589
25,B,100,8,25,1.5541469777967538
25,B,100,8,26,1.3628918993401296
25,B,100,8,27,2.4403237457532927
25,B,100,8,28,1.7245506911735062
25,B,100,8,29,1.5287726146934282
25,B,100,9,0,0.8680686913236287
25,B,100,9,1,0.932639073574039
25,B,100,9,2,0.8574271310237089
25,B,100,9,3,1.2399780098896227
25,B,100,9,4,1.0250856256985148
25,B,100,9,5,1.4792484471298049
25,B,100,9,6,0.4974005987875863
25,B,100,9,7,0.47884692511837385
25,B,100,9,8,0.34613594567554545
25,B,100,9,9,0.7600917751721878
25,B,100,9,10,0.6431114382015637
25,B,100,9,11,0.6947904586604228
25,B,100,9,12,0.9242834201102385
25,B,100,9,13,1.3281116574211227
25,B,100,9,14,1.0576138533987558
25,B,100,9,15,0.3153357894201883
25,B,100,9,16,0.7245617004296253
25,B,100,9,17,0.561349534288018
25,B,100,9,18,0.3871581539879779
25,B,100,9,19,0.8132490186322829
25,B,100,9,20,0.3797549910253606
25,B,100,9,21,0.8611011634545132
25,B,100,9,22,0.8814560278348966
25,B,100,9,23,0.677163234531607
25,B,100,9,24,1.237183277610232
25,B,100,9,25,0.6195365708009279
25,B,100,9,26,1.6109248725262446
25,B,100,9,27,0.9643768818807109
25,B,100,9,28,1.001608124158439
25,B,100,9,29,0.9453661378291741
26,A,0.05,0,0,-2.159993922093029
26,A,0.05,0,1,-1.4011255459506986
26,A,0.05,0,2,-1.4679494084133105
26,A,0.05,0,3,-1.5045789841662018
26,A,0.05,0,4,-1.4494161584894143
26,A,0.05,0,5,-1.7075137843075405
26,A,0.05,0,6,-1.279582217878492
26,A,0.05,0,7,-1.874630891139771
26,A,0.05,0,8,-1.4130836070225337
26,A,0.05,0,9,-1.337201739936064
26,A,0.05,0,10,-1.1860597780563908
26,A,0.05,0,11,-1.7382933477143159
26,A,0.05,0,12,-1.7893954159779641
26,A,0.05,0,13,-2.1389059485250588
26,A,0.05,0,14,-1.7092928889620236
26,A,0.05,0,15,-1.3384827371351227
26,A,0.05,0,16,-1.6303511356958291
26,A,0.05,0,17,-1.4053584822799325
26,A,0.05,0,18,-1.3468915683531304
26,A,0.05,0,19,-1.3665481655861147
26,A,0.05,0,20,-1.2722253026968708
26,A,0.05,0,21,-1.5932543293158352
26,A,0.05,0,22,-1.7397604659206931
26,A,0.05,0,23,-1.2962301608582705
26,A,0.05,0,24,-1.4073429723569606
26,A,0.05,0,25,-1.3152871179541634
26,A,0.05,0,26,-2.153475023817039
26,A,0.05,0,27,-1.5244264608560871
26,A,0.05,0,28,-1.3727301145238282
26,A,0.05,0,29,-1.567129420567005
26,A,0.05,1,0,-0.6008624819827174
26,A,0.05,1,1,-0.16266127088671195
26,A,0.05,1,2,0.22452441415542634
26,A,0.05,1,3,-1.1456794828239851
26,A,0.05,1,4,-0.03984583974313341
26,A,0.05,1,5,-0.1862219283486078
26,A,0.05,1,6,0.03941161215758005
26,A,0.05,1,7,-0.357126911178726
26,A,0.05,1,8,-0.23058174703249032
26,A,0.05,1,9,-0.03566488568583823
26,A,0.05,1,10,-0.6582406414754477
26,A,0.05,1,11,-1.5256231303889154
26,A,0.05,1,12,0.8558751287678323
26,A,0.05,1,13,-0.1682148061507381
26,A,0.05,1,14,0.560008055595511
26,A,0.05,1,15,0.6638023287686488
26,A,0.05,1,16,0.16123561181842347
26,A,0.05,1,17,-0.3874118889591389
26,A,0.05,1,18,-0.2788382793718677
26,A,0.05,1,19,0.5715206770389037
26,A,0.05,1,20,0.606305424185967
26,A,0.05,1,21,0.6032148355800342
26,A,0.05,1,22,0.26308911431737697
26,A,0.05,1,23,0.11496001136405905
26,A,0.05,1,24,-0.7351571213182594
26,A,0.05,1,25,0.6467862364873135
26,A,0.05,1,26,0.5357658111899536
26,A,0.05,1,27,0.6626164212097779
26,A,0.05,1,28,0.6935293550302754
26,A,0.05,1,29,0.9659846745133047
26,A,0.05,2,0,0.18572617362926488
26,A,0.05,2,1,-0.14773920662591586
26,A,0.05,2,2,-0.4413502858042384
26,A,0.05,2,3,0.06759638725565655
26,A,0.05,2,4,-0.31539668224090167
26,A,0.05,2,5,-0.06393172672425092
26,A,0.05,2,6,0.07726454168775762
26,A,0.05,2,7,-0.40999165002821714
26,A,0.05,2,8,-0.21452924461850117
26,A,0.05,2,9,0.11189751815989701
26,A,0.05,2,10,0.12248954656308919
26,A,0.05,2,11,-0.16578942843382694
26,A,0.05,2,12,0.07513337747090384
26,A,0.05,2,13,-0.2348632832438797
26,A,0.05,2,14,-0.20344240760354132
26,A,0.05,2,15,-0.09011013643316669
26,A,0.05,2,16,-0.004025161972505251
26,A,0.05,2,17,-0.22790175691655531
26,A,0.05,2,18,-0.21520268645753507
26,A,0.05,2,19,-0.07944139593375242
26,A,0.05,2,20,0.22140945111265833
26,A,0.05,2,21,0.08611133325187664
26,A,0.05,2,22,0.2296247260421626
26,A,0.05,2,23,-0.40078149767397375
26,A,0.05,2,24,-0.31208630930794096
26,A,0.05,2,25,0.062235698069285195
26,A,0.05,2,26,0.18261437109760578
26,A,0.05,2,27,-0.3876727611512329
26,A,0.05,2,28,-0.4354008423824875
26,A,0.05,2,29,-0.3088284432481403
26,A,0.05,3,0,0.38959203709538265
26,A,0.05,3,1,0.1878592444214572
26,A,0.05,3,2,0.19894052620142047
26,A,0.05,3,3,0.19272340756747916
26,A,0.05,3,4,0.3490495494051196
26,A,0.05,3,5,0.2201348533813423
26,A,0.05,3,6,0.22785382007573757
26,A,0.05,3,7,0.42064911705706265
26,A,0.05,3,8,0.12377863531581958
26,A,0.05,3,9,0.40598662351075426
26,A,0.05,3,10,-0.1177400775304438
26,A,0.05,3,11,0.5636414619753283
26,A,0.05,3,12,0.32773138241329536
26,A,0.05,3,13,0.5492881624441832
26,A,0.05,3,14,0.5496417515969477
26,A,0.05,3,15,0.9610164453482724
26,A,0.05,3,16,0.9421351512434856
26,A,0.05,3,17,0.6843684019029271
26,A,0.05,3,18,0.7013665777341481
26,A,0.05,3,19,0.9087662830649431
26,A,0.05,3,20,0.7651543752422815
26,A,0.05,3,21,1.0700083888844019
26,A,0.05,3,22,0.5343421707898519
26,A,0.05,3,23,0.998792722234903
26,A,0.05,3,24,0.932891810051299
26,A,0.05,3,25,0.8137538375830641
26,A,0.05,3,26,0.6839660573125581
26,A,0.05,3,27,0.04950575269668983
26,A,0.05,3,28,0.7592031007430858
26,A,0.05,3,29,0.9398187352239016
26,A,0.05,4,0,-0.17727440447102139
26,A,0.05,4,1,0.11014129353200984
26,A,0.05,4,2,0.2481373615128795
26,A,0.05,4,3,-0.1206559969089218
26,A,0.05,4,4,0.14965131015994074
26,A,0.05,4,5,-0.8483054567623601
26,A,0.05,4,6,-0.511146069011497
26,A,0.05,4,7,0.41434721138489417
26,A,0.05,4,8,-0.5236932019617376
26,A,0.05,4,9,-0.010804973617886444
26,A,0.05,4,10,-0.43349494511731806
26,A,0.05,4,11,-0.1468767857315398
26,A,0.05,4,12,0.20638506339702428
26,A,0.05,4,13,-0.052399887421645315
26,A,0.05,4,14,-0.32540679026937347
26,A,0.05,4,15,-0.10916279507114215
26,A,0.05,4,16,-0.6656355308109969
26,A,0.05,4,17,-0.2614499886606798
26,A,0.05,4,18,0.027780920342550492
26,A,0.05,4,19,-0.20623003925922231
26,A,0.05,4,20,-0.6204470366744171
26,A,0.05,4,21,-0.28727718139412217
26,A,0.05,4,22,0.05812189263079417
26,A,0.05,4,23,-0.5238392025992937
26,A,0.05,4,24,-0.5525442157717881
26,A,0.05,4,25,-0.37978684296465887
26,A,0.05,4,26,-0.3487443265292721
26,A,0.05,4,27,-0.32298765235456794
26,A,0.05,4,28,-0.06574675439340191
26,A,0.05,4,29,-0.29223023538393367
26,A,0.05,5,0,1.2895833189192139
26,A,0.05,5,1,0.9870849165186953
26,A,0.05,5,2,1.0872899076189648
26,A,0.05,5,3,0.9751775940446787
26,A,0.05,5,4,0.6433724689716152
26,A,0.05,5,5,0.7584677471107522
26,A,0.05,5,6,0.21494548540212985
26,A,0.05,5,7,0.7046637341488966
26,A,0.05,5,8,0.8902890894529008
26,A,0.05,5,9,0.7657364529575981
26,A,0.05,5,10,0.5959111657331239
26,A,0.05,5,11,0.7689213352677714
26,A,0.05,5,12,0.7725208563497886
26,A,0.05,5,13,1.151810255334635
26,A,0.05,5,14,1.225978380661153
26,A,0.05,5,15,1.2854205886246215
26,A,0.05,5,16,0.8222541614461141
26,A,0.05,5,17,0.8433771444040641
26,A,0.05,5,18,0.8214794811178779
26,A,0.05,5,19,0.7856699915096891
26,A,0.05,5,20,1.2613363851650996
26,A,0.05,5,21,1.2076473342301342
26,A,0.05,5,22,0.8662694670363997
26,A,0.05,5,23,1.1380144076075212
26,A,0.05,5,24,1.254830608971351
26,A,0.05,5,25,1.0458431126505459
26,A,0.05,5,26,1.1428526903909038
26,A,0.05,5,27,1.1260591073164634
26,A,0.05,5,28,1.0253054445024263
26,A,0.05,5,29,1.1934146288488916
26,A,0.05,6,0,-1.3049644157578348
26,A,0.05,6,1,-1.4004016168247573
26,A,0.05,6,2,-1.5560492731766487
26,A,0.05,6,3,-1.4953311512877288
26,A,0.05,6,4,-0.8456642547305998
26,A,0.05,6,5,-1.5948171193397327
26,A,0.05,6,6,-2.051109568989855
26,A,0.05,6,7,-1.4358019587084447
26,A,0.05,6,8,-1.3859756207704652
26,A,0.05,6,9,-1.4589451097246722
26,A,0.05,6,10,-1.7181750333684975
26,A,0.05,6,11,-1.6370669749282634
26,A,0.05,6,12,-1.7208406537064322
26,A,0.05,6,13,-1.3201136714171027
26,A,0.05,6,14,-1.2833308142601394
26,A,0.05,6,15,-1.2453496534985236
26,A,0.05,6,16,-1.0328041936369905
26,A,0.05,6,17,-1.4749554545924475
26,A,0.05,6,18,-1.6567343858801982
26,A,0.05,6,19,-1.4567668706719665
26,A,0.05,6,20,-1.6172088805552367
26,A,0.05,6,21,-1.394869348348875
26,A,0.05,6,22,-1.767710610442354
26,A,0.05,6,23,-1.5957799434871507
26,A,0.05,6,24,-1.457167455264772
26,A,0.05,6,25,-1.2421553227269104
26,A,0.05,6,26,-1.4814198341860472
26,A,0.05,6,27,-1.5079602685019118
26,A,0.05,6,28,-1.5094501363298414
26,A,0.05,6,29,-1.40153890860937
26,A,0.05,7,0,-1.4128521892607326
26,A,0.05,7,1,-1.143944180257452
26,A,0.05,7,2,-0.8271996177196852
26,A,0.05,7,3,-1.0557409463187644
26,A,0.05,7,4,-1.2729047420862702
26,A,0.05,7,5,-1.5443150522260432
26,A,0.05,7,6,-1.2428247050413737
26,A,0.05,7,7,-1.4140488612048496
26,A,0.05,7,8,-1.2129972159091058
26,A,0.05,7,9,-1.2544607530891438
26,A,0.05,7,10,-1.1654681159338067
26,A,0.05,7,11,-1.453099142404756
26,A,0.05,7,12,-1.4009891340501572
26,A,0.05,7,13,-0.9096806046112847
26,A,0.05,7,14,-1.1003614878774532
26,A,0.05,7,15,-1.5221275767092495
26,A,0.05,7,16,-1.0364850787600275
26,A,0.05,7,17,-1.7169018760057337
26,A,0.05,7,18,-1.1179858897391466
26,A,0.05,7,19,-1.1521801328375247
26,A,0.05,7,20,-1.2259056509112314
26,A,0.05,7,21,-1.2646832453102024
26,A,0.05,7,22,-1.0348933194485763
26,A,0.05,7,23,-1.0075681451947707
26,A,0.05,7,24,-1.349322412694582
26,A,0.05,7,25,-1.4542277795108236
26,A,0.05,7,26,-1.2983530449123075
26,A,0.05,7,27,-1.1419895202374932
26,A,0.05,7,28,-1.3273186357618412
26,A,0.05,7,29,-1.3123835741498713
26,A,0.05,8,0,-0.29662819939429236
26,A,0.05,8,1,-0.2576263570593469
26,A,0.05,8,2,-0.006281507778479554
26,A,0.05,8,3,0.18239615268894804
26,A,0.05,8,4,-0.0532097463579082
26,A,0.05,8,5,-0.1633259026360938
26,A,0.05,8,6,0.14644531545951342
26,A,0.05,8,7,0.2732275431392695
26,A,0.05,8,8,-0.12041237331359383
26,A,0.05,8,9,-0.07704140096438922
26,A,0.05,8,10,0.34306142452227506
26,A,0.05,8,11,-0.06291362433033279
26,A,0.05,8,12,-0.8227501962415817
26,A,0.05,8,13,0.07136706551913692
26,A,0.05,8,14,0.1402786239090518
26,A,0.05,8,15,0.2996151742095065
26,A,0.05,8,16,-0.3556830499330231
26,A,0.05,8,17,-0.17368548070510653
26,A,0.05,8,18,-0.09030581043699791
26,A,0.05,8,19,-0.3700467979313946
26,A,0.05,8,20,-0.12821699490225946
26,A,0.05,8,21,0.10173428752532779
26,A,0.05,8,22,0.06713264413364062
26,A,0.05,8,23,-0.21845134068840377
26,A,0.05,8,24,-0.1468927502657589
26,A,0.05,8,25,0.0718862067250774
26,A,0.05,8,26,0.19153112303451852
26,A,0.05,8,27,0.09227591018145019
26,A,0.05,8,28,0.008850402823394091
26,A,0.05,8,29,-0.412846993504602
26,A,0.05,9,0,0.6926906053392603
26,A,0.05,9,1,0.7012549272234389
26,A,0.05,9,2,0.7336378846734838
26,A,0.05,9,3,0.514787432478022
26,A,0.05,9,4,0.8240851946321784
26,A,0.05,9,5,0.6944498590339446
26,A,0.05,9,6,0.7550940341591063
26,A,0.05,9,7,0.5223753222778346
26,A,0.05,9,8,0.7196665098283034
26,A,0.05,9,9,0.7525452207552772
26,A,0.05,9,10,0.6319760418857884
26,A,0.05,9,11,0.6053967132791435
26,A,0.05,9,12,0.7874264263661908
26,A,0.05,9,13,0.8889436611306267
26,A,0.05,9,14,0.9834925392541427
26,A,0.05,9,15,0.8194279381279751
26,A,0.05,9,16,0.8449323168931467
26,A,0.05,9,17,0.7972834522807278
26,A,0.05,9,18,0.7507620192763874
26,A,0.05,9,19,0.49254502484281454
26,A,0.05,9,20,0.533235042638753
26,A,0.05,9,21,0.9490706719914309
26,A,0.05,9,22,0.9965635548568994
26,A,0.05,9,23,0.8928442617836265
26,A,0.05,9,24,1.082602594922677
26,A,0.05,9,25,0.905123035819445
26,A,0.05,9,26,0.7710892715686134
26,A,0.05,9,27,0.9483961639521825
26,A,0.05,9,28,0.9712007666366193
26,A,0.05,9,29,0.45288260727251295
26,B,100,0,0,0.3815558282679192
26,B,100,0,1,0.08247629960020889
26,B,100,0,2,0.33797113040891874
26,B,100,0,3,0.4301978749279495
26,B,100,0,4,0.5551089364434829
26,B,100,0,5,0.5843180088974891
26,B,100,0,6,0.5895021588950046
26,B,100,0,7,0.3644994871614693
26,B,100,0,8,0.1692789060416253
26,B,100,0,9,0.5882233045748843
26,B,100,0,10,0.4204684357041556
26,B,100,0,11,0.6312897840740783
26,B,100,0,12,0.3531211015873856
26,B,100,0,13,0.6439674450479054
26,B,100,0,14,0.22160750181037184
26,B,100,0,15,0.4389917524849165
26,B,100,0,16,0.1390151794729518
26,B,100,0,17,0.4926559930893064
26,B,100,0,18,0.38232414911232315
26,B,100,0,19,0.4974442794427361
26,B,100,0,20,0.6159296304786519
26,B,100,0,21,0.5068927180128694
26,B,100,0,22,0.6136515100665483
26,B,100,0,23,0.5261129869991326
26,B,100,0,24,0.5717147320394819
26,B,100,0,25,0.3057476261939422
26,B,100,0,26,0.600592955913818
26,B,100,0,27,0.3731445760328812
26,B,100,0,28,0.23126302154616213
26,B,100,0,29,0.49912259120290253
26,B,100,1,0,1.168742750008713
26,B,100,1,1,1.5441355776789745
26,B,100,1,2,1.2503071626058846
26,B,100,1,3,0.9968715277457746
26,B,100,1,4,1.1606472194057016
26,B,100,1,5,1.3083244983488878
26,B,100,1,6,1.2291579500960643
26,B,100,1,7,0.9775539839711564
26,B,100,1,8,1.2011771818887844
26,B,100,1,9,0.9728294926549264
26,B,100,1,10,1.0463326306941774
26,B,100,1,11,1.0719433238080085
26,B,100,1,12,1.1674384530173312
26,B,100,1,13,1.4688349377277194
26,B,100,1,14,1.013560472763881
26,B,100,1,15,1.0520223729069373
26,B,100,1,16,1.452724320957261
26,B,100,1,17,1.2876811009146323
26,B,100,1,18,0.6482263812154784
26,B,100,1,19,1.1149680313009438
26,B,100,1,20,1.1437069673200797
26,B,100,1,21,1.3532921472245945
26,B,100,1,22,1.4698988691494672
26,B,100,1,23,0.8718620016576708
26,B,100,1,24,1.4798302128876317
26,B,100,1,25,1.569534366434799
26,B,100,1,26,1.126801552793576
26,B,100,1,27,1.4190192972412332
26,B,100,1,28,1.3354698930161377
26,B,100,1,29,0.8819592213954219
26,B,100,2,0,1.2508569811638497
26,B,100,2,1,0.7032479941058905
26,B,100,2,2,0.923036520493143
26,B,100,2,3,0.5585385776615532
26,B,100,2,4,0.6104807091343953
26,B,100,2,5,0.8294556434419383
26,B,100,2,6,1.797209698025476
26,B,100,2,7,0.7110154547717322
26,B,100,2,8,0.5928748709845536
26,B,100,2,9,1.5086531964075673
26,B,100,2,10,0.6721122858593277
26,B,100,2,11,0.02348866301181275
26,B,100,2,12,1.3129308957208061
26,B,100,2,13,1.619684536632806
26,B,100,2,14,1.5547168908174074
26,B,100,2,15,1.3865447947881557
26,B,100,2,16,1.4202576188444669
26,B,100,2,17,0.786938639843766
26,B,100,2,18,0.5373716116770264
26,B,100,2,19,1.0497880078634576
26,B,100,2,20,0.8424323158604176
26,B,100,2,21,0.9195085708144924
26,B,100,2,22,0.8531112033074868
26,B,100,2,23,0.5493835873865144
26,B,100,2,24,0.7417281774292183
26,B,100,2,25,0.604064118227103
26,B,100,2,26,0.42590702381062384
26,B,100,2,27,0.7122365422841062
26,B,100,2,28,0.7478567249799796
26,B,100,2,29,0.9811009238038281
26,B,100,3,0,-0.80275502621346
26,B,100,3,1,-0.8044807648928932
26,B,100,3,2,-0.808785579424436
26,B,100,3,3,-0.5893379468020811
26,B,100,3,4,-0.6751282740807039
26,B,100,3,5,-0.47276137416191655
26,B,100,3,6,-0.4715868633067463
26,B,100,3,7,-0.49205888608711
26,B,100,3,8,-0.425505381307823
26,B,100,3,9,-0.3161129018330024
26,B,100,3,10,-0.1116308177595597
26,B,100,3,11,-0.038972557713438945
26,B,100,3,12,-0.031478805574590915
26,B,100,3,13,-0.041153450811408344
26,B,100,3,14,-0.04320379268265127
26,B,100,3,15,-0.023077487413143343
26,B,100,3,16,0.07131589426614922
26,B,100,3,17,0.07153772048614611
26,B,100,3,18,-0.012809236625537542
26,B,100,3,19,-0.08698090380246222
26,B,100,3,20,0.08447444862038271
26,B,100,3,21,0.06246386364042524
26,B,100,3,22,0.05770786628525826
26,B,100,3,23,0.0735397753642893
26,B,100,3,24,0.01815086812186792
26,B,100,3,25,0.12028126725842381
26,B,100,3,26,0.14968989470530078
26,B,100,3,27,-0.04222180329320999
26,B,100,3,28,0.10646028726071684
26,B,100,3,29,0.04573328370979
26,B,100,4,0,0.5546691572163983
26,B,100,4,1,-0.37029585134630916
26,B,100,4,2,0.04887039353380941
26,B,100,4,3,0.23822739998606055
26,B,100,4,4,-0.015393518514254812
26,B,100,4,5,0.8968012342115824
26,B,100,4,6,0.12239166149569622
26,B,100,4,7,-0.20327275258737512
26,B,100,4,8,0.2332071627322329
26,B,100,4,9,-0.04418859775295422
26,B,100,4,10,-0.03013587062954121
26,B,100,4,11,0.36741380799005574
26,B,100,4,12,0.33864799651635297
26,B,100,4,13,-0.03657226274851106
26,B,100,4,14,0.07285558984191497
26,B,100,4,15,0.11625635438935093
26,B,100,4,16,-0.1626911435147797
26,B,100,4,17,0.06080771535900765
26,B,100,4,18,0.03196435444095896
26,B,100,4,19,0.11326998130689218
26,B,100,4,20,0.05086136829192784
26,B,100,4,21,-0.26163726582659624
26,B,100,4,22,-0.33698185863708313
26,B,100,4,23,0.14159572400590267
26,B,100,4,24,0.22255433989060067
26,B,100,4,25,0.530025175197892
26,B,100,4,26,0.6959032001231682
26,B,100,4,27,0.03223196706904789
26,B,100,4,28,0.14287121781769457
26,B,100,4,29,0.06504564485290551
26,B,100,5,0,1.0504159864984475
26,B,100,5,1,0.7616114765751282
26,B,100,5,2,0.5854153704630427
26,B,100,5,3,0.25997813429398337
26,B,100,5,4,1.0430231924350293
26,B,100,5,5,0.3582776583005862
26,B,100,5,6,0.735149350596263
26,B,100,5,7,1.2095059033235178
26,B,100,5,8,0.5440219214105578
26,B,100,5,9,1.3693959554830721
26,B,100,5,10,1.2439299043975198
26,B,100,5,11,0.642845803438209
26,B,100,5,12,0.9320152073668325
26,B,100,5,13,0.7560417338039317
26,B,100,5,14,1.157778352551569
26,B,100,5,15,0.297144740973128
26,B,100,5,16,0.5727089819529751
26,B,100,5,17,0.1293865623026136
26,B,100,5,18,0.7359982334564512
26,B,100,5,19,0.3526845110801793
26,B,100,5,20,0.7116976535664131
26,B,100,5,21,0.7739246503671188
26,B,100,5,22,1.4314972157064747
26,B,100,5,23,1.0090364506589846
26,B,100,5,24,1.0694837164837145
26,B,100,5,25,0.996563381619004
26,B,100,5,26,0.8313033253913674
26,B,100,5,27,0.11504044587483067
26,B,100,5,28,0.8298255488585176
26,B,100,5,29,0.9654067713213158
26,B,100,6,0,0.08110315951518225
26,B,100,6,1,-0.004985653882415899
26,B,100,6,2,0.1938692770148651
26,B,100,6,3,0.26677088099899365
26,B,100,6,4,0.06220915848444884
26,B,100,6,5,-0.0885827250307445
26,B,100,6,6,0.3145669825829902
26,B,100,6,7,0.22310890720453688
26,B,100,6,8,-0.032994218875836576
26,B,100,6,9,0.17678192993948658
26,B,100,6,10,-0.23045363493347568
26,B,100,6,11,-0.07400193359165425
26,B,100,6,12,0.33687797980580486
26,B,100,6,13,-0.12582966324493028
26,B,100,6,14,0.012951177441245739
26,B,100,6,15,0.03940574624286295
26,B,100,6,16,0.2531483132130317
26,B,100,6,17,0.32397406162435155
26,B,100,6,18,0.229789281574315
26,B,100,6,19,-0.12310505153832259
26,B,100,6,20,0.00505682130731591
26,B,100,6,21,0.11606676721431097
26,B,100,6,22,-0.17556255498638662
26,B,100,6,23,0.3077808728772181
26,B,100,6,24,0.07268050908845733
26,B,100,6,25,0.15400671033404054
26,B,100,6,26,0.13923842789743884
26,B,100,6,27,0.3340960947089212
26,B,100,6,28,0.3175755960089959
26,B,100,6,29,0.12626874321440335
26,B,100,7,0,0.678938958257094
26,B,100,7,1,0.47558861902444627
26,B,100,7,2,0.6928792796262611
26,B,100,7,3,0.6872872538312927
26,B,100,7,4,1.0741429143969399
26,B,100,7,5,0.5457498556122131
26,B,100,7,6,0.9309406242580659
26,B,100,7,7,0.6408530511920765
26,B,100,7,8,0.3286754278312028
26,B,100,7,9,0.4102578026050972
26,B,100,7,10,1.149370897477189
26,B,100,7,11,0.9116756796347923
26,B,100,7,12,0.7038003111460968
26,B,100,7,13,0.6425047937353073
26,B,100,7,14,1.2965976863136959
26,B,100,7,15,0.7263602605983634
26,B,100,7,16,0.31557784120961696
26,B,100,7,17,0.5459448001911349
26,B,100,7,18,0.8335264210986151
26,B,100,7,19,1.2126944007925033
26,B,100,7,20,1.2088427749667061
26,B,100,7,21,0.649612795595066
26,B,100,7,22,1.192073100783502
26,B,100,7,23,1.0391574579310199
26,B,100,7,24,0.781676752736979
26,B,100,7,25,0.48867618731347734
26,B,100,7,26,0.40789886897769084
26,B,100,7,27,0.5645680943639534
26,B,100,7,28,0.5021121252943315
26,B,100,7,29,0.9774104861429087
26,B,100,8,0,1.4651656796306678
26,B,100,8,1,1.3172313446497605
26,B,100,8,2,1.1451652927975446
26,B,100,8,3,1.4038019478086903
26,B,100,8,4,0.8333829810807323
26,B,100,8,5,1.1328409388860103
26,B,100,8,6,1.126671477434794
26,B,100,8,7,0.8988863839950157
26,B,100,8,8,0.8838819171699382
26,B,100,8,9,1.4731470594314136
26,B,100,8,10,0.82544430561094
26,B,100,8,11,0.6244580900726997
26,B,100,8,12,0.9512690354193635
26,B,100,8,13,1.3502021057464968
26,B,100,8,14,0.5577962234636904
26,B,100,8,15,0.446121491834845
26,B,100,8,16,1.2099555140111
26,B,100,8,17,0.7153798284685423
26,B,100,8,18,1.0273074996264144
26,B,100,8,19,0.9225825908963129
26,B,100,8,20,1.3267355329306492
26,B,100,8,21,1.2924889965164066
26,B,100,8,22,0.830385685228529
26,B,100,8,23,0.8759654343692497
26,B,100,8,24,0.9363850334040684
26,B,100,8,25,0.9701071214735534
26,B,100,8,26,0.6415726600785271
26,B,100,8,27,1.005357848345633
26,B,100,8,28,1.4292466276235944
26,B,100,8,29,1.1517208153264409
26,B,100,9,0,-0.3037806997346576
26,B,100,9,1,0.5511945015267189
26,B,100,9,2,0.22416974490202088
26,B,100,9,3,0.048228261635725654
26,B,100,9,4,-0.11984225594363408
26,B,100,9,5,-0.14024057527515377
26,B,100,9,6,0.05947804027356669
26,B,100,9,7,-0.27530604544279824
26,B,100,9,8,0.10733611467335431
26,B,100,9,9,0.044769926316755554
26,B,100,9,10,0.6638185912652023
26,B,100,9,11,0.03376797487387002
26,B,100,9,12,-0.11805204067345383
26,B,100,9,13,0.01305478311789263
26,B,100,9,14,0.008191141561053347
26,B,100,9,15,0.1984011482514937
26,B,100,9,16,0.16544363524044087
26,B,100,9,17,-0.16388896701846997
26,B,100,9,18,0.0253984635747087
26,B,100,9,19,0.1044365864910804
26,B,100,9,20,0.011749057065272945
26,B,100,9,21,-0.016520871716330404
26,B,100,9,22,-0.24155915187791374
26,B,100,9,23,0.05354934725690099
26,B,100,9,24,0.6067976370584937
26,B,100,9,25,0.20634317095281768
26,B,100,9,26,0.1700664582872199
26,B,100,9,27,-0.0262468245489413
26,B,100,9,28,-0.33085442964079625
26,B,100,9,29,-0.02448864868167247
27,A,0.05,0,0,-0.4941484672750332
27,A,0.05,0,1,-0.30088418351756263
27,A,0.05,0,2,-0.6578155742892355
27,A,0.05,0,3,-0.5534054527430224
27,A,0.05,0,4,-0.4147428788898016
27,A,0.05,0,5,-0.3878771303578522
27,A,0.05,0,6,-0.40763540857819175
27,A,0.05,0,7,-0.043626199886983345
27,A,0.05,0,8,-0.3105192489750106
27,A,0.05,0,9,-0.1860259839509163
27,A,0.05,0,10,-0.44307349319223704
27,A,0.05,0,11,-0.47294909456834844
27,A,0.05,0,12,-0.21743214482208556
27,A,0.05,0,13,-0.4129753825479733
27,A,0.05,0,14,-0.4067730148810261
27,A,0.05,0,15,-0.3260905667636878
27,A,0.05,0,16,-0.5116249963086962
27,A,0.05,0,17,-0.8306997107483259
27,A,0.05,0,18,-0.14923351748643385
27,A,0.05,0,19,-0.07520116246740999
27,A,0.05,0,20,-0.4736627415539692
27,A,0.05,0,21,-0.2181005175789995
27,A,0.05,0,22,-0.34356945577729003
27,A,0.05,0,23,-0.07506932726584392
27,A,0.05,0,24,-0.3028923887538926
27,A,0.05,0,25,-0.6149365308955063
27,A,0.05,0,26,-0.6075591841074749
27,A,0.05,0,27,-0.49810919568223955
27,A,0.05,0,28,-0.10563318954512782
27,A,0.05,0,29,-0.08475908612169043
27,A,0.05,1,0,-1.764407911165085
27,A,0.05,1,1,-1.7347787071712355
27,A,0.05,1,2,-1.5823042845929631
27,A,0.05,1,3,-2.004477290756079
27,A,0.05,1,4,-1.5530537621269342
27,A,0.05,1,5,-1.428631941928584
27,A,0.05,1,6,-1.7555196969479423
27,A,0.05,1,7,-1.6038585787890547
27,A,0.05,1,8,-1.5381772250023484
27,A,0.05,1,9,-1.5019126673757979
27,A,0.05,1,10,-1.9496072727943463
27,A,0.05,1,11,-1.7246401871418182
27,A,0.05,1,12,-1.696529993418519
27,A,0.05,1,13,-1.519922861091777
27,A,0.05,1,14,-1.7295891073961918
27,A,0.05,1,15,-1.6216189022968608
27,A,0.05,1,16,-1.8036923054834475
27,A,0.05,1,17,-1.844999178957052
27,A,0.05,1,18,-1.6219070576331938
27,A,0.05,1,19,-1.8661985780665604
27,A,0.05,1,20,-1.941693683663001
27,A,0.05,1,21,-1.7082750338236785
27,A,0.05,1,22,-1.6901534153061821
27,A,0.05,1,23,-1.6801896910276126
27,A,0.05,1,24,-1.5879101272860188
27,A,0.05,1,25,-1.246656022198973
27,A,0.05,1,26,-1.555186373513016
27,A,0.05,1,27,-1.8550887488200327
27,A,0.05,1,28,-1.8238196638257032
27,A,0.05,1,29,-1.6842739659676285
27,A,0.05,2,0,0.8775072277279753
27,A,0.05,2,1,0.9202307432889308
27,A,0.05,2,2,0.72729782088672
27,A,0.05,2,3,0.944489128101228
27,A,0.05,2,4,0.6652412499079341
27,A,0.05,2,5,0.9088630121494665
27,A,0.05,2,6,0.8173724323016428
27,A,0.05,2,7,0.6022378752354179
27,A,0.05,2,8,0.7339225470797957
27,A,0.05,2,9,0.7050658794551907
27,A,0.05,2,10,0.751190507155021
27,A,0.05,2,11,0.9566646787595898
27,A,0.05,2,12,0.7191761090358483
27,A,0.05,2,13,1.0113738382012805
27,A,0.05,2,14,0.5398569227619937
27,A,0.05,2,15,0.8326553900767375
27,A,0.05,2,16,1.1197106177839382
27,A,0.05,2,17,0.9618033105223052
27,A,0.05,2,18,1.0152166048378641
27,A,0.05,2,19,0.8542655638373293
27,A,0.05,2,20,0.6870721319877997
27,A,0.05,2,21,0.9485330074502811
27,A,0.05,2,22,1.064905310950214
27,A,0.05,2,23,0.737117402320212
27,A,0.05,2,24,1.1291340781429156
27,A,0.05,2,25,0.7610498651349181
27,A,0.05,2,26,1.0313034686093359
27,A,0.05,2,27,0.9424820633489746
27,A,0.05,2,28,0.8242353774719516
27,A,0.05,2,29,0.7502550293299832
27,A,0.05,3,0,0.9872709530400505
27,A,0.05,3,1,1.1452483917362248
27,A,0.05,3,2,0.7854616712937259
27,A,0.05,3,3,0.7028525715954077
27,A,0.05,3,4,1.0995084638861725
27,A,0.05,3,5,0.9822247931058304
27,A,0.05,3,6,0.4917056435506747
27,A,0.05,3,7,0.7176891566641069
27,A,0.05,3,8,0.6886866832601104
27,A,0.05,3,9,1.3380625089775382
27,A,0.05,3,10,0.5597187920251628
27,A,0.05,3,11,0.40280409643161175
27,A,0.05,3,12,0.26491263385849756
27,A,0.05,3,13,0.9381874085006638
27,A,0.05,3,14,0.3940429375688021
27,A,0.05,3,15,0.6660862714139968
27,A,0.05,3,16,0.6233948956426031
27,A,0.05,3,17,0.7508681475220592
27,A,0.05,3,18,0.7438630276562446
27,A,0.05,3,19,0.8701940704395785
27,A,0.05,3,20,0.27565207561207394
27,A,0.05,3,21,0.3789708298297743
27,A,0.05,3,22,1.1604670452457877
27,A,0.05,3,23,0.8701556682613972
27,A,0.05,3,24,1.1530434140071288
27,A,0.05,3,25,0.6193083743240381
27,A,0.05,3,26,0.7465231790532257
27,A,0.05,3,27,0.5590948744529264
27,A,0.05,3,28,0.20912252606158468
27,A,0.05,3,29,0.41361922708358206
27,A,0.05,4,0,0.621090950204653
27,A,0.05,4,1,0.8529832366188642
27,A,0.05,4,2,1.5222597827911035
27,A,0.05,4,3,1.3236573239629266
27,A,0.05,4,4,1.847515964204009
27,A,0.05,4,5,1.3530687076406458
27,A,0.05,4,6,1.550053003541886
27,A,0.05,4,7,1.1466181989917952
27,A,0.05,4,8,1.3036687134079838
27,A,0.05,4,9,1.7207030802962555
27,A,0.05,4,10,1.2715194127403415
27,A,0.05,4,11,1.9965691803521355
27,A,0.05,4,12,2.175855124446304
27,A,0.05,4,13,1.3018166260719937
27,A,0.05,4,14,1.670324547005598
27,A,0.05,4,15,0.9634530318050805
27,A,0.05,4,16,1.6855143889898407
27,A,0.05,4,17,1.5036898758757666
27,A,0.05,4,18,1.1294554866007231
27,A,0.05,4,19,0.5698884133179498
27,A,0.05,4,20,1.8000628176821722
27,A,0.05,4,21,1.2637007298016474
27,A,0.05,4,22,1.2230211379045082
27,A,0.05,4,23,1.2322403180593147
27,A,0.05,4,24,1.5243054887260514
27,A,0.05,4,25,1.0453676889171744
27,A,0.05,4,26,1.3429942057785442
27,A,0.05,4,27,1.529919298952385
27,A,0.05,4,28,1.388422877924489
27,A,0.05,4,29,2.010295983932594
27,A,0.05,5,0,0.46007534935510785
27,A,0.05,5,1,0.43197821706966516
27,A,0.05,5,2,0.15340601854255176
27,A,0.05,5,3,0.4179941135048764
27,A,0.05,5,4,0.49030250713271906
27,A,0.05,5,5,0.22064634599252847
27,A,0.05,5,6,0.37231138125563723
27,A,0.05,5,7,0.3584326914914953
27,A,0.05,5,8,0.7874853235983728
27,A,0.05,5,9,0.7484465998919875
27,A,0.05,5,10,0.16703476250874028
27,A,0.05,5,11,0.6570879994126007
27,A,0.05,5,12,0.5026749361638585
27,A,0.05,5,13,0.8928953284114752
27,A,0.05,5,14,0.4157634508077563
27,A,0.05,5,15,0.3903491804162615
27,A,0.05,5,16,0.3678203578437236
27,A,0.05,5,17,0.675510489734108
27,A,0.05,5,18,0.6329995595144325
27,A,0.05,5,19,0.3781787057418299
27,A,0.05,5,20,0.664056196392038
27,A,0.05,5,21,0.9177542088498427
27,A,0.05,5,22,0.39089263531875
27,A,0.05,5,23,0.9630332000324883
27,A,0.05,5,24,0.2696489802085891
27,A,0.05,5,25,0.815732178290151
27,A,0.05,5,26,0.445276911645173
27,A,0.05,5,27,0.8585038231131248
27,A,0.05,5,28,0.9508367777306238
27,A,0.05,5,29,0.598125395600354
27,A,0.05,6,0,1.33842982362353
27,A,0.05,6,1,1.3793941439657498
27,A,0.05,6,2,1.0248208680886437
27,A,0.05,6,3,0.7904114250127129
27,A,0.05,6,4,0.43877841448737137
27,A,0.05,6,5,1.2784498032396305
27,A,0.05,6,6,0.19094478625132236
27,A,0.05,6,7,0.9624930214739508
27,A,0.05,6,8,0.7800172107615942
27,A,0.05,6,9,0.9981705261256562
27,A,0.05,6,10,0.7709466291342921
27,A,0.05,6,11,0.6931610417137545
27,A,0.05,6,12,1.445200799808164
27,A,0.05,6,13,0.7469416762555141
27,A,0.05,6,14,0.9535680390278145
27,A,0.05,6,15,1.3894635007253076
27,A,0.05,6,16,0.9332511422666813
27,A,0.05,6,17,1.383292729402708
27,A,0.05,6,18,0.02663973619123439
27,A,0.05,6,19,1.418284731202859
27,A,0.05,6,20,0.4785209921247463
27,A,0.05,6,21,1.0417699966637026
27,A,0.05,6,22,0.9839457461650828
27,A,0.05,6,23,0.9761388578799145
27,A,0.05,6,24,1.31304669380838
27,A,0.05,6,25,1.308014210601588
27,A,0.05,6,26,1.0291471547535462
27,A,0.05,6,27,1.3520197699947776
27,A,0.05,6,28,0.9059483796476401
27,A,0.05,6,29,1.1583203361844843
27,A,0.05,7,0,0.014192157268371357
27,A,0.05,7,1,0.07218787707440534
27,A,0.05,7,2,-0.017126352401118726
27,A,0.05,7,3,0.21366512626672393
27,A,0.05,7,4,0.10886479300425274
27,A,0.05,7,5,-0.009544520070252352
27,A,0.05,7,6,0.26269411664211634
27,A,0.05,7,7,-0.5320107070750537
27,A,0.05,7,8,-0.10162847001106065
27,A,0.05,7,9,-0.1369261030362628
27,A,0.05,7,10,-0.2323214001924605
27,A,0.05,7,11,-0.6977314865266548
27,A,0.05,7,12,0.5545665850518523
27,A,0.05,7,13,-0.16415725588130733
27,A,0.05,7,14,-0.3454340678037534
27,A,0.05,7,15,0.04867612605019494
27,A,0.05,7,16,0.22317000871801557
27,A,0.05,7,17,-0.3446934133061421
27,A,0.05,7,18,-0.11978807185080183
27,A,0.05,7,19,0.475993771797263
27,A,0.05,7,20,-0.05107725797415066
27,A,0.05,7,21,-0.01237985493129035
27,A,0.05,7,22,0.05051577941339117
27,A,0.05,7,23,-0.5282595836228949
27,A,0.05,7,24,-0.1719483501390715
27,A,0.05,7,25,-0.2571572292223569
27,A,0.05,7,26,-0.3619088237529282
27,A,0.05,7,27,-0.12857459866610796
27,A,0.05,7,28,0.4717840380802204
27,A,0.05,7,29,-0.016328071584192166
27,A,0.05,8,0,0.6005412468564376
27,A,0.05,8,1,0.8361917423934605
27,A,0.05,8,2,0.9426238536118305
27,A,0.05,8,3,0.8870907978288287
27,A,0.05,8,4,0.7798332766437372
27,A,0.05,8,5,1.1227614414339278
27,A,0.05,8,6,0.8755353051315802
27,A,0.05,8,7,0.721029161445147
27,A,0.05,8,8,0.3725673140004448
27,A,0.05,8,9,-0.2642316414640799
27,A,0.05,8,10,1.0002831438072501
27,A,0.05,8,11,1.0914539008647253
27,A,0.05,8,12,0.8133038162039792
27,A,0.05,8,13,0.5444339032961791
27,A,0.05,8,14,0.9121778838617135
27,A,0.05,8,15,0.8337479626139865
27,A,0.05,8,16,0.5111634717122107
27,A,0.05,8,17,0.9397661797405881
27,A,0.05,8,18,0.7724461201632303
27,A,0.05,8,19,0.9460760398553234
27,A,0.05,8,20,0.8297794914143555
27,A,0.05,8,21,0.9602448070039391
27,A,0.05,8,22,0.9177979907208567
27,A,0.05,8,23,1.0184539752753596
27,A,0.05,8,24,0.8259083303361722
27,A,0.05,8,25,0.9629774237919586
27,A,0.05,8,26,0.910096298931224
27,A,0.05,8,27,0.9377095752525448
27,A,0.05,8,28,0.6788473505726004
27,A,0.05,8,29,0.8372435821220785
27,A,0.05,9,0,2.0095077165533977
27,A,0.05,9,1,2.186117450276206
27,A,0.05,9,2,1.349976338215315
27,A,0.05,9,3,2.477474670322013
27,A,0.05,9,4,1.9139714058484953
27,A,0.05,9,5,1.619560444668277
27,A,0.05,9,6,2.088520518418691
27,A,0.05,9,7,1.7468602271287765
27,A,0.05,9,8,1.9918772019181734
27,A,0.05,9,9,1.4328123191851472
27,A,0.05,9,10,1.5700536714413544
27,A,0.05,9,11,2.208612142165718
27,A,0.05,9,12,2.0924580256397345
27,A,0.05,9,13,2.2150869659311683
27,A,0.05,9,14,1.5813456422259793
27,A,0.05,9,15,1.6660443892829866
27,A,0.05,9,16,1.8362413462516864
27,A,0.05,9,17,1.8225994650691106
27,A,0.05,9,18,1.5493538807558176
27,A,0.05,9,19,2.265685476236973
27,A,0.05,9,20,2.019948189132323
27,A,0.05,9,21,1.7787867289015022
27,A,0.05,9,22,1.6393953926347342
27,A,0.05,9,23,1.6152955737584405
27,A,0.05,9,24,1.3938611065858866
27,A,0.05,9,25,1.3036657651497845
27,A,0.05,9,26,1.4000392557372183
27,A,0.05,9,27,1.8847436735771497
27,A,0.05,9,28,2.087862802394756
27,A,0.05,9,29,2.773073604780523
27,B,100,0,0,1.020279358571247
27,B,100,0,1,0.2890754485429148
27,B,100,0,2,0.8986961183155053
27,B,100,0,3,0.7959267187561123
27,B,100,0,4,0.8469140106683087
27,B,100,0,5,0.9048322635371179
27,B,100,0,6,0.25100752956425526
27,B,100,0,7,0.7123629131530348
27,B,100,0,8,0.7939115997210521
27,B,100,0,9,0.9335642403925567
27,B,100,0,10,0.818581223356097
27,B,100,0,11,1.1700710022531395
27,B,100,0,12,1.0448774488618453
27,B,100,0,13,1.1780468452555966
27,B,100,0,14,0.18059237064569508
27,B,100,0,15,0.388003054186082
27,B,100,0,16,1.299066634848058
27,B,100,0,17,1.3570703286999328
27,B,100,0,18,0.2605844767514624
27,B,100,0,19,1.0221492064763962
27,B,100,0,20,1.0955445703911022
27,B,100,0,21,0.45838119037224156
27,B,100,0,22,1.1088936951066315
27,B,100,0,23,0.3476133634636174
27,B,100,0,24,0.3285391271557399
27,B,100,0,25,1.1278722674751456
27,B,100,0,26,0.9682382235922432
27,B,100,0,27,0.6675932119937784
27,B,100,0,28,1.0584111092682777
27,B,100,0,29,0.637475877394347
27,B,100,1,0,0.348145994584606
27,B,100,1,1,0.5713169910333193
27,B,100,1,2,0.30302083589615014
27,B,100,1,3,0.35182765472793714
27,B,100,1,4,0.36546117182053717
27,B,100,1,5,0.42300414967456207
27,B,100,1,6,0.38691069424354285
27,B,100,1,7,0.40198771192888383
27,B,100,1,8,0.532562473724144
27,B,100,1,9,0.44776745749239616
27,B,100,1,10,0.4685949460426129
27,B,100,1,11,0.37435383683331847
27,B,100,1,12,0.24840222590579303
27,B,100,1,13,0.1638228166725854
27,B,100,1,14,0.3961043480262926
27,B,100,1,15,0.2843162586385751
27,B,100,1,16,0.16037866005869122
27,B,100,1,17,0.23626408512765545
27,B,100,1,18,0.1551474078827905
27,B,100,1,19,0.3074864202713745
27,B,100,1,20,0.7279087959886018
27,B,100,1,21,0.4059601610133883
27,B,100,1,22,0.3860957024251304
27,B,100,1,23,0.3594653587471793
27,B,100,1,24,0.5558434448254207
27,B,100,1,25,0.47516273729949415
27,B,100,1,26,0.4744615910558564
27,B,100,1,27,0.35292814780678305
27,B,100,1,28,0.6399225678941435
27,B,100,1,29,0.4965110069498577
27,B,100,2,0,0.36522156187677934
27,B,100,2,1,0.30835893799205616
27,B,100,2,2,0.15175224538796156
27,B,100,2,3,0.184811606055012
27,B,100,2,4,0.22624958349591162
27,B,100,2,5,0.2588133545466429
27,B,100,2,6,0.13450683784196882
27,B,100,2,7,0.03896382585592355
27,B,100,2,8,0.2528338689882579
27,B,100,2,9,0.1250575574181228
27,B,100,2,10,0.40347195787268303
27,B,100,2,11,0.31695922914997315
27,B,100,2,12,0.24182478152044046
27,B,100,2,13,0.4605555844679387
27,B,100,2,14,1.0421254150517967
27,B,100,2,15,1.5350953869409008
27,B,100,2,16,1.2427691181242673
27,B,100,2,17,1.2719793037028555
27,B,100,2,18,1.5998262009325714
27,B,100,2,19,1.416734822898022
27,B,100,2,20,0.9381594117335786
27,B,100,2,21,1.4836961829617403
27,B,100,2,22,0.41750224261238195
27,B,100,2,23,1.3542287232360004
27,B,100,2,24,1.2191909475069838
27,B,100,2,25,0.019377600854451876
27,B,100,2,26,1.7249988054181806
27,B,100,2,27,1.6618629310080937
27,B,100,2,28,1.6178134839255722
27,B,100,2,29,1.203297836149589
27,B,100,3,0,-0.037338668194787906
27,B,100,3,1,-0.1504945758265059
27,B,100,3,2,-0.3185897311979185
27,B,100,3,3,-0.05199686645110243
27,B,100,3,4,-0.039890281793499696
27,B,100,3,5,-0.04312528141904
27,B,100,3,6,-0.18563186715673893
27,B,100,3,7,-0.2205808783644236
27,B,100,3,8,-0.06403547068815776
27,B,100,3,9,-0.2751573072316109
27,B,100,3,10,-0.052878450367588044
27,B,100,3,11,-0.17348420064918138
27,B,100,3,12,-0.025956963422403556
27,B,100,3,13,-0.22020303990695778
27,B,100,3,14,-0.027012217448264597
27,B,100,3,15,-0.3117251012058151
27,B,100,3,16,-0.08832237326275824
27,B,100,3,17,-0.060752748159890804
27,B,100,3,18,-0.026938825065432218
27,B,100,3,19,-0.052608833421361335
27,B,100,3,20,-0.03827705195144926
27,B,100,3,21,-0.021144184756329076
27,B,100,3,22,-0.05575367142776358
27,B,100,3,23,-0.28047486942639444
27,B,100,3,24,-0.11682449437489763
27,B,100,3,25,-0.08094605788010517
27,B,100,3,26,0.2516443231225145
27,B,100,3,27,-0.37492375087873175
27,B,100,3,28,-0.03306288645703061
27,B,100,3,29,-0.3885588263673715
27,B,100,4,0,-0.1508855752847864
27,B,100,4,1,1.1711534195739297
27,B,100,4,2,-0.21039482706572613
27,B,100,4,3,0.4611301120946048
27,B,100,4,4,0.537437763577863
27,B,100,4,5,0.28091759491647295
27,B,100,4,6,0.2052090190860456
27,B,100,4,7,0.3348833929723874
27,B,100,4,8,0.617571579960078
27,B,100,4,9,0.3681416599518175
27,B,100,4,10,0.643206111617175
27,B,100,4,11,0.49365346730838394
27,B,100,4,12,0.3711697365602243
27,B,100,4,13,0.11227640836519538
27,B,100,4,14,-0.17489372424429536
27,B,100,4,15,-0.0969496903648042
27,B,100,4,16,-0.8208048392828332
27,B,100,4,17,-0.34066422377127903
27,B,100,4,18,0.002219971202115991
27,B,100,4,19,0.5261918143691935
27,B,100,4,20,0.714697972416264
27,B,100,4,21,1.9873643381997566
27,B,100,4,22,-0.05083002442339208
27,B,100,4,23,0.5362211332828567
27,B,100,4,24,0.19541666710947167
27,B,100,4,25,0.5322381056907997
27,B,100,4,26,0.021423944468982208
27,B,100,4,27,0.15340807984509902
27,B,100,4,28,0.6765063215571193
27,B,100,4,29,0.4309796431817856
27,B,100,5,0,0.809141239135409
27,B,100,5,1,0.1609604422151368
27,B,100,5,2,0.9815505183833483
27,B,100,5,3,0.6332386705798345
27,B,100,5,4,0.5875092000442549
27,B,100,5,5,0.7578617407741559
27,B,100,5,6,0.6278009260358909
27,B,100,5,7,1.4243505230651439
27,B,100,5,8,1.079161057519723
27,B,100,5,9,0.7088748842201702
27,B,100,5,10,1.0786683199392026
27,B,100,5,11,1.3684032212026522
27,B,100,5,12,1.4097272123930427
27,B,100,5,13,-4.977193605427548e-05
27,B,100,5,14,1.2226692224363485
27,B,100,5,15,0.9129930046559592
27,B,100,5,16,1.213211957499532
27,B,100,5,17,0.1122115884171259
27,B,100,5,18,0.2580156098393899
27,B,100,5,19,-0.02465947345158646
27,B,100,5,20,-0.1549077777941852
27,B,100,5,21,0.7269339664685177
27,B,100,5,22,1.2069653601209305
27,B,100,5,23,0.979778605335787
27,B,100,5,24,0.5472936364281346
27,B,100,5,25,1.2912052934994944
27,B,100,5,26,0.4356250000136721
27,B,100,5,27,0.9229647120304907
27,B,100,5,28,1.0538335204195608
27,B,100,5,29,0.6965618758071197
27,B,100,6,0,-0.9649180232925578
27,B,100,6,1,-0.6415796623606302
27,B,100,6,2,-0.7408971069707604
27,B,100,6,3,-1.3337418946599597
27,B,100,6,4,-0.8049431036151872
27,B,100,6,5,-0.4825145742134264
27,B,100,6,6,-0.6589593203447025
27,B,100,6,7,-0.48068141041765516
27,B,100,6,8,-0.5585003662169991
27,B,100,6,9,-0.958092901542257
27,B,100,6,10,-0.9459031307417302
27,B,100,6,11,-0.9425748050038826
27,B,100,6,12,-0.6822553036445362
27,B,100,6,13,-0.6290072613182726
27,B,100,6,14,-0.7327777959124715
27,B,100,6,15,-0.8160526907086685
27,B,100,6,16,-0.952567096237352
27,B,100,6,17,-1.1023911939137672
27,B,100,6,18,-0.5581108732690628
27,B,100,6,19,-0.45695844186784323
27,B,100,6,20,-0.8053821766884767
27,B,100,6,21,-0.5095850030065412
27,B,100,6,22,-0.525806593964927
27,B,100,6,23,-0.7733737559268123
27,B,100,6,24,-0.8184980692775946
27,B,100,6,25,-0.8740060283999136
27,B,100,6,26,-0.8087989828624769
27,B,100,6,27,-0.5769809929810061
27,B,100,6,28,-0.6307713106246411
27,B,100,6,29,-0.5315554096069577
27,B,100,7,0,0.17067296195790937
27,B,100,7,1,0.6972228980379014
27,B,100,7,2,1.6048600307721932
27,B,100,7,3,0.8235752996677692
27,B,100,7,4,0.49400903837189386
27,B,100,7,5,0.6069350956687111
27,B,100,7,6,1.0828886971060043
27,B,100,7,7,0.12569509740201404
27,B,100,7,8,0.159688795093325
27,B,100,7,9,-0.2078464094415948
27,B,100,7,10,0.39879349950167886
27,B,100,7,11,0.6538904360144331
27,B,100,7,12,0.6225587547681922
27,B,100,7,13,0.36075650387202907
27,B,100,7,14,0.15231290588279048
27,B,100,7,15,0.60881698862904
27,B,100,7,16,0.06937406678809613
27,B,100,7,17,0.49845670198222536
27,B,100,7,18,0.2400883701001029
27,B,100,7,19,-0.046883050017654165
27,B,100,7,20,0.4827741159164647
27,B,100,7,21,-0.3826191691696775
27,B,100,7,22,0.39385805392820455
27,B,100,7,23,-0.3335910520737034
27,B,100,7,24,0.5390138071853317
27,B,100,7,25,0.5233777975564772
27,B,100,7,26,0.5094605076666496
27,B,100,7,27,0.292584252218382
27,B,100,7,28,0.42300721724100954
27,B,100,7,29,0.8996647516917332
27,B,100,8,0,0.6913295384445755
27,B,100,8,1,0.8829494419311407
27,B,100,8,2,0.8577446782197329
27,B,100,8,3,0.8065078574846166
27,B,100,8,4,0.8433055884458329
27,B,100,8,5,0.6515667622311397
27,B,100,8,6,0.3415435965732611
27,B,100,8,7,0.410182826927699
27,B,100,8,8,0.6877751615441429
27,B,100,8,9,0.3905453216031466
27,B,100,8,10,0.592853072828472
27,B,100,8,11,0.7559707693827921
27,B,100,8,12,0.8005410025263543
27,B,100,8,13,0.6227124819079962
27,B,100,8,14,0.5181435635844464
27,B,100,8,15,0.9483651620276407
27,B,100,8,16,0.78823575968741
27,B,100,8,17,0.652390688261436
27,B,100,8,18,1.1283083433788859
27,B,100,8,19,0.8203874323702159
27,B,100,8,20,0.9489724044267254
27,B,100,8,21,0.9213461679274412
27,B,100,8,22,0.5490986643768196
27,B,100,8,23,0.8962525838642456
27,B,100,8,24,0.8279683560014393
27,B,100,8,25,0.9684523314729131
27,B,100,8,26,0.5429392636545741
27,B,100,8,27,0.2887499111152325
27,B,100,8,28,0.9980273902373049
27,B,100,8,29,0.5731545443447201
27,B,100,9,0,0.4004326576131652
27,B,100,9,1,0.8961230689639296
27,B,100,9,2,1.055028519424157
27,B,100,9,3,1.832291801928686
27,B,100,9,4,1.508750726668112
27,B,100,9,5,1.3571100884410443
27,B,100,9,6,1.121042964215584
27,B,100,9,7,2.051095361649314
27,B,100,9,8,0.2833231702818558
27,B,100,9,9,1.6156020667745878
27,B,100,9,10,1.758752901402978
27,B,100,9,11,1.2970210498044064
27,B,100,9,12,0.7406721666944489
27,B,100,9,13,1.5937592074918463
27,B,100,9,14,0.7675414564285999
27,B,100,9,15,0.34948676255585853
27,B,100,9,16,0.6554553860949192
27,B,100,9,17,2.1589559025805096
27,B,100,9,18,1.7468494358586302
27,B,100,9,19,2.097617108784942
27,B,100,9,20,1.8797858546503259
27,B,100,9,21,1.4759439763179047
27,B,100,9,22,1.244958371279833
27,B,100,9,23,1.4626670198425331
27,B,100,9,24,2.317752908667513
27,B,100,9,25,1.869309269367695
27,B,100,9,26,0.9994605893236586
27,B,100,9,27,0.8629214504490982
27,B,100,9,28,0.9837030650113804
27,B,100,9,29,1.3802018443281834
28,A,0.05,0,0,-0.43616529025668066
28,A,0.05,0,1,-0.506012694505021
28,A,0.05,0,2,-0.6102296013913354
28,A,0.05,0,3,-0.39173473817136606
28,A,0.05,0,4,0.10845158798113066
28,A,0.05,0,5,-0.4266526365317423
28,A,0.05,0,6,-0.7793076772997239
28,A,0.05,0,7,-0.5491297439932419
28,A,0.05,0,8,-0.41423763386523405
28,A,0.05,0,9,-0.5838191054884285
28,A,0.05,0,10,-0.3534231402058158
28,A,0.05,0,11,-0.3580434220303382
28,A,0.05,0,12,-0.16916674657361574
28,A,0.05,0,13,-0.2987320458904842
28,A,0.05,0,14,-0.43628061909118976
28,A,0.05,0,15,-0.32540589124649644
28,A,0.05,0,16,-1.0754996562864267
28,A,0.05,0,17,-0.5615313959619399
28,A,0.05,0,18,-0.41136071888589815
28,A,0.05,0,19,-0.8245902616259408
28,A,0.05,0,20,-0.5388874006799328
28,A,0.05,0,21,-0.5968105695055764
28,A,0.05,0,22,-0.123734884326382
28,A,0.05,0,23,-0.2843731555049539
28,A,0.05,0,24,-0.4371311199713612
28,A,0.05,0,25,-0.5958747203747666
28,A,0.05,0,26,-0.3278202071478017
28,A,0.05,0,27,-0.4277496231142815
28,A,0.05,0,28,-0.4572184745652885
28,A,0.05,0,29,-0.6169562313172555
28,A,0.05,1,0,-0.4434105811324755
28,A,0.05,1,1,-0.3416808286586073
28,A,0.05,1,2,-0.1881151237054005
28,A,0.05,1,3,-0.7277215198990886
28,A,0.05,1,4,-0.38670575349724884
28,A,0.05,1,5,-0.0026907017882940856
28,A,0.05,1,6,-0.19785380088510346
28,A,0.05,1,7,-0.3733627916234568
28,A,0.05,1,8,-0.06584739378551352
28,A,0.05,1,9,-0.15206466477249864
28,A,0.05,1,10,0.11859190095304348
28,A,0.05,1,11,0.2888910674235013
28,A,0.05,1,12,0.2587453606451729
28,A,0.05,1,13,-0.020761425259395897
28,A,0.05,1,14,0.40923209233285746
28,A,0.05,1,15,0.3469885228831468
28,A,0.05,1,16,0.30893553095210385
28,A,0.05,1,17,-0.2351819300501901
28,A,0.05,1,18,0.33072096333980255
28,A,0.05,1,19,0.3432379110038273
28,A,0.05,1,20,0.4299555664720684
28,A,0.05,1,21,-0.9396294987654091
28,A,0.05,1,22,0.1648546432645454
28,A,0.05,1,23,0.2153086900359921
28,A,0.05,1,24,-0.008571317674346282
28,A,0.05,1,25,0.3876983112691025
28,A,0.05,1,26,0.09354985355825711
28,A,0.05,1,27,0.4776942837596996
28,A,0.05,1,28,0.12128628485184227
28,A,0.05,1,29,0.00047361223419020335
28,A,0.05,2,0,-0.22569719352085943
28,A,0.05,2,1,-0.7423736820146853
28,A,0.05,2,2,-1.0823259245100145
28,A,0.05,2,3,-1.0400687478332067
28,A,0.05,2,4,-0.4795720620517805
28,A,0.05,2,5,-0.7761262327405135
28,A,0.05,2,6,-1.1144529065647681
28,A,0.05,2,7,-1.020482927160946
28,A,0.05,2,8,-1.527066130479138
28,A,0.05,2,9,-1.0052906765448115
28,A,0.05,2,10,-0.9825197552124993
28,A,0.05,2,11,-1.44166347557154
28,A,0.05,2,12,-1.4057110515725453
28,A,0.05,2,13,-1.1781850980925401
28,A,0.05,2,14,-0.5332290678668232
28,A,0.05,2,15,-0.4650744964285008
28,A,0.05,2,16,-1.4849770370036994
28,A,0.05,2,17,-0.7963778151372253
28,A,0.05,2,18,-1.039371362034796
28,A,0.05,2,19,-0.7800752336323351
28,A,0.05,2,20,-1.0378346226059667
28,A,0.05,2,21,-1.3587673269501568
28,A,0.05,2,22,-0.9177859459435358
28,A,0.05,2,23,-0.6892754414107145
28,A,0.05,2,24,-1.1296877845850986
28,A,0.05,2,25,-0.7990434574242667
28,A,0.05,2,26,-1.1334455290055394
28,A,0.05,2,27,-0.69000255870504
28,A,0.05,2,28,-1.4147130281999656
28,A,0.05,2,29,-0.9093674604006526
28,A,0.05,3,0,-1.3463461579125018
28,A,0.05,3,1,-1.4245167484399932
28,A,0.05,3,2,-1.39637676559495
28,A,0.05,3,3,-1.610029428980692
28,A,0.05,3,4,-1.1409042391539361
28,A,0.05,3,5,-1.0525774673807025
28,A,0.05,3,6,-1.2988676611569852
28,A,0.05,3,7,-1.770858055733163
28,A,0.05,3,8,-1.4495460389118735
28,A,0.05,3,9,-1.511082926293435
28,A,0.05,3,10,-0.9672718763248964
28,A,0.05,3,11,-1.671609548853237
28,A,0.05,3,12,-1.0887068826789734
28,A,0.05,3,13,-1.5175006781239473
28,A,0.05,3,14,-0.9593179739834117
28,A,0.05,3,15,-1.4968809567815533
28,A,0.05,3,16,-1.4611430685809568
28,A,0.05,3,17,-1.1889279432979205
28,A,0.05,3,18,-1.6834424316927132
28,A,0.05,3,19,-1.0314547930645022
28,A,0.05,3,20,-1.204729313577199
28,A,0.05,3,21,-1.2458048709529221
28,A,0.05,3,22,-1.3154428094678912
28,A,0.05,3,23,-1.2034382166193287
28,A,0.05,3,24,-1.1266248621456452
28,A,0.05,3,25,-1.1613129173342602
28,A,0.05,3,26,-1.4960802608720578
28,A,0.05,3,27,-1.2742447332630809
28,A,0.05,3,28,-1.2295949427708242
28,A,0.05,3,29,-1.6926730046637937
28,A,0.05,4,0,0.14833111814601774
28,A,0.05,4,1,0.11479388309719958
28,A,0.05,4,2,0.18215185678037218
28,A,0.05,4,3,0.18328186008896769
28,A,0.05,4,4,0.16991294239947988
28,A,0.05,4,5,0.22766130325149356
28,A,0.05,4,6,0.14879449955354257
28,A,0.05,4,7,0.3796313846815575
28,A,0.05,4,8,0.18149560816887617
28,A,0.05,4,9,0.16297906725570407
28,A,0.05,4,10,0.37951579851884687
28,A,0.05,4,11,0.20888911184150594
28,A,0.05,4,12,0.13713131288479322
28,A,0.05,4,13,0.12725221437898876
28,A,0.05,4,14,0.22316674003106216
28,A,0.05,4,15,0.25220950574048834
28,A,0.05,4,16,0.28440447917836964
28,A,0.05,4,17,0.17013888005696984
28,A,0.05,4,18,0.17509045585230193
28,A,0.05,4,19,0.21691442560292187
28,A,0.05,4,20,0.09565582902415748
28,A,0.05,4,21,0.21212760243529896
28,A,0.05,4,22,0.10521959102938841
28,A,0.05,4,23,0.21607906457873577
28,A,0.05,4,24,0.26333469797857484
28,A,0.05,4,25,0.21144669891531162
28,A,0.05,4,26,0.22776845313686045
28,A,0.05,4,27,0.21937954342442736
28,A,0.05,4,28,0.3021498337536461
28,A,0.05,4,29,0.3255854807452903
28,A,0.05,5,0,-0.08768155046939288
28,A,0.05,5,1,-0.07980043194651336
28,A,0.05,5,2,-0.13903310902404079
28,A,0.05,5,3,-0.18263399374117203
28,A,0.05,5,4,-0.3497539141628706
28,A,0.05,5,5,0.08080977842638115
28,A,0.05,5,6,0.07616946065853807
28,A,0.05,5,7,-0.0533934337422503
28,A,0.05,5,8,-0.08391083944235618
28,A,0.05,5,9,0.09129920419464638
28,A,0.05,5,10,-0.14215758070577997
28,A,0.05,5,11,-0.10450234784348611
28,A,0.05,5,12,0.07497798333274516
28,A,0.05,5,13,-0.07092040673948907
28,A,0.05,5,14,0.11367598477205092
28,A,0.05,5,15,-0.18825409656494463
28,A,0.05,5,16,-0.05783773993160202
28,A,0.05,5,17,0.11020847901268842
28,A,0.05,5,18,-0.1786483195018894
28,A,0.05,5,19,-0.03835883293969225
28,A,0.05,5,20,-0.017495726890818856
28,A,0.05,5,21,-0.1042568086711386
28,A,0.05,5,22,-0.21641661170732676
28,A,0.05,5,23,-0.053252792831830764
28,A,0.05,5,24,-0.1137901507192592
28,A,0.05,5,25,-0.10939377995617126
28,A,0.05,5,26,-0.061614290482815325
28,A,0.05,5,27,-0.05659269938549508
28,A,0.05,5,28,-0.18399851674417092
28,A,0.05,5,29,-0.003269744707548818
28,A,0.05,6,0,0.25285528132660784
28,A,0.05,6,1,-0.9721248329928374
28,A,0.05,6,2,-0.18922589364597855
28,A,0.05,6,3,-0.7303539524005475
28,A,0.05,6,4,0.20694603454305283
28,A,0.05,6,5,0.35360148564229044
28,A,0.05,6,6,-0.353354759692741
28,A,0.05,6,7,-0.11129930987952463
28,A,0.05,6,8,-0.23687400613710413
28,A,0.05,6,9,0.41931065650404875
28,A,0.05,6,10,0.1918763361400541
28,A,0.05,6,11,0.5335183145169321
28,A,0.05,6,12,0.3978394953116815
28,A,0.05,6,13,-0.17168974008988602
28,A,0.05,6,14,-0.3990424584264044
28,A,0.05,6,15,0.26500897347106833
28,A,0.05,6,16,-0.48849517219728505
28,A,0.05,6,17,0.038397113892955824
28,A,0.05,6,18,0.07528927308837702
28,A,0.05,6,19,-0.45615005150985183
28,A,0.05,6,20,-0.09244327691540441
28,A,0.05,6,21,-0.1660758124962521
28,A,0.05,6,22,0.26441181899912525
28,A,0.05,6,23,-0.23380499112340233
28,A,0.05,6,24,-0.26382645130660537
28,A,0.05,6,25,-0.48752600398032186
28,A,0.05,6,26,-0.5278286359057413
28,A,0.05,6,27,-0.12111662279511494
28,A,0.05,6,28,-0.2880434883544587
28,A,0.05,6,29,-0.2194953921240288
28,A,0.05,7,0,-0.6581392748543415
28,A,0.05,7,1,-0.4919979515854464
28,A,0.05,7,2,-0.7367733474989057
28,A,0.05,7,3,-0.7318465364617802
28,A,0.05,7,4,-0.6802128785964999
28,A,0.05,7,5,-0.5357232416155939
28,A,0.05,7,6,-0.8702227392944232
28,A,0.05,7,7,-0.6334804066169814
28,A,0.05,7,8,-0.7367158849180347
28,A,0.05,7,9,-0.7478679254039602
28,A,0.05,7,10,-0.6612930708959768
28,A,0.05,7,11,-0.7023414974978619
28,A,0.05,7,12,-0.6986204642558922
28,A,0.05,7,13,-0.825042780532454
28,A,0.05,7,14,-0.6946583961792092
28,A,0.05,7,15,-0.7048116781238171
28,A,0.05,7,16,-0.6896616900770519
28,A,0.05,7,17,-0.7718320193869302
28,A,0.05,7,18,-0.6222883660641108
28,A,0.05,7,19,-0.4630879373956363
28,A,0.05,7,20,-0.9572609298922278
28,A,0.05,7,21,-0.8401713884117303
28,A,0.05,7,22,-0.6923395854779393
28,A,0.05,7,23,-0.6976159173151714
28,A,0.05,7,24,-0.7518788563677026
28,A,0.05,7,25,-0.8364811243453981
28,A,0.05,7,26,-0.6053128353161139
28,A,0.05,7,27,-0.5032274971289333
28,A,0.05,7,28,-0.820702110971393
28,A,0.05,7,29,-0.6125023852334582
28,A,0.05,8,0,-0.6729009567247648
28,A,0.05,8,1,0.259066094896627
28,A,0.05,8,2,0.018761715732431707
28,A,0.05,8,3,-0.2608531581853372
28,A,0.05,8,4,-0.21897195955800902
28,A,0.05,8,5,-0.18344131666382113
28,A,0.05,8,6,-0.3259781153269988
28,A,0.05,8,7,-0.6715645086828618
28,A,0.05,8,8,0.22327899324518005
28,A,0.05,8,9,-0.8714907177755425
28,A,0.05,8,10,-0.10997132939616584
28,A,0.05,8,11,0.4681167199599868
28,A,0.05,8,12,-0.021054044512176708
28,A,0.05,8,13,-0.7116065977179247
28,A,0.05,8,14,-0.035326513710261395
28,A,0.05,8,15,-0.3348222502391548
28,A,0.05,8,16,-0.2686134796020083
28,A,0.05,8,17,-0.06270248753630876
28,A,0.05,8,18,0.627628586959193
28,A,0.05,8,19,0.4511505626492419
28,A,0.05,8,20,0.3480030179440697
28,A,0.05,8,21,0.1738251585210108
28,A,0.05,8,22,-0.5021184684907632
28,A,0.05,8,23,-0.02908491688713016
28,A,0.05,8,24,-0.25603326271041243
28,A,0.05,8,25,0.05411718020132699
28,A,0.05,8,26,-0.0848669068485255
28,A,0.05,8,27,-0.27743170530398426
28,A,0.05,8,28,0.6944502459081463
28,A,0.05,8,29,0.04880311561317842
28,A,0.05,9,0,1.1388819253220404
28,A,0.05,9,1,0.9202295702424599
28,A,0.05,9,2,-0.8290027115687563
28,A,0.05,9,3,0.7967691595211055
28,A,0.05,9,4,-0.402136215591046
28,A,0.05,9,5,0.7763597062903865
28,A,0.05,9,6,0.307649251778958
28,A,0.05,9,7,0.16154393691504423
28,A,0.05,9,8,0.7828401941083812
28,A,0.05,9,9,1.3632290032744334
28,A,0.05,9,10,-0.21931587359637078
28,A,0.05,9,11,1.4256136299149378
28,A,0.05,9,12,1.3774449721852247
28,A,0.05,9,13,1.4052085543986506
28,A,0.05,9,14,1.2344855746079089
28,A,0.05,9,15,1.3818675085369236
28,A,0.05,9,16,0.15208713561208828
28,A,0.05,9,17,-0.31795442890301595
28,A,0.05,9,18,0.00425551530850549
28,A,0.05,9,19,1.6075612566767887
28,A,0.05,9,20,1.0832397983114743
28,A,0.05,9,21,-0.05973531371115093
28,A,0.05,9,22,1.273249433054181
28,A,0.05,9,23,0.715076733410715
28,A,0.05,9,24,1.1843176681200935
28,A,0.05,9,25,-0.4860920714107102
28,A,0.05,9,26,0.7042290094036449
28,A,0.05,9,27,0.9056078410266559
28,A,0.05,9,28,1.3556471144379405
28,A,0.05,9,29,1.5857290798569366
28,B,100,0,0,-1.2573962560222254
28,B,100,0,1,-0.7565391182143546
28,B,100,0,2,-0.8833393183489496
28,B,100,0,3,-0.8389111164048549
28,B,100,0,4,-0.7430956347389315
28,B,100,0,5,-1.0672696771927197
28,B,100,0,6,-1.0594976817305464
28,B,100,0,7,-0.9058644714233528
28,B,100,0,8,-1.1689545649001178
28,B,100,0,9,-0.6526524251754552
28,B,100,0,10,-1.3158558001313965
28,B,100,0,11,-0.5294928923794527
28,B,100,0,12,-0.9861202679664981
28,B,100,0,13,-1.0671938582771932
28,B,100,0,14,-0.8997588815406593
28,B,100,0,15,-0.9304295492102856
28,B,100,0,16,-1.295865585295259
28,B,100,0,17,-0.9473323843909577
28,B,100,0,18,-0.6232319443177632
28,B,100,0,19,-1.4761139788524669
28,B,100,0,20,-0.6738263791782456
28,B,100,0,21,-0.7285526647557283
28,B,100,0,22,-1.5581426951178798
28,B,100,0,23,-0.6771826463424887
28,B,100,0,24,-1.1806927011897461
28,B,100,0,25,-0.37845895494229587
28,B,100,0,26,-0.431355310851921
28,B,100,0,27,-1.5421645128263004
28,B,100,0,28,-0.6067691024193985
28,B,100,0,29,-0.6755264642534
28,B,100,1,0,-0.5546272464360371
28,B,100,1,1,-0.39631413174651664
28,B,100,1,2,-0.3340506908938564
28,B,100,1,3,-0.3865988499401123
28,B,100,1,4,-0.2402156143649498
28,B,100,1,5,-0.26045858594339805
28,B,100,1,6,-0.00024298025691034733
28,B,100,1,7,0.12449585513195824
28,B,100,1,8,0.08123957371033351
28,B,100,1,9,-0.21814600939473336
28,B,100,1,10,-0.10968679381579169
28,B,100,1,11,-0.021730899263672204
28,B,100,1,12,-0.20207058779396309
28,B,100,1,13,0.13938589491880501
28,B,100,1,14,0.09857576525294953
28,B,100,1,15,-0.06606633458557237
28,B,100,1,16,-0.039633038860978964
28,B,100,1,17,-0.1803863611955977
28,B,100,1,18,-0.38663561756014275
28,B,100,1,19,-0.030269095347564803
28,B,100,1,20,-0.45217828873470606
28,B,100,1,21,-0.21255619063548328
28,B,100,1,22,-0.42845402869162785
28,B,100,1,23,-0.03167395279318452
28,B,100,1,24,-0.19596326643142037
28,B,100,1,25,-0.0026134373555691814
28,B,100,1,26,-0.16736827549057298
28,B,100,1,27,-0.27528263261015884
28,B,100,1,28,-0.1384168345991174
28,B,100,1,29,-0.2460403731188998
28,B,100,2,0,0.09595226077989749
28,B,100,2,1,0.2253350878828251
28,B,100,2,2,0.36033207298691516
28,B,100,2,3,0.2636984714435642
28,B,100,2,4,-0.10089805075820535
28,B,100,2,5,0.12035902906047756
28,B,100,2,6,0.20622263166036298
28,B,100,2,7,0.1730158702496459
28,B,100,2,8,0.30370849260344496
28,B,100,2,9,-0.03689657695499826
28,B,100,2,10,0.1070672385544934
28,B,100,2,11,0.47224539857084363
28,B,100,2,12,0.4072193219380968
28,B,100,2,13,0.2174176522304811
28,B,100,2,14,0.0863382992784358
28,B,100,2,15,0.23270174993930806
28,B,100,2,16,0.15347756813938232
28,B,100,2,17,0.11565120768765336
28,B,100,2,18,0.06116563436234192
28,B,100,2,19,0.08296199889057321
28,B,100,2,20,0.060468875678663915
28,B,100,2,21,0.3104578733081528
28,B,100,2,22,0.1544611385699489
28,B,100,2,23,0.058449928779824516
28,B,100,2,24,0.20522773918588552
28,B,100,2,25,0.25793241177575715
28,B,100,2,26,-0.057551139860416385
28,B,100,2,27,0.05437247514112799
28,B,100,2,28,0.15331769298310707
28,B,100,2,29,0.050829495092576824
28,B,100,3,0,-0.30113684233013693
28,B,100,3,1,-0.26209199610326533
28,B,100,3,2,-0.40001414554711495
28,B,100,3,3,-0.3326054068689541
28,B,100,3,4,-0.5232319369291833
28,B,100,3,5,-0.2750416464411642
28,B,100,3,6,-0.16324651119817268
28,B,100,3,7,-0.24870894564744103
28,B,100,3,8,-0.24443697359358202
28,B,100,3,9,-0.2134130207602363
28,B,100,3,10,-0.2053689380372205
28,B,100,3,11,-0.2094518944251107
28,B,100,3,12,-0.4512755939345478
28,B,100,3,13,-0.2599427250927899
28,B,100,3,14,-0.40891474414643586
28,B,100,3,15,-0.28137458432249446
28,B,100,3,16,-0.31986232926740804
28,B,100,3,17,-0.3519471398684696
28,B,100,3,18,-0.31070982869115205
28,B,100,3,19,-0.4835450679898818
28,B,100,3,20,-0.22694907918916507
28,B,100,3,21,-0.41810066891847336
28,B,100,3,22,-0.44016751875514876
28,B,100,3,23,-0.3938498014760714
28,B,100,3,24,-0.381240201174697
28,B,100,3,25,-0.2017701585821296
28,B,100,3,26,-0.26918086970998023
28,B,100,3,27,-0.3188370160785622
28,B,100,3,28,-0.23776174711173106
28,B,100,3,29,-0.4246483294101495
28,B,100,4,0,-2.945806574114616
28,B,100,4,1,-2.5747433118048857
28,B,100,4,2,-2.8250586116051437
28,B,100,4,3,-2.779155832572159
28,B,100,4,4,-2.4587895916482023
28,B,100,4,5,-2.7046824137070855
28,B,100,4,6,-2.6680517724884565
28,B,100,4,7,-2.9284801909713005
28,B,100,4,8,-3.3934882767212704
28,B,100,4,9,-3.247385606810659
28,B,100,4,10,-2.3759593423923517
28,B,100,4,11,-2.591517811283342
28,B,100,4,12,-2.0214814177910574
28,B,100,4,13,-2.7916858112957996
28,B,100,4,14,-2.665962667807003
28,B,100,4,15,-3.0013075315116224
28,B,100,4,16,-2.9159457308111625
28,B,100,4,17,-3.0672847037114876
28,B,100,4,18,-2.648527982080416
28,B,100,4,19,-2.8271716349080793
28,B,100,4,20,-2.666496706912643
28,B,100,4,21,-2.8437876437911336
28,B,100,4,22,-2.615449761311691
28,B,100,4,23,-3.231634485410495
28,B,100,4,24,-2.7026661070953293
28,B,100,4,25,-2.7820019232497133
28,B,100,4,26,-2.5281169954524154
28,B,100,4,27,-2.4108720290217747
28,B,100,4,28,-2.5886060580164445
28,B,100,4,29,-2.6806760569845194
28,B,100,5,0,-0.053452374556801435
28,B,100,5,1,-0.1292755575853857
28,B,100,5,2,0.3305738096629152
28,B,100,5,3,0.023613799257140834
28,B,100,5,4,0.38117801555484243
28,B,100,5,5,0.32563058280826124
28,B,100,5,6,-0.025491806455647064
28,B,100,5,7,0.34635557367645514
28,B,100,5,8,0.16673245637631107
28,B,100,5,9,0.4430452773485443
28,B,100,5,10,0.18434830647105138
28,B,100,5,11,0.031980925967972855
28,B,100,5,12,-0.23762340114981165
28,B,100,5,13,0.33483758307061484
28,B,100,5,14,0.6978785595387145
28,B,100,5,15,0.4068884242294168
28,B,100,5,16,0.796312895345266
28,B,100,5,17,0.3332975862099287
28,B,100,5,18,0.413366037703628
28,B,100,5,19,0.1164852345630596
28,B,100,5,20,0.19891067809987512
28,B,100,5,21,0.3419044976058874
28,B,100,5,22,0.3746135222670726
28,B,100,5,23,0.2707110453921371
28,B,100,5,24,0.26711190540864005
28,B,100,5,25,0.6394717300644652
28,B,100,5,26,0.35563484487492925
28,B,100,5,27,0.364395405271645
28,B,100,5,28,-0.05290779602675171
28,B,100,5,29,-0.05828864860790696
28,B,100,6,0,0.33339107417360464
28,B,100,6,1,0.3861544869801357
28,B,100,6,2,0.20491607752408622
28,B,100,6,3,0.5744923361055376
28,B,100,6,4,0.16973275969037135
28,B,100,6,5,0.6947967538713189
28,B,100,6,6,0.5803565984504615
28,B,100,6,7,0.45250012878383683
28,B,100,6,8,0.582073206270571
28,B,100,6,9,0.5072840460935418
28,B,100,6,10,0.6218577332921392
28,B,100,6,11,0.6981947237783509
28,B,100,6,12,0.4021138600128325
28,B,100,6,13,0.59344591002145
28,B,100,6,14,0.5035399490048867
28,B,100,6,15,0.47979560208026706
28,B,100,6,16,0.3300036093719519
28,B,100,6,17,0.4726097646650116
28,B,100,6,18,0.5908166885992825
28,B,100,6,19,0.27242892683511427
28,B,100,6,20,0.36082718145986103
28,B,100,6,21,0.526756558412733
28,B,100,6,22,0.5666669951141693
28,B,100,6,23,0.5426610703443329
28,B,100,6,24,0.6383348682514567
28,B,100,6,25,0.45523353054571486
28,B,100,6,26,0.5196150817217943
28,B,100,6,27,0.32125614450679174
28,B,100,6,28,0.39436541070728587
28,B,100,6,29,0.45604022379879283
28,B,100,7,0,1.1474833777919844
28,B,100,7,1,1.1077076356156004
28,B,100,7,2,0.8157036507321338
28,B,100,7,3,0.2839951498814193
28,B,100,7,4,1.6644210323443789
28,B,100,7,5,1.4725569919600474
28,B,100,7,6,2.116388470501304
28,B,100,7,7,1.9920474848210965
28,B,100,7,8,2.0128676150701645
28,B,100,7,9,1.9266091082214352
28,B,100,7,10,2.074162245503877
28,B,100,7,11,1.7254741276177246
28,B,100,7,12,2.2870126383732163
28,B,100,7,13,2.135532779824019
28,B,100,7,14,1.6922622013921733
28,B,100,7,15,2.0807561773649503
28,B,100,7,16,2.431749144098456
28,B,100,7,17,1.938831746142931
28,B,100,7,18,1.7542743246034127
28,B,100,7,19,1.4903405603211044
28,B,100,7,20,2.4197545210767246
28,B,100,7,21,1.4529462542704548
28,B,100,7,22,1.172721108049294
28,B,100,7,23,1.8968157134698092
28,B,100,7,24,2.1605754508000867
28,B,100,7,25,0.9540478474894829
28,B,100,7,26,0.5579354141608236
28,B,100,7,27,2.3288659182961338
28,B,100,7,28,1.225404027925956
28,B,100,7,29,2.0897855160561574
28,B,100,8,0,0.8683871371188906
28,B,100,8,1,0.04360446526956067
28,B,100,8,2,0.50442365872498
28,B,100,8,3,0.2707162098839897
28,B,100,8,4,0.3016489732133158
28,B,100,8,5,0.14810284381000036
28,B,100,8,6,0.7758297263298457
28,B,100,8,7,0.14301454435640598
28,B,100,8,8,0.33939923283783735
28,B,100,8,9,0.10991859235475926
28,B,100,8,10,0.7390610854871371
28,B,100,8,11,0.43821246401389863
28,B,100,8,12,0.3330764273938406
28,B,100,8,13,1.0727845440679755
28,B,100,8,14,0.2266182220096764
28,B,100,8,15,0.14726259328674676
28,B,100,8,16,0.941841489561966
28,B,100,8,17,0.5209797815478477
28,B,100,8,18,0.6405300294649355
28,B,100,8,19,0.1172448767167179
28,B,100,8,20,0.14503829570326895
28,B,100,8,21,0.47128238553812435
28,B,100,8,22,0.841981739049844
28,B,100,8,23,0.12710342786649856
28,B,100,8,24,0.13734044077127555
28,B,100,8,25,0.5170225416376101
28,B,100,8,26,0.15323858559328796
28,B,100,8,27,0.10202238597781443
28,B,100,8,28,0.09805565795991186
28,B,100,8,29,0.27833688510193016
28,B,100,9,0,0.5086758032654248
28,B,100,9,1,0.08994783513953092
28,B,100,9,2,0.5860940273111449
28,B,100,9,3,0.22593615426993613
28,B,100,9,4,0.2322362689381426
28,B,100,9,5,1.0049208464731962
28,B,100,9,6,0.26584639176041147
28,B,100,9,7,0.2789368144422847
28,B,100,9,8,0.38257378547119836
28,B,100,9,9,0.08511490430046433
28,B,100,9,10,0.7177373951651682
28,B,100,9,11,0.9065203570540105
28,B,100,9,12,0.2907748974371075
28,B,100,9,13,1.078052876737916
28,B,100,9,14,0.21028241184276095
28,B,100,9,15,0.34887822695571774
28,B,100,9,16,0.20731873674411908
28,B,100,9,17,0.6523912481792289
28,B,100,9,18,0.012916914162997218
28,B,100,9,19,0.8627134768959269
28,B,100,9,20,0.1533739463521904
28,B,100,9,21,1.1786536906228366
28,B,100,9,22,0.7072712479583098
28,B,100,9,23,0.42782350283727555
28,B,100,9,24,1.0340597062848165
28,B,100,9,25,0.25190502255682856
28,B,100,9,26,0.25998168778646613
28,B,100,9,27,0.33383045930009414
28,B,100,9,28,0.20448978836222775
28,B,100,9,29,0.3533479437917539
29,A,0.05,0,0,-0.6208883927710578
29,A,0.05,0,1,-0.8100864377866386
29,A,0.05,0,2,-0.895636714645131
29,A,0.05,0,3,-0.7761877841807931
29,A,0.05,0,4,-0.9056258738380824
29,A,0.05,0,5,-0.8913389936798257
29,A,0.05,0,6,-1.5476168329329492
29,A,0.05,0,7,-1.2098252937457548
29,A,0.05,0,8,-0.7878096246865639
29,A,0.05,0,9,-1.8486649209735737
29,A,0.05,0,10,-0.5869203776544277
29,A,0.05,0,11,-0.430916764396922
29,A,0.05,0,12,-0.9489702637855395
29,A,0.05,0,13,-0.9968653150004021
29,A,0.05,0,14,-0.39550486946472274
29,A,0.05,0,15,-0.6352948247797447
29,A,0.05,0,16,-0.4461780580720405
29,A,0.05,0,17,-0.20891482236005282
29,A,0.05,0,18,-0.8724744572388673
29,A,0.05,0,19,-0.8856748579450368
29,A,0.05,0,20,-1.2995599261806443
29,A,0.05,0,21,-0.29273295673903293
29,A,0.05,0,22,-0.4998401276774527
29,A,0.05,0,23,-0.9217406432415752
29,A,0.05,0,24,-0.8335708617169717
29,A,0.05,0,25,-1.0805091698634552
29,A,0.05,0,26,-0.7667948072527703
29,A,0.05,0,27,-0.7979536682387779
29,A,0.05,0,28,-0.9929529265226786
29,A,0.05,0,29,-0.6042174912304082
29,A,0.05,1,0,-0.16667011014771058
29,A,0.05,1,1,-0.5193495515799738
29,A,0.05,1,2,-0.887470832004305
29,A,0.05,1,3,-0.3002984868768062
29,A,0.05,1,4,-0.4417383981989325
29,A,0.05,1,5,-0.3942980960337257
29,A,0.05,1,6,-0.2946615879283663
29,A,0.05,1,7,-0.5549494710329461
29,A,0.05,1,8,-0.27728320610066104
29,A,0.05,1,9,0.2906376182910209
29,A,0.05,1,10,-0.16540957883253538
29,A,0.05,1,11,-0.9066488950265489
29,A,0.05,1,12,-0.6184374232787813
29,A,0.05,1,13,-0.19510546955296523
29,A,0.05,1,14,-0.8034751916843469
29,A,0.05,1,15,-0.5483306175619201
29,A,0.05,1,16,-0.7769800722155629
29,A,0.05,1,17,-0.7759414252961466
29,A,0.05,1,18,-0.3632969570375667
29,A,0.05,1,19,-0.1766252392671415
29,A,0.05,1,20,-0.8822079199259503
29,A,0.05,1,21,-0.34671432828301113
29,A,0.05,1,22,-0.42343714439434355
29,A,0.05,1,23,-0.6611318102121686
29,A,0.05,1,24,-1.0494389580695966
29,A,0.05,1,25,-0.7121103169385923
29,A,0.05,1,26,-0.7400484433348452
29,A,0.05,1,27,-0.915957422008392
29,A,0.05,1,28,-0.6001322076373804
29,A,0.05,1,29,-0.017505666558724303
29,A,0.05,2,0,1.2969514384112715
29,A,0.05,2,1,0.9649222074141138
29,A,0.05,2,2,0.29005473342595567
29,A,0.05,2,3,0.8437891938843768
29,A,0.05,2,4,0.15125304538095175
29,A,0.05,2,5,0.4235693898869617
29,A,0.05,2,6,0.9816930817182876
29,A,0.05,2,7,0.977474039251869
29,A,0.05,2,8,0.887497448655914
29,A,0.05,2,9,0.21244946886450622
29,A,0.05,2,10,1.227823045223699
29,A,0.05,2,11,0.4679760498531674
29,A,0.05,2,12,0.9840681137339405
29,A,0.05,2,13,1.4295491517932357
29,A,0.05,2,14,0.7170310259262832
29,A,0.05,2,15,-0.11526666379768902
29,A,0.05,2,16,0.8995700989206388
29,A,0.05,2,17,1.3243517841680168
29,A,0.05,2,18,0.2389914208743062
29,A,0.05,2,19,0.26364696216813843
29,A,0.05,2,20,-0.003347466715525716
29,A,0.05,2,21,0.5094638584951171
29,A,0.05,2,22,0.5751860328824757
29,A,0.05,2,23,1.5126825916609214
29,A,0.05,2,24,0.6487887424340238
29,A,0.05,2,25,1.3337748865160364
29,A,0.05,2,26,-0.07741866535741097
29,A,0.05,2,27,0.811153790225767
29,A,0.05,2,28,1.2893181441557624
29,A,0.05,2,29,1.2083841193849925
29,A,0.05,3,0,0.07075239251046307
29,A,0.05,3,1,-0.049273199662797064
29,A,0.05,3,2,-0.05636245784820639
29,A,0.05,3,3,-0.30245266600249454
29,A,0.05,3,4,0.14654322055959218
29,A,0.05,3,5,0.00558190227784055
29,A,0.05,3,6,-0.35555157266079773
29,A,0.05,3,7,0.30501181518838566
29,A,0.05,3,8,0.16799924189836735
29,A,0.05,3,9,-0.009919893038531864
29,A,0.05,3,10,0.09568079812999933
29,A,0.05,3,11,-0.007808854411909307
29,A,0.05,3,12,0.41860790263476244
29,A,0.05,3,13,-0.052214133627479425
29,A,0.05,3,14,-0.09203491257724801
29,A,0.05,3,15,0.3272921774468958
29,A,0.05,3,16,-0.08640268804023725
29,A,0.05,3,17,0.1288022871645372
29,A,0.05,3,18,0.11036930129822052
29,A,0.05,3,19,0.385909690060676
29,A,0.05,3,20,-0.14156248859108994
29,A,0.05,3,21,-0.26583563454598014
29,A,0.05,3,22,0.39861233121171163
29,A,0.05,3,23,0.1198617696352868
29,A,0.05,3,24,-0.06590434410549319
29,A,0.05,3,25,0.0630066026716726
29,A,0.05,3,26,0.44433979510302146
29,A,0.05,3,27,-0.18601069363455125
29,A,0.05,3,28,0.1508212643861362
29,A,0.05,3,29,0.1518903667438879
29,A,0.05,4,0,-0.9638688917260074
29,A,0.05,4,1,-0.3912948833271241
29,A,0.05,4,2,-0.2526539102543191
29,A,0.05,4,3,-1.1870938141379501
29,A,0.05,4,4,-0.6092909045500388
29,A,0.05,4,5,-0.8626822917576487
29,A,0.05,4,6,-0.47113809042600013
29,A,0.05,4,7,-0.8235227304048413
29,A,0.05,4,8,-0.601333206718526
29,A,0.05,4,9,-0.8760753018653519
29,A,0.05,4,10,-0.30104706265799785
29,A,0.05,4,11,-1.1251178010338247
29,A,0.05,4,12,-0.20012959252555118
29,A,0.05,4,13,-0.48561850660381356
29,A,0.05,4,14,-0.8558773116372639
29,A,0.05,4,15,-0.2586920019848667
29,A,0.05,4,16,-0.4146921581431958
29,A,0.05,4,17,-0.07964799100649776
29,A,0.05,4,18,-0.6491494349090695
29,A,0.05,4,19,-0.8493500614370563
29,A,0.05,4,20,-0.5343854966830899
29,A,0.05,4,21,-0.9962788865462576
29,A,0.05,4,22,-1.0481449043510738
29,A,0.05,4,23,-0.2848096373791254
29,A,0.05,4,24,-0.46903103470209023
29,A,0.05,4,25,-0.5102123288826094
29,A,0.05,4,26,-0.010047477632224182
29,A,0.05,4,27,-0.3336749100398
29,A,0.05,4,28,-0.46220118533509646
29,A,0.05,4,29,-1.1194110432552777
29,A,0.05,5,0,-0.2563795500495406
29,A,0.05,5,1,-0.11195908350399378
29,A,0.05,5,2,-0.502311519628201
29,A,0.05,5,3,-0.5141746831127547
29,A,0.05,5,4,-0.4370307005871335
29,A,0.05,5,5,0.055954592671625315
29,A,0.05,5,6,0.18603763094000556
29,A,0.05,5,7,-0.6149389091199696
29,A,0.05,5,8,-0.3274066914200604
29,A,0.05,5,9,-0.6894549289863253
29,A,0.05,5,10,-0.18460221242271785
29,A,0.05,5,11,0.20830848934687848
29,A,0.05,5,12,0.423950504623036
29,A,0.05,5,13,-0.330094694766436
29,A,0.05,5,14,-0.35224964363458544
29,A,0.05,5,15,0.0726049736764579
29,A,0.05,5,16,0.13821991251887975
29,A,0.05,5,17,-0.24058042197867954
29,A,0.05,5,18,-0.855310273440204
29,A,0.05,5,19,0.2607835657129963
29,A,0.05,5,20,-0.013779474002798579
29,A,0.05,5,21,-0.05426419483831908
29,A,0.05,5,22,0.007524723664082693
29,A,0.05,5,23,0.7027422308923409
29,A,0.05,5,24,0.22615636794247443
29,A,0.05,5,25,-0.13556106229583312
29,A,0.05,5,26,-0.42736693253995284
29,A,0.05,5,27,-0.23944944008997293
29,A,0.05,5,28,0.39209112569249555
29,A,0.05,5,29,0.5827354094967698
29,A,0.05,6,0,-0.1510028251538373
29,A,0.05,6,1,-0.050170509806307266
29,A,0.05,6,2,-0.3459290910009465
29,A,0.05,6,3,-0.08848957323522588
29,A,0.05,6,4,-0.4893498833915328
29,A,0.05,6,5,1.0259924553859185
29,A,0.05,6,6,1.2028919614866045
29,A,0.05,6,7,-0.2543137476473795
29,A,0.05,6,8,1.082612055537274
29,A,0.05,6,9,0.7322592290274778
29,A,0.05,6,10,-0.019868541421456627
29,A,0.05,6,11,-0.19032220734180647
29,A,0.05,6,12,0.895710718533848
29,A,0.05,6,13,1.247587399300801
29,A,0.05,6,14,0.31041277704058395
29,A,0.05,6,15,0.8057064392096597
29,A,0.05,6,16,1.0330638451052732
29,A,0.05,6,17,1.0041876269208896
29,A,0.05,6,18,1.1311321426836893
29,A,0.05,6,19,1.0564376280925385
29,A,0.05,6,20,0.811781782288594
29,A,0.05,6,21,0.84457673824531
29,A,0.05,6,22,1.2533445928978995
29,A,0.05,6,23,1.0220954837020781
29,A,0.05,6,24,1.1632616415292447
29,A,0.05,6,25,-0.5604583796620806
29,A,0.05,6,26,0.7485572031680873
29,A,0.05,6,27,0.7622473545151544
29,A,0.05,6,28,0.9829322525495262
29,A,0.05,6,29,0.9249320890891345
29,A,0.05,7,0,-0.9995696892339353
29,A,0.05,7,1,-1.3492022496678393
29,A,0.05,7,2,-0.8134522621818309
29,A,0.05,7,3,-1.3310774184688414
29,A,0.05,7,4,-0.40826769454738143
29,A,0.05,7,5,-0.27606804031567117
29,A,0.05,7,6,-0.6712092751022578
29,A,0.05,7,7,-0.7767490383492089
29,A,0.05,7,8,-1.1199614015569612
29,A,0.05,7,9,-0.2520841464012556
29,A,0.05,7,10,-0.33269449529396733
29,A,0.05,7,11,-0.33552521383829553
29,A,0.05,7,12,-0.0867295077646389
29,A,0.05,7,13,-1.0830606718456837
29,A,0.05,7,14,-0.8249766989600897
29,A,0.05,7,15,-0.7264903477409953
29,A,0.05,7,16,-1.3299592168301952
29,A,0.05,7,17,-0.7567673608484078
29,A,0.05,7,18,-0.7531174953245983
29,A,0.05,7,19,-0.0300951310179245
29,A,0.05,7,20,-0.6021312013701763
29,A,0.05,7,21,-0.7853933380602673
29,A,0.05,7,22,-0.6486135050412064
29,A,0.05,7,23,-0.04217478634507617
29,A,0.05,7,24,-0.46522115858621255
29,A,0.05,7,25,0.0909159813162097
29,A,0.05,7,26,-0.34235838296762217
29,A,0.05,7,27,-0.08688090755232628
29,A,0.05,7,28,-0.22175160371250804
29,A,0.05,7,29,-0.33211830177923873
29,A,0.05,8,0,-2.335811181399215
29,A,0.05,8,1,-2.182547490859264
29,A,0.05,8,2,-1.5774000402992838
29,A,0.05,8,3,-2.097961949224997
29,A,0.05,8,4,-1.8568938058789772
29,A,0.05,8,5,-2.078630302889117
29,A,0.05,8,6,-2.4845490376098334
29,A,0.05,8,7,-2.1406466258128463
29,A,0.05,8,8,-2.4736555755146235
29,A,0.05,8,9,-1.9096258202985708
29,A,0.05,8,10,-2.190415319656521
29,A,0.05,8,11,-2.0289284131229164
29,A,0.05,8,12,-2.001197909306725
29,A,0.05,8,13,-1.7830614509644191
29,A,0.05,8,14,-1.5146230757088066
29,A,0.05,8,15,-2.4798206345540152
29,A,0.05,8,16,-2.1160202838151334
29,A,0.05,8,17,-2.0837912900344024
29,A,0.05,8,18,-2.4367681262798238
29,A,0.05,8,19,-2.826791348940678
29,A,0.05,8,20,-2.1103109870330115
29,A,0.05,8,21,-2.2551110589378265
29,A,0.05,8,22,-2.3635826232017783
29,A,0.05,8,23,-2.32634400237339
29,A,0.05,8,24,-2.1433262029116253
29,A,0.05,8,25,-2.2753211004433704
29,A,0.05,8,26,-2.0698028805116175
29,A,0.05,8,27,-2.5282136920452087
29,A,0.05,8,28,-1.7107887967360689
29,A,0.05,8,29,-2.0311004347162633
29,A,0.05,9,0,0.9268472869964847
29,A,0.05,9,1,1.1146851835717009
29,A,0.05,9,2,0.9324465483127099
29,A,0.05,9,3,1.169908276091987
29,A,0.05,9,4,1.5619981169900528
29,A,0.05,9,5,1.463708492728992
29,A,0.05,9,6,1.9256300799850248
29,A,0.05,9,7,1.3649564280176265
29,A,0.05,9,8,0.9983176569278044
29,A,0.05,9,9,0.8968184734330346
29,A,0.05,9,10,1.452994620360962
29,A,0.05,9,11,1.389039910445056
29,A,0.05,9,12,1.1935753723764684
29,A,0.05,9,13,0.830219994187659
29,A,0.05,9,14,1.044556224330966
29,A,0.05,9,15,1.382550344831195
29,A,0.05,9,16,1.4503696568116309
29,A,0.05,9,17,1.2727319369915318
29,A,0.05,9,18,1.2312456008270993
29,A,0.05,9,19,0.8705707356718911
29,A,0.05,9,20,1.3318108417595529
29,A,0.05,9,21,0.9482769950960986
29,A,0.05,9,22,0.9699684888976355
29,A,0.05,9,23,1.0210881998494943
29,A,0.05,9,24,1.2714642138812484
29,A,0.05,9,25,0.9805286112568302
29,A,0.05,9,26,0.5395008001176879
29,A,0.05,9,27,1.105595323543922
29,A,0.05,9,28,1.136891287801109
29,A,0.05,9,29,1.0418074353841722
29,B,100,0,0,-0.7140284051719908
29,B,100,0,1,-0.6664899956514281
29,B,100,0,2,-0.6345439839334956
29,B,100,0,3,-0.6319470873828545
29,B,100,0,4,-0.4906919515070102
29,B,100,0,5,-0.5347285831014849
29,B,100,0,6,-0.35304768657538255
29,B,100,0,7,-0.752761718626465
29,B,100,0,8,-0.7715462365263198
29,B,100,0,9,-0.5583714733773287
29,B,100,0,10,-0.755366910139788
29,B,100,0,11,-0.6519351033824294
29,B,100,0,12,-0.7847708012402266
29,B,100,0,13,-0.12582924767056067
29,B,100,0,14,-0.5771706787748389
29,B,100,0,15,0.02581562564478771
29,B,100,0,16,-0.17952817141930763
29,B,100,0,17,-0.2962983988424431
29,B,100,0,18,0.043088375205790445
29,B,100,0,19,0.08767178763196319
29,B,100,0,20,0.12254306250931282
29,B,100,0,21,-0.3591664186012414
29,B,100,0,22,0.3847143896321357
29,B,100,0,23,0.2669222992710277
29,B,100,0,24,-0.6802471923375035
29,B,100,0,25,0.20893195452809657
29,B,100,0,26,-0.1631383236777297
29,B,100,0,27,0.04251517992545601
29,B,100,0,28,-0.9320278865741543
29,B,100,0,29,-0.39537323557527987
29,B,100,1,0,0.42638104282325234
29,B,100,1,1,0.7313872415882782
29,B,100,1,2,0.5399532128506552
29,B,100,1,3,0.41305320094904263
29,B,100,1,4,0.36599720544024306
29,B,100,1,5,1.019597042851198
29,B,100,1,6,0.5723550466474984
29,B,100,1,7,0.3561330491080272
29,B,100,1,8,1.2231675815297132
29,B,100,1,9,0.8133952257383977
29,B,100,1,10,0.6807752801902172
29,B,100,1,11,1.106650689803679
29,B,100,1,12,0.48104471304414953
29,B,100,1,13,0.5438056540366929
29,B,100,1,14,1.2393432901096408
29,B,100,1,15,0.5799152350523791
29,B,100,1,16,1.2210343489155167
29,B,100,1,17,1.205259441412255
29,B,100,1,18,0.4167392146821692
29,B,100,1,19,0.9831287091980486
29,B,100,1,20,0.4042366633237197
29,B,100,1,21,1.030090986539708
29,B,100,1,22,1.267621480672473
29,B,100,1,23,1.1788313721169803
29,B,100,1,24,0.527157657798406
29,B,100,1,25,1.3427390865926594
29,B,100,1,26,1.0036745555679891
29,B,100,1,27,0.8879079637629124
29,B,100,1,28,0.607116847405699
29,B,100,1,29,0.7403464371930345
29,B,100,2,0,0.04011978634483216
29,B,100,2,1,-0.16823367024105276
29,B,100,2,2,-0.015418755806458951
29,B,100,2,3,-0.05926774420218062
29,B,100,2,4,0.12155737956394456
29,B,100,2,5,-0.06520271814964149
29,B,100,2,6,0.5921019866637077
29,B,100,2,7,0.21045774006763654
29,B,100,2,8,0.1368146246165188
29,B,100,2,9,0.503510571748421
29,B,100,2,10,0.5254349018398569
29,B,100,2,11,0.18031116115723952
29,B,100,2,12,0.21990840220195096
29,B,100,2,13,-0.4989857386284639
29,B,100,2,14,0.8938079298901572
29,B,100,2,15,0.1304578014506205
29,B,100,2,16,0.2680972472930697
29,B,100,2,17,0.2577393072063371
29,B,100,2,18,0.20294126465786866
29,B,100,2,19,0.1308810908027262
29,B,100,2,20,0.32622697371429166
29,B,100,2,21,0.602219436229374
29,B,100,2,22,0.713742792312775
29,B,100,2,23,0.8644381569260688
29,B,100,2,24,0.4304494883462476
29,B,100,2,25,0.2550278088778963
29,B,100,2,26,0.5912286759300961
29,B,100,2,27,0.08636639398325774
29,B,100,2,28,-0.04675337817972789
29,B,100,2,29,0.22344979509877008
29,B,100,3,0,-0.17991683712806408
29,B,100,3,1,-0.19959499907913353
29,B,100,3,2,-0.3579059520404984
29,B,100,3,3,-0.6744434335268552
29,B,100,3,4,0.07912282073978902
29,B,100,3,5,0.2929447311887007
29,B,100,3,6,0.3026744787877696
29,B,100,3,7,0.23441655865950042
29,B,100,3,8,0.48854596990954313
29,B,100,3,9,0.296689552686919
29,B,100,3,10,0.4848966989430678
29,B,100,3,11,0.4383021388347281
29,B,100,3,12,0.2452667467917124
29,B,100,3,13,0.06143147191247122
29,B,100,3,14,0.33127665736973066
29,B,100,3,15,0.3872501405771353
29,B,100,3,16,0.304341579621485
29,B,100,3,17,0.1227484628935999
29,B,100,3,18,-0.4101378992104867
29,B,100,3,19,0.23795466226001435
29,B,100,3,20,0.171233519545483
29,B,100,3,21,0.4204189573741205
29,B,100,3,22,0.3532710590730193
29,B,100,3,23,-0.3699293704888153
29,B,100,3,24,0.5772881172154644
29,B,100,3,25,0.17298799315112418
29,B,100,3,26,0.25506514091043453
29,B,100,3,27,0.2033928369605584
29,B,100,3,28,0.17711972005988144
29,B,100,3,29,0.0971911083881056
29,B,100,4,0,1.516364547024124
29,B,100,4,1,1.4104300569060033
29,B,100,4,2,1.2116856086290202
29,B,100,4,3,1.196453048242578
29,B,100,4,4,1.2773771395498288
29,B,100,4,5,1.289762571206822
29,B,100,4,6,1.2481477267792023
29,B,100,4,7,1.28096472649195
29,B,100,4,8,1.3288090120102796
29,B,100,4,9,1.014346966190347
29,B,100,4,10,1.067179499530619
29,B,100,4,11,1.5060003692061728
29,B,100,4,12,1.0247934931196705
29,B,100,4,13,1.5583625594803414
29,B,100,4,14,1.622668556077259
29,B,100,4,15,1.4414871124688775
29,B,100,4,16,1.3825480619376187
29,B,100,4,17,1.4661309277085643
29,B,100,4,18,0.993231347224957
29,B,100,4,19,1.522847768484181
29,B,100,4,20,1.444524319667977
29,B,100,4,21,1.3428318709648248
29,B,100,4,22,1.4121065790129255
29,B,100,4,23,1.3712622996917065
29,B,100,4,24,1.1204443468921201
29,B,100,4,25,1.6901294410486285
29,B,100,4,26,1.4547022357347184
29,B,100,4,27,1.4017200747539194
29,B,100,4,28,1.1054210378683598
29,B,100,4,29,1.2203742853572168
29,B,100,5,0,0.22384077480395662
29,B,100,5,1,0.3204468369912309
29,B,100,5,2,0.7214754881916308
29,B,100,5,3,0.29456896639214086
29,B,100,5,4,0.389875591760253
29,B,100,5,5,0.19575922264661874
29,B,100,5,6,0.5203615011071334
29,B,100,5,7,0.38007086405832374
29,B,100,5,8,-0.25555075904853586
29,B,100,5,9,0.4053399965845675
29,B,100,5,10,0.8029744846316473
29,B,100,5,11,0.5356891279573358
29,B,100,5,12,0.6142021578039405
29,B,100,5,13,0.1019293286503887
29,B,100,5,14,0.7652167546993541
29,B,100,5,15,0.28671659665280713
29,B,100,5,16,0.4797763149874892
29,B,100,5,17,0.37283257496135924
29,B,100,5,18,0.6430563299767446
29,B,100,5,19,0.5278698426273897
29,B,100,5,20,0.21829133077487983
29,B,100,5,21,0.5916106963183354
29,B,100,5,22,0.5767712228187154
29,B,100,5,23,0.3375910672841403
29,B,100,5,24,0.7600069667692141
29,B,100,5,25,0.48460661942388866
29,B,100,5,26,0.4824284786613922
29,B,100,5,27,0.6199009945434149
29,B,100,5,28,0.5551844166571711
29,B,100,5,29,0.3966092677217434
29,B,100,6,0,-0.06792866179635043
29,B,100,6,1,-0.23369208588316162
29,B,100,6,2,-0.29995630363204157
29,B,100,6,3,0.24316968654798954
29,B,100,6,4,-0.169683779996659
29,B,100,6,5,0.15380916176745882
29,B,100,6,6,-0.09895612826228335
29,B,100,6,7,-0.0369773686779768
29,B,100,6,8,-0.01763409363776214
29,B,100,6,9,-0.007747105096151697
29,B,100,6,10,-0.3071869157650808
29,B,100,6,11,0.003874710942897597
29,B,100,6,12,-0.33103656069320186
29,B,100,6,13,-0.030731568512434998
29,B,100,6,14,-0.30406689643515494
29,B,100,6,15,-0.21484837884912855
29,B,100,6,16,-0.11148999160839901
29,B,100,6,17,0.15084366048095055
29,B,100,6,18,-0.27134202829684156
29,B,100,6,19,0.041365329048057634
29,B,100,6,20,-0.219116237252821
29,B,100,6,21,0.052281506943431574
29,B,100,6,22,-0.08664086372145646
29,B,100,6,23,-0.06364981774475448
29,B,100,6,24,-0.09203267229065988
29,B,100,6,25,-0.21141434205464332
29,B,100,6,26,0.07376457395760354
29,B,100,6,27,-0.19111611667830442
29,B,100,6,28,-0.15444816791529817
29,B,100,6,29,-0.173677378355183
29,B,100,7,0,1.1142120640762452
29,B,100,7,1,0.1554963087450519
29,B,100,7,2,0.8769119301289758
29,B,100,7,3,0.11750697520539788
29,B,100,7,4,-0.2630225465285564
29,B,100,7,5,0.6682073939842145
29,B,100,7,6,0.22904584241908124
29,B,100,7,7,-0.1615973560188182
29,B,100,7,8,0.06530080114709634
29,B,100,7,9,0.5390877573538746
29,B,100,7,10,0.05687809365526288
29,B,100,7,11,0.09570622205008714
29,B,100,7,12,0.5909869997489626
29,B,100,7,13,0.16672936272992148
29,B,100,7,14,0.15450364918700427
29,B,100,7,15,0.9360979943493788
29,B,100,7,16,0.7538727265623248
29,B,100,7,17,0.48001341493646915
29,B,100,7,18,0.5807401088430459
29,B,100,7,19,-0.022677642180841773
29,B,100,7,20,0.4856420196126374
29,B,100,7,21,0.8138628505592622
29,B,100,7,22,0.708103678384722
29,B,100,7,23,0.2525876509231322
29,B,100,7,24,0.3990288297992639
29,B,100,7,25,-0.16283376444123931
29,B,100,7,26,0.40069040228382485
29,B,100,7,27,0.3508285369587083
29,B,100,7,28,0.4991676868542812
29,B,100,7,29,0.6808852857577294
29,B,100,8,0,0.7745122738922388
29,B,100,8,1,0.7209843272175135
29,B,100,8,2,0.7474143820129259
29,B,100,8,3,0.8808898465059732
29,B,100,8,4,1.131427501217022
29,B,100,8,5,1.0220335901476683
29,B,100,8,6,0.8630060662520795
29,B,100,8,7,0.8150629904239721
29,B,100,8,8,0.8716699149496945
29,B,100,8,9,1.159275809424938
29,B,100,8,10,1.060934603324064
29,B,100,8,11,0.7292709643601605
29,B,100,8,12,1.0950546045965428
29,B,100,8,13,1.144326411975437
29,B,100,8,14,0.972830655572113
29,B,100,8,15,0.983541741221347
29,B,100,8,16,1.027599527525242
29,B,100,8,17,0.7834323692610927
29,B,100,8,18,0.7632349937833472
29,B,100,8,19,0.9396623480733338
29,B,100,8,20,0.806532085329516
29,B,100,8,21,0.7921627894034491
29,B,100,8,22,0.786150451493174
29,B,100,8,23,0.8795140514100989
29,B,100,8,24,0.8213770401645455
29,B,100,8,25,0.9790065307829615
29,B,100,8,26,0.7372537286052424
29,B,100,8,27,0.5332982044320428
29,B,100,8,28,0.8154037000938376
29,B,100,8,29,0.7097829981122011
29,B,100,9,0,0.026684836968016785
29,B,100,9,1,-0.4181005504324817
29,B,100,9,2,0.778255843662867
29,B,100,9,3,0.5926453753115544
29,B,100,9,4,-0.2541093829690463
29,B,100,9,5,0.676268468637195
29,B,100,9,6,0.6822269259521551
29,B,100,9,7,0.6914379032324446
29,B,100,9,8,0.14425775320562556
29,B,100,9,9,-0.09936020222159442
29,B,100,9,10,0.8919601424762807
29,B,100,9,11,0.8647954942387942
29,B,100,9,12,0.8370414689710041
29,B,100,9,13,0.7705728395905793
29,B,100,9,14,1.0500957539026559
29,B,100,9,15,0.07418746780881014
29,B,100,9,16,1.1216798433227415
29,B,100,9,17,0.6451057556407876
29,B,100,9,18,0.647678257462652
29,B,100,9,19,1.0343130996467462
29,B,100,9,20,1.3844422020998084
29,B,100,9,21,1.1075523138258843
29,B,100,9,22,0.7241831181804218
29,B,100,9,23,0.8797533820346556
29,B,100,9,24,0.72747521034332
29,B,100,9,25,1.4856569578353074
29,B,100,9,26,0.05323480310270429
29,B,100,9,27,0.8025741067082791
29,B,100,9,28,1.2880189944921785
29,B,100,9,29,1.1692096085594648
