run,variant,frequency,solution,generation,fitness
0,A,0.05,0,0,0.1568566035567311
0,A,0.05,0,1,0.5880980299401164
0,A,0.05,0,2,0.47086117379355497
0,A,0.05,0,3,0.7857091837237672
0,A,0.05,0,4,0.19864338336304233
0,A,0.05,0,5,0.6495487923797826
0,A,0.05,0,6,0.3986639601117756
0,A,0.05,0,7,0.3045539417124683
0,A,0.05,0,8,0.48552863368174287
0,A,0.05,0,9,-0.3579168049703931
0,A,0.05,0,10,0.4748084746363114
0,A,0.05,0,11,0.4027625899175767
0,A,0.05,0,12,0.45732762563811236
0,A,0.05,0,13,0.6236073553034036
0,A,0.05,0,14,0.6275130811452132
0,A,0.05,0,15,0.6164427201507235
0,A,0.05,0,16,0.6304691016853188
0,A,0.05,0,17,0.6154185128862499
0,A,0.05,0,18,0.41345979872346716
0,A,0.05,0,19,0.3839157306070413
0,A,0.05,1,0,0.7214763115929413
0,A,0.05,1,1,1.2664338174983512
0,A,0.05,1,2,0.6581752494503343
0,A,0.05,1,3,1.0288226058359315
0,A,0.05,1,4,0.2305526958245689
0,A,0.05,1,5,0.8011323225864948
0,A,0.05,1,6,0.32318444079009
0,A,0.05,1,7,0.5531370227534985
0,A,0.05,1,8,0.9650725443435543
0,A,0.05,1,9,0.7200894122740804
0,A,0.05,1,10,1.0870986666024236
0,A,0.05,1,11,1.0579900828537199
0,A,0.05,1,12,0.3214856045713386
0,A,0.05,1,13,1.2482419476403817
0,A,0.05,1,14,0.1417166810694646
0,A,0.05,1,15,0.5685211004595271
0,A,0.05,1,16,0.4498948138110542
0,A,0.05,1,17,0.5156496829632801
0,A,0.05,1,18,0.934423297845967
0,A,0.05,1,19,0.8122884416624817
0,A,0.05,2,0,0.5372573036597664
0,A,0.05,2,1,0.7951662135195477
0,A,0.05,2,2,1.4620431217240322
0,A,0.05,2,3,1.485274868724661
0,A,0.05,2,4,1.4329322307312315
0,A,0.05,2,5,1.4071056034786549
0,A,0.05,2,6,1.6583931787537805
0,A,0.05,2,7,0.9843276117811204
0,A,0.05,2,8,1.267964294301
0,A,0.05,2,9,1.3045832960697454
0,A,0.05,2,10,2.010270901576902
0,A,0.05,2,11,1.4021282455782877
0,A,0.05,2,12,1.9070046937338363
0,A,0.05,2,13,1.2021912927678142
0,A,0.05,2,14,0.6071151896623509
0,A,0.05,2,15,0.8219680504471157
0,A,0.05,2,16,1.498392792191313
0,A,0.05,2,17,1.4734056070943962
0,A,0.05,2,18,0.9892247967238015
0,A,0.05,2,19,0.9939586845885704
0,A,0.05,3,0,-1.8665522073589018
0,A,0.05,3,1,-1.502633430139415
0,A,0.05,3,2,-1.5525533861122172
0,A,0.05,3,3,-1.0534933826210011
0,A,0.05,3,4,-1.1660409740794022
0,A,0.05,3,5,-1.853788368690388
0,A,0.05,3,6,-1.6879438993776312
0,A,0.05,3,7,-1.886914582059228
0,A,0.05,3,8,-1.7874678278040255
0,A,0.05,3,9,-1.6627673668706564
0,A,0.05,3,10,-1.5246732510688712
0,A,0.05,3,11,-1.1953590352600991
0,A,0.05,3,12,-1.4919220662000683
0,A,0.05,3,13,-2.1479115613983146
0,A,0.05,3,14,-1.825844542452558
0,A,0.05,3,15,-1.9490056537980136
0,A,0.05,3,16,-1.9829064136572718
0,A,0.05,3,17,-1.678967551944169
0,A,0.05,3,18,-1.6713554363850958
0,A,0.05,3,19,-2.1886266064757023
0,A,0.05,4,0,-1.1615434581492141
0,A,0.05,4,1,-1.0573377560200412
0,A,0.05,4,2,-0.6405362148521853
0,A,0.05,4,3,-1.379073189998233
0,A,0.05,4,4,-1.2370468507813617
0,A,0.05,4,5,-0.30766714996145245
0,A,0.05,4,6,-1.6287397484064146
0,A,0.05,4,7,-0.9096266251739804
0,A,0.05,4,8,-0.8860387014610096
0,A,0.05,4,9,-0.8295136359241752
0,A,0.05,4,10,-1.3594816445155993
0,A,0.05,4,11,-1.0557819170647655
0,A,0.05,4,12,-1.1379987362390027
0,A,0.05,4,13,-1.397000452955782
0,A,0.05,4,14,-1.513871984462514
0,A,0.05,4,15,-1.2140495805614175
0,A,0.05,4,16,-1.5042821918144649
0,A,0.05,4,17,-1.2287923023865495
0,A,0.05,4,18,-1.2974852573991866
0,A,0.05,4,19,-1.301207829987056
0,A,0.05,5,0,0.10888998928163861
0,A,0.05,5,1,-0.5799911263523477
0,A,0.05,5,2,0.0190389809573005
0,A,0.05,5,3,0.3072688153177642
0,A,0.05,5,4,-0.028849826509796048
0,A,0.05,5,5,-0.15630355650428973
0,A,0.05,5,6,0.38110654430092056
0,A,0.05,5,7,-0.09428926158336304
0,A,0.05,5,8,0.06526359449855104
0,A,0.05,5,9,-0.0939135754803361
0,A,0.05,5,10,0.1317171473802344
0,A,0.05,5,11,-0.27323051597554204
0,A,0.05,5,12,0.16818267037164286
0,A,0.05,5,13,0.2294372361837406
0,A,0.05,5,14,-0.332600638760203
0,A,0.05,5,15,-0.3343989955945685
0,A,0.05,5,16,-0.40660432437161637
0,A,0.05,5,17,0.06780940027791726
0,A,0.05,5,18,0.09690082910092061
0,A,0.05,5,19,-0.06055566307336221
0,A,0.05,6,0,0.09948158466644512
0,A,0.05,6,1,0.11747407269546545
0,A,0.05,6,2,0.11477687698784633
0,A,0.05,6,3,0.10935317167590705
0,A,0.05,6,4,0.1130442175142167
0,A,0.05,6,5,0.0913395881890432
0,A,0.05,6,6,0.00021639572327500117
0,A,0.05,6,7,0.10242816948838104
0,A,0.05,6,8,0.08284254809897092
0,A,0.05,6,9,0.1075085236335435
0,A,0.05,6,10,0.12233302365212506
0,A,0.05,6,11,0.11947560223234369
0,A,0.05,6,12,0.12550278927509548
0,A,0.05,6,13,0.05262375958291862
0,A,0.05,6,14,0.12801454924955896
0,A,0.05,6,15,0.12242607328661144
0,A,0.05,6,16,0.10052764711012865
0,A,0.05,6,17,0.1264022061707565
0,A,0.05,6,18,0.1191943444086489
0,A,0.05,6,19,0.12444962786058486
0,A,0.05,7,0,0.08611492457852689
0,A,0.05,7,1,0.33560831790318524
0,A,0.05,7,2,0.305098469784391
0,A,0.05,7,3,0.5791075801106945
0,A,0.05,7,4,0.501172347560521
0,A,0.05,7,5,0.3858415638649918
0,A,0.05,7,6,0.7990443730638535
0,A,0.05,7,7,0.5905009865926725
0,A,0.05,7,8,0.5211590609983409
0,A,0.05,7,9,0.22993404031603049
0,A,0.05,7,10,0.2208792448660653
0,A,0.05,7,11,0.09554601437931833
0,A,0.05,7,12,0.44170913134233075
0,A,0.05,7,13,0.3133219210058449
0,A,0.05,7,14,0.39566843086570147
0,A,0.05,7,15,0.048127415381909004
0,A,0.05,7,16,0.31122258683726656
0,A,0.05,7,17,0.3661135582993943
0,A,0.05,7,18,0.20708624256157077
0,A,0.05,7,19,0.7239311610716364
0,A,0.05,8,0,-0.6102185419963931
0,A,0.05,8,1,-0.801298948995336
0,A,0.05,8,2,-0.3647503705179542
0,A,0.05,8,3,-0.5551344738316306
0,A,0.05,8,4,-0.39414533174977107
0,A,0.05,8,5,-0.21266934012321967
0,A,0.05,8,6,-0.5121664034755404
0,A,0.05,8,7,-0.43613898700873527
0,A,0.05,8,8,-0.5086901984656291
0,A,0.05,8,9,-0.4742168639564304
0,A,0.05,8,10,-0.7795785636942769
0,A,0.05,8,11,-0.6015614862437666
0,A,0.05,8,12,-0.8108289373686473
0,A,0.05,8,13,-0.7572957424734953
0,A,0.05,8,14,-0.9802099969143935
0,A,0.05,8,15,-0.6397532878514997
0,A,0.05,8,16,-0.24867439615677764
0,A,0.05,8,17,-0.6323296226278169
0,A,0.05,8,18,-0.36339225308968265
0,A,0.05,8,19,-0.6192050538686502
0,A,0.05,9,0,-0.2625507280187199
0,A,0.05,9,1,-0.42923818534274716
0,A,0.05,9,2,-0.3340556865990708
0,A,0.05,9,3,-0.4857362472618303
0,A,0.05,9,4,-0.20298193556442679
0,A,0.05,9,5,-0.0976804359178395
0,A,0.05,9,6,0.029248366019489113
0,A,0.05,9,7,0.17271762695847673
0,A,0.05,9,8,-0.06582997393139761
0,A,0.05,9,9,0.13023040441239703
0,A,0.05,9,10,-0.16920793417053837
0,A,0.05,9,11,-0.023098867604560584
0,A,0.05,9,12,-0.18684814439942926
0,A,0.05,9,13,-0.1286876855446334
0,A,0.05,9,14,-0.20897603202451095
0,A,0.05,9,15,-0.2088990244484027
0,A,0.05,9,16,-0.3153601900387445
0,A,0.05,9,17,-0.18557450929246277
0,A,0.05,9,18,0.1657153070024209
0,A,0.05,9,19,-0.2570496072350468
0,B,100,0,0,-1.4255483187177398
0,B,100,0,1,-1.1893695453954922
0,B,100,0,2,-1.4368107359420803
0,B,100,0,3,-1.4156585744099386
0,B,100,0,4,-1.2216309709369657
0,B,100,0,5,-1.2921734424509923
0,B,100,0,6,-1.2298242633205836
0,B,100,0,7,-0.756583762745017
0,B,100,0,8,-1.3575126632860457
0,B,100,0,9,-1.4801209356092342
0,B,100,0,10,-0.5676113209980493
0,B,100,0,11,-0.7830082550030845
0,B,100,0,12,-1.0505972226425813
0,B,100,0,13,-1.188887833123118
0,B,100,0,14,-0.7406361230641638
0,B,100,0,15,-1.6243456356178432
0,B,100,0,16,-1.3830587784787778
0,B,100,0,17,-1.3368172581869184
0,B,100,0,18,-1.3474392644913518
0,B,100,0,19,-1.4957504307868237
0,B,100,1,0,-0.36569369261762846
0,B,100,1,1,-0.17648997143706713
0,B,100,1,2,-0.09221275013957059
0,B,100,1,3,0.1636084980649475
0,B,100,1,4,0.217408524066329
0,B,100,1,5,0.12487736900565342
0,B,100,1,6,-0.2153113767830371
0,B,100,1,7,0.015930316510282736
0,B,100,1,8,0.4620110007228901
0,B,100,1,9,0.21004431743935575
0,B,100,1,10,0.09145719206370892
0,B,100,1,11,0.38549421289554053
0,B,100,1,12,0.6519131854620309
0,B,100,1,13,0.11805436260384913
0,B,100,1,14,1.0501978968757162
0,B,100,1,15,0.7479955474606041
0,B,100,1,16,0.14215193080455862
0,B,100,1,17,-0.0436770721283864
0,B,100,1,18,0.1932958526572433
0,B,100,1,19,0.03832429665207181
0,B,100,2,0,-0.098295338537157
0,B,100,2,1,-0.8663982327504025
0,B,100,2,2,-1.0436412625122806
0,B,100,2,3,-0.03587370555942541
0,B,100,2,4,0.31613572611735574
0,B,100,2,5,-0.603024254076299
0,B,100,2,6,-0.5558169651079491
0,B,100,2,7,-0.16010663932647878
0,B,100,2,8,-0.1438210999192394
0,B,100,2,9,-0.1572785799613153
0,B,100,2,10,0.004407254647410664
0,B,100,2,11,-0.5916773798469876
0,B,100,2,12,-0.1475119741603659
0,B,100,2,13,-0.523150964449639
0,B,100,2,14,0.04467650463631419
0,B,100,2,15,-0.27652699097080286
0,B,100,2,16,-0.3390034544754414
0,B,100,2,17,0.12411755673265656
0,B,100,2,18,-0.1772912113496109
0,B,100,2,19,-0.045546721066787456
0,B,100,3,0,0.6739245894624156
0,B,100,3,1,0.7048854243481116
0,B,100,3,2,0.9212647420884172
0,B,100,3,3,0.7705966494037879
0,B,100,3,4,0.754853760297273
0,B,100,3,5,1.011505635165965
0,B,100,3,6,1.0403633848309504
0,B,100,3,7,1.2497757736582873
0,B,100,3,8,1.0376513722209006
0,B,100,3,9,0.6934869124521392
0,B,100,3,10,0.4281722226456802
0,B,100,3,11,0.011606184515452592
0,B,100,3,12,0.5405744507694896
0,B,100,3,13,1.0918366673375373
0,B,100,3,14,0.8586491357212378
0,B,100,3,15,1.0058534672624866
0,B,100,3,16,0.8242340929134345
0,B,100,3,17,0.40538388953023163
0,B,100,3,18,0.777290474832984
0,B,100,3,19,0.2024315752988582
0,B,100,4,0,0.5960470574399435
0,B,100,4,1,1.056940633633162
0,B,100,4,2,-0.11943530705542049
0,B,100,4,3,0.40468356243888215
0,B,100,4,4,0.36670440936091553
0,B,100,4,5,0.6406979326846881
0,B,100,4,6,0.6778998958986028
0,B,100,4,7,0.1186375956099633
0,B,100,4,8,0.6177191533979249
0,B,100,4,9,0.6077302035611707
0,B,100,4,10,0.982570104381463
0,B,100,4,11,0.6512126056199398
0,B,100,4,12,0.5675114293724126
0,B,100,4,13,0.13864651469964578
0,B,100,4,14,1.019933225237059
0,B,100,4,15,0.7504944612431464
0,B,100,4,16,0.7082526586964553
0,B,100,4,17,0.4780376078494312
0,B,100,4,18,1.056783628376663
0,B,100,4,19,1.5179566252890686
0,B,100,5,0,0.34130972172608026
0,B,100,5,1,0.09984295280914443
0,B,100,5,2,0.26088927597127154
0,B,100,5,3,0.34161755448323716
0,B,100,5,4,0.2925082718666338
0,B,100,5,5,0.30704061166985663
0,B,100,5,6,0.3297511427769569
0,B,100,5,7,0.24748026159954714
0,B,100,5,8,0.20894383205604714
0,B,100,5,9,0.2035423574126811
0,B,100,5,10,0.11710918821605487
0,B,100,5,11,0.12649482916170718
0,B,100,5,12,0.3058752709822681
0,B,100,5,13,0.4279469518068718
0,B,100,5,14,0.1129525167617276
0,B,100,5,15,0.1222153252857359
0,B,100,5,16,0.0722220458099337
0,B,100,5,17,0.13665881667870242
0,B,100,5,18,0.1357274677729414
0,B,100,5,19,0.1480678904026661
0,B,100,6,0,1.0503008763657051
0,B,100,6,1,1.4388741555183533
0,B,100,6,2,1.2749042595140458
0,B,100,6,3,1.409162439646917
0,B,100,6,4,1.1951568760826727
0,B,100,6,5,1.478628447572217
0,B,100,6,6,1.1546284074216182
0,B,100,6,7,1.5819505111420673
0,B,100,6,8,1.25726036875407
0,B,100,6,9,1.4607423967461655
0,B,100,6,10,1.364022722650069
0,B,100,6,11,0.9221102337150423
0,B,100,6,12,1.308424544035068
0,B,100,6,13,1.115246474817689
0,B,100,6,14,1.3245731922920723
0,B,100,6,15,1.1056342814721203
0,B,100,6,16,1.1298150086564336
0,B,100,6,17,1.3082350165190453
0,B,100,6,18,1.219650162496051
0,B,100,6,19,1.4349738183427245
0,B,100,7,0,-1.0151988425972507
0,B,100,7,1,-0.6775086755691266
0,B,100,7,2,-0.6326909015510712
0,B,100,7,3,-0.6226033957627873
0,B,100,7,4,-0.31229274577644983
0,B,100,7,5,-1.0573885650079384
0,B,100,7,6,-1.0047963107988975
0,B,100,7,7,-0.6652560458117098
0,B,100,7,8,-0.48598230079048543
0,B,100,7,9,-0.5444567093289086
0,B,100,7,10,-0.44036400209741206
0,B,100,7,11,-0.643118507065749
0,B,100,7,12,-0.5717415177843096
0,B,100,7,13,-0.697279976755664
0,B,100,7,14,-0.3343554868713116
0,B,100,7,15,-0.5306196510307479
0,B,100,7,16,-0.36856740640188446
0,B,100,7,17,-0.6812917015053636
0,B,100,7,18,-1.011460841158962
0,B,100,7,19,-0.7517193402982573
0,B,100,8,0,0.1105604747744532
0,B,100,8,1,0.05698355934990636
0,B,100,8,2,0.21475967426479173
0,B,100,8,3,0.48212065177280333
0,B,100,8,4,0.23080445969527533
0,B,100,8,5,0.22780403342147673
0,B,100,8,6,-0.45189705571255073
0,B,100,8,7,0.2338490383269384
0,B,100,8,8,-0.09153453477770829
0,B,100,8,9,-0.09264058604510979
0,B,100,8,10,0.6041678908991023
0,B,100,8,11,0.634983222997569
0,B,100,8,12,0.44444761590607273
0,B,100,8,13,-0.07041542873379807
0,B,100,8,14,0.15699726555654872
0,B,100,8,15,0.4383389263639189
0,B,100,8,16,0.1984401136787468
0,B,100,8,17,0.08625071645971777
0,B,100,8,18,0.013893456131454927
0,B,100,8,19,0.22964418748591767
0,B,100,9,0,-0.725064104878641
0,B,100,9,1,-0.2511600525760848
0,B,100,9,2,-0.8039568033776441
0,B,100,9,3,-0.32914363375815225
0,B,100,9,4,-0.26505634779837817
0,B,100,9,5,-0.4079073671896611
0,B,100,9,6,-0.49685551130900485
0,B,100,9,7,-0.29886628809614907
0,B,100,9,8,-0.5071655011397213
0,B,100,9,9,-0.6482530139076884
0,B,100,9,10,-0.4157661625000916
0,B,100,9,11,-0.2795222274312603
0,B,100,9,12,-1.0434591850355315
0,B,100,9,13,-0.6463338519866788
0,B,100,9,14,-0.17944163219104625
0,B,100,9,15,-0.08555511517819558
0,B,100,9,16,-1.0757348769205444
0,B,100,9,17,-0.06922522887708163
0,B,100,9,18,-0.2888324757548178
0,B,100,9,19,-0.15412749580438972
1,A,0.05,0,0,-0.7446735723334424
1,A,0.05,0,1,-1.0558388464660875
1,A,0.05,0,2,-0.5405233446064996
1,A,0.05,0,3,-0.5165633351056591
1,A,0.05,0,4,-0.3433114025207008
1,A,0.05,0,5,-0.3782575188038284
1,A,0.05,0,6,-0.7398066514122529
1,A,0.05,0,7,-0.5941554522042206
1,A,0.05,0,8,-0.6097489640616186
1,A,0.05,0,9,-0.6467748398418229
1,A,0.05,0,10,-0.5890338625661484
1,A,0.05,0,11,-0.5251456275899662
1,A,0.05,0,12,-0.5153893913040092
1,A,0.05,0,13,-0.5305036232159008
1,A,0.05,0,14,-0.7714017161813556
1,A,0.05,0,15,-0.7773450208743692
1,A,0.05,0,16,-0.7502841860242725
1,A,0.05,0,17,-0.4607483280738191
1,A,0.05,0,18,-0.34007700317601375
1,A,0.05,0,19,-0.41513065159777346
1,A,0.05,1,0,-0.06331955359938045
1,A,0.05,1,1,0.3303612144425872
1,A,0.05,1,2,0.07697405186362964
1,A,0.05,1,3,0.18513926611308743
1,A,0.05,1,4,0.17142605062720195
1,A,0.05,1,5,0.009365410823780673
1,A,0.05,1,6,0.27147602070819765
1,A,0.05,1,7,0.10036889113200081
1,A,0.05,1,8,0.3506776160382575
1,A,0.05,1,9,0.27035719824914284
1,A,0.05,1,10,0.3033412339234926
1,A,0.05,1,11,0.20104963249540547
1,A,0.05,1,12,0.09952675708852853
1,A,0.05,1,13,-0.0631307470833102
1,A,0.05,1,14,-0.11270693093658059
1,A,0.05,1,15,0.26053457727132884
1,A,0.05,1,16,0.3629196160318107
1,A,0.05,1,17,-0.15841853024247007
1,A,0.05,1,18,0.17152559120293875
1,A,0.05,1,19,-0.0504621860089689
1,A,0.05,2,0,-0.23536764984484287
1,A,0.05,2,1,-0.022902058078744663
1,A,0.05,2,2,0.2569173977543967
1,A,0.05,2,3,0.45471346771672144
1,A,0.05,2,4,0.1399704379642886
1,A,0.05,2,5,0.2217150699163715
1,A,0.05,2,6,0.09907043401601306
1,A,0.05,2,7,0.10241087807136436
1,A,0.05,2,8,0.014929720112618367
1,A,0.05,2,9,0.40055331396805843
1,A,0.05,2,10,0.070985745829549
1,A,0.05,2,11,0.261920553289543
1,A,0.05,2,12,0.16967843225938894
1,A,0.05,2,13,0.20800016975721639
1,A,0.05,2,14,0.08705415289153154
1,A,0.05,2,15,-0.2021954408808328
1,A,0.05,2,16,0.29516769413714966
1,A,0.05,2,17,-0.039469037965326935
1,A,0.05,2,18,0.30887311625899994
1,A,0.05,2,19,-0.07867635268308809
1,A,0.05,3,0,0.6186078208368425
1,A,0.05,3,1,0.4668578561940296
1,A,0.05,3,2,0.2303293800736796
1,A,0.05,3,3,0.45794247830433815
1,A,0.05,3,4,0.4639537564462023
1,A,0.05,3,5,0.14876152172651907
1,A,0.05,3,6,0.5315684384545895
1,A,0.05,3,7,0.3605223118884947
1,A,0.05,3,8,0.3642583042999935
1,A,0.05,3,9,0.3485509187147337
1,A,0.05,3,10,0.4353301106946002
1,A,0.05,3,11,0.36801234125725724
1,A,0.05,3,12,0.28147958629764236
1,A,0.05,3,13,0.9505940080585479
1,A,0.05,3,14,0.5343903774008869
1,A,0.05,3,15,0.3648273832674232
1,A,0.05,3,16,0.20798256648082947
1,A,0.05,3,17,0.21554764603544782
1,A,0.05,3,18,0.4243474612376319
1,A,0.05,3,19,0.04753277478365453
1,A,0.05,4,0,0.07687515705551744
1,A,0.05,4,1,-0.0242665373450627
1,A,0.05,4,2,-0.06602456530063093
1,A,0.05,4,3,0.3388630069409082
1,A,0.05,4,4,0.2552592422618484
1,A,0.05,4,5,0.5037635454405412
1,A,0.05,4,6,0.5531736141857585
1,A,0.05,4,7,0.2915934885185888
1,A,0.05,4,8,-0.19080897714057302
1,A,0.05,4,9,0.18441231043559048
1,A,0.05,4,10,0.4710267165869564
1,A,0.05,4,11,-0.0985614821350927
1,A,0.05,4,12,-0.11746288796282855
1,A,0.05,4,13,0.05091229254741533
1,A,0.05,4,14,0.44022056699374607
1,A,0.05,4,15,0.13463811210873866
1,A,0.05,4,16,0.26982441377290717
1,A,0.05,4,17,0.1880386864961158
1,A,0.05,4,18,0.37855926064995526
1,A,0.05,4,19,-0.006004415316282702
1,A,0.05,5,0,-0.47232998736408066
1,A,0.05,5,1,-0.20767672669900436
1,A,0.05,5,2,-0.6665898617467476
1,A,0.05,5,3,-0.5802254588522976
1,A,0.05,5,4,-0.4690934791195148
1,A,0.05,5,5,-0.203212250057667
1,A,0.05,5,6,-0.17510465677930317
1,A,0.05,5,7,6.022975987547138e-05
1,A,0.05,5,8,-0.18265377069122807
1,A,0.05,5,9,0.00925763919441769
1,A,0.05,5,10,-0.18809758506149993
1,A,0.05,5,11,-0.7902576932765433
1,A,0.05,5,12,-0.017575910982998082
1,A,0.05,5,13,0.012494657077096107
1,A,0.05,5,14,-0.26824322829548675
1,A,0.05,5,15,-0.6703890536697933
1,A,0.05,5,16,0.16368280224761503
1,A,0.05,5,17,0.03736300600299316
1,A,0.05,5,18,0.05307627907165495
1,A,0.05,5,19,0.04676251485877153
1,A,0.05,6,0,-0.13834955193352058
1,A,0.05,6,1,0.008821950639852942
1,A,0.05,6,2,-0.12082509927270248
1,A,0.05,6,3,0.2329554986314435
1,A,0.05,6,4,0.03093033565658579
1,A,0.05,6,5,-0.07144808893510905
1,A,0.05,6,6,-0.10440023263877872
1,A,0.05,6,7,-0.16895400616788692
1,A,0.05,6,8,-0.10155076405174518
1,A,0.05,6,9,-0.4403048247372607
1,A,0.05,6,10,-0.030394731552948497
1,A,0.05,6,11,-0.23015834351752087
1,A,0.05,6,12,-0.10721779521761236
1,A,0.05,6,13,-0.08771605033182235
1,A,0.05,6,14,-0.044688231703754654
1,A,0.05,6,15,-0.06823945345471362
1,A,0.05,6,16,0.08614833814422303
1,A,0.05,6,17,0.12544644652575024
1,A,0.05,6,18,-0.09841615861855195
1,A,0.05,6,19,0.02059641296979362
1,A,0.05,7,0,-0.480569935899865
1,A,0.05,7,1,-0.07819923085404308
1,A,0.05,7,2,0.14309750609218608
1,A,0.05,7,3,0.4052699150461158
1,A,0.05,7,4,-0.19964563644279404
1,A,0.05,7,5,0.10741537739688295
1,A,0.05,7,6,0.13835960154626553
1,A,0.05,7,7,0.028777006851229102
1,A,0.05,7,8,0.12492241888339525
1,A,0.05,7,9,0.2747108957175116
1,A,0.05,7,10,-0.3622641566114257
1,A,0.05,7,11,-0.04051750020745362
1,A,0.05,7,12,0.4152680521004957
1,A,0.05,7,13,-0.4463578518155058
1,A,0.05,7,14,0.32499076783380326
1,A,0.05,7,15,-0.09691427395834816
1,A,0.05,7,16,0.0647289371329254
1,A,0.05,7,17,-0.31256978199021246
1,A,0.05,7,18,0.17417170505059296
1,A,0.05,7,19,0.4046106985571733
1,A,0.05,8,0,0.2056328000369569
1,A,0.05,8,1,0.06670295577643065
1,A,0.05,8,2,0.3759043961969532
1,A,0.05,8,3,0.15815922186163353
1,A,0.05,8,4,0.30236172895300156
1,A,0.05,8,5,0.22736392191177848
1,A,0.05,8,6,0.46633331215242607
1,A,0.05,8,7,0.14430991064274593
1,A,0.05,8,8,0.2633537643257174
1,A,0.05,8,9,-0.28085463777757136
1,A,0.05,8,10,0.32947907178060715
1,A,0.05,8,11,-0.07468851148808334
1,A,0.05,8,12,-0.009415728388369668
1,A,0.05,8,13,0.10045020955138576
1,A,0.05,8,14,0.04457220971769902
1,A,0.05,8,15,-0.21406154892670817
1,A,0.05,8,16,-0.17955020578493835
1,A,0.05,8,17,0.05491605960015045
1,A,0.05,8,18,0.17141799720506998
1,A,0.05,8,19,0.21843840693441086
1,A,0.05,9,0,0.055034569578034646
1,A,0.05,9,1,-0.297396324014098
1,A,0.05,9,2,0.2797881851114029
1,A,0.05,9,3,-0.15815510981990716
1,A,0.05,9,4,0.09095404351844279
1,A,0.05,9,5,0.36075284056534546
1,A,0.05,9,6,-0.010330710375988154
1,A,0.05,9,7,-0.6890376387467706
1,A,0.05,9,8,-0.09231005289312619
1,A,0.05,9,9,-0.3993817777102829
1,A,0.05,9,10,-0.5347953507188349
1,A,0.05,9,11,0.05751142900005411
1,A,0.05,9,12,-0.35096297330113907
1,A,0.05,9,13,-0.6791978470704497
1,A,0.05,9,14,-0.02406213810533942
1,A,0.05,9,15,-0.4541711905876634
1,A,0.05,9,16,-0.4355814091720294
1,A,0.05,9,17,-0.1645722008974855
1,A,0.05,9,18,-0.3438392167744782
1,A,0.05,9,19,-0.24736967401468674
1,B,100,0,0,0.6310606876533561
1,B,100,0,1,1.1667017943079872
1,B,100,0,2,0.8510198198405253
1,B,100,0,3,2.137616727005375
1,B,100,0,4,2.289878214887151
1,B,100,0,5,2.505958702012088
1,B,100,0,6,1.7357576995595483
1,B,100,0,7,2.3803870908472002
1,B,100,0,8,2.055771001687164
1,B,100,0,9,1.8258326548403183
1,B,100,0,10,1.7206131035726357
1,B,100,0,11,2.038723940603444
1,B,100,0,12,2.967078984325189
1,B,100,0,13,2.1587672800759905
1,B,100,0,14,1.7073233279844076
1,B,100,0,15,2.3349551136269877
1,B,100,0,16,2.0781618242992748
1,B,100,0,17,2.00086805707377
1,B,100,0,18,1.2026885220988461
1,B,100,0,19,2.3973272028829236
1,B,100,1,0,-2.3215362951408682
1,B,100,1,1,-1.3196705937202726
1,B,100,1,2,-1.3178455511318279
1,B,100,1,3,-0.8481185293258782
1,B,100,1,4,-1.4180811296250508
1,B,100,1,5,-1.2064851828951224
1,B,100,1,6,-1.7014146370437313
1,B,100,1,7,-1.60892684900038
1,B,100,1,8,-1.2923348507256893
1,B,100,1,9,-2.1185606683113725
1,B,100,1,10,-1.095561353420661
1,B,100,1,11,-1.1999725340228307
1,B,100,1,12,-2.346573951786064
1,B,100,1,13,-1.1858727699068596
1,B,100,1,14,-1.8599037105925758
1,B,100,1,15,-1.056941858781194
1,B,100,1,16,-1.476652036408898
1,B,100,1,17,-1.2529078010507697
1,B,100,1,18,-0.6506627236763955
1,B,100,1,19,-1.3013826147685
1,B,100,2,0,0.1063584410811145
1,B,100,2,1,0.1997563658078359
1,B,100,2,2,0.1747851880733198
1,B,100,2,3,0.2956659378265228
1,B,100,2,4,0.21987346421874143
1,B,100,2,5,0.018517729818443997
1,B,100,2,6,0.09536400104567185
1,B,100,2,7,0.09714324483594615
1,B,100,2,8,0.15297292408793495
1,B,100,2,9,0.21547566608646707
1,B,100,2,10,0.010785134673481436
1,B,100,2,11,0.11231078046120879
1,B,100,2,12,0.16196059374619304
1,B,100,2,13,0.09159691657891214
1,B,100,2,14,0.37402082871408243
1,B,100,2,15,0.1914801656997369
1,B,100,2,16,0.2852985743804027
1,B,100,2,17,0.2764144227744835
1,B,100,2,18,0.22892247191501994
1,B,100,2,19,0.10376825231807559
1,B,100,3,0,-1.8463284649078193
1,B,100,3,1,-1.2409446702219582
1,B,100,3,2,-1.450823015599208
1,B,100,3,3,-1.8296814845789147
1,B,100,3,4,-2.143157400964009
1,B,100,3,5,-1.4781690063855826
1,B,100,3,6,-1.883119011079206
1,B,100,3,7,-1.6720109736901831
1,B,100,3,8,-2.049659552354673
1,B,100,3,9,-1.939638185340787
1,B,100,3,10,-1.435065557745638
1,B,100,3,11,-1.8300322395738007
1,B,100,3,12,-1.866993358914817
1,B,100,3,13,-1.403006219270178
1,B,100,3,14,-1.7426061048292625
1,B,100,3,15,-1.6595168420678035
1,B,100,3,16,-1.3930225438229142
1,B,100,3,17,-2.1782607251867256
1,B,100,3,18,-1.4329045064572556
1,B,100,3,19,-1.6978027262705526
1,B,100,4,0,0.12148577239613893
1,B,100,4,1,0.28162885917209796
1,B,100,4,2,0.2982120575045163
1,B,100,4,3,0.454067174182961
1,B,100,4,4,0.7914748132486189
1,B,100,4,5,0.5606458035913996
1,B,100,4,6,0.594759306645193
1,B,100,4,7,0.6807434490546316
1,B,100,4,8,0.15148802860567254
1,B,100,4,9,0.5287988383991061
1,B,100,4,10,0.5303421946137304
1,B,100,4,11,0.4375832590495683
1,B,100,4,12,0.5241071794663172
1,B,100,4,13,0.28295378051611564
1,B,100,4,14,0.1627218931954666
1,B,100,4,15,0.12481286014595629
1,B,100,4,16,0.3442601995084507
1,B,100,4,17,0.5032174987244731
1,B,100,4,18,0.6328770132369593
1,B,100,4,19,0.1698691572084817
1,B,100,5,0,0.21199575064430168
1,B,100,5,1,0.20912898916195022
1,B,100,5,2,0.1788375124281918
1,B,100,5,3,0.2035259731179773
1,B,100,5,4,-0.10725341589185612
1,B,100,5,5,0.21544946962046876
1,B,100,5,6,0.07667084421179317
1,B,100,5,7,0.17235608480144177
1,B,100,5,8,0.10782452628261578
1,B,100,5,9,0.21372596462151963
1,B,100,5,10,0.5012556945000846
1,B,100,5,11,0.6286577272356011
1,B,100,5,12,0.6570289927624302
1,B,100,5,13,0.592198902778967
1,B,100,5,14,0.7385890514752341
1,B,100,5,15,0.38203982245885476
1,B,100,5,16,0.3308651661457464
1,B,100,5,17,0.6404333899791114
1,B,100,5,18,0.4406268027410808
1,B,100,5,19,0.4920111246941423
1,B,100,6,0,-1.412061687644046
1,B,100,6,1,-0.7900452896085174
1,B,100,6,2,-0.8268457041476873
1,B,100,6,3,-0.6704358949664032
1,B,100,6,4,-0.4348071031469755
1,B,100,6,5,-1.5950113798971608
1,B,100,6,6,-0.2819680866968117
1,B,100,6,7,-0.6968238031395464
1,B,100,6,8,-0.854693994591374
1,B,100,6,9,-1.6298698711919402
1,B,100,6,10,-0.7449028198257093
1,B,100,6,11,-0.9873736559851614
1,B,100,6,12,-0.0015814619730443575
1,B,100,6,13,-1.066956822043667
1,B,100,6,14,-0.3817255649860078
1,B,100,6,15,-0.7119111533433511
1,B,100,6,16,-0.667478763851205
1,B,100,6,17,-0.8925219046306397
1,B,100,6,18,-0.09857198887305282
1,B,100,6,19,-1.1611670395850655
1,B,100,7,0,-0.026840634851093996
1,B,100,7,1,0.11742948781892212
1,B,100,7,2,0.032846990639877206
1,B,100,7,3,-0.007423184490503036
1,B,100,7,4,0.11020117722874025
1,B,100,7,5,0.10518236126783236
1,B,100,7,6,-0.15779800839103383
1,B,100,7,7,0.02394794224001874
1,B,100,7,8,-0.09931146699282559
1,B,100,7,9,-0.07331760547100827
1,B,100,7,10,-0.04505703035525832
1,B,100,7,11,-0.11712553929905736
1,B,100,7,12,0.13115988394823763
1,B,100,7,13,0.030133281257876995
1,B,100,7,14,0.16537869932491464
1,B,100,7,15,0.023113306924118216
1,B,100,7,16,0.23996312215492324
1,B,100,7,17,0.02119765697123727
1,B,100,7,18,0.2208160085480461
1,B,100,7,19,-0.07429339059043634
1,B,100,8,0,0.2820295848760149
1,B,100,8,1,0.5043824144294883
1,B,100,8,2,0.06060897377636798
1,B,100,8,3,0.3274714587583512
1,B,100,8,4,0.3575920916924854
1,B,100,8,5,0.4551640614242292
1,B,100,8,6,-0.2225599360784336
1,B,100,8,7,0.02179048594648387
1,B,100,8,8,-0.24886219930297016
1,B,100,8,9,-0.14144781269087725
1,B,100,8,10,0.1675240347475788
1,B,100,8,11,0.1496999638861147
1,B,100,8,12,0.015486416175020033
1,B,100,8,13,0.6575921195553953
1,B,100,8,14,-0.09227720212392677
1,B,100,8,15,0.240269775264808
1,B,100,8,16,-0.6776046300176793
1,B,100,8,17,0.5428679080866785
1,B,100,8,18,0.5288506665041214
1,B,100,8,19,0.2076475644812623
1,B,100,9,0,0.5471010166916248
1,B,100,9,1,0.3919085581957543
1,B,100,9,2,0.3269505074928402
1,B,100,9,3,0.0016644631607037553
1,B,100,9,4,0.31433593415583894
1,B,100,9,5,0.16288388090873673
1,B,100,9,6,-0.035935622085667404
1,B,100,9,7,0.23591206896120948
1,B,100,9,8,0.2235505134481181
1,B,100,9,9,0.0752793881122873
1,B,100,9,10,0.29450655962695366
1,B,100,9,11,-0.19602418559281087
1,B,100,9,12,0.4122826431702754
1,B,100,9,13,0.4419635553091015
1,B,100,9,14,0.08593612372467228
1,B,100,9,15,0.20922522421862524
1,B,100,9,16,0.4252289352723433
1,B,100,9,17,-0.3865369694049547
1,B,100,9,18,0.3190254057374379
1,B,100,9,19,0.23148676710720817
2,A,0.05,0,0,0.28490174103064925
2,A,0.05,0,1,0.5181320035410504
2,A,0.05,0,2,0.6439705638700913
2,A,0.05,0,3,0.4916404313469917
2,A,0.05,0,4,0.3980134792096703
2,A,0.05,0,5,0.5210648349345911
2,A,0.05,0,6,0.4685286725378543
2,A,0.05,0,7,0.10325473957786699
2,A,0.05,0,8,0.3639799859393617
2,A,0.05,0,9,0.5416393967836424
2,A,0.05,0,10,0.5844274801764474
2,A,0.05,0,11,0.28749356426953177
2,A,0.05,0,12,0.7422158764781761
2,A,0.05,0,13,0.5735289228648822
2,A,0.05,0,14,0.38831433767045725
2,A,0.05,0,15,0.5933518393001537
2,A,0.05,0,16,0.3958841342661269
2,A,0.05,0,17,0.7068584705413575
2,A,0.05,0,18,0.39967640673147475
2,A,0.05,0,19,0.061524222480430775
2,A,0.05,1,0,0.06374603953453753
2,A,0.05,1,1,0.26888511629268513
2,A,0.05,1,2,0.08109573624615617
2,A,0.05,1,3,0.43250557666919015
2,A,0.05,1,4,0.27530177996485805
2,A,0.05,1,5,0.154970253153087
2,A,0.05,1,6,0.2692941386908461
2,A,0.05,1,7,0.5077954773044455
2,A,0.05,1,8,0.3917094858053333
2,A,0.05,1,9,0.2821846054412185
2,A,0.05,1,10,0.2784158919406075
2,A,0.05,1,11,0.2808684095527587
2,A,0.05,1,12,0.4354227011256808
2,A,0.05,1,13,0.385489793999236
2,A,0.05,1,14,1.1053348377091035
2,A,0.05,1,15,0.7513920147349714
2,A,0.05,1,16,0.7889358376108898
2,A,0.05,1,17,0.727165583697083
2,A,0.05,1,18,0.8367694565871276
2,A,0.05,1,19,0.5762961508137489
2,A,0.05,2,0,1.110806926492722
2,A,0.05,2,1,1.2677382530183565
2,A,0.05,2,2,0.8155967632972999
2,A,0.05,2,3,1.18428098373163
2,A,0.05,2,4,1.1108043080962524
2,A,0.05,2,5,1.3458833104711174
2,A,0.05,2,6,1.1086451672439341
2,A,0.05,2,7,1.15660147163423
2,A,0.05,2,8,0.8954503968072284
2,A,0.05,2,9,0.8908712840021838
2,A,0.05,2,10,1.01279574609944
2,A,0.05,2,11,1.3668191531485825
2,A,0.05,2,12,0.9253281719844706
2,A,0.05,2,13,0.983310182525667
2,A,0.05,2,14,0.8392994083342263
2,A,0.05,2,15,0.851734429913754
2,A,0.05,2,16,1.012042543875983
2,A,0.05,2,17,0.8992110666509853
2,A,0.05,2,18,0.9486490998858603
2,A,0.05,2,19,1.1258700171581
2,A,0.05,3,0,0.7757208450019231
2,A,0.05,3,1,0.49318034159064084
2,A,0.05,3,2,0.16509155449098328
2,A,0.05,3,3,1.7591405270156693
2,A,0.05,3,4,0.9676962969015771
2,A,0.05,3,5,1.4354709540076513
2,A,0.05,3,6,0.5353778903981021
2,A,0.05,3,7,0.8525505954228904
2,A,0.05,3,8,0.8995568724782903
2,A,0.05,3,9,1.376373950915766
2,A,0.05,3,10,1.0528765973121623
2,A,0.05,3,11,1.3729301795335376
2,A,0.05,3,12,0.9344870379217294
2,A,0.05,3,13,0.7569480889100773
2,A,0.05,3,14,1.4220423602777874
2,A,0.05,3,15,0.7795625536835425
2,A,0.05,3,16,0.627803639211952
2,A,0.05,3,17,1.0694811483778248
2,A,0.05,3,18,0.921079874638171
2,A,0.05,3,19,1.172906759505016
2,A,0.05,4,0,0.11316527155689508
2,A,0.05,4,1,0.21459158180067034
2,A,0.05,4,2,-0.4393044287673361
2,A,0.05,4,3,-0.09151194437350957
2,A,0.05,4,4,0.0752811475412325
2,A,0.05,4,5,-0.4522773507176615
2,A,0.05,4,6,0.8910725384357279
2,A,0.05,4,7,-0.08022486219054359
2,A,0.05,4,8,0.931424866583348
2,A,0.05,4,9,0.7427053885707066
2,A,0.05,4,10,-0.07335493247230421
2,A,0.05,4,11,0.20802386975546572
2,A,0.05,4,12,1.0133358300916826
2,A,0.05,4,13,0.3633018791689953
2,A,0.05,4,14,-0.02717225902154682
2,A,0.05,4,15,0.2729256656228728
2,A,0.05,4,16,0.18456161525930895
2,A,0.05,4,17,0.13532145574701623
2,A,0.05,4,18,-0.14895370227970117
2,A,0.05,4,19,0.5414622728861663
2,A,0.05,5,0,0.2893187088238219
2,A,0.05,5,1,0.23510908630585173
2,A,0.05,5,2,0.018501332106283533
2,A,0.05,5,3,0.21836796072288622
2,A,0.05,5,4,0.28206156453148307
2,A,0.05,5,5,0.02121811355915164
2,A,0.05,5,6,0.28835672464574513
2,A,0.05,5,7,-0.3218620310943905
2,A,0.05,5,8,0.3082058949703797
2,A,0.05,5,9,0.3064186540481261
2,A,0.05,5,10,0.18945198047370962
2,A,0.05,5,11,0.1698333233495034
2,A,0.05,5,12,0.22610605929549232
2,A,0.05,5,13,0.2892807514066851
2,A,0.05,5,14,0.286591771864356
2,A,0.05,5,15,0.29517769374706043
2,A,0.05,5,16,0.3402235467307935
2,A,0.05,5,17,0.28606706471116616
2,A,0.05,5,18,0.30987603810661285
2,A,0.05,5,19,-0.36416684223046564
2,A,0.05,6,0,0.3287976068137464
2,A,0.05,6,1,0.3792025913474553
2,A,0.05,6,2,0.17945001381691603
2,A,0.05,6,3,0.16339457315206832
2,A,0.05,6,4,0.22559810191655894
2,A,0.05,6,5,0.39153779398572464
2,A,0.05,6,6,0.4512613568758708
2,A,0.05,6,7,0.41804831514547736
2,A,0.05,6,8,0.5783451845638838
2,A,0.05,6,9,0.3071899699496037
2,A,0.05,6,10,0.206901593352596
2,A,0.05,6,11,0.688949571972874
2,A,0.05,6,12,0.4844903500909728
2,A,0.05,6,13,0.04776142362792577
2,A,0.05,6,14,0.3698887726592242
2,A,0.05,6,15,0.4177019666442826
2,A,0.05,6,16,0.43122882521697786
2,A,0.05,6,17,0.4349616392812495
2,A,0.05,6,18,0.41841542824057887
2,A,0.05,6,19,0.7062688187852053
2,A,0.05,7,0,1.480496084888358
2,A,0.05,7,1,1.8653222984407016
2,A,0.05,7,2,1.3660763639472402
2,A,0.05,7,3,1.4602023955532561
2,A,0.05,7,4,1.773016767451718
2,A,0.05,7,5,1.204968973343892
2,A,0.05,7,6,1.616725208724574
2,A,0.05,7,7,1.682124273967117
2,A,0.05,7,8,1.7296932332481194
2,A,0.05,7,9,1.1248176902606857
2,A,0.05,7,10,1.431144554855581
2,A,0.05,7,11,1.5197186774317841
2,A,0.05,7,12,1.4968450488965797
2,A,0.05,7,13,1.2273266511970236
2,A,0.05,7,14,1.4635233053258538
2,A,0.05,7,15,1.3794232233008483
2,A,0.05,7,16,1.7258001036376942
2,A,0.05,7,17,1.5075652723548585
2,A,0.05,7,18,1.4997743980938525
2,A,0.05,7,19,1.4470080856569005
2,A,0.05,8,0,0.11484357015247562
2,A,0.05,8,1,0.10779720838883015
2,A,0.05,8,2,-0.07364153144366274
2,A,0.05,8,3,0.01094748029180641
2,A,0.05,8,4,0.14609478954091498
2,A,0.05,8,5,-0.19758504419022804
2,A,0.05,8,6,0.6360251479302114
2,A,0.05,8,7,0.09402561778455769
2,A,0.05,8,8,-0.22251525278571116
2,A,0.05,8,9,-0.05798729084617385
2,A,0.05,8,10,-0.005552750209283624
2,A,0.05,8,11,0.04801757026170076
2,A,0.05,8,12,-0.057037855383529824
2,A,0.05,8,13,-0.2922832637153316
2,A,0.05,8,14,-0.21474606475443161
2,A,0.05,8,15,0.5199459201664343
2,A,0.05,8,16,-0.12372472257659267
2,A,0.05,8,17,0.29056017189698174
2,A,0.05,8,18,0.1578966619337499
2,A,0.05,8,19,0.24778403281862388
2,A,0.05,9,0,-0.04173816150813834
2,A,0.05,9,1,-0.2820827773256666
2,A,0.05,9,2,-0.016647063832794514
2,A,0.05,9,3,-0.035632043853429815
2,A,0.05,9,4,-0.8735517735458098
2,A,0.05,9,5,-0.144494119669361
2,A,0.05,9,6,-0.0403772358304286
2,A,0.05,9,7,0.24731714795361467
2,A,0.05,9,8,-0.5413408939766194
2,A,0.05,9,9,0.1904494271641516
2,A,0.05,9,10,-0.23308722182154346
2,A,0.05,9,11,0.11557108322530074
2,A,0.05,9,12,0.24306865066036173
2,A,0.05,9,13,0.27961650727920706
2,A,0.05,9,14,-0.21975268477653145
2,A,0.05,9,15,-0.000714619907088801
2,A,0.05,9,16,-0.03067742046126797
2,A,0.05,9,17,-0.4316885387695893
2,A,0.05,9,18,0.3110595566182308
2,A,0.05,9,19,0.1616206238067676
2,B,100,0,0,0.22302276126089657
2,B,100,0,1,0.7159715417373573
2,B,100,0,2,1.2063279832767244
2,B,100,0,3,0.9018098661146827
2,B,100,0,4,1.0496074038831027
2,B,100,0,5,0.5734496655008192
2,B,100,0,6,1.1204926588630526
2,B,100,0,7,1.4979509532552524
2,B,100,0,8,0.8443392609532199
2,B,100,0,9,0.5723802717921435
2,B,100,0,10,0.7499462066835426
2,B,100,0,11,1.076255000149845
2,B,100,0,12,1.0608049885423547
2,B,100,0,13,1.1503673702484716
2,B,100,0,14,1.2556400845817735
2,B,100,0,15,0.7088197063729977
2,B,100,0,16,0.6446138107573531
2,B,100,0,17,0.9490033365656684
2,B,100,0,18,1.0745676446362316
2,B,100,0,19,-0.0066409177856181
2,B,100,1,0,-1.1329585987313622
2,B,100,1,1,-1.1179978744268322
2,B,100,1,2,-1.1618529995515388
2,B,100,1,3,-1.240775017992196
2,B,100,1,4,-1.2955742723780639
2,B,100,1,5,-1.072849798221362
2,B,100,1,6,-0.9409075941630191
2,B,100,1,7,-1.355118909427689
2,B,100,1,8,-1.2088799161222012
2,B,100,1,9,-1.9480788247188514
2,B,100,1,10,-1.008741388038202
2,B,100,1,11,-1.260239696921463
2,B,100,1,12,-1.1467148851135582
2,B,100,1,13,-1.591346909648778
2,B,100,1,14,-1.0073637080816435
2,B,100,1,15,-1.5502259957368099
2,B,100,1,16,-0.553704664803644
2,B,100,1,17,-1.2113661533594073
2,B,100,1,18,-1.1344440172750285
2,B,100,1,19,-1.35654012830496
2,B,100,2,0,-0.03150500461481879
2,B,100,2,1,-0.0024364843038242683
2,B,100,2,2,0.00809747389733033
2,B,100,2,3,0.006473560748103994
2,B,100,2,4,-0.029071121180145012
2,B,100,2,5,0.007183786799955743
2,B,100,2,6,0.009438823923698584
2,B,100,2,7,0.008530894823520352
2,B,100,2,8,0.008422607968783608
2,B,100,2,9,0.011504665608942017
2,B,100,2,10,-0.030625916696112563
2,B,100,2,11,0.0016121321059379327
2,B,100,2,12,0.011625497135051099
2,B,100,2,13,0.012589108040808235
2,B,100,2,14,-0.013819731927165589
2,B,100,2,15,0.009870605860413955
2,B,100,2,16,0.011106343841976993
2,B,100,2,17,-0.010099925541263318
2,B,100,2,18,0.01052103893284779
2,B,100,2,19,-0.012332110826344727
2,B,100,3,0,0.4955558479003952
2,B,100,3,1,0.3303515217347404
2,B,100,3,2,1.116732766861288
2,B,100,3,3,0.5845673171590544
2,B,100,3,4,0.3429906312500677
2,B,100,3,5,0.7071999210112581
2,B,100,3,6,0.4983978587229085
2,B,100,3,7,0.8955919414583093
2,B,100,3,8,0.9878362599432486
2,B,100,3,9,0.8324332490464751
2,B,100,3,10,1.032347994208438
2,B,100,3,11,0.6070531472937878
2,B,100,3,12,0.5590237980677455
2,B,100,3,13,0.6064197031133798
2,B,100,3,14,0.6869810571312471
2,B,100,3,15,0.6948414689940563
2,B,100,3,16,0.7714638592969528
2,B,100,3,17,0.7006906758375547
2,B,100,3,18,0.0634187507080008
2,B,100,3,19,0.8102264195957688
2,B,100,4,0,-0.0057910697566498906
2,B,100,4,1,0.3748782680216869
2,B,100,4,2,0.27304493368098615
2,B,100,4,3,0.019596843971999872
2,B,100,4,4,0.08476480003471086
2,B,100,4,5,0.32240886086814774
2,B,100,4,6,0.0769895685823309
2,B,100,4,7,0.24303627150703155
2,B,100,4,8,-0.09760824494907493
2,B,100,4,9,0.42557632160407777
2,B,100,4,10,0.5956468035406656
2,B,100,4,11,0.028501489462566778
2,B,100,4,12,-0.0035566293490609893
2,B,100,4,13,-0.13336798792672305
2,B,100,4,14,0.7404332042650955
2,B,100,4,15,0.3376520830498121
2,B,100,4,16,0.8066883998482229
2,B,100,4,17,0.24118715845826708
2,B,100,4,18,0.377995735080119
2,B,100,4,19,0.1634099053064977
2,B,100,5,0,1.6788953778753641
2,B,100,5,1,2.2404813433929713
2,B,100,5,2,2.3411994370020186
2,B,100,5,3,2.060872328197473
2,B,100,5,4,1.9395878467497838
2,B,100,5,5,1.7258628093346462
2,B,100,5,6,1.628022227242425
2,B,100,5,7,1.4967266733637272
2,B,100,5,8,1.6613683349109807
2,B,100,5,9,1.6543523588722706
2,B,100,5,10,2.763229389946188
2,B,100,5,11,2.1206737499517656
2,B,100,5,12,2.2014033471648116
2,B,100,5,13,2.223555148681594
2,B,100,5,14,1.1861300299513424
2,B,100,5,15,2.4092669335300494
2,B,100,5,16,2.778887947461332
2,B,100,5,17,2.327951649492471
2,B,100,5,18,2.2016528286193373
2,B,100,5,19,2.722106817380488
2,B,100,6,0,1.4316372850387462
2,B,100,6,1,0.09682453682377393
2,B,100,6,2,1.0153958826313334
2,B,100,6,3,0.9184534178689143
2,B,100,6,4,0.7280313177263841
2,B,100,6,5,0.6683127191338433
2,B,100,6,6,0.20635953660627898
2,B,100,6,7,0.8551208527116384
2,B,100,6,8,0.47766869404909457
2,B,100,6,9,0.37710269471711033
2,B,100,6,10,1.406682689318924
2,B,100,6,11,0.7599734934884675
2,B,100,6,12,0.7167521112537709
2,B,100,6,13,1.311172654778007
2,B,100,6,14,0.49993743189424833
2,B,100,6,15,1.022070923938606
2,B,100,6,16,1.2811645451551132
2,B,100,6,17,0.5774741132293039
2,B,100,6,18,0.6179350202898303
2,B,100,6,19,0.9031936215315962
2,B,100,7,0,1.7403696753786313
2,B,100,7,1,1.2639993738130921
2,B,100,7,2,1.3971654720273332
2,B,100,7,3,1.187203620537425
2,B,100,7,4,1.1998193327850988
2,B,100,7,5,1.676725528762524
2,B,100,7,6,0.9069838077848162
2,B,100,7,7,1.316344018427527
2,B,100,7,8,1.2405474512204924
2,B,100,7,9,1.38303161473035
2,B,100,7,10,1.480435554949223
2,B,100,7,11,1.2161747480219123
2,B,100,7,12,1.5496503234849694
2,B,100,7,13,1.6503199807399982
2,B,100,7,14,1.1845972624293886
2,B,100,7,15,1.2041712418956694
2,B,100,7,16,1.41800335381775
2,B,100,7,17,1.123285638397791
2,B,100,7,18,1.5504322081305857
2,B,100,7,19,1.730526075754463
2,B,100,8,0,-0.546894373877492
2,B,100,8,1,-0.516039785858174
2,B,100,8,2,-0.9881766256391363
2,B,100,8,3,1.0980560242958537
2,B,100,8,4,-0.05995289660605775
2,B,100,8,5,-0.1703674165500661
2,B,100,8,6,-0.4529511000880699
2,B,100,8,7,0.26251647964644514
2,B,100,8,8,0.17767172888374516
2,B,100,8,9,1.3033364935484357
2,B,100,8,10,-0.4447868492311186
2,B,100,8,11,1.0574428966945633
2,B,100,8,12,0.6756126966091638
2,B,100,8,13,1.1822347454478304
2,B,100,8,14,1.5957763860420546
2,B,100,8,15,1.3858560748886615
2,B,100,8,16,0.10258089416430495
2,B,100,8,17,1.3055648140358453
2,B,100,8,18,1.2570712305937002
2,B,100,8,19,-0.8338488448789131
2,B,100,9,0,0.06523655481430007
2,B,100,9,1,0.434497615281964
2,B,100,9,2,0.31027312222780334
2,B,100,9,3,0.09273874948583785
2,B,100,9,4,0.47476170814313945
2,B,100,9,5,0.26301791932160395
2,B,100,9,6,0.14294704797105942
2,B,100,9,7,0.35808936291592125
2,B,100,9,8,0.29122633831374184
2,B,100,9,9,0.3081762167836581
2,B,100,9,10,0.4193981816035037
2,B,100,9,11,0.6633185524784987
2,B,100,9,12,0.5687473503657265
2,B,100,9,13,0.3883369776749227
2,B,100,9,14,0.45681229431603937
2,B,100,9,15,0.2738434112642819
2,B,100,9,16,0.4739133295075858
2,B,100,9,17,0.10270613445817008
2,B,100,9,18,0.43792710377661553
2,B,100,9,19,0.5612264727763937
3,A,0.05,0,0,-1.3070908686865919
3,A,0.05,0,1,-1.0835076791277283
3,A,0.05,0,2,-0.6573526074247408
3,A,0.05,0,3,-1.5490398699299543
3,A,0.05,0,4,-1.0352781760039886
3,A,0.05,0,5,-1.4015924631086512
3,A,0.05,0,6,-1.6372701353822938
3,A,0.05,0,7,-1.6369158144707363
3,A,0.05,0,8,-1.1012414707218874
3,A,0.05,0,9,-1.584724380132017
3,A,0.05,0,10,-1.5705916438170362
3,A,0.05,0,11,-1.7762569650412543
3,A,0.05,0,12,-1.4391727117088589
3,A,0.05,0,13,-1.5755460184256773
3,A,0.05,0,14,-1.1392299003742024
3,A,0.05,0,15,-1.2525706461731012
3,A,0.05,0,16,-1.6755391897659204
3,A,0.05,0,17,-1.5321741838438434
3,A,0.05,0,18,-0.9276671186323738
3,A,0.05,0,19,-1.4552553634758454
3,A,0.05,1,0,-0.7388099165990882
3,A,0.05,1,1,-0.7453609146508795
3,A,0.05,1,2,-0.84080934840459
3,A,0.05,1,3,-0.1336754931548874
3,A,0.05,1,4,-0.5163288077234182
3,A,0.05,1,5,-0.20917332824849433
3,A,0.05,1,6,-0.27871068422008133
3,A,0.05,1,7,-0.036091967549364674
3,A,0.05,1,8,-0.19179597961938036
3,A,0.05,1,9,-0.1865239558418788
3,A,0.05,1,10,-0.6557549675010629
3,A,0.05,1,11,-0.17251300708571832
3,A,0.05,1,12,0.06612301344354188
3,A,0.05,1,13,-0.660635503266658
3,A,0.05,1,14,-0.17029012598560286
3,A,0.05,1,15,-0.27416715785750867
3,A,0.05,1,16,-0.4300873852743616
3,A,0.05,1,17,-0.05961062147162407
3,A,0.05,1,18,-0.07282923183663219
3,A,0.05,1,19,-0.46029132025585695
3,A,0.05,2,0,-0.020953803497211505
3,A,0.05,2,1,0.1359173156684724
3,A,0.05,2,2,1.161130814529582
3,A,0.05,2,3,0.01421233137060093
3,A,0.05,2,4,1.3122449248533183
3,A,0.05,2,5,0.7812247861010008
3,A,0.05,2,6,0.7635727670669938
3,A,0.05,2,7,-0.03517705891114478
3,A,0.05,2,8,1.0377182270115408
3,A,0.05,2,9,-0.12111866504035404
3,A,0.05,2,10,1.1641658311808665
3,A,0.05,2,11,0.9267627906577544
3,A,0.05,2,12,0.8241812020866635
3,A,0.05,2,13,-0.23038867177058486
3,A,0.05,2,14,-0.041320785274964446
3,A,0.05,2,15,1.1236090653838045
3,A,0.05,2,16,1.204818657984673
3,A,0.05,2,17,0.8424467135026329
3,A,0.05,2,18,1.0164370278436043
3,A,0.05,2,19,0.9961835515018066
3,A,0.05,3,0,1.564925231695941
3,A,0.05,3,1,1.5550211681799508
3,A,0.05,3,2,2.3132208132114056
3,A,0.05,3,3,1.811884289081907
3,A,0.05,3,4,1.9455916341260502
3,A,0.05,3,5,1.5887215823775283
3,A,0.05,3,6,1.9747975442679213
3,A,0.05,3,7,2.2974961685069917
3,A,0.05,3,8,2.2054964722757227
3,A,0.05,3,9,2.0160674696184473
3,A,0.05,3,10,2.2904850378443844
3,A,0.05,3,11,1.753587390392745
3,A,0.05,3,12,1.7589423323683553
3,A,0.05,3,13,2.0614049449134715
3,A,0.05,3,14,1.9255091029763447
3,A,0.05,3,15,1.3899317210940754
3,A,0.05,3,16,1.9067152931230822
3,A,0.05,3,17,1.5862373058896955
3,A,0.05,3,18,1.9526795157889671
3,A,0.05,3,19,2.3639929382500666
3,A,0.05,4,0,0.43222640795046574
3,A,0.05,4,1,0.42908538102089655
3,A,0.05,4,2,0.4136129348106409
3,A,0.05,4,3,0.4207653647190524
3,A,0.05,4,4,0.5232789382234684
3,A,0.05,4,5,0.5134090934335264
3,A,0.05,4,6,0.32834546434921347
3,A,0.05,4,7,0.7347123973354006
3,A,0.05,4,8,0.12963384050475818
3,A,0.05,4,9,0.42103337298603094
3,A,0.05,4,10,0.36963293456503304
3,A,0.05,4,11,0.3127107910435604
3,A,0.05,4,12,0.3314403138710763
3,A,0.05,4,13,-0.09647558053051614
3,A,0.05,4,14,0.39004540087545503
3,A,0.05,4,15,0.5317888305411919
3,A,0.05,4,16,0.49469273573276595
3,A,0.05,4,17,0.3738306671322674
3,A,0.05,4,18,-0.08685864085638359
3,A,0.05,4,19,0.5633489248337642
3,A,0.05,5,0,0.6113123434688956
3,A,0.05,5,1,0.40913380336188526
3,A,0.05,5,2,0.037996342479912106
3,A,0.05,5,3,-0.00680760500863612
3,A,0.05,5,4,-0.09770002586571588
3,A,0.05,5,5,0.60226790127718
3,A,0.05,5,6,0.253212140102868
3,A,0.05,5,7,-0.07733695626651095
3,A,0.05,5,8,0.5722996488537275
3,A,0.05,5,9,-0.011940678971924017
3,A,0.05,5,10,0.6476015547802864
3,A,0.05,5,11,0.7465296532554283
3,A,0.05,5,12,0.8217967675204183
3,A,0.05,5,13,-0.034825989168117785
3,A,0.05,5,14,-0.7689588166958269
3,A,0.05,5,15,-1.5689233320023372
3,A,0.05,5,16,0.388307097751046
3,A,0.05,5,17,0.5758649265782653
3,A,0.05,5,18,0.9146278068340465
3,A,0.05,5,19,0.692117708594449
3,A,0.05,6,0,-0.5500713226511419
3,A,0.05,6,1,-1.1027682531092466
3,A,0.05,6,2,-1.3905918585698367
3,A,0.05,6,3,-1.6243218508353792
3,A,0.05,6,4,-0.8887636846648623
3,A,0.05,6,5,-1.3686319790056642
3,A,0.05,6,6,-0.759552439622517
3,A,0.05,6,7,-1.4244010200823165
3,A,0.05,6,8,-1.295213394455359
3,A,0.05,6,9,-1.5899102244235088
3,A,0.05,6,10,-0.9800614657533155
3,A,0.05,6,11,-1.4571824295997615
3,A,0.05,6,12,-0.7024338032064078
3,A,0.05,6,13,-1.3465543630336536
3,A,0.05,6,14,-1.3274683191031584
3,A,0.05,6,15,-0.8968425279514286
3,A,0.05,6,16,-0.8331579170712375
3,A,0.05,6,17,-1.1973911253330674
3,A,0.05,6,18,-0.9344189810251
3,A,0.05,6,19,-1.4898702532131753
3,A,0.05,7,0,-0.5238742559483309
3,A,0.05,7,1,0.5877296741345243
3,A,0.05,7,2,0.11644612139637069
3,A,0.05,7,3,0.43850219127684925
3,A,0.05,7,4,1.267171868330505
3,A,0.05,7,5,0.5122808710257221
3,A,0.05,7,6,1.1974604670386289
3,A,0.05,7,7,0.3912173885471624
3,A,0.05,7,8,0.41962442359806035
3,A,0.05,7,9,1.0178068265468831
3,A,0.05,7,10,1.3655214438398136
3,A,0.05,7,11,0.3009099275741921
3,A,0.05,7,12,0.9898831746918493
3,A,0.05,7,13,0.9636739800351494
3,A,0.05,7,14,0.6210209372454086
3,A,0.05,7,15,0.3191597143667633
3,A,0.05,7,16,1.750581967493538
3,A,0.05,7,17,1.0920873911531825
3,A,0.05,7,18,1.641445498196589
3,A,0.05,7,19,0.8719357211328207
3,A,0.05,8,0,0.1566134629418078
3,A,0.05,8,1,0.006512215820918736
3,A,0.05,8,2,-0.11066899584519686
3,A,0.05,8,3,-0.0011728828369187894
3,A,0.05,8,4,-0.3520687517037261
3,A,0.05,8,5,-0.12756886674008866
3,A,0.05,8,6,-0.09029055952669382
3,A,0.05,8,7,-0.15871771728895448
3,A,0.05,8,8,0.2726473359655715
3,A,0.05,8,9,-0.28520032275353957
3,A,0.05,8,10,-0.34316598484186456
3,A,0.05,8,11,0.4469419014402688
3,A,0.05,8,12,-0.6122108808633684
3,A,0.05,8,13,-0.27663142022245013
3,A,0.05,8,14,0.07524732198156281
3,A,0.05,8,15,0.01868449826390955
3,A,0.05,8,16,-0.16431240131732858
3,A,0.05,8,17,0.06754704364075342
3,A,0.05,8,18,-0.25339509024716733
3,A,0.05,8,19,0.14106568045796997
3,A,0.05,9,0,0.08325719157108832
3,A,0.05,9,1,0.2632411702598768
3,A,0.05,9,2,0.11104251888272546
3,A,0.05,9,3,0.2510039656275024
3,A,0.05,9,4,0.22772081439123681
3,A,0.05,9,5,-0.2550463235224139
3,A,0.05,9,6,0.07605691863418451
3,A,0.05,9,7,0.03165551264403996
3,A,0.05,9,8,-0.15238191840060297
3,A,0.05,9,9,0.05606814641728723
3,A,0.05,9,10,0.1671646872149748
3,A,0.05,9,11,0.14592265826386017
3,A,0.05,9,12,0.0757120853420236
3,A,0.05,9,13,0.09821411630193214
3,A,0.05,9,14,0.2689668638764102
3,A,0.05,9,15,0.24989100056570973
3,A,0.05,9,16,0.03228689922578761
3,A,0.05,9,17,-0.3020000001146101
3,A,0.05,9,18,-0.23864308755492641
3,A,0.05,9,19,0.17706676888245435
3,B,100,0,0,-1.1938186714566388
3,B,100,0,1,-0.7702879445639256
3,B,100,0,2,-0.3757413642951962
3,B,100,0,3,-0.7992892491163021
3,B,100,0,4,-1.0699575422851815
3,B,100,0,5,-0.8712632001966536
3,B,100,0,6,-1.0966888928901928
3,B,100,0,7,-1.4333435953784759
3,B,100,0,8,-1.0976014005474777
3,B,100,0,9,-1.2069826088906983
3,B,100,0,10,-0.8311064685720227
3,B,100,0,11,-1.2122665591295239
3,B,100,0,12,-1.3212133544503157
3,B,100,0,13,-1.093496918583205
3,B,100,0,14,-0.6716712456198021
3,B,100,0,15,-1.1691730294558804
3,B,100,0,16,-0.7681244091710413
3,B,100,0,17,-0.7735605401627388
3,B,100,0,18,-1.1530094048424027
3,B,100,0,19,-0.9258390733007862
3,B,100,1,0,1.9670225793580547
3,B,100,1,1,2.4170795996191616
3,B,100,1,2,1.291128478026878
3,B,100,1,3,1.8666262128339348
3,B,100,1,4,2.5286449188008846
3,B,100,1,5,2.030580735201625
3,B,100,1,6,1.3708330939635776
3,B,100,1,7,1.8916740881255545
3,B,100,1,8,2.7828227898893876
3,B,100,1,9,1.9715752251373806
3,B,100,1,10,2.4250201299070815
3,B,100,1,11,2.934643045974712
3,B,100,1,12,1.7697718611616187
3,B,100,1,13,1.9534330346464208
3,B,100,1,14,1.5689228131217383
3,B,100,1,15,2.4219674246077862
3,B,100,1,16,1.8772284111207191
3,B,100,1,17,2.7819573657969965
3,B,100,1,18,1.498316254117557
3,B,100,1,19,1.8346195762066444
3,B,100,2,0,-0.023766137585957185
3,B,100,2,1,-0.07335673772018036
3,B,100,2,2,-0.06738923670793584
3,B,100,2,3,0.008831969550169317
3,B,100,2,4,-0.4159672906916599
3,B,100,2,5,0.05110179242498818
3,B,100,2,6,-0.5685736539600307
3,B,100,2,7,-0.09795873058420995
3,B,100,2,8,0.04877872222503107
3,B,100,2,9,0.06934154799535192
3,B,100,2,10,0.07032918856027304
3,B,100,2,11,0.02334874798914908
3,B,100,2,12,-0.02100819846773994
3,B,100,2,13,-0.00016180594052765332
3,B,100,2,14,0.05137822550349648
3,B,100,2,15,0.04917338492894052
3,B,100,2,16,-0.005016789368440425
3,B,100,2,17,0.031204973969383237
3,B,100,2,18,-0.02008186611138312
3,B,100,2,19,-0.002929362377568156
3,B,100,3,0,0.4354659334133699
3,B,100,3,1,-0.02823555758609916
3,B,100,3,2,0.39393351327685366
3,B,100,3,3,0.12722808914201877
3,B,100,3,4,0.25212951261118477
3,B,100,3,5,0.21744300778419617
3,B,100,3,6,0.22401348177146443
3,B,100,3,7,0.2905627285847245
3,B,100,3,8,0.39964200371163566
3,B,100,3,9,0.3124660366722834
3,B,100,3,10,0.15439604611369628
3,B,100,3,11,0.08713932951332334
3,B,100,3,12,0.614410373094565
3,B,100,3,13,0.3330668476132651
3,B,100,3,14,0.31408675874788644
3,B,100,3,15,0.3397258361256089
3,B,100,3,16,0.30923695598704526
3,B,100,3,17,0.3608197499700429
3,B,100,3,18,0.08977539635627627
3,B,100,3,19,0.31601281401333897
3,B,100,4,0,-0.40846448813733466
3,B,100,4,1,-0.2856997287299894
3,B,100,4,2,0.07875870968191194
3,B,100,4,3,-0.15515984970028648
3,B,100,4,4,-0.15960248700613988
3,B,100,4,5,-0.14742061520681957
3,B,100,4,6,-0.15201887929499622
3,B,100,4,7,-0.36689684454183946
3,B,100,4,8,0.18298256306412486
3,B,100,4,9,-0.16922303712641784
3,B,100,4,10,-0.05368077794452802
3,B,100,4,11,-0.516220959833631
3,B,100,4,12,-0.5605740579483163
3,B,100,4,13,-0.14777880675809604
3,B,100,4,14,-0.3247456365584931
3,B,100,4,15,-0.24729399526459955
3,B,100,4,16,-0.3557813028693475
3,B,100,4,17,-0.14444915797541452
3,B,100,4,18,0.062496710284625064
3,B,100,4,19,-0.009120098676137417
3,B,100,5,0,-1.0221559916744558
3,B,100,5,1,-1.9589169448059005
3,B,100,5,2,-1.7628209924624532
3,B,100,5,3,-1.081770357070414
3,B,100,5,4,-1.7782276001059156
3,B,100,5,5,-1.058696981940442
3,B,100,5,6,-1.2010163293508234
3,B,100,5,7,-1.6586096983078382
3,B,100,5,8,-1.34760852785331
3,B,100,5,9,-1.3900885639634324
3,B,100,5,10,-2.079949640274426
3,B,100,5,11,-1.47890119259089
3,B,100,5,12,-1.2853946919168984
3,B,100,5,13,-2.455558000315827
3,B,100,5,14,-0.884292561590636
3,B,100,5,15,-1.844412376618567
3,B,100,5,16,-1.8601364308165496
3,B,100,5,17,-2.137529031568206
3,B,100,5,18,-2.0987938668957438
3,B,100,5,19,-0.98172007911833
3,B,100,6,0,2.494554582478164
3,B,100,6,1,2.0231698262671722
3,B,100,6,2,2.1098893712046527
3,B,100,6,3,2.231098057644686
3,B,100,6,4,2.3070581219281987
3,B,100,6,5,1.584819196900763
3,B,100,6,6,2.0103338044266135
3,B,100,6,7,1.7702767233853087
3,B,100,6,8,1.3725346708131878
3,B,100,6,9,2.3491287313534666
3,B,100,6,10,2.2000911206442577
3,B,100,6,11,1.964756175576721
3,B,100,6,12,1.681844056299553
3,B,100,6,13,1.6982307607866767
3,B,100,6,14,1.4745146177498547
3,B,100,6,15,2.089805620133664
3,B,100,6,16,2.232357835257309
3,B,100,6,17,1.7458533266164036
3,B,100,6,18,1.90508242351788
3,B,100,6,19,1.913919093114179
3,B,100,7,0,0.6373350127071136
3,B,100,7,1,1.0052099091963242
3,B,100,7,2,1.2013712869523583
3,B,100,7,3,0.6279306375210807
3,B,100,7,4,1.3016688917842425
3,B,100,7,5,0.8019818212553443
3,B,100,7,6,0.7712677743625976
3,B,100,7,7,1.2109324490480082
3,B,100,7,8,0.9373603432511413
3,B,100,7,9,0.9461130276434438
3,B,100,7,10,1.1458317963094244
3,B,100,7,11,1.3443131004304552
3,B,100,7,12,0.654313519983725
3,B,100,7,13,0.658490945904471
3,B,100,7,14,1.2972110727070594
3,B,100,7,15,0.8128000067682248
3,B,100,7,16,1.0017408488545039
3,B,100,7,17,0.3616650733151761
3,B,100,7,18,0.510297082239777
3,B,100,7,19,0.9004705702485255
3,B,100,8,0,2.5486360615845447
3,B,100,8,1,2.623355794347725
3,B,100,8,2,2.074042496843827
3,B,100,8,3,2.6353657253702276
3,B,100,8,4,3.025613165649373
3,B,100,8,5,2.311081671983033
3,B,100,8,6,2.5652538044965887
3,B,100,8,7,2.593131215531353
3,B,100,8,8,3.06400090675856
3,B,100,8,9,2.6762524829473935
3,B,100,8,10,2.8977242950909976
3,B,100,8,11,2.4208315498581574
3,B,100,8,12,2.7251738097110674
3,B,100,8,13,2.412501139143227
3,B,100,8,14,2.537865531124786
3,B,100,8,15,2.469823930163115
3,B,100,8,16,2.3589408861270127
3,B,100,8,17,3.045135999731276
3,B,100,8,18,2.390438931785844
3,B,100,8,19,2.704844742841307
3,B,100,9,0,0.09504177704247968
3,B,100,9,1,0.2598036796376916
3,B,100,9,2,0.23124711272557202
3,B,100,9,3,0.3115273844800063
3,B,100,9,4,0.25799508795699844
3,B,100,9,5,0.32352058022218244
3,B,100,9,6,0.28579606488422227
3,B,100,9,7,0.17463075961934263
3,B,100,9,8,0.3244751311581624
3,B,100,9,9,0.28355289813674267
3,B,100,9,10,0.4618740937096061
3,B,100,9,11,0.2600812616582062
3,B,100,9,12,0.41066939279554626
3,B,100,9,13,0.48057953213113186
3,B,100,9,14,0.3800430264637081
3,B,100,9,15,0.46050478152466134
3,B,100,9,16,0.40546990861775495
3,B,100,9,17,0.46229898695029853
3,B,100,9,18,-0.1758199515837271
3,B,100,9,19,0.49099806251417466
4,A,0.05,0,0,-0.20863079408428586
4,A,0.05,0,1,-0.34740066059743124
4,A,0.05,0,2,-0.379723950527567
4,A,0.05,0,3,-0.8977581968293019
4,A,0.05,0,4,-0.5196899691314457
4,A,0.05,0,5,-0.483124216556645
4,A,0.05,0,6,-0.5314396459352014
4,A,0.05,0,7,-0.4543569975547687
4,A,0.05,0,8,-0.6046106955545796
4,A,0.05,0,9,-0.15863642845000642
4,A,0.05,0,10,-0.13455976836822775
4,A,0.05,0,11,-0.3598098529451618
4,A,0.05,0,12,-0.384012001286685
4,A,0.05,0,13,-0.5135527757304665
4,A,0.05,0,14,-0.8473629556147059
4,A,0.05,0,15,-0.41580466334240684
4,A,0.05,0,16,-0.34525613681288136
4,A,0.05,0,17,-0.7507487989932924
4,A,0.05,0,18,-0.3024831391133149
4,A,0.05,0,19,-0.4941127824141367
4,A,0.05,1,0,-0.4213473544690662
4,A,0.05,1,1,-0.776047521681972
4,A,0.05,1,2,-0.21272074139073413
4,A,0.05,1,3,0.039972992297839426
4,A,0.05,1,4,-0.6490834230148389
4,A,0.05,1,5,-0.8299297024568544
4,A,0.05,1,6,-0.03523452799747589
4,A,0.05,1,7,-0.03565294216498143
4,A,0.05,1,8,-0.05297194270780373
4,A,0.05,1,9,0.08401390030565135
4,A,0.05,1,10,-0.2024296166210862
4,A,0.05,1,11,-1.2717274950909023
4,A,0.05,1,12,-0.34961785299442316
4,A,0.05,1,13,0.0748594997153627
4,A,0.05,1,14,0.07233354744436789
4,A,0.05,1,15,0.08142431277191714
4,A,0.05,1,16,0.07891985196346654
4,A,0.05,1,17,-0.9549450095060715
4,A,0.05,1,18,-1.0893029547331337
4,A,0.05,1,19,-0.3390168799561034
4,A,0.05,2,0,-0.04244375023754106
4,A,0.05,2,1,0.030429067408474866
4,A,0.05,2,2,0.05905965125194553
4,A,0.05,2,3,-0.01272239196863646
4,A,0.05,2,4,0.06922455874918654
4,A,0.05,2,5,-0.00969045121007202
4,A,0.05,2,6,-0.0007202519819896188
4,A,0.05,2,7,0.04508908208886048
4,A,0.05,2,8,0.06153394269534394
4,A,0.05,2,9,-0.019398299156880044
4,A,0.05,2,10,0.040884832620004224
4,A,0.05,2,11,-0.012842060065238978
4,A,0.05,2,12,-0.023276455542109695
4,A,0.05,2,13,0.056235765891146705
4,A,0.05,2,14,0.07138873321746071
4,A,0.05,2,15,0.05338630623487274
4,A,0.05,2,16,0.045611181623197494
4,A,0.05,2,17,0.05027019040495418
4,A,0.05,2,18,0.06852404230705714
4,A,0.05,2,19,0.044256994514403084
4,A,0.05,3,0,-0.31540494526274354
4,A,0.05,3,1,-0.17332348368599687
4,A,0.05,3,2,-0.15031637030589254
4,A,0.05,3,3,-0.8148199883248324
4,A,0.05,3,4,-0.5662796905648015
4,A,0.05,3,5,-0.35335377721642147
4,A,0.05,3,6,-0.21908018771304663
4,A,0.05,3,7,-0.3132458457035364
4,A,0.05,3,8,-0.330676706158983
4,A,0.05,3,9,-0.1006389984791177
4,A,0.05,3,10,-0.011589273361410185
4,A,0.05,3,11,-0.17596745281656737
4,A,0.05,3,12,-0.14823880774666587
4,A,0.05,3,13,-0.264008698180665
4,A,0.05,3,14,-0.1530920978046244
4,A,0.05,3,15,-0.2095476675405623
4,A,0.05,3,16,-0.20975811732229835
4,A,0.05,3,17,-0.10130631907829836
4,A,0.05,3,18,-0.1229240646199121
4,A,0.05,3,19,-0.13379928658973106
4,A,0.05,4,0,-0.8787902136390036
4,A,0.05,4,1,-1.0278639917896935
4,A,0.05,4,2,-0.5643945848576788
4,A,0.05,4,3,-0.9439256299683841
4,A,0.05,4,4,-0.5797156894416536
4,A,0.05,4,5,-0.8072943187594673
4,A,0.05,4,6,-0.7898448751492163
4,A,0.05,4,7,-0.6592507734274631
4,A,0.05,4,8,-0.6180006488505547
4,A,0.05,4,9,-0.5307621030964284
4,A,0.05,4,10,-0.24631656459725287
4,A,0.05,4,11,-0.4515155403481548
4,A,0.05,4,12,-0.7003178514802879
4,A,0.05,4,13,-0.5615207495866927
4,A,0.05,4,14,-0.7188527326090628
4,A,0.05,4,15,-0.14435795736319426
4,A,0.05,4,16,-0.6228389838008428
4,A,0.05,4,17,-0.6564274879496927
4,A,0.05,4,18,-0.8855234990794546
4,A,0.05,4,19,-0.7582111076469893
4,A,0.05,5,0,-0.030918159627345742
4,A,0.05,5,1,0.01807510832737836
4,A,0.05,5,2,-0.0647902884261385
4,A,0.05,5,3,0.09923524667229326
4,A,0.05,5,4,0.03318268991147222
4,A,0.05,5,5,0.16718021729109328
4,A,0.05,5,6,0.026379527158483625
4,A,0.05,5,7,-0.15739568388978445
4,A,0.05,5,8,0.04968708699632435
4,A,0.05,5,9,0.2872396574354407
4,A,0.05,5,10,-0.3019744006856845
4,A,0.05,5,11,-0.26094830620756
4,A,0.05,5,12,0.07068318451429882
4,A,0.05,5,13,-0.024721445159494124
4,A,0.05,5,14,0.16425537236351148
4,A,0.05,5,15,-0.20195830426057373
4,A,0.05,5,16,-0.0007698676685352009
4,A,0.05,5,17,-0.0331333642156136
4,A,0.05,5,18,0.02303124664866244
4,A,0.05,5,19,-0.09434397843524736
4,A,0.05,6,0,-0.7836527860805477
4,A,0.05,6,1,-0.9293082960787598
4,A,0.05,6,2,-0.8631929800072409
4,A,0.05,6,3,-0.9788548732786256
4,A,0.05,6,4,-0.855502255033846
4,A,0.05,6,5,-1.0771263719478714
4,A,0.05,6,6,-1.1327772554280109
4,A,0.05,6,7,-1.0025534201428894
4,A,0.05,6,8,-0.743275185113265
4,A,0.05,6,9,-1.1534047266567589
4,A,0.05,6,10,-0.9255700358654204
4,A,0.05,6,11,-0.9095392977793482
4,A,0.05,6,12,-0.8993782775122977
4,A,0.05,6,13,-1.0146359843153088
4,A,0.05,6,14,-1.1490909616898692
4,A,0.05,6,15,-0.7751250627610606
4,A,0.05,6,16,-0.9782818484788552
4,A,0.05,6,17,-0.9309815618681312
4,A,0.05,6,18,-0.9668292883690127
4,A,0.05,6,19,-1.1858151899205747
4,A,0.05,7,0,0.14410331661569228
4,A,0.05,7,1,-0.3031242967123117
4,A,0.05,7,2,0.3798887899427299
4,A,0.05,7,3,-0.04787421526171739
4,A,0.05,7,4,0.2452030622830424
4,A,0.05,7,5,-0.09921009417433675
4,A,0.05,7,6,-0.12482103314252167
4,A,0.05,7,7,0.08753060970501621
4,A,0.05,7,8,-0.1820687743355844
4,A,0.05,7,9,0.1232888758399972
4,A,0.05,7,10,-0.05128088232591085
4,A,0.05,7,11,0.0019295669711048415
4,A,0.05,7,12,-0.2510524607674246
4,A,0.05,7,13,-0.2310231001332296
4,A,0.05,7,14,-0.2693679846251895
4,A,0.05,7,15,-0.11697006943878659
4,A,0.05,7,16,0.13543668481911733
4,A,0.05,7,17,0.05289680577382022
4,A,0.05,7,18,-0.2334126892869348
4,A,0.05,7,19,-0.17067708472827073
4,A,0.05,8,0,-0.12950994647736955
4,A,0.05,8,1,0.23815639482636672
4,A,0.05,8,2,-0.264712285296208
4,A,0.05,8,3,-0.08096083824343833
4,A,0.05,8,4,-0.18376083594674875
4,A,0.05,8,5,0.9538787791282055
4,A,0.05,8,6,0.2443095135965047
4,A,0.05,8,7,0.3296494738637612
4,A,0.05,8,8,0.9027069151991767
4,A,0.05,8,9,-0.16068747531133165
4,A,0.05,8,10,0.28614321408116594
4,A,0.05,8,11,0.8703400119993512
4,A,0.05,8,12,0.292417712537252
4,A,0.05,8,13,0.6356121843079318
4,A,0.05,8,14,-0.03617292303261749
4,A,0.05,8,15,-0.13129755569378293
4,A,0.05,8,16,0.7093441242653014
4,A,0.05,8,17,0.705498579864875
4,A,0.05,8,18,0.43437517798726866
4,A,0.05,8,19,0.48343893993726395
4,A,0.05,9,0,0.43223703469808783
4,A,0.05,9,1,-0.24494049002548582
4,A,0.05,9,2,-0.393697045664677
4,A,0.05,9,3,-0.06861944294315052
4,A,0.05,9,4,-0.07697079171327223
4,A,0.05,9,5,0.23518757504404547
4,A,0.05,9,6,0.9074007929903676
4,A,0.05,9,7,0.4163646237503254
4,A,0.05,9,8,-0.3620692335714973
4,A,0.05,9,9,0.7153307165671788
4,A,0.05,9,10,0.47100779154406736
4,A,0.05,9,11,-0.10011850066213508
4,A,0.05,9,12,0.5325580953636838
4,A,0.05,9,13,1.15331178147602
4,A,0.05,9,14,0.8432774516257066
4,A,0.05,9,15,0.5387989374023322
4,A,0.05,9,16,-0.33258710924303864
4,A,0.05,9,17,0.7945727325284606
4,A,0.05,9,18,1.0309591399361333
4,A,0.05,9,19,0.7345026015225337
4,B,100,0,0,-0.1692098893612695
4,B,100,0,1,-0.6878948207522332
4,B,100,0,2,-0.30608211628894794
4,B,100,0,3,-0.5136296837144033
4,B,100,0,4,-0.17525558496121563
4,B,100,0,5,-0.5967133782885388
4,B,100,0,6,-0.7430885668519368
4,B,100,0,7,-0.16248548030650892
4,B,100,0,8,-0.17500115440546696
4,B,100,0,9,-0.293561578517403
4,B,100,0,10,-0.7267658375253208
4,B,100,0,11,-0.15872614302791196
4,B,100,0,12,-0.2540339504442763
4,B,100,0,13,-0.31962866451058275
4,B,100,0,14,-0.5698527546767501
4,B,100,0,15,-0.4414778053622354
4,B,100,0,16,-0.5495686491234888
4,B,100,0,17,-0.41157077795278535
4,B,100,0,18,-1.0278827218425812
4,B,100,0,19,-0.034437500103116934
4,B,100,1,0,1.5889061243944955
4,B,100,1,1,1.0600521113677364
4,B,100,1,2,0.8658401574246125
4,B,100,1,3,1.1503741245631431
4,B,100,1,4,0.7420115290304162
4,B,100,1,5,0.9231675865391249
4,B,100,1,6,1.149341840772813
4,B,100,1,7,0.9011027331874735
4,B,100,1,8,0.9971756996995444
4,B,100,1,9,0.5518276393169445
4,B,100,1,10,0.7691644417084639
4,B,100,1,11,0.6139061036495165
4,B,100,1,12,0.5601665990444299
4,B,100,1,13,0.9617213622749002
4,B,100,1,14,0.8976363182117226
4,B,100,1,15,1.2821209384526189
4,B,100,1,16,0.4476916840489717
4,B,100,1,17,1.0510534334504906
4,B,100,1,18,1.4036788447631061
4,B,100,1,19,0.9061572701681097
4,B,100,2,0,0.5103615840092962
4,B,100,2,1,0.10356842184797146
4,B,100,2,2,0.9922464475779884
4,B,100,2,3,1.2984687042769059
4,B,100,2,4,0.5813633291638264
4,B,100,2,5,1.1406823181188748
4,B,100,2,6,0.5765587646663861
4,B,100,2,7,1.0798806670386185
4,B,100,2,8,0.6458599597390281
4,B,100,2,9,0.7338243563650102
4,B,100,2,10,0.7486254318515825
4,B,100,2,11,1.606179928280968
4,B,100,2,12,1.594060178042695
4,B,100,2,13,1.4169392373755345
4,B,100,2,14,1.2601253439801938
4,B,100,2,15,1.0631476142100689
4,B,100,2,16,0.8333181475539324
4,B,100,2,17,0.5260680548815719
4,B,100,2,18,0.32857053758118865
4,B,100,2,19,0.9151627338358221
4,B,100,3,0,0.12487514121039693
4,B,100,3,1,0.2178882761236028
4,B,100,3,2,-0.2012568048698424
4,B,100,3,3,-0.0419231901902029
4,B,100,3,4,0.47363181612551375
4,B,100,3,5,-0.4351438581677933
4,B,100,3,6,0.5960135692519716
4,B,100,3,7,0.32789585537553245
4,B,100,3,8,0.42736936999208436
4,B,100,3,9,-0.004408441708657269
4,B,100,3,10,0.10511178283498106
4,B,100,3,11,0.4755485800776574
4,B,100,3,12,0.11714400290287476
4,B,100,3,13,0.291094926156771
4,B,100,3,14,0.2772341175352837
4,B,100,3,15,0.28844370572866795
4,B,100,3,16,0.19763204649093621
4,B,100,3,17,-0.004878950398378954
4,B,100,3,18,0.4214349818566096
4,B,100,3,19,0.1889205497316352
4,B,100,4,0,-0.2021657898392132
4,B,100,4,1,-1.230872439124238
4,B,100,4,2,1.0875471115111863
4,B,100,4,3,-0.6044839015696077
4,B,100,4,4,0.08636834959935351
4,B,100,4,5,1.1204060401488576
4,B,100,4,6,0.558882238690495
4,B,100,4,7,-0.1326400502138205
4,B,100,4,8,-0.02220015526525947
4,B,100,4,9,-1.8519254920518857
4,B,100,4,10,-1.2878763477975563
4,B,100,4,11,-1.5689269794944307
4,B,100,4,12,0.47231348729487754
4,B,100,4,13,-0.7248161240186339
4,B,100,4,14,-1.0037551612092421
4,B,100,4,15,-1.6994083611180115
4,B,100,4,16,-1.7285087723039507
4,B,100,4,17,-1.2629204136990881
4,B,100,4,18,0.12860638273420288
4,B,100,4,19,-0.040181752282554495
4,B,100,5,0,-3.272096803026869
4,B,100,5,1,-1.4320647642007216
4,B,100,5,2,-1.950123244437507
4,B,100,5,3,-2.0314806200975464
4,B,100,5,4,-0.6526968014151839
4,B,100,5,5,-1.196929177695699
4,B,100,5,6,-2.215023287673631
4,B,100,5,7,-0.29476627741093653
4,B,100,5,8,-0.4059027138444403
4,B,100,5,9,-0.5645174661627049
4,B,100,5,10,-0.7590263119141352
4,B,100,5,11,-1.57062227323374
4,B,100,5,12,-0.47585083447366383
4,B,100,5,13,-1.3427410831428293
4,B,100,5,14,-1.1446705719124404
4,B,100,5,15,-2.216617826753834
4,B,100,5,16,-0.5315896738741662
4,B,100,5,17,-0.810390958508932
4,B,100,5,18,-0.9552335337392849
4,B,100,5,19,-0.5209428473147665
4,B,100,6,0,0.5380357171510197
4,B,100,6,1,0.19250852855707085
4,B,100,6,2,-0.29750668395794766
4,B,100,6,3,-0.16530833884233143
4,B,100,6,4,-0.025010826645445374
4,B,100,6,5,0.7951814093019699
4,B,100,6,6,-0.39095730320850186
4,B,100,6,7,-0.39309683876249296
4,B,100,6,8,0.1678669691777835
4,B,100,6,9,-0.610534254369479
4,B,100,6,10,-0.24759858771399118
4,B,100,6,11,-0.28233097369605387
4,B,100,6,12,0.4465940780876433
4,B,100,6,13,-0.17343753397785194
4,B,100,6,14,0.10266536774148709
4,B,100,6,15,-0.368892039947258
4,B,100,6,16,0.06451886810078244
4,B,100,6,17,-0.3423634049715565
4,B,100,6,18,0.22216456137697868
4,B,100,6,19,-0.46933019773939433
4,B,100,7,0,0.02326265095933566
4,B,100,7,1,-0.15316226096713909
4,B,100,7,2,-0.17669909615117255
4,B,100,7,3,-0.13004245858052912
4,B,100,7,4,0.05079508071690076
4,B,100,7,5,-0.1605301531070387
4,B,100,7,6,-0.04524468686730459
4,B,100,7,7,0.023849540039995565
4,B,100,7,8,0.1131519750162569
4,B,100,7,9,-0.016634703458890295
4,B,100,7,10,-0.06632967090581357
4,B,100,7,11,-0.07814091829708625
4,B,100,7,12,0.005128000614819547
4,B,100,7,13,-0.07367542125959753
4,B,100,7,14,-0.18407006690504268
4,B,100,7,15,-0.06989790683223758
4,B,100,7,16,-0.20629933509556075
4,B,100,7,17,-0.016599993744448302
4,B,100,7,18,-0.20954224373882246
4,B,100,7,19,-0.19356083050030634
4,B,100,8,0,-0.35328831318917214
4,B,100,8,1,-0.22560830690447856
4,B,100,8,2,-0.17933527511926717
4,B,100,8,3,-0.12375452708190432
4,B,100,8,4,-0.10871476497082427
4,B,100,8,5,0.10221887878536881
4,B,100,8,6,-0.2715189882011412
4,B,100,8,7,-0.05720948203866537
4,B,100,8,8,-0.04885022002968503
4,B,100,8,9,-0.2829370178234407
4,B,100,8,10,-0.3849055834205645
4,B,100,8,11,-0.24800569650315932
4,B,100,8,12,-0.27598814807709054
4,B,100,8,13,-0.4178834867135834
4,B,100,8,14,-0.21522828253506052
4,B,100,8,15,-0.15950761574760453
4,B,100,8,16,-0.18284623603572764
4,B,100,8,17,-0.052791237257500324
4,B,100,8,18,-0.4591825285717267
4,B,100,8,19,-0.5421439326565648
4,B,100,9,0,-0.8892348766089774
4,B,100,9,1,-0.9067992101610752
4,B,100,9,2,-0.9909764566163487
4,B,100,9,3,-1.02430014257854
4,B,100,9,4,-0.709898791660905
4,B,100,9,5,-0.6214175084642309
4,B,100,9,6,-1.4705659986589188
4,B,100,9,7,-0.9579415298193417
4,B,100,9,8,-0.940677372638859
4,B,100,9,9,-1.1779941910334788
4,B,100,9,10,-0.7771560468779622
4,B,100,9,11,-0.6061267398219109
4,B,100,9,12,-1.252889686456021
4,B,100,9,13,-0.5292536175693457
4,B,100,9,14,-0.2138353143206118
4,B,100,9,15,-0.9571144460515186
4,B,100,9,16,-0.8943144147541602
4,B,100,9,17,-0.5627449579844904
4,B,100,9,18,-0.4783310182495324
4,B,100,9,19,-0.2711365565526041
5,A,0.05,0,0,0.2477124821646482
5,A,0.05,0,1,0.7371859726251936
5,A,0.05,0,2,0.15203580225004143
5,A,0.05,0,3,0.7622965221974413
5,A,0.05,0,4,0.221046557851521
5,A,0.05,0,5,-0.26934852721696667
5,A,0.05,0,6,1.1038241097463062
5,A,0.05,0,7,0.1740548982959852
5,A,0.05,0,8,1.2085979493844174
5,A,0.05,0,9,0.9436712876293286
5,A,0.05,0,10,0.03217151318767449
5,A,0.05,0,11,1.5566886186283302
5,A,0.05,0,12,1.3242363737949379
5,A,0.05,0,13,0.40143006475520426
5,A,0.05,0,14,0.3360970008213321
5,A,0.05,0,15,0.8742944010539522
5,A,0.05,0,16,1.110381095613722
5,A,0.05,0,17,0.7868086734730515
5,A,0.05,0,18,0.6390179834501045
5,A,0.05,0,19,0.5916473423015743
5,A,0.05,1,0,0.45624613762714855
5,A,0.05,1,1,0.5598674034759766
5,A,0.05,1,2,0.32678294951439774
5,A,0.05,1,3,0.3727703180486919
5,A,0.05,1,4,0.4778176690014463
5,A,0.05,1,5,0.018489859438277943
5,A,0.05,1,6,0.44313765147542605
5,A,0.05,1,7,0.07307672335978034
5,A,0.05,1,8,0.6160730254751496
5,A,0.05,1,9,0.36309067593825756
5,A,0.05,1,10,0.8447351470815984
5,A,0.05,1,11,0.012225656388444296
5,A,0.05,1,12,-0.22601896965874574
5,A,0.05,1,13,0.22288135364828943
5,A,0.05,1,14,0.728542439036947
5,A,0.05,1,15,0.7342795288471129
5,A,0.05,1,16,0.0024676522934676502
5,A,0.05,1,17,0.06381927094335288
5,A,0.05,1,18,0.23423466205784127
5,A,0.05,1,19,0.32723045630704634
5,A,0.05,2,0,-0.6034929746296138
5,A,0.05,2,1,-0.09809015327199323
5,A,0.05,2,2,0.21927320592177363
5,A,0.05,2,3,-0.46708726869068684
5,A,0.05,2,4,-1.0871896061987747
5,A,0.05,2,5,0.3497403880459298
5,A,0.05,2,6,-1.08516724143643
5,A,0.05,2,7,-1.335393173655102
5,A,0.05,2,8,0.3603094119644139
5,A,0.05,2,9,-0.6554625883763122
5,A,0.05,2,10,-0.8511764022014402
5,A,0.05,2,11,0.25059289850797234
5,A,0.05,2,12,0.05393815023967398
5,A,0.05,2,13,-0.0006494598807814966
5,A,0.05,2,14,-0.22640806768388164
5,A,0.05,2,15,-0.8849002666110821
5,A,0.05,2,16,-0.18339672730869472
5,A,0.05,2,17,-0.346111436231462
5,A,0.05,2,18,0.1440018877624317
5,A,0.05,2,19,-0.4551333590694032
5,A,0.05,3,0,1.163571318692249
5,A,0.05,3,1,0.7966542186149919
5,A,0.05,3,2,0.5971490624351297
5,A,0.05,3,3,0.7561466565201241
5,A,0.05,3,4,0.4877410406056441
5,A,0.05,3,5,0.6684592058009119
5,A,0.05,3,6,1.0655132856181706
5,A,0.05,3,7,0.7374830984171866
5,A,0.05,3,8,0.9001753726211049
5,A,0.05,3,9,0.5646925785132594
5,A,0.05,3,10,0.6895808717936911
5,A,0.05,3,11,0.733033373673542
5,A,0.05,3,12,-0.6687289894149298
5,A,0.05,3,13,0.6024979932357675
5,A,0.05,3,14,0.5774147412796748
5,A,0.05,3,15,0.45538618491666455
5,A,0.05,3,16,1.028137466412436
5,A,0.05,3,17,0.5319936794698968
5,A,0.05,3,18,0.5264498132292348
5,A,0.05,3,19,0.9275375293488402
5,A,0.05,4,0,-0.24294478527334193
5,A,0.05,4,1,-0.055680382501525995
5,A,0.05,4,2,-0.12556498034915434
5,A,0.05,4,3,-0.011335408956524963
5,A,0.05,4,4,-0.08303936497587354
5,A,0.05,4,5,0.011746328695966169
5,A,0.05,4,6,0.05108020277478493
5,A,0.05,4,7,-0.05099607021259906
5,A,0.05,4,8,0.0787724588897391
5,A,0.05,4,9,0.10868146676832238
5,A,0.05,4,10,0.09328162106012287
5,A,0.05,4,11,0.12462174718175775
5,A,0.05,4,12,0.0591638462034623
5,A,0.05,4,13,-0.03126458728139049
5,A,0.05,4,14,0.011212961376704286
5,A,0.05,4,15,-0.05543134511449464
5,A,0.05,4,16,0.15605041607134323
5,A,0.05,4,17,0.14540747873827012
5,A,0.05,4,18,-0.10930855389347632
5,A,0.05,4,19,0.19446540993746733
5,A,0.05,5,0,-0.8086647101779995
5,A,0.05,5,1,-0.18592207713352077
5,A,0.05,5,2,-0.2715570341174722
5,A,0.05,5,3,-1.796582988283206
5,A,0.05,5,4,-0.6591448174836024
5,A,0.05,5,5,-1.2363165067044857
5,A,0.05,5,6,-0.33181608523547973
5,A,0.05,5,7,-1.0726161026170993
5,A,0.05,5,8,-0.7944012659419237
5,A,0.05,5,9,-0.7338056815027428
5,A,0.05,5,10,-0.7097413747058086
5,A,0.05,5,11,-0.6921514674193076
5,A,0.05,5,12,0.13716975821727087
5,A,0.05,5,13,-0.8825818453000568
5,A,0.05,5,14,-0.5534637789156581
5,A,0.05,5,15,-0.6064993356358428
5,A,0.05,5,16,-0.46253037247086987
5,A,0.05,5,17,-0.5337331246681314
5,A,0.05,5,18,-0.6760504931562027
5,A,0.05,5,19,-0.41661455790595714
5,A,0.05,6,0,-1.0470722197096411
5,A,0.05,6,1,-1.4616765244730303
5,A,0.05,6,2,-1.589816325490768
5,A,0.05,6,3,-1.2657969595296048
5,A,0.05,6,4,-1.0891446443569823
5,A,0.05,6,5,-1.363061369437979
5,A,0.05,6,6,-1.3280616536923355
5,A,0.05,6,7,-1.340528746565845
5,A,0.05,6,8,-1.6598271938750153
5,A,0.05,6,9,-1.3860513605536955
5,A,0.05,6,10,-0.9843756444812016
5,A,0.05,6,11,-1.5334205122303568
5,A,0.05,6,12,-1.5916768385250435
5,A,0.05,6,13,-1.4977134249992146
5,A,0.05,6,14,-1.7019635868963108
5,A,0.05,6,15,-1.42797265441787
5,A,0.05,6,16,-1.5071867588446053
5,A,0.05,6,17,-1.604765356991375
5,A,0.05,6,18,-1.5927765159990812
5,A,0.05,6,19,-1.2312973094711206
5,A,0.05,7,0,-1.754431298863944
5,A,0.05,7,1,-1.331168416797415
5,A,0.05,7,2,-1.6164629886532833
5,A,0.05,7,3,-1.3923750090972689
5,A,0.05,7,4,-1.355935058621715
5,A,0.05,7,5,-1.6148441976573809
5,A,0.05,7,6,-1.2971366038921692
5,A,0.05,7,7,-1.9331519125766907
5,A,0.05,7,8,-1.5984000606640285
5,A,0.05,7,9,-1.2236187667779475
5,A,0.05,7,10,-1.1766366236361412
5,A,0.05,7,11,-1.6486165926722418
5,A,0.05,7,12,-1.6399004010265534
5,A,0.05,7,13,-0.8480876378073474
5,A,0.05,7,14,-1.2616599742302614
5,A,0.05,7,15,-1.5181214306159343
5,A,0.05,7,16,-1.6614939718382609
5,A,0.05,7,17,-1.8502929017807312
5,A,0.05,7,18,-1.5239162175922647
5,A,0.05,7,19,-1.9276708126789197
5,A,0.05,8,0,-0.36887926496934326
5,A,0.05,8,1,0.23458544380580051
5,A,0.05,8,2,-0.3169509496265868
5,A,0.05,8,3,-0.18690493403155273
5,A,0.05,8,4,-0.07865783941940127
5,A,0.05,8,5,-0.2964393230182746
5,A,0.05,8,6,-0.05795703887065622
5,A,0.05,8,7,0.13438983935463014
5,A,0.05,8,8,0.31286019289373396
5,A,0.05,8,9,-0.2058233963168765
5,A,0.05,8,10,-0.12793391497578854
5,A,0.05,8,11,0.0643797838329105
5,A,0.05,8,12,-0.18265326861762315
5,A,0.05,8,13,-0.24732669860241727
5,A,0.05,8,14,0.1589441223608837
5,A,0.05,8,15,-0.5856224385416183
5,A,0.05,8,16,-0.4953609151115142
5,A,0.05,8,17,-0.2996879450552598
5,A,0.05,8,18,-0.3460379460153056
5,A,0.05,8,19,-0.3133140560199855
5,A,0.05,9,0,1.2056318249116347
5,A,0.05,9,1,1.9601260731052956
5,A,0.05,9,2,1.7590392169108968
5,A,0.05,9,3,1.7062683706106834
5,A,0.05,9,4,1.350980681535176
5,A,0.05,9,5,1.884776819761166
5,A,0.05,9,6,1.127247011730786
5,A,0.05,9,7,1.1654204717984273
5,A,0.05,9,8,1.688127594222325
5,A,0.05,9,9,1.536591115310298
5,A,0.05,9,10,1.7704737331701894
5,A,0.05,9,11,1.3473763875166005
5,A,0.05,9,12,1.1183349352468515
5,A,0.05,9,13,0.9337309994170954
5,A,0.05,9,14,1.1930139594933815
5,A,0.05,9,15,1.0720267381859268
5,A,0.05,9,16,1.5607790883987571
5,A,0.05,9,17,1.6458088405079425
5,A,0.05,9,18,1.655943385214216
5,A,0.05,9,19,1.5075329849757546
5,B,100,0,0,-0.04255064877123752
5,B,100,0,1,-0.23152695671120127
5,B,100,0,2,-0.16405037725877755
5,B,100,0,3,-0.31043460264545775
5,B,100,0,4,-0.08194899346218212
5,B,100,0,5,-0.16097208110779399
5,B,100,0,6,-0.1474678839484518
5,B,100,0,7,-0.11806740753941715
5,B,100,0,8,-0.3872616406169999
5,B,100,0,9,-0.19063748583110915
5,B,100,0,10,-0.31128462843177473
5,B,100,0,11,-0.23459347374965975
5,B,100,0,12,0.18358339396757012
5,B,100,0,13,-0.03700712317019279
5,B,100,0,14,0.054277312874644025
5,B,100,0,15,-0.179363348242428
5,B,100,0,16,-0.29362056516776536
5,B,100,0,17,-0.07785057218768317
5,B,100,0,18,0.2387666129383975
5,B,100,0,19,-0.45290581831816584
5,B,100,1,0,1.3492865183682112
5,B,100,1,1,1.3370376797482582
5,B,100,1,2,0.8460037742335537
5,B,100,1,3,1.532814607610644
5,B,100,1,4,1.6981741689442693
5,B,100,1,5,0.9766630003320653
5,B,100,1,6,1.540942150603807
5,B,100,1,7,1.3991823252368119
5,B,100,1,8,0.9585011155974871
5,B,100,1,9,1.4953665556734985
5,B,100,1,10,1.5202166307609786
5,B,100,1,11,1.6733908012440104
5,B,100,1,12,1.4952118547000544
5,B,100,1,13,1.6042686644285633
5,B,100,1,14,1.413652458045384
5,B,100,1,15,1.3359899277764147
5,B,100,1,16,1.6725351360725838
5,B,100,1,17,1.6681377072910537
5,B,100,1,18,1.386862239719451
5,B,100,1,19,1.4773039219214643
5,B,100,2,0,1.3918395281172677
5,B,100,2,1,1.8305574125841177
5,B,100,2,2,1.3626955710619202
5,B,100,2,3,2.0585260876076017
5,B,100,2,4,1.6732020188930479
5,B,100,2,5,1.5596948842877805
5,B,100,2,6,1.9347963642501904
5,B,100,2,7,1.6657171275743945
5,B,100,2,8,1.5872575522071364
5,B,100,2,9,1.9596743430158376
5,B,100,2,10,1.9654938281913625
5,B,100,2,11,1.699583718203956
5,B,100,2,12,1.1751558864216307
5,B,100,2,13,1.6919226941786523
5,B,100,2,14,1.3558080467518911
5,B,100,2,15,1.799832323746379
5,B,100,2,16,1.9628255758285473
5,B,100,2,17,1.4394301858709513
5,B,100,2,18,1.1030376063989742
5,B,100,2,19,1.3811503483246261
5,B,100,3,0,0.8762283195013826
5,B,100,3,1,0.6327428431316339
5,B,100,3,2,0.30271893934793986
5,B,100,3,3,0.06617537675029386
5,B,100,3,4,0.04140568085244365
5,B,100,3,5,0.3911853581122817
5,B,100,3,6,0.9345717682336013
5,B,100,3,7,0.4639292820993756
5,B,100,3,8,0.9079664733195408
5,B,100,3,9,1.0535432146777162
5,B,100,3,10,-0.03928402286988324
5,B,100,3,11,0.1725755302692948
5,B,100,3,12,0.5807240859403419
5,B,100,3,13,0.4239425286723219
5,B,100,3,14,0.2583100195321148
5,B,100,3,15,0.4602539687164004
5,B,100,3,16,0.7023536959432216
5,B,100,3,17,-0.2772788078345491
5,B,100,3,18,0.12936000866359593
5,B,100,3,19,0.09741481803929852
5,B,100,4,0,2.9667423013595546
5,B,100,4,1,3.757262640882511
5,B,100,4,2,3.7693065849593954
5,B,100,4,3,3.5925535345751247
5,B,100,4,4,3.613103225345312
5,B,100,4,5,2.9390481949958325
5,B,100,4,6,3.4173955806462253
5,B,100,4,7,3.1130012052425955
5,B,100,4,8,3.552545541998008
5,B,100,4,9,4.272292199852279
5,B,100,4,10,2.6453534529341005
5,B,100,4,11,3.369315846217373
5,B,100,4,12,3.382175424164642
5,B,100,4,13,3.9081582623385067
5,B,100,4,14,3.1482231423624367
5,B,100,4,15,3.569142603179484
5,B,100,4,16,2.7858605751063044
5,B,100,4,17,2.5991594146636476
5,B,100,4,18,3.5045495536622298
5,B,100,4,19,3.205540016761487
5,B,100,5,0,-0.04046407640418265
5,B,100,5,1,-0.12848655773437212
5,B,100,5,2,-0.07531413757563969
5,B,100,5,3,-0.3630670134841998
5,B,100,5,4,-0.1606660504900665
5,B,100,5,5,-0.13101846190128325
5,B,100,5,6,-0.0901433913158357
5,B,100,5,7,-0.1078104203547576
5,B,100,5,8,-0.016053837079201144
5,B,100,5,9,-0.07202371302158499
5,B,100,5,10,-0.11583405327257847
5,B,100,5,11,-0.3672387366444512
5,B,100,5,12,-0.10541394845825353
5,B,100,5,13,-0.11644931364958568
5,B,100,5,14,0.009097372763101469
5,B,100,5,15,0.0054863250150010935
5,B,100,5,16,-0.22455893461059823
5,B,100,5,17,-0.03785134227575135
5,B,100,5,18,0.05848973418394558
5,B,100,5,19,-0.09283537672436946
5,B,100,6,0,0.09249673992207197
5,B,100,6,1,-0.16006286395316857
5,B,100,6,2,0.11678936608247553
5,B,100,6,3,0.019939931548837716
5,B,100,6,4,-0.07841569295638856
5,B,100,6,5,-0.1014906423094748
5,B,100,6,6,-0.12493231037036112
5,B,100,6,7,-0.4793538636978199
5,B,100,6,8,0.6047176504638863
5,B,100,6,9,0.0004730084334013319
5,B,100,6,10,-0.20443285526137733
5,B,100,6,11,0.2105578646574745
5,B,100,6,12,-0.15907484718097564
5,B,100,6,13,0.28070187641978367
5,B,100,6,14,0.07142237100528638
5,B,100,6,15,0.23181730048798646
5,B,100,6,16,0.6368092606077554
5,B,100,6,17,0.01689884342290417
5,B,100,6,18,0.12150540490960458
5,B,100,6,19,0.32505886848311444
5,B,100,7,0,0.048065794313174266
5,B,100,7,1,-0.28679877987422614
5,B,100,7,2,-0.035796816125414285
5,B,100,7,3,0.36811928973848784
5,B,100,7,4,0.6808427010791963
5,B,100,7,5,0.5353319740757551
5,B,100,7,6,0.7353319182867081
5,B,100,7,7,0.1402336614453567
5,B,100,7,8,0.6553264305601367
5,B,100,7,9,0.6531260996834944
5,B,100,7,10,0.31170836250007655
5,B,100,7,11,0.28335143072065305
5,B,100,7,12,0.5337635697168219
5,B,100,7,13,0.6771827909042745
5,B,100,7,14,0.43919124011300154
5,B,100,7,15,-0.1443098349786722
5,B,100,7,16,0.5928682667035325
5,B,100,7,17,0.7170067300761991
5,B,100,7,18,0.7222747146209857
5,B,100,7,19,0.5852000166353751
5,B,100,8,0,-1.2508587487732112
5,B,100,8,1,-1.611031917083245
5,B,100,8,2,-1.5667402617773387
5,B,100,8,3,-1.1386058128660081
5,B,100,8,4,-2.2326623014806297
5,B,100,8,5,-1.638600661138534
5,B,100,8,6,-1.5453868355707958
5,B,100,8,7,-1.2373354352336805
5,B,100,8,8,-1.847782213026018
5,B,100,8,9,-2.1145497163366715
5,B,100,8,10,-0.9547320990652193
5,B,100,8,11,-1.7471188995612719
5,B,100,8,12,-1.7154958654721835
5,B,100,8,13,-1.301641353467039
5,B,100,8,14,-1.6252942321895083
5,B,100,8,15,-2.510974166574734
5,B,100,8,16,-1.07761335893977
5,B,100,8,17,-1.7059526263687494
5,B,100,8,18,-1.6806603074028765
5,B,100,8,19,-2.000694931783491
5,B,100,9,0,2.9836963214956587
5,B,100,9,1,2.504122970319756
5,B,100,9,2,2.665651002775744
5,B,100,9,3,2.7129285874842592
5,B,100,9,4,2.870150941985841
5,B,100,9,5,2.7376470142937483
5,B,100,9,6,2.56057953282944
5,B,100,9,7,2.614994916032811
5,B,100,9,8,3.128498020162626
5,B,100,9,9,2.853041369889659
5,B,100,9,10,2.832952887438253
5,B,100,9,11,2.5429339109231455
5,B,100,9,12,2.619247876176173
5,B,100,9,13,2.720940965676365
5,B,100,9,14,2.8783960530602064
5,B,100,9,15,2.5839585215154854
5,B,100,9,16,2.803473672190194
5,B,100,9,17,2.5032303601432018
5,B,100,9,18,2.3333736100399363
5,B,100,9,19,2.4575227077066817
6,A,0.05,0,0,1.0378387473256963
6,A,0.05,0,1,-0.18091171375680198
6,A,0.05,0,2,0.11647311952289834
6,A,0.05,0,3,0.5274889531071465
6,A,0.05,0,4,-0.25070672491528134
6,A,0.05,0,5,-0.5190693489435723
6,A,0.05,0,6,-0.033448114185925026
6,A,0.05,0,7,-0.3000212190421803
6,A,0.05,0,8,0.21448309396531762
6,A,0.05,0,9,-0.5102905206002128
6,A,0.05,0,10,-0.04281334075649495
6,A,0.05,0,11,-0.5842156346702899
6,A,0.05,0,12,0.07305531650417915
6,A,0.05,0,13,0.22871845186461487
6,A,0.05,0,14,0.4356940709232156
6,A,0.05,0,15,0.7798699938622924
6,A,0.05,0,16,0.6958965956662804
6,A,0.05,0,17,-0.5602188614000105
6,A,0.05,0,18,0.8741192635932199
6,A,0.05,0,19,-0.05511433427545387
6,A,0.05,1,0,0.12747350234902532
6,A,0.05,1,1,0.28762575713133637
6,A,0.05,1,2,-0.29332650794491133
6,A,0.05,1,3,0.29590240911276994
6,A,0.05,1,4,0.6682278598537106
6,A,0.05,1,5,0.4349879330465128
6,A,0.05,1,6,-0.12435730925421376
6,A,0.05,1,7,0.37289414195966153
6,A,0.05,1,8,-0.2857780516995687
6,A,0.05,1,9,0.2975921683948306
6,A,0.05,1,10,0.3324754157147138
6,A,0.05,1,11,0.30340995198924997
6,A,0.05,1,12,-0.41567611539139754
6,A,0.05,1,13,0.4634841726038187
6,A,0.05,1,14,-0.5104656197236465
6,A,0.05,1,15,-0.16681534986534827
6,A,0.05,1,16,0.06548316765322879
6,A,0.05,1,17,-0.003140790285041083
6,A,0.05,1,18,0.3194903631562065
6,A,0.05,1,19,0.026505637589393356
6,A,0.05,2,0,-2.474636260370557
6,A,0.05,2,1,-2.93980501879227
6,A,0.05,2,2,-2.3084970881181035
6,A,0.05,2,3,-2.380128210159317
6,A,0.05,2,4,-2.9177749601075416
6,A,0.05,2,5,-2.866249356156073
6,A,0.05,2,6,-2.5947236076950717
6,A,0.05,2,7,-2.505945752863835
6,A,0.05,2,8,-2.2387283520961625
6,A,0.05,2,9,-2.565768956471293
6,A,0.05,2,10,-2.2770428483756286
6,A,0.05,2,11,-2.3188131892250023
6,A,0.05,2,12,-2.824518438666726
6,A,0.05,2,13,-2.7714675485599494
6,A,0.05,2,14,-1.9008641504012083
6,A,0.05,2,15,-3.0996626605082334
6,A,0.05,2,16,-2.4690448036052275
6,A,0.05,2,17,-2.501023623251422
6,A,0.05,2,18,-3.02175269217315
6,A,0.05,2,19,-2.3521558236385185
6,A,0.05,3,0,-0.145363228627857
6,A,0.05,3,1,-0.8582141235474683
6,A,0.05,3,2,-1.792219929951818
6,A,0.05,3,3,-1.8116437722205996
6,A,0.05,3,4,-0.7736385529984182
6,A,0.05,3,5,-0.970309803560655
6,A,0.05,3,6,-0.816876118208206
6,A,0.05,3,7,-1.4036945634204725
6,A,0.05,3,8,-0.9235997357632
6,A,0.05,3,9,-1.2477483440282195
6,A,0.05,3,10,-1.2200214266873584
6,A,0.05,3,11,-1.2309268997313876
6,A,0.05,3,12,-1.682986940778352
6,A,0.05,3,13,-1.1171769408202976
6,A,0.05,3,14,-1.0939316998476287
6,A,0.05,3,15,-0.8857700093538706
6,A,0.05,3,16,-2.067648107991574
6,A,0.05,3,17,-1.0179226231126277
6,A,0.05,3,18,-1.786699207697676
6,A,0.05,3,19,-1.418469395686575
6,A,0.05,4,0,0.3851750972400113
6,A,0.05,4,1,1.061423044925503
6,A,0.05,4,2,0.45013255592208623
6,A,0.05,4,3,0.5326251690384999
6,A,0.05,4,4,1.4984428784101476
6,A,0.05,4,5,0.9876132607146183
6,A,0.05,4,6,0.6865660190661144
6,A,0.05,4,7,0.47112250014286977
6,A,0.05,4,8,0.4253797849714913
6,A,0.05,4,9,0.8478569193512586
6,A,0.05,4,10,1.2246489500187951
6,A,0.05,4,11,0.6584136189473118
6,A,0.05,4,12,0.7718042308912586
6,A,0.05,4,13,0.8276367435416414
6,A,0.05,4,14,0.7768020753257637
6,A,0.05,4,15,0.9893012154629333
6,A,0.05,4,16,0.18518633765201953
6,A,0.05,4,17,1.0126828455734114
6,A,0.05,4,18,1.0436273857470586
6,A,0.05,4,19,0.6997456035624208
6,A,0.05,5,0,0.5903377478284175
6,A,0.05,5,1,0.7553387446001216
6,A,0.05,5,2,0.9216352763156073
6,A,0.05,5,3,0.9172803933500827
6,A,0.05,5,4,1.0341478092199443
6,A,0.05,5,5,1.0430434072793808
6,A,0.05,5,6,0.616335734678631
6,A,0.05,5,7,1.0233290061807385
6,A,0.05,5,8,1.3468234139719577
6,A,0.05,5,9,0.7076063540156194
6,A,0.05,5,10,1.3780794089237616
6,A,0.05,5,11,1.3752592010446478
6,A,0.05,5,12,1.158437880722318
6,A,0.05,5,13,1.1517535369807352
6,A,0.05,5,14,1.3685261538884426
6,A,0.05,5,15,0.8669731140970325
6,A,0.05,5,16,1.1152033039423705
6,A,0.05,5,17,1.1400990277856575
6,A,0.05,5,18,1.2588734701305557
6,A,0.05,5,19,1.283653083667712
6,A,0.05,6,0,-0.13486199068873433
6,A,0.05,6,1,0.061972967524500135
6,A,0.05,6,2,0.11947574029054094
6,A,0.05,6,3,0.12821069148257597
6,A,0.05,6,4,0.25769714875140176
6,A,0.05,6,5,-0.08881832934971415
6,A,0.05,6,6,0.06466875581204938
6,A,0.05,6,7,0.11595803932584503
6,A,0.05,6,8,0.255418303992786
6,A,0.05,6,9,-0.5547140367182252
6,A,0.05,6,10,0.27025472247180204
6,A,0.05,6,11,0.19348650812794838
6,A,0.05,6,12,0.24983763760775976
6,A,0.05,6,13,-0.6629679699879627
6,A,0.05,6,14,-0.5106824288979698
6,A,0.05,6,15,0.3065594642443346
6,A,0.05,6,16,-0.5854883131022066
6,A,0.05,6,17,-0.0562223381330429
6,A,0.05,6,18,-0.552202223353879
6,A,0.05,6,19,0.11265252945998669
6,A,0.05,7,0,0.251098293686419
6,A,0.05,7,1,0.15426772353372736
6,A,0.05,7,2,0.24584676622816687
6,A,0.05,7,3,0.19184751623745627
6,A,0.05,7,4,0.7778055405707875
6,A,0.05,7,5,0.08919667385903338
6,A,0.05,7,6,0.24351882231100988
6,A,0.05,7,7,0.16222804083396214
6,A,0.05,7,8,0.028426804571467727
6,A,0.05,7,9,0.14138991616287977
6,A,0.05,7,10,0.2641401875171579
6,A,0.05,7,11,0.15479814489632635
6,A,0.05,7,12,0.5446245298024045
6,A,0.05,7,13,0.569362423399691
6,A,0.05,7,14,0.30185507958365376
6,A,0.05,7,15,0.2811986097013623
6,A,0.05,7,16,0.45691965809676915
6,A,0.05,7,17,0.1797873200726011
6,A,0.05,7,18,0.17917628872500793
6,A,0.05,7,19,0.5829340733940381
6,A,0.05,8,0,1.3212110333300802
6,A,0.05,8,1,1.5707584713630962
6,A,0.05,8,2,1.2309911961642186
6,A,0.05,8,3,1.4292592456738251
6,A,0.05,8,4,1.309008228210229
6,A,0.05,8,5,0.701733792562864
6,A,0.05,8,6,1.6547789662223213
6,A,0.05,8,7,1.3012023439441303
6,A,0.05,8,8,0.7209451093169862
6,A,0.05,8,9,0.7491668213176916
6,A,0.05,8,10,1.33440473230121
6,A,0.05,8,11,1.6772487191349283
6,A,0.05,8,12,1.3755922901789195
6,A,0.05,8,13,1.2732330830423457
6,A,0.05,8,14,1.2478729663556094
6,A,0.05,8,15,0.9905767111146375
6,A,0.05,8,16,1.3284043724417616
6,A,0.05,8,17,1.5085231779245973
6,A,0.05,8,18,1.477291202602764
6,A,0.05,8,19,1.188740883057636
6,A,0.05,9,0,-0.988592698443279
6,A,0.05,9,1,-0.5095328142573088
6,A,0.05,9,2,-0.77935364088169
6,A,0.05,9,3,-0.5601647540520267
6,A,0.05,9,4,-0.8011851482538354
6,A,0.05,9,5,-0.773128230466512
6,A,0.05,9,6,-0.7584051505609999
6,A,0.05,9,7,-0.7417919985099201
6,A,0.05,9,8,-0.9491992499681002
6,A,0.05,9,9,-0.23622567240402706
6,A,0.05,9,10,-1.1024117240356444
6,A,0.05,9,11,-0.8133659384359487
6,A,0.05,9,12,-0.37615404974538014
6,A,0.05,9,13,-1.3212139272551364
6,A,0.05,9,14,-0.7132520051616416
6,A,0.05,9,15,-0.66091676598461
6,A,0.05,9,16,-0.5358784432399537
6,A,0.05,9,17,-0.08668426710415311
6,A,0.05,9,18,-0.4197150623613428
6,A,0.05,9,19,-0.06466949934292054
6,B,100,0,0,0.001176239329747704
6,B,100,0,1,0.030157677740311594
6,B,100,0,2,-0.03517648234557416
6,B,100,0,3,0.032332583869566126
6,B,100,0,4,-0.01749218634288694
6,B,100,0,5,0.0406824474209469
6,B,100,0,6,-0.023265069004892946
6,B,100,0,7,0.04454450245905197
6,B,100,0,8,0.3764354723118005
6,B,100,0,9,0.002307848554892787
6,B,100,0,10,0.038409802117835734
6,B,100,0,11,0.016143631133910527
6,B,100,0,12,0.03935465027906397
6,B,100,0,13,-0.0032131744763189587
6,B,100,0,14,0.028641443576959653
6,B,100,0,15,0.06176927681452004
6,B,100,0,16,0.00047971541124303433
6,B,100,0,17,0.4769986120026588
6,B,100,0,18,-0.006054742023400367
6,B,100,0,19,0.4923437932405401
6,B,100,1,0,-1.2660543817825853
6,B,100,1,1,-0.40686659113398
6,B,100,1,2,-1.9177072888717004
6,B,100,1,3,-1.0042187311652209
6,B,100,1,4,0.3133822140942436
6,B,100,1,5,-1.419190692037413
6,B,100,1,6,-2.119120092362789
6,B,100,1,7,-2.611785705542332
6,B,100,1,8,0.07345793984295657
6,B,100,1,9,0.18532846464422287
6,B,100,1,10,-0.2603447704642588
6,B,100,1,11,-1.2383767145458109
6,B,100,1,12,-0.14500414306879073
6,B,100,1,13,-2.033002690389753
6,B,100,1,14,-1.1008228530204138
6,B,100,1,15,0.05884819336849763
6,B,100,1,16,-2.3613172252591585
6,B,100,1,17,0.012663359104186235
6,B,100,1,18,-0.8432131670648966
6,B,100,1,19,-2.6320311913936005
6,B,100,2,0,0.8435918402809459
6,B,100,2,1,0.4453529653516162
6,B,100,2,2,0.3402138705549411
6,B,100,2,3,0.24197947577161988
6,B,100,2,4,0.04329938694616032
6,B,100,2,5,0.23925620622629443
6,B,100,2,6,0.19056404056140386
6,B,100,2,7,-0.2064160610042787
6,B,100,2,8,0.16354393722844127
6,B,100,2,9,0.5036867689730715
6,B,100,2,10,0.31156771988691123
6,B,100,2,11,0.5822763962182164
6,B,100,2,12,0.7008270334718543
6,B,100,2,13,0.46254180355840696
6,B,100,2,14,0.1928954457989439
6,B,100,2,15,0.33991956260263784
6,B,100,2,16,0.41317337877892185
6,B,100,2,17,0.22373300507598537
6,B,100,2,18,0.30530516339834124
6,B,100,2,19,0.19425255552214635
6,B,100,3,0,0.5430079083436283
6,B,100,3,1,1.3124883079006473
6,B,100,3,2,1.1120158629399008
6,B,100,3,3,0.9375200267895651
6,B,100,3,4,1.0336675928036918
6,B,100,3,5,1.1197702424034381
6,B,100,3,6,1.0881367390057197
6,B,100,3,7,1.0834016903824935
6,B,100,3,8,1.4259754005593601
6,B,100,3,9,0.41394855704844813
6,B,100,3,10,0.625876257339106
6,B,100,3,11,1.1595426131310398
6,B,100,3,12,0.9883841992856542
6,B,100,3,13,1.3101965436196896
6,B,100,3,14,1.0863282110985002
6,B,100,3,15,1.089010450030718
6,B,100,3,16,1.3981852665314178
6,B,100,3,17,1.6523313497544694
6,B,100,3,18,0.7437103861600717
6,B,100,3,19,0.6449710291406722
6,B,100,4,0,0.5449723606010826
6,B,100,4,1,0.4768762767120181
6,B,100,4,2,0.3336672572285011
6,B,100,4,3,0.29907091194204594
6,B,100,4,4,0.9231138254197783
6,B,100,4,5,0.5657382465849625
6,B,100,4,6,0.6542232665784167
6,B,100,4,7,0.7451319554600477
6,B,100,4,8,0.7978192596204632
6,B,100,4,9,0.8895979983767223
6,B,100,4,10,0.7029929583089825
6,B,100,4,11,0.6602812870171053
6,B,100,4,12,0.8657583242697023
6,B,100,4,13,0.9419340733261492
6,B,100,4,14,1.0679807376180497
6,B,100,4,15,1.0138777539446056
6,B,100,4,16,0.41313548377354065
6,B,100,4,17,0.8335271746455594
6,B,100,4,18,1.3071387767855254
6,B,100,4,19,0.7207315220071306
6,B,100,5,0,0.442698754594772
6,B,100,5,1,-0.32023991326827955
6,B,100,5,2,0.4716627583403821
6,B,100,5,3,0.7195451308747294
6,B,100,5,4,0.2525381055312099
6,B,100,5,5,0.14804170385717197
6,B,100,5,6,0.07882631905361236
6,B,100,5,7,0.6429280967515516
6,B,100,5,8,0.5950714492133417
6,B,100,5,9,0.27434459192793176
6,B,100,5,10,0.07444439398636865
6,B,100,5,11,1.0335551099103202
6,B,100,5,12,0.3220127001377403
6,B,100,5,13,0.9635872917701056
6,B,100,5,14,-0.31178837908243673
6,B,100,5,15,0.7920540334695525
6,B,100,5,16,0.03095734449044411
6,B,100,5,17,-0.3433068081910514
6,B,100,5,18,0.9732915084601783
6,B,100,5,19,-0.6855217442677375
6,B,100,6,0,-0.21021488311037947
6,B,100,6,1,-0.2189462014679228
6,B,100,6,2,0.5666106344938501
6,B,100,6,3,0.13039123035491512
6,B,100,6,4,-0.19138277273398535
6,B,100,6,5,0.14388362596559284
6,B,100,6,6,-0.031383361973171715
6,B,100,6,7,0.41221951015263486
6,B,100,6,8,0.25377451258168
6,B,100,6,9,-0.02570586263551541
6,B,100,6,10,0.17195248434013696
6,B,100,6,11,0.2301016294088799
6,B,100,6,12,0.011636281003379214
6,B,100,6,13,-0.020997921609655523
6,B,100,6,14,0.5216636399868103
6,B,100,6,15,-0.4175688937712863
6,B,100,6,16,-0.16703618288669952
6,B,100,6,17,0.1959056810184416
6,B,100,6,18,0.2095761426466218
6,B,100,6,19,0.5212894743012252
6,B,100,7,0,1.0455342449228529
6,B,100,7,1,1.250817749100303
6,B,100,7,2,1.0661421405896123
6,B,100,7,3,1.3420922547664813
6,B,100,7,4,1.109331220416616
6,B,100,7,5,1.4713779455821787
6,B,100,7,6,1.5724266231722503
6,B,100,7,7,1.2838417179640564
6,B,100,7,8,1.3242696358287394
6,B,100,7,9,1.0053755050230495
6,B,100,7,10,1.2733381661971075
6,B,100,7,11,1.1562303233728706
6,B,100,7,12,1.2409390573030306
6,B,100,7,13,1.2680674463763206
6,B,100,7,14,1.2574999929672133
6,B,100,7,15,1.5590059300913757
6,B,100,7,16,1.2029071731677548
6,B,100,7,17,1.439772104377153
6,B,100,7,18,0.9731599832848643
6,B,100,7,19,0.9121080804927996
6,B,100,8,0,0.01726359005161156
6,B,100,8,1,-0.6361271696757674
6,B,100,8,2,-0.5831403420852098
6,B,100,8,3,-0.714742487991935
6,B,100,8,4,-1.3970368613921917
6,B,100,8,5,-1.4696268089728226
6,B,100,8,6,-1.0145717849069404
6,B,100,8,7,-1.2520975834556225
6,B,100,8,8,-1.873168159205758
6,B,100,8,9,-0.3859415510251193
6,B,100,8,10,-0.19550545271149367
6,B,100,8,11,-1.4929922112398077
6,B,100,8,12,-0.3429057825881111
6,B,100,8,13,-1.4025592585697537
6,B,100,8,14,-1.6036883658998453
6,B,100,8,15,-0.10274450374692119
6,B,100,8,16,-0.19056708703997807
6,B,100,8,17,-0.3888093860340128
6,B,100,8,18,-1.1467177792488121
6,B,100,8,19,-1.1745832185866913
6,B,100,9,0,2.9768287912411706
6,B,100,9,1,2.9220794445092935
6,B,100,9,2,2.9275257012145963
6,B,100,9,3,3.35201454964925
6,B,100,9,4,3.4818847375148994
6,B,100,9,5,3.640411115576451
6,B,100,9,6,3.034535051848933
6,B,100,9,7,3.1090006060436033
6,B,100,9,8,3.9236825790143204
6,B,100,9,9,4.567720061442533
6,B,100,9,10,3.115208994877748
6,B,100,9,11,4.582121243679207
6,B,100,9,12,4.584883806710092
6,B,100,9,13,2.855309518717686
6,B,100,9,14,4.738208817827237
6,B,100,9,15,4.411508688474933
6,B,100,9,16,3.60353246917797
6,B,100,9,17,3.9579394457185377
6,B,100,9,18,4.448545301131722
6,B,100,9,19,4.547774608824808
7,A,0.05,0,0,-0.12825129578375102
7,A,0.05,0,1,-0.16556704288965088
7,A,0.05,0,2,-0.17345968020053637
7,A,0.05,0,3,-0.23506845736454152
7,A,0.05,0,4,-0.18564124543543906
7,A,0.05,0,5,-0.3226606643809678
7,A,0.05,0,6,-0.2006730134282241
7,A,0.05,0,7,-0.20135219830597215
7,A,0.05,0,8,-0.20326211535840252
7,A,0.05,0,9,0.023840388934825023
7,A,0.05,0,10,-0.4082279241448698
7,A,0.05,0,11,0.025342417320264692
7,A,0.05,0,12,-0.04451959383068246
7,A,0.05,0,13,0.022156638253734713
7,A,0.05,0,14,-0.15219306009810105
7,A,0.05,0,15,-0.06447586113247968
7,A,0.05,0,16,-0.23417037677314412
7,A,0.05,0,17,0.07038093720760956
7,A,0.05,0,18,0.05162621141797487
7,A,0.05,0,19,0.0004419621967651808
7,A,0.05,1,0,0.07899583775355012
7,A,0.05,1,1,-0.12427549399684137
7,A,0.05,1,2,0.0829524107327062
7,A,0.05,1,3,-0.11142118972620332
7,A,0.05,1,4,0.04335076195273559
7,A,0.05,1,5,-0.11908064019457398
7,A,0.05,1,6,-0.052895863900339846
7,A,0.05,1,7,-0.09527374349255154
7,A,0.05,1,8,0.04048806174401505
7,A,0.05,1,9,0.0036027155701598627
7,A,0.05,1,10,-0.031868781115546016
7,A,0.05,1,11,-0.11212117774897068
7,A,0.05,1,12,-0.14763078097598134
7,A,0.05,1,13,-0.08947552177325982
7,A,0.05,1,14,0.05071742887837123
7,A,0.05,1,15,-0.0764152224072322
7,A,0.05,1,16,-0.09080556885583974
7,A,0.05,1,17,-0.30621374391205985
7,A,0.05,1,18,0.09782223814423532
7,A,0.05,1,19,-0.6183181616212301
7,A,0.05,2,0,-0.46733209977088214
7,A,0.05,2,1,0.22670052923550413
7,A,0.05,2,2,0.09949722377119363
7,A,0.05,2,3,0.23064832077680103
7,A,0.05,2,4,-0.8723736144064888
7,A,0.05,2,5,0.4852179047119286
7,A,0.05,2,6,-0.5408102773894491
7,A,0.05,2,7,-0.3013936106092557
7,A,0.05,2,8,-0.28538295679593106
7,A,0.05,2,9,-0.34065721327100773
7,A,0.05,2,10,-0.17029215997935798
7,A,0.05,2,11,0.563210857748123
7,A,0.05,2,12,0.2632661646237752
7,A,0.05,2,13,0.029291320789782024
7,A,0.05,2,14,0.057865635239170626
7,A,0.05,2,15,-0.9368820899035201
7,A,0.05,2,16,0.41705890620423275
7,A,0.05,2,17,-0.4345175135929044
7,A,0.05,2,18,0.08925005378812698
7,A,0.05,2,19,0.4044415657929952
7,A,0.05,3,0,-0.3716184151086862
7,A,0.05,3,1,-0.6022732889361295
7,A,0.05,3,2,-0.40907551050122887
7,A,0.05,3,3,-0.289211307116245
7,A,0.05,3,4,-0.193449720097795
7,A,0.05,3,5,0.0038355391576694615
7,A,0.05,3,6,-0.4630037861383543
7,A,0.05,3,7,-0.2981275221218372
7,A,0.05,3,8,-0.13243278788365537
7,A,0.05,3,9,0.025866566504978768
7,A,0.05,3,10,-0.17532282094195764
7,A,0.05,3,11,-0.43984742371515756
7,A,0.05,3,12,-0.29370720994876715
7,A,0.05,3,13,-0.18641950246443809
7,A,0.05,3,14,-0.14764519142074797
7,A,0.05,3,15,-0.6172653523253552
7,A,0.05,3,16,-0.4214841604004762
7,A,0.05,3,17,-0.07795584970976846
7,A,0.05,3,18,-0.26176258156170484
7,A,0.05,3,19,-0.051294333667549194
7,A,0.05,4,0,0.13155010376201395
7,A,0.05,4,1,0.6300990862441406
7,A,0.05,4,2,0.2401810056071213
7,A,0.05,4,3,0.6509666379897697
7,A,0.05,4,4,0.43879894021779375
7,A,0.05,4,5,0.234517937990711
7,A,0.05,4,6,-0.047273783251276645
7,A,0.05,4,7,0.17020956217008879
7,A,0.05,4,8,0.4557358896169382
7,A,0.05,4,9,0.7201568966618288
7,A,0.05,4,10,0.23904805650479982
7,A,0.05,4,11,0.44769027729101385
7,A,0.05,4,12,0.484476979327517
7,A,0.05,4,13,-0.4791865308552608
7,A,0.05,4,14,0.2564064719710886
7,A,0.05,4,15,0.3857069226427781
7,A,0.05,4,16,0.45765876508563985
7,A,0.05,4,17,0.6210940448003374
7,A,0.05,4,18,0.2041334473695435
7,A,0.05,4,19,0.12232372992867237
7,A,0.05,5,0,0.24297907565315344
7,A,0.05,5,1,0.4383889445268453
7,A,0.05,5,2,0.27016048170147683
7,A,0.05,5,3,0.024356082422364048
7,A,0.05,5,4,0.31501684970171356
7,A,0.05,5,5,0.26772327211467783
7,A,0.05,5,6,0.3121993173521578
7,A,0.05,5,7,0.31153705329022724
7,A,0.05,5,8,0.2535855349113316
7,A,0.05,5,9,0.30104263007618964
7,A,0.05,5,10,0.30175372882564255
7,A,0.05,5,11,0.03247083111981217
7,A,0.05,5,12,0.1994576100633345
7,A,0.05,5,13,0.11640267434623552
7,A,0.05,5,14,0.39459386238909255
7,A,0.05,5,15,0.2905799666445729
7,A,0.05,5,16,0.07814101680830327
7,A,0.05,5,17,0.09370233789623068
7,A,0.05,5,18,0.08043755295439216
7,A,0.05,5,19,0.3161213451633872
7,A,0.05,6,0,0.20924185926769043
7,A,0.05,6,1,0.09340063467790487
7,A,0.05,6,2,0.2944848888083394
7,A,0.05,6,3,0.06592115501518755
7,A,0.05,6,4,-0.7534054940250593
7,A,0.05,6,5,-0.028657549206126308
7,A,0.05,6,6,-0.25024180562705584
7,A,0.05,6,7,0.5393718198930282
7,A,0.05,6,8,-0.262121331456551
7,A,0.05,6,9,0.3886693382427032
7,A,0.05,6,10,0.21833706385501447
7,A,0.05,6,11,0.19858255069206723
7,A,0.05,6,12,-0.39613836193659363
7,A,0.05,6,13,0.001674906714239596
7,A,0.05,6,14,-0.08530140719294856
7,A,0.05,6,15,0.10108142793414095
7,A,0.05,6,16,0.16915824580010255
7,A,0.05,6,17,0.4079780498484278
7,A,0.05,6,18,0.10877269434793962
7,A,0.05,6,19,-0.3683492493670859
7,A,0.05,7,0,-0.37088172419623583
7,A,0.05,7,1,-0.3717356446744354
7,A,0.05,7,2,-0.4901593048595578
7,A,0.05,7,3,-0.456701001036428
7,A,0.05,7,4,-0.2527235173601022
7,A,0.05,7,5,-0.2771290922140251
7,A,0.05,7,6,-0.3922112439937329
7,A,0.05,7,7,-0.3212365965914514
7,A,0.05,7,8,-0.23970879679274787
7,A,0.05,7,9,-0.2895953590993403
7,A,0.05,7,10,-0.2485676546375287
7,A,0.05,7,11,-0.46062595447002413
7,A,0.05,7,12,-0.36308958314939044
7,A,0.05,7,13,-0.3216235607440911
7,A,0.05,7,14,0.018882397154624538
7,A,0.05,7,15,0.019813847977949477
7,A,0.05,7,16,-0.42612533806631137
7,A,0.05,7,17,-0.12570826994357864
7,A,0.05,7,18,-0.18572020127933228
7,A,0.05,7,19,-0.3390845367288802
7,A,0.05,8,0,-0.7028759466526167
7,A,0.05,8,1,-0.5768565162954629
7,A,0.05,8,2,-0.4354833167683498
7,A,0.05,8,3,0.11505691191064175
7,A,0.05,8,4,0.27788466860734534
7,A,0.05,8,5,0.10061822508645762
7,A,0.05,8,6,-0.2758422461291184
7,A,0.05,8,7,0.026428582748939264
7,A,0.05,8,8,-0.14608613374738366
7,A,0.05,8,9,-0.054665481909363496
7,A,0.05,8,10,0.005710391251053969
7,A,0.05,8,11,0.34087460755127974
7,A,0.05,8,12,-0.2684901938876433
7,A,0.05,8,13,0.09053511919255587
7,A,0.05,8,14,0.28284469947149066
7,A,0.05,8,15,0.14607718962430324
7,A,0.05,8,16,-0.29007464062585775
7,A,0.05,8,17,0.04085961746499964
7,A,0.05,8,18,-0.11302585695329626
7,A,0.05,8,19,0.060085188452194106
7,A,0.05,9,0,0.7262470912845319
7,A,0.05,9,1,0.6053801096771291
7,A,0.05,9,2,0.07833672838753356
7,A,0.05,9,3,0.8701614592073688
7,A,0.05,9,4,1.0719187028659052
7,A,0.05,9,5,1.02011231647021
7,A,0.05,9,6,1.1992586086930577
7,A,0.05,9,7,1.0937846283987993
7,A,0.05,9,8,1.068765280415914
7,A,0.05,9,9,1.0566361157929725
7,A,0.05,9,10,0.6679294422973632
7,A,0.05,9,11,1.530776226891883
7,A,0.05,9,12,1.4369751190874633
7,A,0.05,9,13,0.8420418581270431
7,A,0.05,9,14,0.8291262538509625
7,A,0.05,9,15,0.51060171646231
7,A,0.05,9,16,1.1649163071219026
7,A,0.05,9,17,0.9921761957675894
7,A,0.05,9,18,0.8829563990325912
7,A,0.05,9,19,1.1067785467297047
7,B,100,0,0,0.5655818626998539
7,B,100,0,1,1.123349390069148
7,B,100,0,2,0.35048398488409577
7,B,100,0,3,0.29093198306449775
7,B,100,0,4,0.7120798145885255
7,B,100,0,5,0.36435969441015925
7,B,100,0,6,0.6157372943829075
7,B,100,0,7,0.4452540701255437
7,B,100,0,8,1.1899365198967493
7,B,100,0,9,0.5372477527052258
7,B,100,0,10,0.5009497181923735
7,B,100,0,11,0.808045166902021
7,B,100,0,12,1.1670530125629581
7,B,100,0,13,0.910575335509173
7,B,100,0,14,0.8927132499659961
7,B,100,0,15,0.6786631079438001
7,B,100,0,16,0.3056867201688383
7,B,100,0,17,0.4754009903253549
7,B,100,0,18,0.8994906986327386
7,B,100,0,19,1.2396276971841678
7,B,100,1,0,1.6122852306336353
7,B,100,1,1,0.9553463240199045
7,B,100,1,2,1.069617510515974
7,B,100,1,3,0.7560922414315671
7,B,100,1,4,1.1392824439284366
7,B,100,1,5,1.23207156601177
7,B,100,1,6,1.0591472642973387
7,B,100,1,7,0.5400942484060555
7,B,100,1,8,1.34238439715396
7,B,100,1,9,0.28436418176925826
7,B,100,1,10,1.0036425319484763
7,B,100,1,11,0.9680694557814882
7,B,100,1,12,0.5007176292100136
7,B,100,1,13,0.7334859622821838
7,B,100,1,14,1.4342432754364212
7,B,100,1,15,0.34623675432763795
7,B,100,1,16,0.9749715798093617
7,B,100,1,17,1.2804432079215697
7,B,100,1,18,0.9724775670713494
7,B,100,1,19,0.3108840530238313
7,B,100,2,0,-0.23636196168771792
7,B,100,2,1,-0.43978496043353066
7,B,100,2,2,0.02894856639826518
7,B,100,2,3,0.1320777956955533
7,B,100,2,4,0.23811861437469153
7,B,100,2,5,-0.09187441293527254
7,B,100,2,6,-0.6783513758150473
7,B,100,2,7,-0.06773157888333196
7,B,100,2,8,-0.18176708010787615
7,B,100,2,9,-0.40836846461539056
7,B,100,2,10,0.2905561384652747
7,B,100,2,11,-0.2121117138350441
7,B,100,2,12,-0.08201736393709877
7,B,100,2,13,-0.6400779023299504
7,B,100,2,14,-0.175871185157759
7,B,100,2,15,0.04122982424592727
7,B,100,2,16,-0.16439630585098836
7,B,100,2,17,0.17779878640452465
7,B,100,2,18,-0.45649649801980424
7,B,100,2,19,0.082714047214953
7,B,100,3,0,-1.9305886839462925
7,B,100,3,1,-2.0261779509304727
7,B,100,3,2,-1.8782682542097193
7,B,100,3,3,-2.1471666143900716
7,B,100,3,4,-1.8434916231577956
7,B,100,3,5,-1.9384904057126013
7,B,100,3,6,-2.2221815937858125
7,B,100,3,7,-2.0025350957918904
7,B,100,3,8,-2.062986849275794
7,B,100,3,9,-2.030681207135494
7,B,100,3,10,-1.761094833802523
7,B,100,3,11,-1.8877485255865645
7,B,100,3,12,-1.9585839496955408
7,B,100,3,13,-1.9916753677402146
7,B,100,3,14,-2.0613738887866933
7,B,100,3,15,-2.092260579800741
7,B,100,3,16,-2.065707649238513
7,B,100,3,17,-1.8875722656216734
7,B,100,3,18,-1.9767788739037777
7,B,100,3,19,-1.824236512969042
7,B,100,4,0,0.24298182908897348
7,B,100,4,1,-0.22449940944793875
7,B,100,4,2,-0.9457398179295534
7,B,100,4,3,-0.06822427724556515
7,B,100,4,4,0.2892498036405276
7,B,100,4,5,0.2793871833504756
7,B,100,4,6,0.04802940572598731
7,B,100,4,7,-0.25395176144932985
7,B,100,4,8,0.09472466823291828
7,B,100,4,9,0.02900090436290067
7,B,100,4,10,-0.3028157691695523
7,B,100,4,11,-0.22508917455163052
7,B,100,4,12,-0.020793233827988988
7,B,100,4,13,0.14528572540914206
7,B,100,4,14,-0.004761313127481194
7,B,100,4,15,-0.2644432018553282
7,B,100,4,16,0.06136422159307037
7,B,100,4,17,0.04899952009519341
7,B,100,4,18,0.3357082454022081
7,B,100,4,19,-0.5573889842344368
7,B,100,5,0,-0.7799097619532106
7,B,100,5,1,-1.2267839826932465
7,B,100,5,2,-1.1975128372182215
7,B,100,5,3,-1.0552265058904697
7,B,100,5,4,-1.0117300288193043
7,B,100,5,5,-1.198136051470244
7,B,100,5,6,-0.6107386054472418
7,B,100,5,7,-1.0432158011157948
7,B,100,5,8,-1.1143898100761263
7,B,100,5,9,-1.2850440364611886
7,B,100,5,10,-1.115683035198696
7,B,100,5,11,-1.5049553332035175
7,B,100,5,12,-0.8078110861106486
7,B,100,5,13,-1.1851629782294353
7,B,100,5,14,-1.2028222450496127
7,B,100,5,15,-1.2800288749381021
7,B,100,5,16,-1.0971176480002172
7,B,100,5,17,-1.4279706196122175
7,B,100,5,18,-1.2450182063463828
7,B,100,5,19,-0.9611216491925588
7,B,100,6,0,-0.8896354165565088
7,B,100,6,1,-0.8830931011480665
7,B,100,6,2,-0.9821847765045196
7,B,100,6,3,-0.513893632430409
7,B,100,6,4,-0.1817257163518078
7,B,100,6,5,-0.32813557069963134
7,B,100,6,6,-0.4980509526764231
7,B,100,6,7,-0.32442848439260286
7,B,100,6,8,0.028597477734900255
7,B,100,6,9,-0.7310277476242989
7,B,100,6,10,-0.33192385391019713
7,B,100,6,11,-0.14324326392275505
7,B,100,6,12,-0.20979065176980813
7,B,100,6,13,-0.592865008500844
7,B,100,6,14,-0.3454112002424049
7,B,100,6,15,-0.20419706358608838
7,B,100,6,16,-0.8110077728181762
7,B,100,6,17,-0.5031617636204724
7,B,100,6,18,0.2528749015127181
7,B,100,6,19,-0.2135254096454365
7,B,100,7,0,-0.47971099878557627
7,B,100,7,1,-0.035934666904281584
7,B,100,7,2,-0.07803021571987537
7,B,100,7,3,-0.14318102814618983
7,B,100,7,4,-0.008308527740809457
7,B,100,7,5,0.1458314468698315
7,B,100,7,6,0.30387634949986053
7,B,100,7,7,0.24556253874360934
7,B,100,7,8,-0.0957931194727592
7,B,100,7,9,-0.7870455167438029
7,B,100,7,10,0.12172913623088727
7,B,100,7,11,0.3153393281506033
7,B,100,7,12,0.06346014034270854
7,B,100,7,13,-0.0782086035602721
7,B,100,7,14,0.48648856863864576
7,B,100,7,15,-0.0278528198641478
7,B,100,7,16,-0.4090299044612667
7,B,100,7,17,0.10887929015805257
7,B,100,7,18,0.1315814277204105
7,B,100,7,19,0.12097359774899596
7,B,100,8,0,-0.4755250218098388
7,B,100,8,1,-0.019066584047209047
7,B,100,8,2,-0.38164308652456475
7,B,100,8,3,-0.028521229777388513
7,B,100,8,4,-0.11434196002424937
7,B,100,8,5,-0.1862964546795014
7,B,100,8,6,-0.4261661531191203
7,B,100,8,7,-0.048621781866751465
7,B,100,8,8,-0.28776016912574653
7,B,100,8,9,-0.7659759675503818
7,B,100,8,10,-0.4187267357063528
7,B,100,8,11,-0.41685698934102033
7,B,100,8,12,-0.1410407708188419
7,B,100,8,13,-0.27623033142877046
7,B,100,8,14,-0.054059496619456644
7,B,100,8,15,-0.274064457694843
7,B,100,8,16,-0.38675811740363447
7,B,100,8,17,-0.344680752345829
7,B,100,8,18,-0.1980592474393099
7,B,100,8,19,-0.24810082255452584
7,B,100,9,0,0.29654104678434884
7,B,100,9,1,0.3225446129502737
7,B,100,9,2,0.39311893245258406
7,B,100,9,3,0.30580069918271924
7,B,100,9,4,0.5171298560290986
7,B,100,9,5,0.5076597884536553
7,B,100,9,6,0.4811098175295882
7,B,100,9,7,0.5336043720827431
7,B,100,9,8,0.5978064733362679
7,B,100,9,9,0.748094034053
7,B,100,9,10,0.38721419328484563
7,B,100,9,11,0.707284087354843
7,B,100,9,12,0.6974945899684691
7,B,100,9,13,0.37034847729286646
7,B,100,9,14,0.4852673262234626
7,B,100,9,15,0.1929819907983076
7,B,100,9,16,0.5484392623994229
7,B,100,9,17,0.2696434374479024
7,B,100,9,18,0.30609470913919024
7,B,100,9,19,0.6665456633965953
8,A,0.05,0,0,-1.0366362281654187
8,A,0.05,0,1,-1.0600867003106142
8,A,0.05,0,2,-0.9083401842992408
8,A,0.05,0,3,-1.0804454486614297
8,A,0.05,0,4,-1.0863769078128995
8,A,0.05,0,5,-0.8322854798875374
8,A,0.05,0,6,-1.216089387892382
8,A,0.05,0,7,-0.5435412581849091
8,A,0.05,0,8,-0.7758902814823451
8,A,0.05,0,9,-0.9598904653489055
8,A,0.05,0,10,-0.6381869337054444
8,A,0.05,0,11,-0.8827036767102292
8,A,0.05,0,12,-0.945282487309484
8,A,0.05,0,13,-1.0175310646112756
8,A,0.05,0,14,-0.7305486354598386
8,A,0.05,0,15,-0.78254705380811
8,A,0.05,0,16,-0.9268796261036345
8,A,0.05,0,17,-1.1239648988700028
8,A,0.05,0,18,-0.6018334082028983
8,A,0.05,0,19,-0.26297569397483633
8,A,0.05,1,0,-0.20421177226452025
8,A,0.05,1,1,0.17029973054335446
8,A,0.05,1,2,-0.07779325896062456
8,A,0.05,1,3,0.14859542720011884
8,A,0.05,1,4,0.0612620873588133
8,A,0.05,1,5,-0.03287355044505888
8,A,0.05,1,6,0.15725626337366952
8,A,0.05,1,7,0.26696119521272577
8,A,0.05,1,8,0.2643859382778462
8,A,0.05,1,9,0.13943060466701668
8,A,0.05,1,10,-0.062271804712032974
8,A,0.05,1,11,0.05493643345301036
8,A,0.05,1,12,0.026181124607433527
8,A,0.05,1,13,-0.051543843631409736
8,A,0.05,1,14,0.15372241074900667
8,A,0.05,1,15,0.052426461070332865
8,A,0.05,1,16,0.18867867473243907
8,A,0.05,1,17,-0.09152715856915414
8,A,0.05,1,18,0.24601433812470494
8,A,0.05,1,19,0.04713896660878967
8,A,0.05,2,0,0.7766240703867608
8,A,0.05,2,1,0.7455875939815164
8,A,0.05,2,2,-0.05430592161330831
8,A,0.05,2,3,0.9806027743961405
8,A,0.05,2,4,0.17002577607240874
8,A,0.05,2,5,0.1761647923461277
8,A,0.05,2,6,1.0373425302138688
8,A,0.05,2,7,0.863596125737548
8,A,0.05,2,8,0.38000500518500974
8,A,0.05,2,9,0.49327945014004065
8,A,0.05,2,10,1.2600998769074532
8,A,0.05,2,11,0.062185824589486384
8,A,0.05,2,12,0.4002253286067344
8,A,0.05,2,13,0.8995666059513232
8,A,0.05,2,14,1.0707906572668713
8,A,0.05,2,15,-0.007454192654724091
8,A,0.05,2,16,0.213123617830677
8,A,0.05,2,17,1.1887722368868154
8,A,0.05,2,18,0.49466997810815194
8,A,0.05,2,19,1.2415577660951485
8,A,0.05,3,0,-0.4910910876391646
8,A,0.05,3,1,0.02383763293782664
8,A,0.05,3,2,-0.3509110315867112
8,A,0.05,3,3,0.06307946116957931
8,A,0.05,3,4,-0.033823646704155726
8,A,0.05,3,5,-0.1352546731129069
8,A,0.05,3,6,-0.28685166914657617
8,A,0.05,3,7,-0.0810743001407993
8,A,0.05,3,8,-0.5499803730014321
8,A,0.05,3,9,0.12508951552939382
8,A,0.05,3,10,-0.2248532886950493
8,A,0.05,3,11,-0.05983351777660244
8,A,0.05,3,12,-0.26281520740025194
8,A,0.05,3,13,0.3896670206462739
8,A,0.05,3,14,0.20136777046415813
8,A,0.05,3,15,-0.0542490528666015
8,A,0.05,3,16,0.08583802346622912
8,A,0.05,3,17,0.3780339428398576
8,A,0.05,3,18,-0.020302499826636726
8,A,0.05,3,19,-0.19238095104203518
8,A,0.05,4,0,-0.6065631290525798
8,A,0.05,4,1,-0.8035679507243688
8,A,0.05,4,2,-0.7515039846731435
8,A,0.05,4,3,-0.7457764572473328
8,A,0.05,4,4,-0.17898603133868868
8,A,0.05,4,5,-0.8911233757165236
8,A,0.05,4,6,-1.0100924116884125
8,A,0.05,4,7,-0.6292643042396514
8,A,0.05,4,8,-0.18076817320508942
8,A,0.05,4,9,-1.396563244976398
8,A,0.05,4,10,-0.6552200828445593
8,A,0.05,4,11,-0.5107715288144044
8,A,0.05,4,12,-0.7010858370455639
8,A,0.05,4,13,-0.8641666099938672
8,A,0.05,4,14,-0.36151931555588207
8,A,0.05,4,15,-1.3344852534313694
8,A,0.05,4,16,-0.8464073924865692
8,A,0.05,4,17,-0.9912944868662084
8,A,0.05,4,18,-0.6177400892441064
8,A,0.05,4,19,-0.6430712067068499
8,A,0.05,5,0,1.1501038171989446
8,A,0.05,5,1,1.3021292243276836
8,A,0.05,5,2,0.9280544745304115
8,A,0.05,5,3,0.1992256523691946
8,A,0.05,5,4,0.6715399978744429
8,A,0.05,5,5,0.8357143844514473
8,A,0.05,5,6,0.9945406208830145
8,A,0.05,5,7,0.9245414008404649
8,A,0.05,5,8,0.8357929071245875
8,A,0.05,5,9,0.9712227930597797
8,A,0.05,5,10,0.9034646640996588
8,A,0.05,5,11,0.5601499286260971
8,A,0.05,5,12,1.093383166393913
8,A,0.05,5,13,1.0188042228700638
8,A,0.05,5,14,1.2245014112436192
8,A,0.05,5,15,0.9595751633168778
8,A,0.05,5,16,0.7821821000947851
8,A,0.05,5,17,0.855605380462768
8,A,0.05,5,18,1.1205514989737748
8,A,0.05,5,19,1.1011466930284746
8,A,0.05,6,0,0.01293029657151352
8,A,0.05,6,1,-0.9501824208293769
8,A,0.05,6,2,-0.687709674021466
8,A,0.05,6,3,-0.4829067322846697
8,A,0.05,6,4,-0.19926453042804895
8,A,0.05,6,5,-0.8739942677063959
8,A,0.05,6,6,-0.6400304890800841
8,A,0.05,6,7,-0.7345363209658652
8,A,0.05,6,8,-0.4137823856238423
8,A,0.05,6,9,-0.6971503188772846
8,A,0.05,6,10,-0.5992795520843538
8,A,0.05,6,11,-0.8404302182407343
8,A,0.05,6,12,-0.8198911061812745
8,A,0.05,6,13,-0.7627575631510718
8,A,0.05,6,14,-0.5709717750912024
8,A,0.05,6,15,-0.5770066822185618
8,A,0.05,6,16,-1.0228384735224507
8,A,0.05,6,17,-0.8103203905393798
8,A,0.05,6,18,-0.7506339595000897
8,A,0.05,6,19,-0.7309749665510765
8,A,0.05,7,0,0.19379708078213512
8,A,0.05,7,1,-0.11686980852060816
8,A,0.05,7,2,-0.05008935101721148
8,A,0.05,7,3,-0.06185936533679065
8,A,0.05,7,4,0.45110015398567793
8,A,0.05,7,5,-0.18269872847747767
8,A,0.05,7,6,0.006663817530196952
8,A,0.05,7,7,-0.049505463259953
8,A,0.05,7,8,-0.029297190130498613
8,A,0.05,7,9,0.10235609061479028
8,A,0.05,7,10,0.13117586364337017
8,A,0.05,7,11,-0.13923155931688924
8,A,0.05,7,12,0.33032725611269903
8,A,0.05,7,13,0.35797673006159914
8,A,0.05,7,14,-0.4564566089050666
8,A,0.05,7,15,-0.09978889196373604
8,A,0.05,7,16,0.309820805046315
8,A,0.05,7,17,0.06637651584849007
8,A,0.05,7,18,0.22933546095676652
8,A,0.05,7,19,-0.163869140034922
8,A,0.05,8,0,-0.2157065009710702
8,A,0.05,8,1,-0.5095741591583499
8,A,0.05,8,2,-0.18000952158292396
8,A,0.05,8,3,-0.39189401772809423
8,A,0.05,8,4,-0.004672672358672917
8,A,0.05,8,5,-1.145465919939058
8,A,0.05,8,6,-0.5530712575204867
8,A,0.05,8,7,-0.40452498001149617
8,A,0.05,8,8,-0.3544255545597947
8,A,0.05,8,9,-0.4182103903970123
8,A,0.05,8,10,-0.2198223074724682
8,A,0.05,8,11,-0.5376864574885688
8,A,0.05,8,12,-0.7939245373888572
8,A,0.05,8,13,-0.45224991818357807
8,A,0.05,8,14,-0.7969519757709583
8,A,0.05,8,15,-0.6253973861076907
8,A,0.05,8,16,-0.4896518197449479
8,A,0.05,8,17,0.0002219595802150828
8,A,0.05,8,18,-0.14014824793329173
8,A,0.05,8,19,-0.6535066363371648
8,A,0.05,9,0,0.024738558113386926
8,A,0.05,9,1,-0.012816612183862198
8,A,0.05,9,2,0.06714379192509193
8,A,0.05,9,3,0.08974210663339795
8,A,0.05,9,4,0.05487748737161909
8,A,0.05,9,5,-0.017362323318634812
8,A,0.05,9,6,0.038579687718444236
8,A,0.05,9,7,-0.06659936136969277
8,A,0.05,9,8,-0.08638323514707977
8,A,0.05,9,9,-0.07066721267334092
8,A,0.05,9,10,-0.16607402208689528
8,A,0.05,9,11,0.09466643173023442
8,A,0.05,9,12,-0.01094575275616997
8,A,0.05,9,13,-0.03621951453442826
8,A,0.05,9,14,0.08887625377116821
8,A,0.05,9,15,-0.033451125243879616
8,A,0.05,9,16,0.010307225638513048
8,A,0.05,9,17,0.052054680552992914
8,A,0.05,9,18,0.043108508977000956
8,A,0.05,9,19,0.013006311561957416
8,B,100,0,0,-1.2599240621026961
8,B,100,0,1,-1.1930270952223203
8,B,100,0,2,-0.5594662928902301
8,B,100,0,3,-0.8899458440952281
8,B,100,0,4,-1.31118650210684
8,B,100,0,5,-1.2417876731366557
8,B,100,0,6,-1.0872073623860037
8,B,100,0,7,-0.41610945737175764
8,B,100,0,8,-0.5525784825721921
8,B,100,0,9,-1.5404106581334276
8,B,100,0,10,-0.865799351225991
8,B,100,0,11,-1.1530583379076456
8,B,100,0,12,-0.8840803625959845
8,B,100,0,13,-1.0639214158766768
8,B,100,0,14,-0.9003498722119584
8,B,100,0,15,-0.747639893327616
8,B,100,0,16,-0.8691714320615767
8,B,100,0,17,-1.470118128454607
8,B,100,0,18,-0.6420003652741486
8,B,100,0,19,-0.9285442466952135
8,B,100,1,0,0.29128345067290556
8,B,100,1,1,0.11000974568179427
8,B,100,1,2,0.09393682374092772
8,B,100,1,3,0.45002248396240735
8,B,100,1,4,0.27866783636097414
8,B,100,1,5,0.02467291711439341
8,B,100,1,6,0.2750138701504404
8,B,100,1,7,0.42925456499979003
8,B,100,1,8,0.48066657120130485
8,B,100,1,9,0.4100544087173128
8,B,100,1,10,0.12594311609867595
8,B,100,1,11,-0.3425995115497535
8,B,100,1,12,0.14763481208045348
8,B,100,1,13,0.3437688417046944
8,B,100,1,14,0.5586110758705344
8,B,100,1,15,0.6023293508181308
8,B,100,1,16,0.5676090740809094
8,B,100,1,17,0.6352863253046955
8,B,100,1,18,0.6047862259305574
8,B,100,1,19,0.5231723255118834
8,B,100,2,0,1.3450631158764839
8,B,100,2,1,1.493842082938836
8,B,100,2,2,1.6567742902697107
8,B,100,2,3,1.388108352953019
8,B,100,2,4,1.8167480622091927
8,B,100,2,5,1.3452441967332858
8,B,100,2,6,1.2199191238203178
8,B,100,2,7,1.0771156020796033
8,B,100,2,8,1.122564132102537
8,B,100,2,9,1.1452344760198048
8,B,100,2,10,1.000994983070339
8,B,100,2,11,1.2494897090942874
8,B,100,2,12,1.6569362132946692
8,B,100,2,13,0.6197790327666259
8,B,100,2,14,1.4529485708375447
8,B,100,2,15,1.5885214545203392
8,B,100,2,16,1.4261215293391805
8,B,100,2,17,1.3992147942375612
8,B,100,2,18,1.3054441987556884
8,B,100,2,19,1.3894574004891742
8,B,100,3,0,1.0365331148959611
8,B,100,3,1,1.078392594297647
8,B,100,3,2,1.5121818535215392
8,B,100,3,3,1.4496137126480018
8,B,100,3,4,1.3032140063659186
8,B,100,3,5,1.724358037588793
8,B,100,3,6,1.4708486440749382
8,B,100,3,7,1.2598897787275722
8,B,100,3,8,1.1205037281669454
8,B,100,3,9,1.211325627903305
8,B,100,3,10,1.2113185180796535
8,B,100,3,11,1.1481042813541404
8,B,100,3,12,1.4999688668205589
8,B,100,3,13,1.5274876709373189
8,B,100,3,14,1.3247124801105583
8,B,100,3,15,1.3992093856148875
8,B,100,3,16,0.8806948405912133
8,B,100,3,17,1.4929500226465497
8,B,100,3,18,1.6052154413672437
8,B,100,3,19,1.5041982789464856
8,B,100,4,0,0.25748457815577835
8,B,100,4,1,0.19793235041781782
8,B,100,4,2,-0.20824334687954116
8,B,100,4,3,-0.5799929230977388
8,B,100,4,4,-0.01536051920600906
8,B,100,4,5,0.14854153226948255
8,B,100,4,6,0.20629617563486927
8,B,100,4,7,0.6780267332153355
8,B,100,4,8,0.3536062469670379
8,B,100,4,9,0.602569908738078
8,B,100,4,10,0.37720507140268406
8,B,100,4,11,0.6327124153299557
8,B,100,4,12,0.543585973353995
8,B,100,4,13,0.6668396560089908
8,B,100,4,14,0.12904262525890606
8,B,100,4,15,0.2979630839354419
8,B,100,4,16,0.593329021198118
8,B,100,4,17,0.40530617172111993
8,B,100,4,18,0.5038336468716992
8,B,100,4,19,0.35209684110191736
8,B,100,5,0,-0.4752254321332085
8,B,100,5,1,-0.05879754574842278
8,B,100,5,2,0.08260172884113913
8,B,100,5,3,-0.266500750186856
8,B,100,5,4,0.08562441954626958
8,B,100,5,5,0.30534304382304894
8,B,100,5,6,-0.1057118245122461
8,B,100,5,7,0.07516357530257932
8,B,100,5,8,0.33417544367137525
8,B,100,5,9,0.10648149198018783
8,B,100,5,10,0.19168403925031516
8,B,100,5,11,0.3115329104323524
8,B,100,5,12,0.1629412275545419
8,B,100,5,13,0.023650848893802947
8,B,100,5,14,0.10520977873239092
8,B,100,5,15,0.3336194644459144
8,B,100,5,16,0.6602514970019956
8,B,100,5,17,-0.8481578745569899
8,B,100,5,18,0.3813640571387828
8,B,100,5,19,0.15506027386359075
8,B,100,6,0,0.30827382340916404
8,B,100,6,1,0.41072048085353213
8,B,100,6,2,0.11500333559880332
8,B,100,6,3,0.619759512302183
8,B,100,6,4,0.34482002943373724
8,B,100,6,5,0.275695474428351
8,B,100,6,6,0.11966639841281779
8,B,100,6,7,0.25975563746989955
8,B,100,6,8,0.17411655097661363
8,B,100,6,9,0.23012605005927883
8,B,100,6,10,-0.029474981039049802
8,B,100,6,11,0.33605497560016667
8,B,100,6,12,0.2934494362725786
8,B,100,6,13,0.3644959762985727
8,B,100,6,14,0.02535478142590819
8,B,100,6,15,0.3383818855467566
8,B,100,6,16,0.27076653076940105
8,B,100,6,17,0.498314454205112
8,B,100,6,18,0.4516959496990165
8,B,100,6,19,0.1664451840044439
8,B,100,7,0,-1.387707210030801
8,B,100,7,1,-1.2604855772382573
8,B,100,7,2,-1.6668481564663278
8,B,100,7,3,-2.119544076443692
8,B,100,7,4,-1.869574381241066
8,B,100,7,5,-1.5711468684105905
8,B,100,7,6,-1.3176773159967503
8,B,100,7,7,-1.7022932647121147
8,B,100,7,8,-1.781319057876355
8,B,100,7,9,-1.6527859894822163
8,B,100,7,10,-1.9108756524680175
8,B,100,7,11,-1.7854848804328856
8,B,100,7,12,-1.690637163067188
8,B,100,7,13,-1.540464301823546
8,B,100,7,14,-1.5717582327461022
8,B,100,7,15,-2.00867107952533
8,B,100,7,16,-2.0634075837006116
8,B,100,7,17,-1.7172184881909998
8,B,100,7,18,-1.8671073781243748
8,B,100,7,19,-1.502583069967157
8,B,100,8,0,-0.9787800871876383
8,B,100,8,1,-0.6218670103849057
8,B,100,8,2,-0.5792348649444085
8,B,100,8,3,-0.6089444169572028
8,B,100,8,4,-0.8275237185523084
8,B,100,8,5,-0.9970096900670641
8,B,100,8,6,-0.5730195249518305
8,B,100,8,7,-0.9130157614667098
8,B,100,8,8,-1.090782311377939
8,B,100,8,9,-0.8274264382735473
8,B,100,8,10,-0.9037467336114489
8,B,100,8,11,-0.8068933095746816
8,B,100,8,12,-0.38258293847075037
8,B,100,8,13,-0.4998679777461245
8,B,100,8,14,-0.5839312582023438
8,B,100,8,15,-0.8866646326988913
8,B,100,8,16,-0.884888476904917
8,B,100,8,17,-0.555832521757504
8,B,100,8,18,-1.1009555658094474
8,B,100,8,19,-0.867549793485826
8,B,100,9,0,-0.5329224764510913
8,B,100,9,1,-0.26554399417669944
8,B,100,9,2,-0.19769838318018196
8,B,100,9,3,-0.5028838549314847
8,B,100,9,4,-0.3910355091210055
8,B,100,9,5,-0.21326612086116206
8,B,100,9,6,-0.2547154810299101
8,B,100,9,7,-0.22992894527546
8,B,100,9,8,-0.2503067964735312
8,B,100,9,9,-0.26027441731313183
8,B,100,9,10,-0.21978208274752037
8,B,100,9,11,-0.6945850811076084
8,B,100,9,12,-0.40325550431709023
8,B,100,9,13,-0.47486194781006097
8,B,100,9,14,-0.2948562191732991
8,B,100,9,15,-0.37307988892669797
8,B,100,9,16,-0.8973991533529857
8,B,100,9,17,-0.3985202301233048
8,B,100,9,18,-0.329605340736997
8,B,100,9,19,-0.3480272058471533
9,A,0.05,0,0,0.18375204686937585
9,A,0.05,0,1,0.33555112424747496
9,A,0.05,0,2,0.28528984235846455
9,A,0.05,0,3,0.5744625789211636
9,A,0.05,0,4,0.4081576417055854
9,A,0.05,0,5,0.1183724745886224
9,A,0.05,0,6,1.0395338386136934
9,A,0.05,0,7,0.483598278650376
9,A,0.05,0,8,0.8444407139603576
9,A,0.05,0,9,0.5611131692828781
9,A,0.05,0,10,1.4732808573408323
9,A,0.05,0,11,0.49151086596156957
9,A,0.05,0,12,0.8454956993921643
9,A,0.05,0,13,0.8876714343502686
9,A,0.05,0,14,0.9054249094645992
9,A,0.05,0,15,1.2671314267899765
9,A,0.05,0,16,0.47646396509767913
9,A,0.05,0,17,0.40864961409602363
9,A,0.05,0,18,0.1601258453440478
9,A,0.05,0,19,0.5697870646437164
9,A,0.05,1,0,0.8012316379711555
9,A,0.05,1,1,1.1956018933444759
9,A,0.05,1,2,1.176989743518673
9,A,0.05,1,3,0.6438290625962846
9,A,0.05,1,4,0.722362067980308
9,A,0.05,1,5,0.9519533077831042
9,A,0.05,1,6,0.9205450524766163
9,A,0.05,1,7,1.080141537342277
9,A,0.05,1,8,1.1866115649298077
9,A,0.05,1,9,0.9677749984686743
9,A,0.05,1,10,0.9504849997171163
9,A,0.05,1,11,0.6110444686345126
9,A,0.05,1,12,0.870247218155694
9,A,0.05,1,13,1.2473550913545506
9,A,0.05,1,14,1.0678265248276315
9,A,0.05,1,15,0.9239156641057348
9,A,0.05,1,16,1.027418431779407
9,A,0.05,1,17,0.5637102047201581
9,A,0.05,1,18,0.5298675619571646
9,A,0.05,1,19,0.8063545894611799
9,A,0.05,2,0,1.3655790404545727
9,A,0.05,2,1,1.3573173985113536
9,A,0.05,2,2,1.4416588505550287
9,A,0.05,2,3,0.9616873641322202
9,A,0.05,2,4,1.3327057051175601
9,A,0.05,2,5,1.316429207606297
9,A,0.05,2,6,1.2393361618496999
9,A,0.05,2,7,1.2248790507781715
9,A,0.05,2,8,1.317028892018765
9,A,0.05,2,9,0.7637841123294626
9,A,0.05,2,10,1.2371226479035582
9,A,0.05,2,11,1.3538759045825581
9,A,0.05,2,12,0.8800220291858369
9,A,0.05,2,13,1.0343169351012955
9,A,0.05,2,14,1.4051532987215252
9,A,0.05,2,15,1.332510348861526
9,A,0.05,2,16,1.0352445042707596
9,A,0.05,2,17,1.2767431541315535
9,A,0.05,2,18,1.4487620562868502
9,A,0.05,2,19,1.631939708964386
9,A,0.05,3,0,-0.5207916644904661
9,A,0.05,3,1,-0.42354194643439613
9,A,0.05,3,2,-0.31041959195897345
9,A,0.05,3,3,-0.18522067313347143
9,A,0.05,3,4,-0.3861921960360795
9,A,0.05,3,5,-0.3358997559844823
9,A,0.05,3,6,-0.5123003748322772
9,A,0.05,3,7,-0.41813730135876853
9,A,0.05,3,8,-0.3484616671087625
9,A,0.05,3,9,-0.41653381151261887
9,A,0.05,3,10,-0.46498974589763165
9,A,0.05,3,11,-0.16536285438602039
9,A,0.05,3,12,-0.39478171735006284
9,A,0.05,3,13,-0.5636087037253059
9,A,0.05,3,14,-0.24897292121971182
9,A,0.05,3,15,-0.2772367280725102
9,A,0.05,3,16,-0.15103501315349926
9,A,0.05,3,17,-0.48532287777378996
9,A,0.05,3,18,-0.37772270236117433
9,A,0.05,3,19,-0.11765204064151376
9,A,0.05,4,0,0.6243332141471029
9,A,0.05,4,1,-0.15455901122448093
9,A,0.05,4,2,0.20012460063022347
9,A,0.05,4,3,-0.08076269276440606
9,A,0.05,4,4,0.448598498845121
9,A,0.05,4,5,0.5299530028534621
9,A,0.05,4,6,-0.1280565275132088
9,A,0.05,4,7,-0.11174327404194885
9,A,0.05,4,8,0.3746947117144008
9,A,0.05,4,9,-0.6085704265827572
9,A,0.05,4,10,0.3222027748026661
9,A,0.05,4,11,0.24245537532010908
9,A,0.05,4,12,0.4152212740430344
9,A,0.05,4,13,0.1446314668554628
9,A,0.05,4,14,0.32117059028624256
9,A,0.05,4,15,-0.11252338710905133
9,A,0.05,4,16,0.11431986052806521
9,A,0.05,4,17,0.2975585936858576
9,A,0.05,4,18,0.03508623301269525
9,A,0.05,4,19,-0.20361262108150002
9,A,0.05,5,0,0.4836010673037253
9,A,0.05,5,1,0.46921777550039895
9,A,0.05,5,2,0.3661181951435199
9,A,0.05,5,3,0.4098758818935828
9,A,0.05,5,4,0.47678130761573
9,A,0.05,5,5,0.46549376310450896
9,A,0.05,5,6,0.16372103105913877
9,A,0.05,5,7,0.5525369751091317
9,A,0.05,5,8,0.4498453251657886
9,A,0.05,5,9,0.3889016535251473
9,A,0.05,5,10,0.5044023105125237
9,A,0.05,5,11,0.30637196496507263
9,A,0.05,5,12,0.2816578421823916
9,A,0.05,5,13,0.5019701317324353
9,A,0.05,5,14,0.5559908165816266
9,A,0.05,5,15,0.555628889581834
9,A,0.05,5,16,0.3923012941850831
9,A,0.05,5,17,0.5041171355897288
9,A,0.05,5,18,0.568575622969321
9,A,0.05,5,19,0.5892974269659021
9,A,0.05,6,0,-0.0958299075124805
9,A,0.05,6,1,-0.19214569844469714
9,A,0.05,6,2,-0.2914005629071566
9,A,0.05,6,3,-0.0036436241977054785
9,A,0.05,6,4,0.33268142116238447
9,A,0.05,6,5,0.10946420156568924
9,A,0.05,6,6,0.17495422480297598
9,A,0.05,6,7,0.04336911413982522
9,A,0.05,6,8,0.21485968655620044
9,A,0.05,6,9,0.24958873912719565
9,A,0.05,6,10,-0.0009388118220476974
9,A,0.05,6,11,0.31648909152892984
9,A,0.05,6,12,-0.14090526951719676
9,A,0.05,6,13,0.3138981367355424
9,A,0.05,6,14,0.3608154398937607
9,A,0.05,6,15,0.004689967078547724
9,A,0.05,6,16,-0.01708219170692678
9,A,0.05,6,17,0.31535708545787977
9,A,0.05,6,18,-0.026899650045763883
9,A,0.05,6,19,0.09125478522165327
9,A,0.05,7,0,-0.0062102617229775735
9,A,0.05,7,1,-0.0857381228206162
9,A,0.05,7,2,-0.01795770583200466
9,A,0.05,7,3,-0.03740845304464439
9,A,0.05,7,4,0.04432978727166038
9,A,0.05,7,5,-0.07893207462098144
9,A,0.05,7,6,0.0005668274070343791
9,A,0.05,7,7,-0.0637835996641584
9,A,0.05,7,8,0.04391091794359668
9,A,0.05,7,9,-0.10615834059833555
9,A,0.05,7,10,-0.002744860448992055
9,A,0.05,7,11,-0.12312605499418068
9,A,0.05,7,12,-0.008101821864948015
9,A,0.05,7,13,0.01955273213194102
9,A,0.05,7,14,0.12392908472938916
9,A,0.05,7,15,-0.11437994388849362
9,A,0.05,7,16,-0.017586176948730606
9,A,0.05,7,17,0.12551757828064405
9,A,0.05,7,18,-0.06774882760828241
9,A,0.05,7,19,0.01255855401712054
9,A,0.05,8,0,-0.7891103523130841
9,A,0.05,8,1,-0.88864046190543
9,A,0.05,8,2,-0.7514275613246774
9,A,0.05,8,3,-0.533418603854376
9,A,0.05,8,4,-0.8223926939829022
9,A,0.05,8,5,-0.48224179765447617
9,A,0.05,8,6,-0.7977881875126477
9,A,0.05,8,7,-0.676752902212569
9,A,0.05,8,8,-0.4284498407840955
9,A,0.05,8,9,-0.735832451314604
9,A,0.05,8,10,-0.6700544376001666
9,A,0.05,8,11,-0.6517684953152199
9,A,0.05,8,12,-0.5213704628486882
9,A,0.05,8,13,-0.9333264146757126
9,A,0.05,8,14,-0.9340859711138623
9,A,0.05,8,15,-0.6227708151597298
9,A,0.05,8,16,-0.8319308050905263
9,A,0.05,8,17,-0.6779931167050504
9,A,0.05,8,18,-0.6206858446010355
9,A,0.05,8,19,-0.5990834495659357
9,A,0.05,9,0,-1.047238470101388
9,A,0.05,9,1,-1.0232601625992472
9,A,0.05,9,2,-1.332136214504726
9,A,0.05,9,3,-0.8649502322145164
9,A,0.05,9,4,-1.1453661392459842
9,A,0.05,9,5,-1.376476220886954
9,A,0.05,9,6,-1.3688294800041008
9,A,0.05,9,7,-1.4262353604792042
9,A,0.05,9,8,-1.5731380518623301
9,A,0.05,9,9,-1.4913479674409047
9,A,0.05,9,10,-1.3869198334341608
9,A,0.05,9,11,-1.2159867507076447
9,A,0.05,9,12,-1.4955671423908516
9,A,0.05,9,13,-1.1332115895576569
9,A,0.05,9,14,-1.5072022624093016
9,A,0.05,9,15,-1.400183047174982
9,A,0.05,9,16,-1.5175008291796699
9,A,0.05,9,17,-1.589924607794628
9,A,0.05,9,18,-1.514923071677876
9,A,0.05,9,19,-1.2262686532676734
9,B,100,0,0,-0.16068052559858634
9,B,100,0,1,-0.5528355889173238
9,B,100,0,2,-0.2829636643723302
9,B,100,0,3,-0.13537722512236297
9,B,100,0,4,-0.18406928256672722
9,B,100,0,5,-0.0010118369538284955
9,B,100,0,6,-0.49931568223490524
9,B,100,0,7,-0.20150837201504576
9,B,100,0,8,0.1529194528625017
9,B,100,0,9,-0.5737438958352711
9,B,100,0,10,0.10488439587695607
9,B,100,0,11,0.06895967058766182
9,B,100,0,12,-0.2737586420632644
9,B,100,0,13,-0.06712161633039586
9,B,100,0,14,-0.328404528526974
9,B,100,0,15,-0.2517554912785489
9,B,100,0,16,0.04865063489871043
9,B,100,0,17,0.11334540556694067
9,B,100,0,18,-0.05947142717340601
9,B,100,0,19,-0.21317237046268367
9,B,100,1,0,0.2090829369087115
9,B,100,1,1,0.403751686223351
9,B,100,1,2,0.41768394475389675
9,B,100,1,3,0.12478329674398027
9,B,100,1,4,0.30810514805393646
9,B,100,1,5,0.5097150157213038
9,B,100,1,6,0.4593325547217047
9,B,100,1,7,0.49278614377285274
9,B,100,1,8,0.4859121027426433
9,B,100,1,9,0.24028967828497455
9,B,100,1,10,0.16813435446252795
9,B,100,1,11,0.23540387749612626
9,B,100,1,12,0.3376413266360508
9,B,100,1,13,0.2668420374386653
9,B,100,1,14,0.3429141251294703
9,B,100,1,15,0.3094869799311796
9,B,100,1,16,0.06587253932241734
9,B,100,1,17,-0.08254139426998854
9,B,100,1,18,0.131107244858139
9,B,100,1,19,0.42192779456545193
9,B,100,2,0,0.5348515031232031
9,B,100,2,1,-0.09089843013570803
9,B,100,2,2,1.1573508386047575
9,B,100,2,3,0.5303669011020166
9,B,100,2,4,1.6071218291755829
9,B,100,2,5,-0.08663660898322591
9,B,100,2,6,0.861061400800805
9,B,100,2,7,0.5232979011471827
9,B,100,2,8,0.2449232303348954
9,B,100,2,9,1.1130664608039478
9,B,100,2,10,0.434550991398885
9,B,100,2,11,1.2408776574297178
9,B,100,2,12,0.7648352655285582
9,B,100,2,13,0.5812770199042141
9,B,100,2,14,-0.3914796798081287
9,B,100,2,15,0.6862131136950654
9,B,100,2,16,0.310847704199877
9,B,100,2,17,0.5208554429231329
9,B,100,2,18,0.956597628037812
9,B,100,2,19,0.10602968386179278
9,B,100,3,0,-1.255409640312689
9,B,100,3,1,-0.7103890848968742
9,B,100,3,2,-1.0413019318940606
9,B,100,3,3,-1.8743479052351812
9,B,100,3,4,-1.8008627739019556
9,B,100,3,5,-1.5825356551163732
9,B,100,3,6,-1.257553930135217
9,B,100,3,7,-1.345628282706748
9,B,100,3,8,-1.0032779081822003
9,B,100,3,9,-1.64034545140407
9,B,100,3,10,-1.2704272277719773
9,B,100,3,11,-1.0339806795486701
9,B,100,3,12,-1.6727525513290653
9,B,100,3,13,-1.1464442823740857
9,B,100,3,14,-1.7683755722313905
9,B,100,3,15,-1.881351383282628
9,B,100,3,16,-1.7753689934490728
9,B,100,3,17,-1.616013797743274
9,B,100,3,18,-1.2688096804833051
9,B,100,3,19,-1.5223152141280294
9,B,100,4,0,0.8032008589627075
9,B,100,4,1,0.8187356111767178
9,B,100,4,2,0.6923408796442249
9,B,100,4,3,0.29971289610449975
9,B,100,4,4,0.37535505780460265
9,B,100,4,5,0.5364008205060584
9,B,100,4,6,0.8990677667247063
9,B,100,4,7,0.5833389479690827
9,B,100,4,8,-0.24246821450030626
9,B,100,4,9,0.7281460768373555
9,B,100,4,10,-0.002877435912935758
9,B,100,4,11,0.6393896953776969
9,B,100,4,12,0.7843312947266857
9,B,100,4,13,0.6118957653237694
9,B,100,4,14,0.30204309968919124
9,B,100,4,15,0.8126656170009297
9,B,100,4,16,0.3751817247952922
9,B,100,4,17,0.506571164174953
9,B,100,4,18,0.6031827689490866
9,B,100,4,19,0.736214874095316
9,B,100,5,0,2.245811847907044
9,B,100,5,1,2.644630722814948
9,B,100,5,2,1.9440740305308009
9,B,100,5,3,2.2453840384925923
9,B,100,5,4,2.4281874830383208
9,B,100,5,5,2.4214429703714955
9,B,100,5,6,2.22073085184702
9,B,100,5,7,2.134857048147394
9,B,100,5,8,2.5347518265426556
9,B,100,5,9,2.238961210059818
9,B,100,5,10,2.4273244113164845
9,B,100,5,11,1.4949102483864243
9,B,100,5,12,2.7323399409959057
9,B,100,5,13,2.1118235112309915
9,B,100,5,14,2.1260496219249405
9,B,100,5,15,2.1590789175318763
9,B,100,5,16,2.3058719655338664
9,B,100,5,17,1.997301816260787
9,B,100,5,18,2.1132729544200215
9,B,100,5,19,2.0061886673611626
9,B,100,6,0,-1.4130075135149356
9,B,100,6,1,-1.232589358493493
9,B,100,6,2,-1.1054336872121053
9,B,100,6,3,-1.23871075528375
9,B,100,6,4,-0.9983547036411644
9,B,100,6,5,-1.0570899818612418
9,B,100,6,6,-1.1016695260672273
9,B,100,6,7,-0.9730140313056088
9,B,100,6,8,-1.0295522113505582
9,B,100,6,9,-1.2298973134535005
9,B,100,6,10,-1.121453895918589
9,B,100,6,11,-1.0875888282716264
9,B,100,6,12,-1.316148116871476
9,B,100,6,13,-1.0060726346519882
9,B,100,6,14,-0.9537850726692333
9,B,100,6,15,-0.9105655835115226
9,B,100,6,16,-1.2010601868484931
9,B,100,6,17,-0.8409391262868416
9,B,100,6,18,-0.922372972498599
9,B,100,6,19,-0.8251228027536842
9,B,100,7,0,0.7802993303719488
9,B,100,7,1,0.6184252514295997
9,B,100,7,2,0.6097073734314318
9,B,100,7,3,0.18428842045237834
9,B,100,7,4,0.8217068744256387
9,B,100,7,5,0.23198612244648723
9,B,100,7,6,0.35736075437321396
9,B,100,7,7,0.9260328408521548
9,B,100,7,8,0.923044928745338
9,B,100,7,9,0.8691641674493458
9,B,100,7,10,0.347243150162785
9,B,100,7,11,0.124883902122116
9,B,100,7,12,0.9287692502684217
9,B,100,7,13,0.6786805097355526
9,B,100,7,14,0.5967930025168023
9,B,100,7,15,0.840131429543226
9,B,100,7,16,0.7088393038428035
9,B,100,7,17,0.4560600631930169
9,B,100,7,18,0.5716427170583119
9,B,100,7,19,0.7081064138131223
9,B,100,8,0,0.18387639079785614
9,B,100,8,1,0.24445649642778042
9,B,100,8,2,0.10738090596206847
9,B,100,8,3,-0.09618639649803559
9,B,100,8,4,0.34979193414413906
9,B,100,8,5,0.1767230863725332
9,B,100,8,6,0.3970667612150348
9,B,100,8,7,-0.055793116560568574
9,B,100,8,8,-0.058204433857121526
9,B,100,8,9,0.330073236707028
9,B,100,8,10,0.022597869156086227
9,B,100,8,11,0.30804344968018876
9,B,100,8,12,0.11933304289192018
9,B,100,8,13,-0.07030171540673197
9,B,100,8,14,0.9130246378302926
9,B,100,8,15,0.31784610004164854
9,B,100,8,16,0.4752479371081865
9,B,100,8,17,0.34225662017162295
9,B,100,8,18,0.43615088476833475
9,B,100,8,19,0.46401637992714734
9,B,100,9,0,1.74512801059615
9,B,100,9,1,1.8638347026350488
9,B,100,9,2,1.4115257649921642
9,B,100,9,3,1.18374593759712
9,B,100,9,4,1.34254916054484
9,B,100,9,5,1.4757666830029317
9,B,100,9,6,1.6701268384308705
9,B,100,9,7,1.787555178652314
9,B,100,9,8,1.2033938111205018
9,B,100,9,9,1.8905805957670099
9,B,100,9,10,1.862704341861431
9,B,100,9,11,1.4801419067069488
9,B,100,9,12,1.4143337427963631
9,B,100,9,13,1.704690513438425
9,B,100,9,14,1.746333434787548
9,B,100,9,15,1.4508921912293715
9,B,100,9,16,1.4418061268057578
9,B,100,9,17,1.8012926462318604
9,B,100,9,18,1.5917707882016734
9,B,100,9,19,1.239869268363682
