run,variant,frequency,solution,generation,fitness
0,A,0.05,0,0,-0.432081074982679
0,A,0.05,0,1,-0.3884410951388514
0,A,0.05,0,2,-0.3699998888665164
0,A,0.05,0,3,-0.5181985074926254
0,A,0.05,0,4,-0.40348456841474056
0,A,0.05,0,5,-0.31619769501286116
0,A,0.05,0,6,-0.49861178605873563
0,A,0.05,0,7,-0.3893435728130053
0,A,0.05,0,8,-0.47123679209129055
0,A,0.05,0,9,-0.23355531742872085
0,A,0.05,1,0,0.27674552047605927
0,A,0.05,1,1,0.68534429592431
0,A,0.05,1,2,0.3568589016263429
0,A,0.05,1,3,0.34740024766708494
0,A,0.05,1,4,0.5999622442703271
0,A,0.05,1,5,0.36850862755648434
0,A,0.05,1,6,0.446886661308984
0,A,0.05,1,7,0.5256782194693662
0,A,0.05,1,8,0.6065613933856301
0,A,0.05,1,9,0.560514470656557
0,A,0.05,2,0,0.6864828297199744
0,A,0.05,2,1,0.7015663551879174
0,A,0.05,2,2,0.7102518477895026
0,A,0.05,2,3,0.6386526869791532
0,A,0.05,2,4,0.6372300702109649
0,A,0.05,2,5,0.7549470041706937
0,A,0.05,2,6,0.5313299962891767
0,A,0.05,2,7,0.6418472859266611
0,A,0.05,2,8,0.5011964064906114
0,A,0.05,2,9,-0.0851624611546033
0,A,0.05,3,0,-1.1192658021229047
0,A,0.05,3,1,-0.5581621184982113
0,A,0.05,3,2,0.7346381357997385
0,A,0.05,3,3,-0.22714827785317104
0,A,0.05,3,4,-0.38070021565111906
0,A,0.05,3,5,0.4294617014692171
0,A,0.05,3,6,-0.19339278660171372
0,A,0.05,3,7,0.3236623307060775
0,A,0.05,3,8,0.5858749394134849
0,A,0.05,3,9,0.02244379444110956
0,A,0.05,4,0,0.6070805382792221
0,A,0.05,4,1,1.2788108795875897
0,A,0.05,4,2,1.0934200484693304
0,A,0.05,4,3,0.6699189888759624
0,A,0.05,4,4,0.4707469402597618
0,A,0.05,4,5,1.223450700449454
0,A,0.05,4,6,1.2975215628464973
0,A,0.05,4,7,1.3255316714373229
0,A,0.05,4,8,1.1974694421205718
0,A,0.05,4,9,1.0757986482463564
0,A,0.05,5,0,-0.5980787789955877
0,A,0.05,5,1,-0.732849739526672
0,A,0.05,5,2,-0.8011341058273312
0,A,0.05,5,3,-0.7207999080204968
0,A,0.05,5,4,-0.8490695064712309
0,A,0.05,5,5,-0.7064858395514739
0,A,0.05,5,6,-0.7342550980828749
0,A,0.05,5,7,-0.76845380267621
0,A,0.05,5,8,-0.514753227298653
0,A,0.05,5,9,-0.8971798878024465
0,A,0.05,6,0,-0.46266926782281304
0,A,0.05,6,1,-0.3538166037972151
0,A,0.05,6,2,-0.20092872040017326
0,A,0.05,6,3,-0.36495203055496295
0,A,0.05,6,4,-0.6130189093288094
0,A,0.05,6,5,-0.07503349055075811
0,A,0.05,6,6,-0.10757203369889273
0,A,0.05,6,7,-0.5325941511229593
0,A,0.05,6,8,-0.9536621584615252
0,A,0.05,6,9,-0.5665475352137244
0,A,0.05,7,0,2.1807860640928816
0,A,0.05,7,1,1.4344012898246574
0,A,0.05,7,2,1.8480920436620554
0,A,0.05,7,3,1.792490068554966
0,A,0.05,7,4,1.5082221993458198
0,A,0.05,7,5,2.0582582453280844
0,A,0.05,7,6,2.161600652724602
0,A,0.05,7,7,2.2062914697830256
0,A,0.05,7,8,1.6065220194063718
0,A,0.05,7,9,1.8076570202467972
0,A,0.05,8,0,-3.738413288295638
0,A,0.05,8,1,-2.7668429753910067
0,A,0.05,8,2,-4.171687961120311
0,A,0.05,8,3,-3.444120878882817
0,A,0.05,8,4,-3.6816494520016305
0,A,0.05,8,5,-3.8190781251626427
0,A,0.05,8,6,-3.488440025518685
0,A,0.05,8,7,-3.969309587242346
0,A,0.05,8,8,-3.756101268378914
0,A,0.05,8,9,-3.315038069311972
0,A,0.05,9,0,1.0480672859811642
0,A,0.05,9,1,0.3695426193443136
0,A,0.05,9,2,0.7321506113618105
0,A,0.05,9,3,0.9394630597377108
0,A,0.05,9,4,1.029641437101472
0,A,0.05,9,5,0.5090827988381152
0,A,0.05,9,6,0.762285984566356
0,A,0.05,9,7,0.9410463474180238
0,A,0.05,9,8,1.043190626457593
0,A,0.05,9,9,0.7940568462867508
0,B,100,0,0,-0.2771876569880697
0,B,100,0,1,-0.5675416295392003
0,B,100,0,2,0.06882604992875667
0,B,100,0,3,-0.25497155571343894
0,B,100,0,4,0.0654744867343476
0,B,100,0,5,-0.24115853587819305
0,B,100,0,6,-0.2548786054118584
0,B,100,0,7,-0.05240369994909081
0,B,100,0,8,-0.9221043128613091
0,B,100,0,9,0.17606497057221823
0,B,100,1,0,0.0993397022782918
0,B,100,1,1,0.6889847571635813
0,B,100,1,2,0.312970828257891
0,B,100,1,3,0.3511784534597438
0,B,100,1,4,-0.3691076039796488
0,B,100,1,5,-0.19860085520555165
0,B,100,1,6,0.1549876207735929
0,B,100,1,7,-0.4434715746757084
0,B,100,1,8,-0.32743780311399645
0,B,100,1,9,0.27818480443505794
0,B,100,2,0,0.4823392066510298
0,B,100,2,1,0.2588470058163183
0,B,100,2,2,0.3595378273476349
0,B,100,2,3,0.0546376313751507
0,B,100,2,4,0.028544521182125616
0,B,100,2,5,-0.561667008003503
0,B,100,2,6,1.161453000441677
0,B,100,2,7,0.1840679267988898
0,B,100,2,8,0.45460067369046486
0,B,100,2,9,0.12697489126879372
0,B,100,3,0,0.30357105902983145
0,B,100,3,1,0.1575923038751044
0,B,100,3,2,0.4659493214941538
0,B,100,3,3,-0.00389499665503644
0,B,100,3,4,0.0613153363774919
0,B,100,3,5,0.29596228602099145
0,B,100,3,6,0.19592191394094416
0,B,100,3,7,0.226220749542647
0,B,100,3,8,0.22864986380715435
0,B,100,3,9,0.11060379766910144
0,B,100,4,0,0.47894653061282905
0,B,100,4,1,0.10357163165902197
0,B,100,4,2,0.23417151412356974
0,B,100,4,3,0.23526513632629162
0,B,100,4,4,-0.09466358427670286
0,B,100,4,5,0.08853738510891801
0,B,100,4,6,-0.08268564910388417
0,B,100,4,7,0.10524356031079676
0,B,100,4,8,0.4309700439217895
0,B,100,4,9,0.3555695362835672
0,B,100,5,0,1.7440165737798503
0,B,100,5,1,2.56241035758114
0,B,100,5,2,2.0851449814984013
0,B,100,5,3,2.3655656731865835
0,B,100,5,4,1.5717028260947457
0,B,100,5,5,1.5702916335489334
0,B,100,5,6,1.0013603577664074
0,B,100,5,7,2.4230728744886485
0,B,100,5,8,2.350289059806059
0,B,100,5,9,1.732840659806952
0,B,100,6,0,0.26787228610987945
0,B,100,6,1,0.6012993769231034
0,B,100,6,2,0.37771128913606966
0,B,100,6,3,0.368607314735642
0,B,100,6,4,0.38367880704981244
0,B,100,6,5,0.3435757912068153
0,B,100,6,6,0.20606413361423692
0,B,100,6,7,0.6821535450470833
0,B,100,6,8,0.6536782531085079
0,B,100,6,9,0.7496572133365865
0,B,100,7,0,-1.4708710768613344
0,B,100,7,1,-1.3246154573464752
0,B,100,7,2,-1.5047730893631903
0,B,100,7,3,-1.314991006966487
0,B,100,7,4,-1.722180958139537
0,B,100,7,5,-1.4465491185186103
0,B,100,7,6,-1.4503658272768853
0,B,100,7,7,-1.3829119746127643
0,B,100,7,8,-1.3862198114801505
0,B,100,7,9,-1.3037279808136542
0,B,100,8,0,0.8643676499888727
0,B,100,8,1,0.6776864773122279
0,B,100,8,2,0.27710900964964424
0,B,100,8,3,0.9394314408971679
0,B,100,8,4,0.6777357451985945
0,B,100,8,5,0.4215117016555255
0,B,100,8,6,0.515288985290684
0,B,100,8,7,0.8342428725524781
0,B,100,8,8,-0.21628308384285172
0,B,100,8,9,0.8372333860951284
0,B,100,9,0,-0.16906970131321145
0,B,100,9,1,-0.2117600743132649
0,B,100,9,2,-0.05150050653272062
0,B,100,9,3,-0.1631349125453145
0,B,100,9,4,-0.10347952135313555
0,B,100,9,5,-0.08560098096060968
0,B,100,9,6,-0.11809575476247856
0,B,100,9,7,0.04503279504497886
0,B,100,9,8,-0.014008453478359915
0,B,100,9,9,0.08735212738222044
1,A,0.05,0,0,0.9335573766886065
1,A,0.05,0,1,2.003615091120364
1,A,0.05,0,2,2.128135373630082
1,A,0.05,0,3,1.447218287905493
1,A,0.05,0,4,1.6924742513400861
1,A,0.05,0,5,1.5321968446823433
1,A,0.05,0,6,1.679498083989007
1,A,0.05,0,7,1.5685366545783312
1,A,0.05,0,8,1.3887634344659125
1,A,0.05,0,9,1.882085491547134
1,A,0.05,1,0,0.5894064145002352
1,A,0.05,1,1,0.5553834228061336
1,A,0.05,1,2,0.5254205046559149
1,A,0.05,1,3,0.521486419581529
1,A,0.05,1,4,0.38918545514154335
1,A,0.05,1,5,0.45651418908606306
1,A,0.05,1,6,0.40164563265096914
1,A,0.05,1,7,0.3714706642830568
1,A,0.05,1,8,0.4768124441250682
1,A,0.05,1,9,1.1106695542076805
1,A,0.05,2,0,0.6059893591264287
1,A,0.05,2,1,0.7031104434663491
1,A,0.05,2,2,0.883364885988526
1,A,0.05,2,3,0.981563539598182
1,A,0.05,2,4,1.0581844885474232
1,A,0.05,2,5,0.49158015879192335
1,A,0.05,2,6,0.9748154635891223
1,A,0.05,2,7,0.9532708511555132
1,A,0.05,2,8,0.3577995109890358
1,A,0.05,2,9,0.7110308108692854
1,A,0.05,3,0,0.3175641853388505
1,A,0.05,3,1,0.07699643520782698
1,A,0.05,3,2,0.11068160794564723
1,A,0.05,3,3,0.39426441795726486
1,A,0.05,3,4,0.47221122684437355
1,A,0.05,3,5,-0.05314487439031923
1,A,0.05,3,6,-0.2022906413180797
1,A,0.05,3,7,0.02561272369003911
1,A,0.05,3,8,0.23551534165836688
1,A,0.05,3,9,0.37155669116094997
1,A,0.05,4,0,0.017190136706189952
1,A,0.05,4,1,-0.1268107543798367
1,A,0.05,4,2,-0.04250186571889358
1,A,0.05,4,3,0.042741927666256424
1,A,0.05,4,4,0.3194918306862378
1,A,0.05,4,5,0.14701806178993215
1,A,0.05,4,6,0.11405193560309496
1,A,0.05,4,7,0.36716615994036805
1,A,0.05,4,8,0.22010716773047528
1,A,0.05,4,9,0.041161050405281875
1,A,0.05,5,0,1.0616855964612122
1,A,0.05,5,1,1.0575112995409028
1,A,0.05,5,2,1.6081110329103492
1,A,0.05,5,3,1.0108507396386035
1,A,0.05,5,4,1.694756666026984
1,A,0.05,5,5,1.508681413149425
1,A,0.05,5,6,1.5282988501400054
1,A,0.05,5,7,1.2939550811947698
1,A,0.05,5,8,1.2383790382721616
1,A,0.05,5,9,1.1808941736439051
1,A,0.05,6,0,-0.059863343769384854
1,A,0.05,6,1,0.1693095320216113
1,A,0.05,6,2,0.20155388125818857
1,A,0.05,6,3,0.33073220449534746
1,A,0.05,6,4,0.21219313314458574
1,A,0.05,6,5,0.19619694717997077
1,A,0.05,6,6,0.0660912234465434
1,A,0.05,6,7,0.1263007255646175
1,A,0.05,6,8,0.0441846122058594
1,A,0.05,6,9,0.24647519520383426
1,A,0.05,7,0,0.8253488056601475
1,A,0.05,7,1,-0.15191326460490032
1,A,0.05,7,2,0.5072677657482438
1,A,0.05,7,3,-0.24680783873652565
1,A,0.05,7,4,0.004139820573240263
1,A,0.05,7,5,0.3755579212556789
1,A,0.05,7,6,0.6064464868268872
1,A,0.05,7,7,0.24411464028683247
1,A,0.05,7,8,0.22636617716522775
1,A,0.05,7,9,0.08630987618398993
1,A,0.05,8,0,-0.4441188726270892
1,A,0.05,8,1,-0.7201214342451596
1,A,0.05,8,2,-0.13038908019965126
1,A,0.05,8,3,-1.267558943955745
1,A,0.05,8,4,-0.3696229474583413
1,A,0.05,8,5,-0.311351677349888
1,A,0.05,8,6,-0.018558172762026096
1,A,0.05,8,7,-0.9692497491695978
1,A,0.05,8,8,-0.8314063707767705
1,A,0.05,8,9,-0.03813999056228099
1,A,0.05,9,0,0.008627560248223384
1,A,0.05,9,1,0.12515855782301827
1,A,0.05,9,2,0.1959386493619957
1,A,0.05,9,3,-0.04785481419281421
1,A,0.05,9,4,-0.4052112279966173
1,A,0.05,9,5,0.1273879561567489
1,A,0.05,9,6,0.28917645360052774
1,A,0.05,9,7,0.02428698472530026
1,A,0.05,9,8,0.10232539108182039
1,A,0.05,9,9,0.13324905967208167
1,B,100,0,0,-2.6989685892801005
1,B,100,0,1,-2.191952267788732
1,B,100,0,2,-2.2535231414673493
1,B,100,0,3,-2.134981130051165
1,B,100,0,4,-1.9788362719644517
1,B,100,0,5,-1.889276274378034
1,B,100,0,6,-1.6102400234770287
1,B,100,0,7,-1.9430552843819775
1,B,100,0,8,-2.4382030072186343
1,B,100,0,9,-1.6843412800551654
1,B,100,1,0,1.2039462515012151
1,B,100,1,1,1.2162471442144591
1,B,100,1,2,1.2933219852266016
1,B,100,1,3,1.1308098919245555
1,B,100,1,4,0.9242837556005976
1,B,100,1,5,1.0331573464884887
1,B,100,1,6,1.0120423846701097
1,B,100,1,7,0.8201063362792889
1,B,100,1,8,1.232443019764744
1,B,100,1,9,1.2559614061748001
1,B,100,2,0,0.2999821876563651
1,B,100,2,1,0.6985044911928702
1,B,100,2,2,0.7550497436119696
1,B,100,2,3,0.7264296591350528
1,B,100,2,4,1.2639196256378922
1,B,100,2,5,0.8174442522909101
1,B,100,2,6,0.6575410322010642
1,B,100,2,7,0.6910401371400974
1,B,100,2,8,1.2757984687602661
1,B,100,2,9,0.5933854745469191
1,B,100,3,0,3.206603633413773
1,B,100,3,1,3.48853007375637
1,B,100,3,2,2.4057723621062914
1,B,100,3,3,3.24881166650726
1,B,100,3,4,3.077092404884934
1,B,100,3,5,3.168951271579142
1,B,100,3,6,3.044081341030001
1,B,100,3,7,2.4579686883394998
1,B,100,3,8,3.3331992588293717
1,B,100,3,9,2.945388046638287
1,B,100,4,0,-2.39181081257446
1,B,100,4,1,-2.298482352610921
1,B,100,4,2,-2.2087866633167668
1,B,100,4,3,-2.1900705915018186
1,B,100,4,4,-2.054161456414782
1,B,100,4,5,-1.9969745973619
1,B,100,4,6,-1.9572691759578495
1,B,100,4,7,-1.6488033576788161
1,B,100,4,8,-2.48401558860473
1,B,100,4,9,-1.700723486769156
1,B,100,5,0,0.3836417755261271
1,B,100,5,1,0.7540916596929046
1,B,100,5,2,0.17594909325503577
1,B,100,5,3,0.18300526182826743
1,B,100,5,4,-0.431841998454591
1,B,100,5,5,0.3822431642537046
1,B,100,5,6,0.4318349752353105
1,B,100,5,7,0.5018684690277744
1,B,100,5,8,0.38072397444491773
1,B,100,5,9,0.6042123716740607
1,B,100,6,0,-0.6148872369564689
1,B,100,6,1,-0.2820955963915235
1,B,100,6,2,-1.5297076837057573
1,B,100,6,3,-0.4450643295952508
1,B,100,6,4,-0.23285351840363774
1,B,100,6,5,0.40201250354245555
1,B,100,6,6,0.14256524718301436
1,B,100,6,7,-0.3568844791928004
1,B,100,6,8,-0.9694812366935361
1,B,100,6,9,0.21250864951947002
1,B,100,7,0,0.7937920744210741
1,B,100,7,1,0.44600396711749896
1,B,100,7,2,0.6015542843859367
1,B,100,7,3,0.09883691122272266
1,B,100,7,4,0.7725448864174349
1,B,100,7,5,0.42351908764866925
1,B,100,7,6,0.8094554014222514
1,B,100,7,7,1.085761033287766
1,B,100,7,8,0.6141459824599065
1,B,100,7,9,0.43613134086262156
1,B,100,8,0,-1.2251234092529049
1,B,100,8,1,-1.7915500653144067
1,B,100,8,2,-0.785216974785149
1,B,100,8,3,-0.18805009429281194
1,B,100,8,4,-1.4406775785656578
1,B,100,8,5,-0.7225905141693192
1,B,100,8,6,-1.3150200420194746
1,B,100,8,7,-1.529305676644286
1,B,100,8,8,-1.1976731763017863
1,B,100,8,9,-1.172086136029021
1,B,100,9,0,-1.6549474186160684
1,B,100,9,1,-0.47950964671898505
1,B,100,9,2,-1.0420717952253322
1,B,100,9,3,-1.1077260995131581
1,B,100,9,4,-1.592801308380149
1,B,100,9,5,-0.7409764767224091
1,B,100,9,6,-1.1669134549037319
1,B,100,9,7,-2.022757762276896
1,B,100,9,8,-0.6389006248293636
1,B,100,9,9,-0.5527310617878707
2,A,0.05,0,0,0.6148352473812739
2,A,0.05,0,1,0.06735680841450571
2,A,0.05,0,2,0.15426019318797496
2,A,0.05,0,3,0.5011401076147803
2,A,0.05,0,4,0.12136253670396659
2,A,0.05,0,5,-0.09345095670624452
2,A,0.05,0,6,0.85659814499283
2,A,0.05,0,7,0.41205637408793694
2,A,0.05,0,8,0.6110310036904607
2,A,0.05,0,9,0.7392700538358017
2,A,0.05,1,0,-0.36159856606018703
2,A,0.05,1,1,-0.09133577864207595
2,A,0.05,1,2,-0.09459353202517731
2,A,0.05,1,3,-0.2986039319737424
2,A,0.05,1,4,-0.292611819267314
2,A,0.05,1,5,-0.14172717083035727
2,A,0.05,1,6,-0.4470535476084392
2,A,0.05,1,7,-0.6301875370679595
2,A,0.05,1,8,-0.3081357821270572
2,A,0.05,1,9,-0.15209145749374473
2,A,0.05,2,0,0.3053934290786721
2,A,0.05,2,1,-0.009430610935862609
2,A,0.05,2,2,-0.054885091529364494
2,A,0.05,2,3,-0.23680017642779674
2,A,0.05,2,4,0.41412283129466604
2,A,0.05,2,5,0.41529858332414177
2,A,0.05,2,6,-0.14356016888141904
2,A,0.05,2,7,-0.018910723506284133
2,A,0.05,2,8,-0.020736540707183178
2,A,0.05,2,9,0.29778563798020624
2,A,0.05,3,0,1.3072480040680883
2,A,0.05,3,1,0.914823982492525
2,A,0.05,3,2,0.7071623739556359
2,A,0.05,3,3,0.8802734844190281
2,A,0.05,3,4,1.128213091008862
2,A,0.05,3,5,0.9208981500740143
2,A,0.05,3,6,0.6587567009446094
2,A,0.05,3,7,1.0475173376912326
2,A,0.05,3,8,1.165356568912882
2,A,0.05,3,9,0.7417566071115743
2,A,0.05,4,0,-0.10538314006888744
2,A,0.05,4,1,0.15145739097915353
2,A,0.05,4,2,-0.2530376365411246
2,A,0.05,4,3,0.0017333134027960164
2,A,0.05,4,4,0.009677238774129251
2,A,0.05,4,5,-0.41840047032376027
2,A,0.05,4,6,0.03473341228006727
2,A,0.05,4,7,-0.13211356868143612
2,A,0.05,4,8,-0.09086107678209179
2,A,0.05,4,9,-0.20561832803448815
2,A,0.05,5,0,-0.6158913116646172
2,A,0.05,5,1,-0.12505642855240306
2,A,0.05,5,2,-0.3542530579056395
2,A,0.05,5,3,-0.38720456653480106
2,A,0.05,5,4,-0.38426923591685147
2,A,0.05,5,5,-0.40294845722291756
2,A,0.05,5,6,-0.4277650086529144
2,A,0.05,5,7,-0.4523180324940157
2,A,0.05,5,8,-0.42925844644605393
2,A,0.05,5,9,-0.002591027371059287
2,A,0.05,6,0,1.0945773756911423
2,A,0.05,6,1,0.540822517901276
2,A,0.05,6,2,0.8048128966855167
2,A,0.05,6,3,1.325370521364591
2,A,0.05,6,4,1.559450073324758
2,A,0.05,6,5,0.2491453202440873
2,A,0.05,6,6,0.6380026713464663
2,A,0.05,6,7,0.12142757947341937
2,A,0.05,6,8,-0.029892212179314422
2,A,0.05,6,9,1.100369409539866
2,A,0.05,7,0,2.1358359857092886
2,A,0.05,7,1,2.0786831538075803
2,A,0.05,7,2,1.9672111136307966
2,A,0.05,7,3,2.4702551325242426
2,A,0.05,7,4,1.9759739284138351
2,A,0.05,7,5,2.847215736674958
2,A,0.05,7,6,1.9446531865545225
2,A,0.05,7,7,2.5360885872119123
2,A,0.05,7,8,1.1522392111763027
2,A,0.05,7,9,2.2682276450193473
2,A,0.05,8,0,0.24047912095998925
2,A,0.05,8,1,0.7614653704118889
2,A,0.05,8,2,1.091575080889937
2,A,0.05,8,3,0.49626901608230684
2,A,0.05,8,4,1.222664486186488
2,A,0.05,8,5,1.023449207138349
2,A,0.05,8,6,0.1963103536445308
2,A,0.05,8,7,0.9749557107439626
2,A,0.05,8,8,1.3823885935905427
2,A,0.05,8,9,1.5747633533038257
2,A,0.05,9,0,-0.34149018087981575
2,A,0.05,9,1,0.22645224306287423
2,A,0.05,9,2,0.022216252994326852
2,A,0.05,9,3,-0.33249998393166497
2,A,0.05,9,4,0.33219785616847297
2,A,0.05,9,5,0.6512418351026277
2,A,0.05,9,6,0.05260892616376906
2,A,0.05,9,7,0.07316110865190968
2,A,0.05,9,8,0.0821748159848715
2,A,0.05,9,9,-0.13387123553956629
2,B,100,0,0,-0.12441767252175494
2,B,100,0,1,-0.09395785202336604
2,B,100,0,2,-0.07400344594042146
2,B,100,0,3,-0.0204528234833597
2,B,100,0,4,-0.028234590014886107
2,B,100,0,5,-0.11631765282359814
2,B,100,0,6,-0.03486585419133475
2,B,100,0,7,-0.03914976375062937
2,B,100,0,8,-0.026559771563590764
2,B,100,0,9,-0.08042791830357617
2,B,100,1,0,0.6491347358387317
2,B,100,1,1,0.6839131168255379
2,B,100,1,2,0.38562358225731125
2,B,100,1,3,0.45308032246182206
2,B,100,1,4,0.3702497270521977
2,B,100,1,5,0.6176736636835297
2,B,100,1,6,-0.6015277066766419
2,B,100,1,7,0.4670050953108629
2,B,100,1,8,0.18354480026064868
2,B,100,1,9,0.5271089917303107
2,B,100,2,0,1.6748792680697295
2,B,100,2,1,0.8250881200365612
2,B,100,2,2,1.3353791517061657
2,B,100,2,3,1.4466836566937888
2,B,100,2,4,1.421087280702148
2,B,100,2,5,1.167736907770775
2,B,100,2,6,2.073186616565581
2,B,100,2,7,1.7119180359421178
2,B,100,2,8,1.5542829821716944
2,B,100,2,9,1.1403110883910559
2,B,100,3,0,0.5101490086081214
2,B,100,3,1,0.534577229558189
2,B,100,3,2,0.10716455982976876
2,B,100,3,3,0.5201154507446191
2,B,100,3,4,0.5339465185664214
2,B,100,3,5,0.5545887536873794
2,B,100,3,6,0.4727819325972615
2,B,100,3,7,0.03960135451469462
2,B,100,3,8,0.5380761557777758
2,B,100,3,9,0.3911130347151794
2,B,100,4,0,0.5689269424327188
2,B,100,4,1,0.187714842847555
2,B,100,4,2,0.9557114845608949
2,B,100,4,3,0.366837970525629
2,B,100,4,4,0.6974749389682728
2,B,100,4,5,1.1281073786405846
2,B,100,4,6,1.2962687600028082
2,B,100,4,7,1.712520311064852
2,B,100,4,8,0.8380549986493212
2,B,100,4,9,1.2250880687873198
2,B,100,5,0,1.2894639648881665
2,B,100,5,1,0.9519846368006665
2,B,100,5,2,1.2988574345531407
2,B,100,5,3,1.1215540581636987
2,B,100,5,4,1.3006508087358746
2,B,100,5,5,1.740547918440348
2,B,100,5,6,0.9158906921527862
2,B,100,5,7,0.9268873592632088
2,B,100,5,8,0.8814897097741873
2,B,100,5,9,1.5113020621199937
2,B,100,6,0,-1.8808625108167227
2,B,100,6,1,-1.9212803254574882
2,B,100,6,2,-1.8189558820499536
2,B,100,6,3,-1.3781010938837754
2,B,100,6,4,-2.4850768286852727
2,B,100,6,5,-2.1112852575538072
2,B,100,6,6,-1.9537343253693917
2,B,100,6,7,-1.7350492977238008
2,B,100,6,8,-1.283560106861336
2,B,100,6,9,-0.7177537204564858
2,B,100,7,0,1.6919510011394556
2,B,100,7,1,1.6755357981882084
2,B,100,7,2,1.438418756500816
2,B,100,7,3,1.956408119886625
2,B,100,7,4,1.7374724344711956
2,B,100,7,5,1.5530343728582177
2,B,100,7,6,1.0454689922591658
2,B,100,7,7,1.6331908243796485
2,B,100,7,8,1.8154338597990878
2,B,100,7,9,1.7094238786876865
2,B,100,8,0,1.63424125959859
2,B,100,8,1,1.9029560159030376
2,B,100,8,2,1.8998734418910233
2,B,100,8,3,2.176727816249677
2,B,100,8,4,1.81169064285735
2,B,100,8,5,1.808957179122655
2,B,100,8,6,1.766171111454282
2,B,100,8,7,1.744025752090734
2,B,100,8,8,2.3100296873330204
2,B,100,8,9,1.9485841768248358
2,B,100,9,0,-0.644972375318767
2,B,100,9,1,-0.29139695270383154
2,B,100,9,2,-0.558224030442121
2,B,100,9,3,-0.3194517886463835
2,B,100,9,4,-0.3405890023098051
2,B,100,9,5,-0.515747741104992
2,B,100,9,6,-0.4647193385696668
2,B,100,9,7,-0.05083814635475506
2,B,100,9,8,-0.5798758258475288
2,B,100,9,9,-0.6928780117587324
3,A,0.05,0,0,0.19115676144633595
3,A,0.05,0,1,0.45728064096351895
3,A,0.05,0,2,0.5750881151447934
3,A,0.05,0,3,0.7518507448116771
3,A,0.05,0,4,0.3934256550258691
3,A,0.05,0,5,-0.10942763949734728
3,A,0.05,0,6,0.6854014831805553
3,A,0.05,0,7,0.32378263493273
3,A,0.05,0,8,-0.8756911717655586
3,A,0.05,0,9,0.1526672847340396
3,A,0.05,1,0,0.05296363669022912
3,A,0.05,1,1,0.2715133972466502
3,A,0.05,1,2,0.21454158128962436
3,A,0.05,1,3,0.15009122261232966
3,A,0.05,1,4,-0.25648875387981906
3,A,0.05,1,5,0.16667927633312993
3,A,0.05,1,6,-0.2399915738026275
3,A,0.05,1,7,0.09377125165024007
3,A,0.05,1,8,-0.06822359402273752
3,A,0.05,1,9,0.11635739726765208
3,A,0.05,2,0,-3.09285516972009
3,A,0.05,2,1,-3.060590522536682
3,A,0.05,2,2,-3.2717044326093494
3,A,0.05,2,3,-2.5968694330405206
3,A,0.05,2,4,-2.808987802598136
3,A,0.05,2,5,-2.6324511355089824
3,A,0.05,2,6,-2.745852640325522
3,A,0.05,2,7,-2.082844610906757
3,A,0.05,2,8,-2.7826179709640555
3,A,0.05,2,9,-2.60880066729495
3,A,0.05,3,0,2.1658630069036944
3,A,0.05,3,1,2.3804448486471834
3,A,0.05,3,2,2.298461367250844
3,A,0.05,3,3,2.2857932302016266
3,A,0.05,3,4,2.180822403671053
3,A,0.05,3,5,2.102633142478807
3,A,0.05,3,6,2.360123662748486
3,A,0.05,3,7,1.82381655468878
3,A,0.05,3,8,1.916719281757363
3,A,0.05,3,9,2.364757789824932
3,A,0.05,4,0,1.0104790017075918
3,A,0.05,4,1,1.0913527670576557
3,A,0.05,4,2,0.8983819773387586
3,A,0.05,4,3,1.4530603961059734
3,A,0.05,4,4,2.2444384868273155
3,A,0.05,4,5,1.405914786468775
3,A,0.05,4,6,1.3203833065103432
3,A,0.05,4,7,1.5322923914919437
3,A,0.05,4,8,0.4991222308280462
3,A,0.05,4,9,1.1336477801533131
3,A,0.05,5,0,-0.11441467867719274
3,A,0.05,5,1,-0.3447706785311429
3,A,0.05,5,2,-0.5342381736735191
3,A,0.05,5,3,-0.7479710229003682
3,A,0.05,5,4,-0.561616367339925
3,A,0.05,5,5,-0.36294602329736936
3,A,0.05,5,6,-0.5649919129397016
3,A,0.05,5,7,-0.20231990240133377
3,A,0.05,5,8,-0.42495166622603403
3,A,0.05,5,9,-0.5625100629174297
3,A,0.05,6,0,0.036018053828013555
3,A,0.05,6,1,0.10650963420182676
3,A,0.05,6,2,0.04613606251707752
3,A,0.05,6,3,-0.07259844836043873
3,A,0.05,6,4,-0.2868370842910293
3,A,0.05,6,5,0.049934570499492965
3,A,0.05,6,6,0.0886894533505097
3,A,0.05,6,7,0.06952176079178525
3,A,0.05,6,8,0.07096947119633856
3,A,0.05,6,9,0.09636788335925492
3,A,0.05,7,0,-0.18804767588403798
3,A,0.05,7,1,-0.0652300209974761
3,A,0.05,7,2,-0.06467900471224032
3,A,0.05,7,3,-0.3663168553624861
3,A,0.05,7,4,0.03909738996868272
3,A,0.05,7,5,-0.2599052497730178
3,A,0.05,7,6,-0.39208689650664413
3,A,0.05,7,7,-0.11591759899197256
3,A,0.05,7,8,-0.278717959145348
3,A,0.05,7,9,-0.28350683863485576
3,A,0.05,8,0,-0.5666434246337448
3,A,0.05,8,1,-0.19907267699962886
3,A,0.05,8,2,-0.6231523270891695
3,A,0.05,8,3,-0.6157038982777764
3,A,0.05,8,4,-0.4169845289854586
3,A,0.05,8,5,-0.0059536805598444376
3,A,0.05,8,6,-0.19890592163540968
3,A,0.05,8,7,-0.4691859132036033
3,A,0.05,8,8,-0.3608431180308952
3,A,0.05,8,9,-0.3133127785311859
3,A,0.05,9,0,-1.4188787674018304
3,A,0.05,9,1,-1.3661411086366235
3,A,0.05,9,2,-1.7372412850973815
3,A,0.05,9,3,-1.4622466319294214
3,A,0.05,9,4,-1.7536710608776822
3,A,0.05,9,5,-1.5235588916850735
3,A,0.05,9,6,-1.1604138372664716
3,A,0.05,9,7,-1.2711492506776059
3,A,0.05,9,8,-1.5359679993939657
3,A,0.05,9,9,-1.670022086389814
3,B,100,0,0,1.117835223277314
3,B,100,0,1,1.4935133608827174
3,B,100,0,2,0.7425651955826196
3,B,100,0,3,0.8518226647465471
3,B,100,0,4,0.3838527709550028
3,B,100,0,5,0.9040631720005993
3,B,100,0,6,1.198103954396223
3,B,100,0,7,1.0030425859309542
3,B,100,0,8,1.061067096479319
3,B,100,0,9,1.1710467317260695
3,B,100,1,0,0.28939827298267967
3,B,100,1,1,0.4720600292323154
3,B,100,1,2,0.47866427912994114
3,B,100,1,3,0.3579126724717343
3,B,100,1,4,0.6103561113619953
3,B,100,1,5,0.4018145820732723
3,B,100,1,6,0.5391323551511857
3,B,100,1,7,0.251477003990281
3,B,100,1,8,0.37617288490754347
3,B,100,1,9,0.225063185256699
3,B,100,2,0,-0.8277482471520726
3,B,100,2,1,-0.8603652659649234
3,B,100,2,2,-0.47095481323266136
3,B,100,2,3,0.07157021663133352
3,B,100,2,4,-0.525590724643692
3,B,100,2,5,-0.3178264612350019
3,B,100,2,6,-0.7264731415972736
3,B,100,2,7,-0.6293219930658994
3,B,100,2,8,-0.5196980265644334
3,B,100,2,9,-1.1172643899927535
3,B,100,3,0,-0.12548882877477968
3,B,100,3,1,0.006621709161610345
3,B,100,3,2,-0.03856196949490998
3,B,100,3,3,0.059629412485967384
3,B,100,3,4,-0.13872152383600533
3,B,100,3,5,-0.017442588335025867
3,B,100,3,6,-0.08914248630051184
3,B,100,3,7,0.1265570648813448
3,B,100,3,8,0.06356193213127542
3,B,100,3,9,-0.23745209662089975
3,B,100,4,0,-0.4186422729819214
3,B,100,4,1,-0.3051296568178899
3,B,100,4,2,-0.3457547861418315
3,B,100,4,3,-0.25860774874470566
3,B,100,4,4,-0.16299599596148473
3,B,100,4,5,-0.27010127314029336
3,B,100,4,6,-0.1861393985996251
3,B,100,4,7,-0.5049501590708335
3,B,100,4,8,-0.22783558960119532
3,B,100,4,9,-0.2559247787352729
3,B,100,5,0,-1.9318056908661503
3,B,100,5,1,-2.1469812206974064
3,B,100,5,2,-2.596019497352522
3,B,100,5,3,-2.061266922168901
3,B,100,5,4,-2.253398669807055
3,B,100,5,5,-2.2435522433904302
3,B,100,5,6,-2.5266640384634975
3,B,100,5,7,-2.3380797023480606
3,B,100,5,8,-2.0438759254332948
3,B,100,5,9,-1.6054535766325893
3,B,100,6,0,0.3863707829164155
3,B,100,6,1,0.3843866847452935
3,B,100,6,2,0.034378312239647865
3,B,100,6,3,-0.19215417601230741
3,B,100,6,4,0.08072405085793324
3,B,100,6,5,0.3437741654856873
3,B,100,6,6,0.3323227740832793
3,B,100,6,7,0.3486227352325692
3,B,100,6,8,-0.011628388581700776
3,B,100,6,9,0.06088245678470457
3,B,100,7,0,0.6812244405165604
3,B,100,7,1,0.3915405827045114
3,B,100,7,2,0.23235911007825893
3,B,100,7,3,0.06610784135065362
3,B,100,7,4,-0.11384032072163995
3,B,100,7,5,0.34248118195502475
3,B,100,7,6,0.009938978924298373
3,B,100,7,7,-0.05835777977844785
3,B,100,7,8,0.40241943068167274
3,B,100,7,9,0.28059054600745065
3,B,100,8,0,-0.1590449444438134
3,B,100,8,1,-0.13145114585103557
3,B,100,8,2,-0.14536450299222306
3,B,100,8,3,-0.14684007153626646
3,B,100,8,4,-0.14547104361249102
3,B,100,8,5,-0.23637939169133582
3,B,100,8,6,-0.13213172271731222
3,B,100,8,7,-0.11209896261780856
3,B,100,8,8,-0.11364785260912404
3,B,100,8,9,-0.06393421883286853
3,B,100,9,0,0.11239830884090382
3,B,100,9,1,-0.16190811797483246
3,B,100,9,2,-0.04792399989782086
3,B,100,9,3,-0.38618307387190287
3,B,100,9,4,-0.3032332645485667
3,B,100,9,5,-0.6629388731886757
3,B,100,9,6,-0.8987820523983566
3,B,100,9,7,-0.39224260582857756
3,B,100,9,8,-0.363682014417097
3,B,100,9,9,0.14447123916984986
4,A,0.05,0,0,-2.122794076214634
4,A,0.05,0,1,-1.6091197164639086
4,A,0.05,0,2,-2.23965660912363
4,A,0.05,0,3,-1.7171164975347375
4,A,0.05,0,4,-1.6581276955903999
4,A,0.05,0,5,-1.9273090757808466
4,A,0.05,0,6,-2.583044720760542
4,A,0.05,0,7,-2.025216381918001
4,A,0.05,0,8,-1.948053492850718
4,A,0.05,0,9,-1.9844571451344801
4,A,0.05,1,0,1.6948814918209612
4,A,0.05,1,1,1.86446048870934
4,A,0.05,1,2,2.0601798900909323
4,A,0.05,1,3,2.460608158875963
4,A,0.05,1,4,2.426179778374389
4,A,0.05,1,5,1.904952957836703
4,A,0.05,1,6,2.3502310387803984
4,A,0.05,1,7,1.864680637865807
4,A,0.05,1,8,2.8768639366538626
4,A,0.05,1,9,2.3386419536171115
4,A,0.05,2,0,1.2269498271215733
4,A,0.05,2,1,1.0132866719109903
4,A,0.05,2,2,0.9544630641542245
4,A,0.05,2,3,1.0911632025121145
4,A,0.05,2,4,1.6793806938399167
4,A,0.05,2,5,1.3002616608213464
4,A,0.05,2,6,0.9945995630988355
4,A,0.05,2,7,1.172517206855192
4,A,0.05,2,8,1.211584328450485
4,A,0.05,2,9,0.9574491084825449
4,A,0.05,3,0,0.16401687101659004
4,A,0.05,3,1,0.22511085048018747
4,A,0.05,3,2,0.3991233627557086
4,A,0.05,3,3,0.30178283663940436
4,A,0.05,3,4,0.21879396023769784
4,A,0.05,3,5,0.43288317066100307
4,A,0.05,3,6,0.44535285728252805
4,A,0.05,3,7,0.5329239203328444
4,A,0.05,3,8,0.3860505339058742
4,A,0.05,3,9,0.47139663217818956
4,A,0.05,4,0,-0.32610748479116314
4,A,0.05,4,1,-0.5345112289560476
4,A,0.05,4,2,-0.6235599596316617
4,A,0.05,4,3,-0.6108797211134305
4,A,0.05,4,4,-0.4281567536214754
4,A,0.05,4,5,-0.3488153104882988
4,A,0.05,4,6,-0.8375488489862044
4,A,0.05,4,7,-0.41505450355771856
4,A,0.05,4,8,-0.5703275098887778
4,A,0.05,4,9,-0.2499759820524441
4,A,0.05,5,0,0.632639952632288
4,A,0.05,5,1,0.6830294358044495
4,A,0.05,5,2,0.764582865452787
4,A,0.05,5,3,0.7357195243484199
4,A,0.05,5,4,0.5052226521643047
4,A,0.05,5,5,0.33744978449792795
4,A,0.05,5,6,0.7449986635411003
4,A,0.05,5,7,0.2151915179453153
4,A,0.05,5,8,0.36524409828761056
4,A,0.05,5,9,0.7366805519300981
4,A,0.05,6,0,-0.3419735465762209
4,A,0.05,6,1,-0.256613116876508
4,A,0.05,6,2,-0.2632244728889302
4,A,0.05,6,3,-0.2685893754020187
4,A,0.05,6,4,-0.25683800956055586
4,A,0.05,6,5,-0.34752121518153783
4,A,0.05,6,6,-0.2729201999535893
4,A,0.05,6,7,-0.46364260856603445
4,A,0.05,6,8,-0.24868353063859716
4,A,0.05,6,9,-0.3037851660369404
4,A,0.05,7,0,0.45448547856773275
4,A,0.05,7,1,-0.24220255518360134
4,A,0.05,7,2,0.6355343018921443
4,A,0.05,7,3,0.9359413134013528
4,A,0.05,7,4,0.4032025019898555
4,A,0.05,7,5,1.0279325101792067
4,A,0.05,7,6,0.6538804056921528
4,A,0.05,7,7,0.8418549928436255
4,A,0.05,7,8,1.1231116089762243
4,A,0.05,7,9,0.732483378718462
4,A,0.05,8,0,-0.4830659424203426
4,A,0.05,8,1,-0.37927789109671034
4,A,0.05,8,2,-0.2316818036589077
4,A,0.05,8,3,-0.5922872915074721
4,A,0.05,8,4,-0.5162968054045999
4,A,0.05,8,5,-0.3238190614196518
4,A,0.05,8,6,-0.4155381823763128
4,A,0.05,8,7,-0.47458928470674344
4,A,0.05,8,8,-0.4809110619818209
4,A,0.05,8,9,0.045669020197684894
4,A,0.05,9,0,0.2621876103455453
4,A,0.05,9,1,0.182609500201421
4,A,0.05,9,2,0.28231190625800096
4,A,0.05,9,3,-0.2528763506017144
4,A,0.05,9,4,0.15236447039200812
4,A,0.05,9,5,-0.26072317918904303
4,A,0.05,9,6,0.17451881919766885
4,A,0.05,9,7,0.2076723667219507
4,A,0.05,9,8,0.0756546412111677
4,A,0.05,9,9,0.19584169020342906
4,B,100,0,0,-1.3127350628009407
4,B,100,0,1,-1.0317986849376017
4,B,100,0,2,-1.1881599604670086
4,B,100,0,3,-0.8545546222632856
4,B,100,0,4,-1.043855993089977
4,B,100,0,5,-1.211553176445877
4,B,100,0,6,-1.2490160623369952
4,B,100,0,7,-0.8360222666490768
4,B,100,0,8,-0.9949023972792613
4,B,100,0,9,-1.061525096481535
4,B,100,1,0,0.19149981958118703
4,B,100,1,1,0.3393219836674545
4,B,100,1,2,0.1746689494001888
4,B,100,1,3,0.27449284532542617
4,B,100,1,4,0.008512325146153889
4,B,100,1,5,0.29038132600782535
4,B,100,1,6,0.16954573077751817
4,B,100,1,7,0.4386453656301265
4,B,100,1,8,0.08847139471459321
4,B,100,1,9,0.2641742108888184
4,B,100,2,0,-1.8412629804151261
4,B,100,2,1,-2.088961989458743
4,B,100,2,2,-2.348899086666051
4,B,100,2,3,-2.5153294751796413
4,B,100,2,4,-2.1601049387843503
4,B,100,2,5,-2.2783487518945327
4,B,100,2,6,-2.1198120114091368
4,B,100,2,7,-2.0833178611095926
4,B,100,2,8,-1.947203323984702
4,B,100,2,9,-1.7265157531445916
4,B,100,3,0,-0.39593619903055227
4,B,100,3,1,-0.1844020892596729
4,B,100,3,2,-0.15025304848114454
4,B,100,3,3,-0.158925793564101
4,B,100,3,4,-0.390267474465435
4,B,100,3,5,-0.11614020580850365
4,B,100,3,6,-0.2531936798269895
4,B,100,3,7,-0.17224556586426126
4,B,100,3,8,-0.18808270691034237
4,B,100,3,9,-0.01593875976615412
4,B,100,4,0,0.4524657845166684
4,B,100,4,1,0.33318700802441825
4,B,100,4,2,0.8433427545578308
4,B,100,4,3,0.6624133123706044
4,B,100,4,4,0.9908390217891668
4,B,100,4,5,0.9481500498336305
4,B,100,4,6,0.4942126998321619
4,B,100,4,7,0.7634587291429236
4,B,100,4,8,0.6978842727743546
4,B,100,4,9,0.4862603748856517
4,B,100,5,0,-0.08276710170213214
4,B,100,5,1,-0.29291903537384506
4,B,100,5,2,-0.562282256968334
4,B,100,5,3,-0.34223068237334175
4,B,100,5,4,-0.1422258666181565
4,B,100,5,5,-0.16751589680120485
4,B,100,5,6,-0.19624958863826555
4,B,100,5,7,-0.2673802694479081
4,B,100,5,8,-0.3195293787739909
4,B,100,5,9,-0.27420195808996245
4,B,100,6,0,0.5157597671099604
4,B,100,6,1,-0.27933193832890796
4,B,100,6,2,-0.010904439628805012
4,B,100,6,3,-0.15879228151245348
4,B,100,6,4,0.29454996555278795
4,B,100,6,5,0.09686253661186274
4,B,100,6,6,0.4534399952192784
4,B,100,6,7,-0.11203708071220335
4,B,100,6,8,0.19750726894454704
4,B,100,6,9,-0.13467825658114088
4,B,100,7,0,0.8844344154361888
4,B,100,7,1,0.5292657190797907
4,B,100,7,2,0.814126971721266
4,B,100,7,3,0.7705118865874216
4,B,100,7,4,0.3290991972615438
4,B,100,7,5,0.10712810086341004
4,B,100,7,6,0.7540848931645965
4,B,100,7,7,0.6016624806236233
4,B,100,7,8,0.30432610317755193
4,B,100,7,9,0.09289772142537293
4,B,100,8,0,0.02960948866879875
4,B,100,8,1,0.07908575048033428
4,B,100,8,2,-0.45801105922560015
4,B,100,8,3,-0.2315397666687991
4,B,100,8,4,-0.2470926165541267
4,B,100,8,5,-0.17042868835899427
4,B,100,8,6,-0.10718802542139144
4,B,100,8,7,-0.364801065062169
4,B,100,8,8,-0.1053223174846263
4,B,100,8,9,-0.06765567465977637
4,B,100,9,0,-0.5386791160357953
4,B,100,9,1,-0.8114670912284133
4,B,100,9,2,-1.1980389457441147
4,B,100,9,3,-1.058128633691907
4,B,100,9,4,-0.9932047813007678
4,B,100,9,5,-0.636418508173828
4,B,100,9,6,-1.0805822106620129
4,B,100,9,7,-1.1407215691436559
4,B,100,9,8,-0.6802873229435005
4,B,100,9,9,-0.7736087931297014
5,A,0.05,0,0,0.9141420181788288
5,A,0.05,0,1,0.2196503681931556
5,A,0.05,0,2,0.8878338167765202
5,A,0.05,0,3,1.090685277078661
5,A,0.05,0,4,0.4608398538506592
5,A,0.05,0,5,0.7089104497361528
5,A,0.05,0,6,0.875617365316454
5,A,0.05,0,7,0.9032512009077276
5,A,0.05,0,8,0.9938750780798896
5,A,0.05,0,9,1.2685891648611611
5,A,0.05,1,0,-0.7037860693545486
5,A,0.05,1,1,-0.22050691912152998
5,A,0.05,1,2,-1.180043561614595
5,A,0.05,1,3,0.26646965208511864
5,A,0.05,1,4,0.07657328911148524
5,A,0.05,1,5,0.27494556694069755
5,A,0.05,1,6,-0.5679906963665903
5,A,0.05,1,7,-0.15258330221910885
5,A,0.05,1,8,0.019904400278149954
5,A,0.05,1,9,-0.061394488417003006
5,A,0.05,2,0,-0.5489125104447349
5,A,0.05,2,1,-0.28263878004400267
5,A,0.05,2,2,-0.18438409135435074
5,A,0.05,2,3,-0.06994547934514769
5,A,0.05,2,4,-0.006525839061107744
5,A,0.05,2,5,-0.22305925712197983
5,A,0.05,2,6,0.04370134077798896
5,A,0.05,2,7,-0.0035140751782345454
5,A,0.05,2,8,0.026517184724391855
5,A,0.05,2,9,0.016972324124697177
5,A,0.05,3,0,0.20593864875943035
5,A,0.05,3,1,0.16780576833206773
5,A,0.05,3,2,-0.3544768327851924
5,A,0.05,3,3,-0.8403658077428919
5,A,0.05,3,4,-0.6727914238966736
5,A,0.05,3,5,-0.8095298117052
5,A,0.05,3,6,-1.3039040572090086
5,A,0.05,3,7,-0.8372023170206669
5,A,0.05,3,8,-1.7884520427410948
5,A,0.05,3,9,0.36998284343362914
5,A,0.05,4,0,-0.02763283647599026
5,A,0.05,4,1,0.13332633032980706
5,A,0.05,4,2,0.3152943919207521
5,A,0.05,4,3,-0.13169266631171433
5,A,0.05,4,4,-0.2768227032909064
5,A,0.05,4,5,0.11549512806449802
5,A,0.05,4,6,-0.12204643705014234
5,A,0.05,4,7,0.33072163956544287
5,A,0.05,4,8,0.04110322158953581
5,A,0.05,4,9,0.03425231954640759
5,A,0.05,5,0,0.01337811835562874
5,A,0.05,5,1,0.2067234942063189
5,A,0.05,5,2,0.2840323921344313
5,A,0.05,5,3,0.2068995138177907
5,A,0.05,5,4,-0.10230570528541655
5,A,0.05,5,5,-0.1828625534086264
5,A,0.05,5,6,0.29456817003181546
5,A,0.05,5,7,0.30136162289128215
5,A,0.05,5,8,0.14298579284980395
5,A,0.05,5,9,-0.3443507191994984
5,A,0.05,6,0,0.12154616357909323
5,A,0.05,6,1,0.06835601440145628
5,A,0.05,6,2,0.07209360724658435
5,A,0.05,6,3,0.13411742360125145
5,A,0.05,6,4,0.12683460489670043
5,A,0.05,6,5,0.12242163272993993
5,A,0.05,6,6,2.4487545457200555
5,A,0.05,6,7,0.14214212441058138
5,A,0.05,6,8,2.630786198608746
5,A,0.05,6,9,2.1511111977783997
5,A,0.05,7,0,0.12794390691518068
5,A,0.05,7,1,0.19085843055503748
5,A,0.05,7,2,-0.14331758831998345
5,A,0.05,7,3,-0.10799117976042531
5,A,0.05,7,4,-0.2418821691651856
5,A,0.05,7,5,-0.08842719076384897
5,A,0.05,7,6,0.15135216649048772
5,A,0.05,7,7,-0.13133520023698075
5,A,0.05,7,8,-0.2079161913916494
5,A,0.05,7,9,-0.43595595447139285
5,A,0.05,8,0,-0.06767088342928834
5,A,0.05,8,1,-0.006733130187867413
5,A,0.05,8,2,-0.025498291829833687
5,A,0.05,8,3,0.0736024457234651
5,A,0.05,8,4,-0.08887786701466849
5,A,0.05,8,5,0.10752800329741713
5,A,0.05,8,6,-0.29827788641983954
5,A,0.05,8,7,0.019554645533836082
5,A,0.05,8,8,-0.254530258377259
5,A,0.05,8,9,-0.08906895665423879
5,A,0.05,9,0,0.15308832258673352
5,A,0.05,9,1,0.1617198676068072
5,A,0.05,9,2,0.20474069198466144
5,A,0.05,9,3,0.4605978869554313
5,A,0.05,9,4,0.30129462258147166
5,A,0.05,9,5,-0.3377927893881209
5,A,0.05,9,6,0.2185332256781508
5,A,0.05,9,7,-0.4931015357685075
5,A,0.05,9,8,0.42532670404396694
5,A,0.05,9,9,0.3004129606235677
5,B,100,0,0,0.204621308443353
5,B,100,0,1,-0.35011049545183803
5,B,100,0,2,0.102489037163463
5,B,100,0,3,0.03057478232049563
5,B,100,0,4,-0.35872606923845446
5,B,100,0,5,-0.6767346805226958
5,B,100,0,6,-0.37723136032501137
5,B,100,0,7,-0.1097997134533807
5,B,100,0,8,-0.7152287027930166
5,B,100,0,9,0.0749210803411511
5,B,100,1,0,-0.09697150120088131
5,B,100,1,1,0.2998744722219019
5,B,100,1,2,0.13261946241765962
5,B,100,1,3,0.26857206506509196
5,B,100,1,4,0.4100086957425996
5,B,100,1,5,0.2891997989963003
5,B,100,1,6,0.2766690911668521
5,B,100,1,7,0.11424364937798882
5,B,100,1,8,0.3925175745668898
5,B,100,1,9,0.5607406104404971
5,B,100,2,0,-2.135409278144028
5,B,100,2,1,-1.8614961175089548
5,B,100,2,2,-2.2417585957517665
5,B,100,2,3,-1.8727842220735633
5,B,100,2,4,-2.0906613527667863
5,B,100,2,5,-2.372684479390034
5,B,100,2,6,-1.8693826215889109
5,B,100,2,7,-1.0176683407148384
5,B,100,2,8,-1.551428586231693
5,B,100,2,9,-2.1464547329016783
5,B,100,3,0,0.23894706991204653
5,B,100,3,1,0.6400954875887797
5,B,100,3,2,0.33171829746275977
5,B,100,3,3,0.37510399436579134
5,B,100,3,4,-0.051668241906882705
5,B,100,3,5,0.27822404104303505
5,B,100,3,6,0.3532544749833222
5,B,100,3,7,0.7683467868551325
5,B,100,3,8,0.5498081708812417
5,B,100,3,9,0.7403781528708142
5,B,100,4,0,0.06137446511397198
5,B,100,4,1,-0.00553762108501509
5,B,100,4,2,0.18161963011680274
5,B,100,4,3,0.18716912981782508
5,B,100,4,4,0.1274508995256881
5,B,100,4,5,0.2628542298787143
5,B,100,4,6,-0.08244004931757432
5,B,100,4,7,0.6816290890127039
5,B,100,4,8,0.592766586175736
5,B,100,4,9,0.4255310121632576
5,B,100,5,0,-0.3438340266953487
5,B,100,5,1,-0.5044491551245717
5,B,100,5,2,-0.41485403003055327
5,B,100,5,3,-0.5407935505179975
5,B,100,5,4,-0.34610576066316845
5,B,100,5,5,-0.6652865487691431
5,B,100,5,6,-0.8877217067407667
5,B,100,5,7,-0.22653269607270296
5,B,100,5,8,-0.24185077379314848
5,B,100,5,9,-0.3391619980573262
5,B,100,6,0,-0.4811094117531227
5,B,100,6,1,-0.6236178449120388
5,B,100,6,2,-0.1538762341965
5,B,100,6,3,0.17163702730708982
5,B,100,6,4,0.18083415361838492
5,B,100,6,5,-0.919585697411841
5,B,100,6,6,-0.4649692359774051
5,B,100,6,7,-0.03269838886287706
5,B,100,6,8,-0.43788996622474174
5,B,100,6,9,-1.1697104773219718
5,B,100,7,0,-0.7101076054559803
5,B,100,7,1,-0.15205657307896295
5,B,100,7,2,-0.8011078713717046
5,B,100,7,3,-0.6565985328541578
5,B,100,7,4,-0.39877290206140986
5,B,100,7,5,-0.3875949862352749
5,B,100,7,6,-0.7199554873130076
5,B,100,7,7,0.017391983083722057
5,B,100,7,8,-0.9770522583664453
5,B,100,7,9,0.03195047060433604
5,B,100,8,0,-0.8876095255613193
5,B,100,8,1,-0.9535632256701873
5,B,100,8,2,-0.8479361119550332
5,B,100,8,3,-0.7871371040227305
5,B,100,8,4,-0.20860879706777982
5,B,100,8,5,-0.850822949020286
5,B,100,8,6,-1.1372669824114479
5,B,100,8,7,-0.3032020880810632
5,B,100,8,8,-0.6067067867754143
5,B,100,8,9,-0.7889865498192541
5,B,100,9,0,-0.3287649329412783
5,B,100,9,1,-0.471592339057874
5,B,100,9,2,-0.18820640072768094
5,B,100,9,3,-0.5021773166317849
5,B,100,9,4,-0.21596104941282895
5,B,100,9,5,-0.04909570954142273
5,B,100,9,6,-0.08555834319624536
5,B,100,9,7,-0.2974677571568059
5,B,100,9,8,-0.3618818722835321
5,B,100,9,9,-0.2541088267902759
6,A,0.05,0,0,-0.020277599906472533
6,A,0.05,0,1,0.16142381522738988
6,A,0.05,0,2,0.283582793473508
6,A,0.05,0,3,0.05157516003079782
6,A,0.05,0,4,0.15021093185672613
6,A,0.05,0,5,0.08853679746201358
6,A,0.05,0,6,0.1211036729302722
6,A,0.05,0,7,0.37430779635650036
6,A,0.05,0,8,0.21114943109886797
6,A,0.05,0,9,0.29746663905377596
6,A,0.05,1,0,1.114910950058657
6,A,0.05,1,1,1.0272381319366235
6,A,0.05,1,2,1.2655826474291865
6,A,0.05,1,3,0.9854726288650041
6,A,0.05,1,4,1.0638015874129647
6,A,0.05,1,5,1.2360522535573306
6,A,0.05,1,6,1.1647221477857361
6,A,0.05,1,7,1.081265498032008
6,A,0.05,1,8,1.141758300199283
6,A,0.05,1,9,1.0481777797348195
6,A,0.05,2,0,-1.0003455960294954
6,A,0.05,2,1,-0.7057126464684753
6,A,0.05,2,2,-1.3137286372933306
6,A,0.05,2,3,-0.4908380742416355
6,A,0.05,2,4,0.3633403710224351
6,A,0.05,2,5,0.6288719791570938
6,A,0.05,2,6,-0.04394066633433655
6,A,0.05,2,7,0.08810772413614618
6,A,0.05,2,8,0.20352352017584185
6,A,0.05,2,9,-0.10362263629267776
6,A,0.05,3,0,0.46120752960206535
6,A,0.05,3,1,0.7645198194519129
6,A,0.05,3,2,1.6539807115129734
6,A,0.05,3,3,1.834929819942799
6,A,0.05,3,4,1.964959405693367
6,A,0.05,3,5,0.7236976836060002
6,A,0.05,3,6,1.1416369902098285
6,A,0.05,3,7,1.2759505548535124
6,A,0.05,3,8,0.7585158476766766
6,A,0.05,3,9,1.3528446778845313
6,A,0.05,4,0,0.06980654408532756
6,A,0.05,4,1,0.37954967408165036
6,A,0.05,4,2,0.3767374686820608
6,A,0.05,4,3,-0.13906756621770625
6,A,0.05,4,4,0.3985935345136657
6,A,0.05,4,5,0.04838611372818588
6,A,0.05,4,6,0.1522387186384139
6,A,0.05,4,7,0.3731245954675983
6,A,0.05,4,8,0.3205452711845315
6,A,0.05,4,9,0.2936746910869718
6,A,0.05,5,0,1.0070470521138692
6,A,0.05,5,1,1.0773285307706992
6,A,0.05,5,2,0.8894432034371278
6,A,0.05,5,3,0.6844073767830373
6,A,0.05,5,4,0.9616595634058313
6,A,0.05,5,5,1.2996698409518728
6,A,0.05,5,6,0.7271503364125735
6,A,0.05,5,7,1.453132441361117
6,A,0.05,5,8,0.9693984522227211
6,A,0.05,5,9,0.36047854528697176
6,A,0.05,6,0,-0.18585874514911574
6,A,0.05,6,1,0.002141064675257388
6,A,0.05,6,2,-0.12914735546830383
6,A,0.05,6,3,-0.1158518780595034
6,A,0.05,6,4,-0.2408704487060279
6,A,0.05,6,5,0.1670705200807182
6,A,0.05,6,6,0.052683595828168166
6,A,0.05,6,7,0.20465044189924905
6,A,0.05,6,8,-0.13160191122071221
6,A,0.05,6,9,0.40381421398619666
6,A,0.05,7,0,-0.3136079818366531
6,A,0.05,7,1,-1.5156520040690558
6,A,0.05,7,2,-0.6925325478955452
6,A,0.05,7,3,-0.3831469696732545
6,A,0.05,7,4,-0.9184775681031113
6,A,0.05,7,5,-0.7853523696632562
6,A,0.05,7,6,-0.9667268049721306
6,A,0.05,7,7,-0.9291168157032829
6,A,0.05,7,8,-0.6784748321457126
6,A,0.05,7,9,-0.2745155260095244
6,A,0.05,8,0,0.20835621367751234
6,A,0.05,8,1,0.14947398874181572
6,A,0.05,8,2,0.07461726707190154
6,A,0.05,8,3,0.14329772681652034
6,A,0.05,8,4,-0.0028305810363289264
6,A,0.05,8,5,-0.12476345229163234
6,A,0.05,8,6,-0.021683302569013744
6,A,0.05,8,7,0.6608052643829538
6,A,0.05,8,8,0.049383932635046784
6,A,0.05,8,9,0.23366032902397932
6,A,0.05,9,0,0.4060828912396897
6,A,0.05,9,1,0.4185290393037959
6,A,0.05,9,2,0.40240879378697264
6,A,0.05,9,3,0.6347528640115278
6,A,0.05,9,4,0.5139716458387034
6,A,0.05,9,5,0.31907715016195737
6,A,0.05,9,6,0.46165623365633013
6,A,0.05,9,7,0.4612831855631348
6,A,0.05,9,8,0.21187157530390577
6,A,0.05,9,9,0.6047122249980689
6,B,100,0,0,1.114833779462545
6,B,100,0,1,1.0110398866973345
6,B,100,0,2,1.4146772398313832
6,B,100,0,3,2.096079503976466
6,B,100,0,4,0.45610229518488754
6,B,100,0,5,0.6764958248117513
6,B,100,0,6,0.8791915421689352
6,B,100,0,7,1.9706755508255875
6,B,100,0,8,1.1264303126866784
6,B,100,0,9,0.6434132078106034
6,B,100,1,0,0.014822320857498548
6,B,100,1,1,0.13702460885495815
6,B,100,1,2,-0.03308193964113767
6,B,100,1,3,0.1837194071716091
6,B,100,1,4,0.16531191169550674
6,B,100,1,5,0.13758977279172907
6,B,100,1,6,0.11461295631970553
6,B,100,1,7,0.16495004234546562
6,B,100,1,8,0.18307076937115987
6,B,100,1,9,0.1236193838646361
6,B,100,2,0,-0.9087068329830905
6,B,100,2,1,-0.8832884808198802
6,B,100,2,2,-0.5377065589697686
6,B,100,2,3,-0.8200659237069794
6,B,100,2,4,-0.6897801517557338
6,B,100,2,5,-0.7703285486153877
6,B,100,2,6,-0.469738945486721
6,B,100,2,7,-0.9931891832408857
6,B,100,2,8,-1.031801103642192
6,B,100,2,9,-0.6639665196625543
6,B,100,3,0,-0.03401277173936188
6,B,100,3,1,-0.30939069219555154
6,B,100,3,2,0.07090562920963499
6,B,100,3,3,0.8740474559324009
6,B,100,3,4,-0.06039371708437264
6,B,100,3,5,0.18074867617386609
6,B,100,3,6,-0.3572816376850382
6,B,100,3,7,-0.13156555418659255
6,B,100,3,8,0.1967947543797753
6,B,100,3,9,0.28799227042226944
6,B,100,4,0,0.0175827768487362
6,B,100,4,1,0.2684170301236818
6,B,100,4,2,0.21858886130208274
6,B,100,4,3,0.2742693593444076
6,B,100,4,4,0.5390078560606412
6,B,100,4,5,0.1971264367617593
6,B,100,4,6,0.09182123932840042
6,B,100,4,7,0.36875565110579583
6,B,100,4,8,0.09573559778551918
6,B,100,4,9,0.4052320284316053
6,B,100,5,0,-0.4172076459543592
6,B,100,5,1,-0.14708707832057083
6,B,100,5,2,-0.9203327821638114
6,B,100,5,3,-0.5111846245105213
6,B,100,5,4,-0.4018869497922149
6,B,100,5,5,-0.5776679160317683
6,B,100,5,6,-0.05283275597510679
6,B,100,5,7,-0.20473179135578753
6,B,100,5,8,-0.22637994576042228
6,B,100,5,9,-0.24833391128397597
6,B,100,6,0,-0.11412423394147615
6,B,100,6,1,-0.10884896365182482
6,B,100,6,2,0.18314869062462977
6,B,100,6,3,0.5703723366211783
6,B,100,6,4,0.9632557641226038
6,B,100,6,5,0.7114350013124742
6,B,100,6,6,0.424181096374236
6,B,100,6,7,0.6983791304967357
6,B,100,6,8,0.4813490306543325
6,B,100,6,9,-0.16498254073238097
6,B,100,7,0,-0.42781573690246816
6,B,100,7,1,-0.9110306027011178
6,B,100,7,2,-1.041593635469164
6,B,100,7,3,-0.7799747205767522
6,B,100,7,4,-1.5955307415024924
6,B,100,7,5,-0.8411070518702436
6,B,100,7,6,-1.300254648640327
6,B,100,7,7,-1.0070098062932145
6,B,100,7,8,-1.0847011108967037
6,B,100,7,9,-1.6073389629637627
6,B,100,8,0,0.27132017567303435
6,B,100,8,1,0.0357400186679694
6,B,100,8,2,-0.303826803158513
6,B,100,8,3,-0.2815111904223518
6,B,100,8,4,-0.03315039910384673
6,B,100,8,5,-0.1189071822665938
6,B,100,8,6,-0.15262616027302328
6,B,100,8,7,0.16112623203312054
6,B,100,8,8,0.271002305159203
6,B,100,8,9,-0.19740754790965256
6,B,100,9,0,-0.40402882852163763
6,B,100,9,1,-0.19653824655964006
6,B,100,9,2,-0.3051096574752941
6,B,100,9,3,-0.32288642723752947
6,B,100,9,4,-0.35313602647243403
6,B,100,9,5,-0.06371941084268529
6,B,100,9,6,-0.32067436727990434
6,B,100,9,7,-0.08758982482925026
6,B,100,9,8,-0.1974661341581476
6,B,100,9,9,-0.4024666370321314
7,A,0.05,0,0,-1.240223472612904
7,A,0.05,0,1,-2.074313488792257
7,A,0.05,0,2,-1.748973350198739
7,A,0.05,0,3,-2.074597956478734
7,A,0.05,0,4,-1.9092791893025594
7,A,0.05,0,5,-1.5957943565693977
7,A,0.05,0,6,-1.6540484052695903
7,A,0.05,0,7,-2.1480527689378226
7,A,0.05,0,8,-1.5884568229474973
7,A,0.05,0,9,-1.3763449279454614
7,A,0.05,1,0,1.187572656490348
7,A,0.05,1,1,0.6480496610914869
7,A,0.05,1,2,1.0400605576911672
7,A,0.05,1,3,1.1549392302773323
7,A,0.05,1,4,1.0998807216652744
7,A,0.05,1,5,1.2211200690861723
7,A,0.05,1,6,1.276968783847303
7,A,0.05,1,7,1.375301003945563
7,A,0.05,1,8,0.912876347396651
7,A,0.05,1,9,1.4662930377209145
7,A,0.05,2,0,-0.35138648278410295
7,A,0.05,2,1,1.6375182831495447
7,A,0.05,2,2,1.0259116182978538
7,A,0.05,2,3,0.9154952559580334
7,A,0.05,2,4,1.7171182225991812
7,A,0.05,2,5,1.8851245461310073
7,A,0.05,2,6,2.122754770970728
7,A,0.05,2,7,2.7957993478901035
7,A,0.05,2,8,0.041176952131806846
7,A,0.05,2,9,1.5177849730094628
7,A,0.05,3,0,-1.8050421538259427
7,A,0.05,3,1,-1.6017633679698637
7,A,0.05,3,2,-1.5761165895036542
7,A,0.05,3,3,-2.193347281485805
7,A,0.05,3,4,-1.7200085387758322
7,A,0.05,3,5,-2.318973940281032
7,A,0.05,3,6,-1.732609069731264
7,A,0.05,3,7,-2.3207167148193544
7,A,0.05,3,8,-1.9766100928213788
7,A,0.05,3,9,-1.1516638124218301
7,A,0.05,4,0,0.0020102949230745145
7,A,0.05,4,1,-0.2753661550398374
7,A,0.05,4,2,-0.0032959112931936823
7,A,0.05,4,3,-0.07906998830477585
7,A,0.05,4,4,-0.07879126246831371
7,A,0.05,4,5,-0.3045067035832767
7,A,0.05,4,6,-0.5194506868004248
7,A,0.05,4,7,-0.13579471107234045
7,A,0.05,4,8,-0.24930975293413873
7,A,0.05,4,9,-0.8237551359158928
7,A,0.05,5,0,1.891025442655604
7,A,0.05,5,1,2.5676787374589103
7,A,0.05,5,2,1.547767740904059
7,A,0.05,5,3,1.3296559563727282
7,A,0.05,5,4,2.3319484051806953
7,A,0.05,5,5,1.6280659689226276
7,A,0.05,5,6,1.5021824920489697
7,A,0.05,5,7,2.2152162683928904
7,A,0.05,5,8,1.9586983873022061
7,A,0.05,5,9,1.8535442358679655
7,A,0.05,6,0,0.23193700086558972
7,A,0.05,6,1,-0.2626603166759911
7,A,0.05,6,2,0.3313872847176111
7,A,0.05,6,3,1.0381475500032002
7,A,0.05,6,4,-0.0964705365894252
7,A,0.05,6,5,0.4502500572449934
7,A,0.05,6,6,0.9212190072341317
7,A,0.05,6,7,1.0708918988690348
7,A,0.05,6,8,1.0053743706923715
7,A,0.05,6,9,1.0637986744677443
7,A,0.05,7,0,-0.45301127038622147
7,A,0.05,7,1,-0.014020879488406461
7,A,0.05,7,2,-0.21311456248307337
7,A,0.05,7,3,-0.041976678785664474
7,A,0.05,7,4,0.07643285405720376
7,A,0.05,7,5,0.08176436801767065
7,A,0.05,7,6,0.04802747731436154
7,A,0.05,7,7,0.090076668771971
7,A,0.05,7,8,0.10244812993748323
7,A,0.05,7,9,0.05057376513133041
7,A,0.05,8,0,2.0156880622860376
7,A,0.05,8,1,1.6319355581571187
7,A,0.05,8,2,1.7648693246365819
7,A,0.05,8,3,1.363550432690583
7,A,0.05,8,4,1.767853910188924
7,A,0.05,8,5,1.7299292841803917
7,A,0.05,8,6,1.3780585042079054
7,A,0.05,8,7,2.0149078461803773
7,A,0.05,8,8,2.12755329420587
7,A,0.05,8,9,2.006176581591101
7,A,0.05,9,0,1.2032180940857895
7,A,0.05,9,1,1.0517138736497211
7,A,0.05,9,2,1.1329621245526786
7,A,0.05,9,3,1.4648532918048207
7,A,0.05,9,4,0.9653046194159185
7,A,0.05,9,5,1.2779634791289791
7,A,0.05,9,6,1.258626647748466
7,A,0.05,9,7,0.9332867088623681
7,A,0.05,9,8,0.8425840989070553
7,A,0.05,9,9,0.5560929218995859
7,B,100,0,0,-1.1070806638771518
7,B,100,0,1,-0.785800884662133
7,B,100,0,2,-1.203420833636795
7,B,100,0,3,-0.7300721849754347
7,B,100,0,4,-1.1837953507299446
7,B,100,0,5,-0.46287647552567357
7,B,100,0,6,-0.7018023511877395
7,B,100,0,7,-0.8703013831708923
7,B,100,0,8,-0.470609850190641
7,B,100,0,9,-0.9655896950334804
7,B,100,1,0,-0.8819427447268153
7,B,100,1,1,-0.5442755857818616
7,B,100,1,2,-0.9660303645865712
7,B,100,1,3,-1.0938281451570173
7,B,100,1,4,-1.0930105782491235
7,B,100,1,5,-1.2356634856037219
7,B,100,1,6,-0.79437249790498
7,B,100,1,7,-1.4155779009975156
7,B,100,1,8,-1.5899106595421206
7,B,100,1,9,-1.422718082736118
7,B,100,2,0,0.05123430396337189
7,B,100,2,1,0.36086312548223737
7,B,100,2,2,-0.3472312760077418
7,B,100,2,3,-0.0166505302302305
7,B,100,2,4,0.2435771527909251
7,B,100,2,5,0.4537749714984312
7,B,100,2,6,0.271858661044621
7,B,100,2,7,0.0030792410626764286
7,B,100,2,8,0.3294327264737393
7,B,100,2,9,0.5363773780800816
7,B,100,3,0,0.654680409782901
7,B,100,3,1,0.32054502150281927
7,B,100,3,2,1.0592984728005865
7,B,100,3,3,0.9124539229847821
7,B,100,3,4,0.784906115060282
7,B,100,3,5,1.1318857214082843
7,B,100,3,6,0.7086874548725162
7,B,100,3,7,0.9308242174784126
7,B,100,3,8,1.163157012357141
7,B,100,3,9,0.5112848693306818
7,B,100,4,0,-0.38231154052537786
7,B,100,4,1,-0.20253154019961173
7,B,100,4,2,0.15025824300577825
7,B,100,4,3,-0.3335687655454247
7,B,100,4,4,0.21558094369948225
7,B,100,4,5,0.4969769781361728
7,B,100,4,6,-0.5627759040172933
7,B,100,4,7,-0.398979793964586
7,B,100,4,8,-0.5467346268499932
7,B,100,4,9,0.27985357577195674
7,B,100,5,0,1.4848815159156157
7,B,100,5,1,1.238954604573057
7,B,100,5,2,1.1493300447244117
7,B,100,5,3,1.5487994130582357
7,B,100,5,4,1.4238616828881732
7,B,100,5,5,1.1749445102025684
7,B,100,5,6,1.353142926109696
7,B,100,5,7,1.0597752498205466
7,B,100,5,8,1.4115156558465598
7,B,100,5,9,1.4683705985748354
7,B,100,6,0,-0.47957320984700136
7,B,100,6,1,-1.7933201603980682
7,B,100,6,2,-1.283938483836692
7,B,100,6,3,-0.7111291361609751
7,B,100,6,4,-1.257536507361642
7,B,100,6,5,-0.09811120514252226
7,B,100,6,6,-1.2118016272875256
7,B,100,6,7,-1.0151393711845342
7,B,100,6,8,-1.2803238515910793
7,B,100,6,9,-0.25311964067523746
7,B,100,7,0,-0.3599302978002723
7,B,100,7,1,-1.502845689486078
7,B,100,7,2,-0.4657505899620187
7,B,100,7,3,-0.5699893742471931
7,B,100,7,4,-0.9226108549579338
7,B,100,7,5,-0.2630696943999865
7,B,100,7,6,-0.35168180088074086
7,B,100,7,7,0.16432911716336282
7,B,100,7,8,0.050716578655242595
7,B,100,7,9,-0.0511584134362452
7,B,100,8,0,0.5044012238459761
7,B,100,8,1,-0.2205403988279751
7,B,100,8,2,-0.32148008742629247
7,B,100,8,3,-0.06429152247595836
7,B,100,8,4,-0.668932770234671
7,B,100,8,5,-0.19595724405853848
7,B,100,8,6,-0.13621456773459278
7,B,100,8,7,-0.19992162524397786
7,B,100,8,8,-0.39445026724945376
7,B,100,8,9,0.3871103531467733
7,B,100,9,0,-0.9422859550999803
7,B,100,9,1,-0.6934798785295571
7,B,100,9,2,-0.9554286384589274
7,B,100,9,3,-0.6593165823232909
7,B,100,9,4,-0.6055359550136665
7,B,100,9,5,-0.8178004850164929
7,B,100,9,6,-0.6036986179972432
7,B,100,9,7,-1.2240388802900675
7,B,100,9,8,-0.7656826231773659
7,B,100,9,9,-0.8336230600935789
8,A,0.05,0,0,0.6612960607105249
8,A,0.05,0,1,0.36517275068423977
8,A,0.05,0,2,0.4820892810850966
8,A,0.05,0,3,0.6959520022212705
8,A,0.05,0,4,0.700598976385969
8,A,0.05,0,5,0.5133312512882888
8,A,0.05,0,6,0.5914685025712143
8,A,0.05,0,7,0.6893505459034348
8,A,0.05,0,8,0.6316059055562907
8,A,0.05,0,9,0.44798276141634763
8,A,0.05,1,0,-0.8699358188369388
8,A,0.05,1,1,-1.0292524951164006
8,A,0.05,1,2,-0.28132002809473267
8,A,0.05,1,3,-0.33673937519889036
8,A,0.05,1,4,-0.6174968560156977
8,A,0.05,1,5,-0.6410750436707355
8,A,0.05,1,6,-0.3253501397857734
8,A,0.05,1,7,-0.2539017312651167
8,A,0.05,1,8,-0.5059859634615909
8,A,0.05,1,9,-0.5268966090519647
8,A,0.05,2,0,-0.7767681384218666
8,A,0.05,2,1,-0.20199841317086822
8,A,0.05,2,2,-0.5132070311588566
8,A,0.05,2,3,-0.27947015805868125
8,A,0.05,2,4,-0.13913413299826546
8,A,0.05,2,5,-0.39777733558751
8,A,0.05,2,6,-0.32990924841925523
8,A,0.05,2,7,-0.13533926486054776
8,A,0.05,2,8,-0.24541159322518008
8,A,0.05,2,9,-0.27657416710194677
8,A,0.05,3,0,-0.16621263996200544
8,A,0.05,3,1,-0.45500867344556106
8,A,0.05,3,2,-0.1771872114560416
8,A,0.05,3,3,-0.25581318265220127
8,A,0.05,3,4,-0.2967800734443446
8,A,0.05,3,5,-0.2004726685782335
8,A,0.05,3,6,-0.07206083333075626
8,A,0.05,3,7,-0.3224271795940486
8,A,0.05,3,8,-0.4871304329688179
8,A,0.05,3,9,-0.1992034422170651
8,A,0.05,4,0,0.33749953791201404
8,A,0.05,4,1,0.548539436222746
8,A,0.05,4,2,0.4391534547673291
8,A,0.05,4,3,0.18143632550326635
8,A,0.05,4,4,0.681900486293603
8,A,0.05,4,5,0.33724279632324455
8,A,0.05,4,6,-0.056901693999969596
8,A,0.05,4,7,0.5756726788357714
8,A,0.05,4,8,0.5875382771819702
8,A,0.05,4,9,0.12707484210588765
8,A,0.05,5,0,-1.1173977826034944
8,A,0.05,5,1,-0.737908715362119
8,A,0.05,5,2,-0.9841830022431252
8,A,0.05,5,3,-0.862720697060469
8,A,0.05,5,4,-1.1908138260832182
8,A,0.05,5,5,-0.9257097907112347
8,A,0.05,5,6,-0.5805055625158013
8,A,0.05,5,7,-0.8836011237847728
8,A,0.05,5,8,-1.1839934674285824
8,A,0.05,5,9,-0.5441106852012841
8,A,0.05,6,0,0.15723956455678337
8,A,0.05,6,1,0.32887916045602433
8,A,0.05,6,2,0.5466174592884977
8,A,0.05,6,3,0.3950432969050499
8,A,0.05,6,4,0.3549332348058642
8,A,0.05,6,5,0.2998405722337138
8,A,0.05,6,6,0.5229187354621071
8,A,0.05,6,7,0.1913729804824235
8,A,0.05,6,8,0.39568005021020286
8,A,0.05,6,9,0.40892477003442285
8,A,0.05,7,0,-0.15416019451643836
8,A,0.05,7,1,-0.08467649341159891
8,A,0.05,7,2,-0.33259677950098965
8,A,0.05,7,3,-0.015795486627854013
8,A,0.05,7,4,-0.09093966112985104
8,A,0.05,7,5,-0.23325230120630341
8,A,0.05,7,6,-0.15915240330054709
8,A,0.05,7,7,-0.512263312895775
8,A,0.05,7,8,-0.20751494975151133
8,A,0.05,7,9,-0.35145494980583514
8,A,0.05,8,0,-0.2614748852493544
8,A,0.05,8,1,-0.49732919059441655
8,A,0.05,8,2,-0.0724940494407248
8,A,0.05,8,3,-0.42766146007953254
8,A,0.05,8,4,-0.21556912065045652
8,A,0.05,8,5,-0.4300404309769985
8,A,0.05,8,6,-0.22454401620170975
8,A,0.05,8,7,-0.6287056310205033
8,A,0.05,8,8,-0.4432759890934511
8,A,0.05,8,9,-0.5930444477137308
8,A,0.05,9,0,0.21926750481982446
8,A,0.05,9,1,0.056404580561041674
8,A,0.05,9,2,0.32232051150137037
8,A,0.05,9,3,0.18516945777953706
8,A,0.05,9,4,0.034748763076187725
8,A,0.05,9,5,0.12583977870794014
8,A,0.05,9,6,0.061878630738236316
8,A,0.05,9,7,0.1840861885861929
8,A,0.05,9,8,0.218755060501392
8,A,0.05,9,9,0.20600197262965658
8,B,100,0,0,2.5297092372652243
8,B,100,0,1,3.1005698335321994
8,B,100,0,2,2.8309564315219307
8,B,100,0,3,2.8845881760317638
8,B,100,0,4,2.679303398650225
8,B,100,0,5,2.2456370166177586
8,B,100,0,6,2.4322766858642217
8,B,100,0,7,2.8464641619218423
8,B,100,0,8,2.572107691884179
8,B,100,0,9,2.6173443413280792
8,B,100,1,0,-0.8933673748012348
8,B,100,1,1,-1.1718603545755952
8,B,100,1,2,-1.395046235742837
8,B,100,1,3,-1.3451131065590485
8,B,100,1,4,-0.7804941932453924
8,B,100,1,5,-0.9513662566800748
8,B,100,1,6,-0.9792794504646813
8,B,100,1,7,-1.4365787969365253
8,B,100,1,8,-1.1449345310110506
8,B,100,1,9,-0.7961419416464663
8,B,100,2,0,-0.0587255533504139
8,B,100,2,1,0.16198547771525357
8,B,100,2,2,0.049596025000522674
8,B,100,2,3,0.1531396202598744
8,B,100,2,4,0.02941752380567865
8,B,100,2,5,0.020214945249200974
8,B,100,2,6,0.09595560947263593
8,B,100,2,7,-0.047080856964509275
8,B,100,2,8,0.08612365797967424
8,B,100,2,9,0.14493478815414956
8,B,100,3,0,-0.03483340611011267
8,B,100,3,1,-0.31931128941211623
8,B,100,3,2,0.00816726038393228
8,B,100,3,3,-0.6062023086285637
8,B,100,3,4,0.01828763203383785
8,B,100,3,5,-0.059530008705310895
8,B,100,3,6,-0.47232500163779934
8,B,100,3,7,-0.031662830093693035
8,B,100,3,8,-0.14644175786766966
8,B,100,3,9,-0.5018162219598661
8,B,100,4,0,0.5231638331834192
8,B,100,4,1,0.41024782343456234
8,B,100,4,2,1.7164428830642706
8,B,100,4,3,1.35083540668418
8,B,100,4,4,1.555135343537766
8,B,100,4,5,1.2421315316899848
8,B,100,4,6,1.4874750289295124
8,B,100,4,7,1.2537952675371513
8,B,100,4,8,1.6634074345066838
8,B,100,4,9,0.4192597336017842
8,B,100,5,0,-1.7388587008113023
8,B,100,5,1,-1.2445311467476212
8,B,100,5,2,-1.653861548783825
8,B,100,5,3,-1.4671849002360517
8,B,100,5,4,-1.7417256647459436
8,B,100,5,5,-1.9627405433605105
8,B,100,5,6,-1.2755156676234607
8,B,100,5,7,-1.7522022734610219
8,B,100,5,8,-1.837189318483945
8,B,100,5,9,-1.8333206802290458
8,B,100,6,0,0.5251565719092325
8,B,100,6,1,1.0749036210955676
8,B,100,6,2,1.2068685762867104
8,B,100,6,3,0.526368998369132
8,B,100,6,4,0.4634573684882339
8,B,100,6,5,0.5331275229803824
8,B,100,6,6,0.8906857185503364
8,B,100,6,7,0.5337053116334581
8,B,100,6,8,0.5142304095394136
8,B,100,6,9,0.973767049508026
8,B,100,7,0,1.7922649625906717
8,B,100,7,1,0.6544940473673403
8,B,100,7,2,1.0667181890899475
8,B,100,7,3,1.2754446647659405
8,B,100,7,4,1.3043674031762849
8,B,100,7,5,1.016626513554574
8,B,100,7,6,1.2813640584266717
8,B,100,7,7,1.1033670656562653
8,B,100,7,8,1.387956128971068
8,B,100,7,9,0.908802816895731
8,B,100,8,0,0.279401785934395
8,B,100,8,1,0.4441849502941349
8,B,100,8,2,0.783193892489083
8,B,100,8,3,0.4350749729249836
8,B,100,8,4,0.5884539365544762
8,B,100,8,5,0.4877165894357296
8,B,100,8,6,0.6090901733547648
8,B,100,8,7,0.666195535233328
8,B,100,8,8,0.5378757794028101
8,B,100,8,9,0.596628394994593
8,B,100,9,0,0.6141488289288008
8,B,100,9,1,0.22365208164638056
8,B,100,9,2,0.10608633340056471
8,B,100,9,3,0.016380361531525046
8,B,100,9,4,-0.016181666125036766
8,B,100,9,5,-0.355760005029005
8,B,100,9,6,0.5664283689391487
8,B,100,9,7,0.9165005458695047
8,B,100,9,8,0.3267613339819057
8,B,100,9,9,0.4701167680297706
9,A,0.05,0,0,0.09549429110600027
9,A,0.05,0,1,-0.025867883687200922
9,A,0.05,0,2,-0.17665265158769022
9,A,0.05,0,3,-0.07597447953098575
9,A,0.05,0,4,0.2449995554982511
9,A,0.05,0,5,0.21745512547599044
9,A,0.05,0,6,-0.05138650541398751
9,A,0.05,0,7,0.2590877566592745
9,A,0.05,0,8,0.20279468512805543
9,A,0.05,0,9,-0.026206983850818957
9,A,0.05,1,0,0.6491266864442167
9,A,0.05,1,1,0.6753146341457719
9,A,0.05,1,2,0.6973992537082483
9,A,0.05,1,3,0.605661041070696
9,A,0.05,1,4,0.4755688178381597
9,A,0.05,1,5,0.4990331149620091
9,A,0.05,1,6,0.5528468510115367
9,A,0.05,1,7,0.4454246221343607
9,A,0.05,1,8,0.46420812215535767
9,A,0.05,1,9,0.6671885087573904
9,A,0.05,2,0,1.3842070822030341
9,A,0.05,2,1,1.6168626715471344
9,A,0.05,2,2,1.2596245351204174
9,A,0.05,2,3,1.5945382962687473
9,A,0.05,2,4,1.4591963676018234
9,A,0.05,2,5,1.5711034730456412
9,A,0.05,2,6,0.7502160155852358
9,A,0.05,2,7,1.3653123499756448
9,A,0.05,2,8,1.331216220013721
9,A,0.05,2,9,1.0629067699571701
9,A,0.05,3,0,-0.5342294847037561
9,A,0.05,3,1,-0.040707638945865855
9,A,0.05,3,2,-0.05362981727452531
9,A,0.05,3,3,0.0023393891277829902
9,A,0.05,3,4,-0.02083941117307081
9,A,0.05,3,5,-0.0022474956418624195
9,A,0.05,3,6,-0.5118737522161865
9,A,0.05,3,7,-0.14279019982775454
9,A,0.05,3,8,-0.1426852561819676
9,A,0.05,3,9,-0.08927192580234448
9,A,0.05,4,0,0.5019569038054389
9,A,0.05,4,1,0.10636034276968936
9,A,0.05,4,2,0.471140356382928
9,A,0.05,4,3,0.319277529861184
9,A,0.05,4,4,0.15277122093428472
9,A,0.05,4,5,0.22702279283520585
9,A,0.05,4,6,0.3160755787818529
9,A,0.05,4,7,0.48138529874559827
9,A,0.05,4,8,0.3450220484008861
9,A,0.05,4,9,0.46324129345165355
9,A,0.05,5,0,-0.29866369603577614
9,A,0.05,5,1,0.06494370945280749
9,A,0.05,5,2,-0.2035794716073971
9,A,0.05,5,3,0.10852486040050893
9,A,0.05,5,4,0.08305754437670168
9,A,0.05,5,5,0.4028914380426516
9,A,0.05,5,6,0.17683601224194442
9,A,0.05,5,7,0.035675629980575864
9,A,0.05,5,8,0.004769963845162116
9,A,0.05,5,9,-0.066433870105306
9,A,0.05,6,0,-0.4810286341930204
9,A,0.05,6,1,-0.11269404796209302
9,A,0.05,6,2,0.0697696968983488
9,A,0.05,6,3,-0.34088831353884785
9,A,0.05,6,4,-0.0719874244134562
9,A,0.05,6,5,-0.09756742464581655
9,A,0.05,6,6,-0.1883134691680479
9,A,0.05,6,7,-0.25378215034333357
9,A,0.05,6,8,0.2958420310913492
9,A,0.05,6,9,-0.2090783129916145
9,A,0.05,7,0,1.7771178607732678
9,A,0.05,7,1,2.182135783245912
9,A,0.05,7,2,2.359282411357166
9,A,0.05,7,3,0.812876562443469
9,A,0.05,7,4,1.9193377437718326
9,A,0.05,7,5,2.4730243706882478
9,A,0.05,7,6,2.4069766920929823
9,A,0.05,7,7,2.5299228808599077
9,A,0.05,7,8,1.9852182387936188
9,A,0.05,7,9,1.886236859223751
9,A,0.05,8,0,0.6443395803787877
9,A,0.05,8,1,0.5881333771330342
9,A,0.05,8,2,0.7958679209074372
9,A,0.05,8,3,1.3353582441979752
9,A,0.05,8,4,0.8148597463401988
9,A,0.05,8,5,0.6204087213750804
9,A,0.05,8,6,1.2309778929493662
9,A,0.05,8,7,0.6486532517114729
9,A,0.05,8,8,0.8374976967231829
9,A,0.05,8,9,1.2074396885125915
9,A,0.05,9,0,-0.3940959443091765
9,A,0.05,9,1,-0.809361384520973
9,A,0.05,9,2,-0.9312672370739556
9,A,0.05,9,3,-0.9179001163176275
9,A,0.05,9,4,-0.40438442175518907
9,A,0.05,9,5,-1.0299417655562824
9,A,0.05,9,6,-0.9173743713709324
9,A,0.05,9,7,-0.24025075912404517
9,A,0.05,9,8,-0.31356926846274874
9,A,0.05,9,9,-1.0503739565288444
9,B,100,0,0,0.5346363567613305
9,B,100,0,1,0.45181439500539367
9,B,100,0,2,0.6914622575676765
9,B,100,0,3,0.3228095469233839
9,B,100,0,4,0.47956467807142755
9,B,100,0,5,0.42203957047020346
9,B,100,0,6,0.5644045646985747
9,B,100,0,7,0.5578598662318535
9,B,100,0,8,0.8370286928042093
9,B,100,0,9,1.0018947737952495
9,B,100,1,0,-0.2576793750486512
9,B,100,1,1,-0.1662754922896398
9,B,100,1,2,-0.3005390431033833
9,B,100,1,3,0.07175179317590738
9,B,100,1,4,0.08953740861309246
9,B,100,1,5,0.07466931582756665
9,B,100,1,6,0.07856100088772495
9,B,100,1,7,0.06626638433849562
9,B,100,1,8,0.03904241097020477
9,B,100,1,9,0.09252013020525345
9,B,100,2,0,-0.8438266933910759
9,B,100,2,1,-1.4709363285220292
9,B,100,2,2,-0.6900765808372968
9,B,100,2,3,-1.21351861589052
9,B,100,2,4,-1.467148385120058
9,B,100,2,5,-1.482492651088858
9,B,100,2,6,-0.8438424598949703
9,B,100,2,7,-0.9553961914157139
9,B,100,2,8,-1.2162868835755452
9,B,100,2,9,-0.9826331491648431
9,B,100,3,0,-0.17906971127236723
9,B,100,3,1,0.015963416660196333
9,B,100,3,2,-0.33660317783053934
9,B,100,3,3,-0.09177167338372937
9,B,100,3,4,0.023307841710915905
9,B,100,3,5,-0.02570477182673281
9,B,100,3,6,-0.17445394478475348
9,B,100,3,7,0.33565877284521334
9,B,100,3,8,-0.14033194590761341
9,B,100,3,9,-0.08802845276990692
9,B,100,4,0,0.5767956271546774
9,B,100,4,1,0.6330578509504745
9,B,100,4,2,0.3063379164638009
9,B,100,4,3,0.8938405023503494
9,B,100,4,4,0.06522877004166504
9,B,100,4,5,0.6293132032692608
9,B,100,4,6,0.18688599957944177
9,B,100,4,7,0.5258211431998148
9,B,100,4,8,0.7363868761658501
9,B,100,4,9,0.8105111523283252
9,B,100,5,0,-1.1324208759237646
9,B,100,5,1,-1.361236132752614
9,B,100,5,2,-1.8014549791029622
9,B,100,5,3,-1.660123067278729
9,B,100,5,4,-1.690508814296124
9,B,100,5,5,-1.20983547371996
9,B,100,5,6,-0.531992149346324
9,B,100,5,7,-1.5342107163583556
9,B,100,5,8,-1.2710124673561836
9,B,100,5,9,-1.6997080979752648
9,B,100,6,0,2.3898338100365613
9,B,100,6,1,1.7759603783617122
9,B,100,6,2,1.659143651559655
9,B,100,6,3,1.3454346961608035
9,B,100,6,4,1.1405666487925887
9,B,100,6,5,0.8191624636138053
9,B,100,6,6,1.1894124260582777
9,B,100,6,7,2.1184344316566186
9,B,100,6,8,1.7170777244762587
9,B,100,6,9,1.8444004569289165
9,B,100,7,0,0.6838458707423231
9,B,100,7,1,0.6816316117145059
9,B,100,7,2,0.9134497545133523
9,B,100,7,3,1.1149240057652632
9,B,100,7,4,0.7949973432862486
9,B,100,7,5,1.0392524243610675
9,B,100,7,6,0.558064229471878
9,B,100,7,7,0.6057578547368783
9,B,100,7,8,0.5416424472964783
9,B,100,7,9,0.6374861371294916
9,B,100,8,0,-0.7070815780876135
9,B,100,8,1,-0.40457635340518916
9,B,100,8,2,-0.6112977802488134
9,B,100,8,3,-0.2281730400698278
9,B,100,8,4,-1.0938983643930613
9,B,100,8,5,-0.2205237520154004
9,B,100,8,6,-0.07193668544349369
9,B,100,8,7,-0.5103979082832141
9,B,100,8,8,-0.024815236117378126
9,B,100,8,9,-0.12345071972473189
9,B,100,9,0,-0.6122019530523668
9,B,100,9,1,-0.8644380473054359
9,B,100,9,2,-1.0103209814437906
9,B,100,9,3,-1.2299648482002687
9,B,100,9,4,-0.548199158369846
9,B,100,9,5,-1.076255712167798
9,B,100,9,6,-0.4659271603989451
9,B,100,9,7,-1.0332042948127345
9,B,100,9,8,-0.8488478395861746
9,B,100,9,9,-1.035116153926535
10,A,0.05,0,0,0.5031441965585866
10,A,0.05,0,1,0.2669905395613186
10,A,0.05,0,2,0.41921933371812864
10,A,0.05,0,3,0.15784750098214995
10,A,0.05,0,4,0.6943573601932561
10,A,0.05,0,5,0.9307888469675463
10,A,0.05,0,6,0.6867071530855379
10,A,0.05,0,7,1.2521285092460392
10,A,0.05,0,8,1.618973054968447
10,A,0.05,0,9,0.9175080852149675
10,A,0.05,1,0,0.8937172328480361
10,A,0.05,1,1,1.1579232118703477
10,A,0.05,1,2,0.9441909776673333
10,A,0.05,1,3,0.9502893289923716
10,A,0.05,1,4,1.007051299338142
10,A,0.05,1,5,0.9443542301589435
10,A,0.05,1,6,0.8727792240210174
10,A,0.05,1,7,1.189410470118416
10,A,0.05,1,8,1.15611277623928
10,A,0.05,1,9,0.9390177499875236
10,A,0.05,2,0,0.9836440155721818
10,A,0.05,2,1,1.398147591233026
10,A,0.05,2,2,1.4987039133709732
10,A,0.05,2,3,1.549848772026739
10,A,0.05,2,4,1.1622304786884603
10,A,0.05,2,5,1.3097794987417948
10,A,0.05,2,6,1.4365831043872803
10,A,0.05,2,7,1.1990429850464015
10,A,0.05,2,8,1.3340003337505344
10,A,0.05,2,9,1.3200100666456251
10,A,0.05,3,0,-0.38173426264394095
10,A,0.05,3,1,-0.1840981076107048
10,A,0.05,3,2,-0.16838179229394715
10,A,0.05,3,3,0.13720365139111151
10,A,0.05,3,4,-0.2151113415106108
10,A,0.05,3,5,-0.19567618820346117
10,A,0.05,3,6,-0.1622791779137113
10,A,0.05,3,7,-0.08844762401307624
10,A,0.05,3,8,-0.3113358287008205
10,A,0.05,3,9,-0.00940737078226253
10,A,0.05,4,0,-0.3502634433543275
10,A,0.05,4,1,-0.7039198325821409
10,A,0.05,4,2,-0.26115412228751944
10,A,0.05,4,3,-0.07703137478094005
10,A,0.05,4,4,-0.45246333356624613
10,A,0.05,4,5,-0.3186053616584676
10,A,0.05,4,6,-0.37350960950752304
10,A,0.05,4,7,-0.43477938493891044
10,A,0.05,4,8,-0.038324022916976924
10,A,0.05,4,9,-0.7251386348140819
10,A,0.05,5,0,0.47165547347941345
10,A,0.05,5,1,0.901609104956555
10,A,0.05,5,2,0.539747460687537
10,A,0.05,5,3,0.8052222720781169
10,A,0.05,5,4,0.5629957405711787
10,A,0.05,5,5,0.8560177755971031
10,A,0.05,5,6,0.47163051308864473
10,A,0.05,5,7,0.6549229592545633
10,A,0.05,5,8,0.6017464420271144
10,A,0.05,5,9,0.9015464442161916
10,A,0.05,6,0,1.1441848313023397
10,A,0.05,6,1,0.7556353241580759
10,A,0.05,6,2,1.1913131259839735
10,A,0.05,6,3,1.0854256452279585
10,A,0.05,6,4,0.8182414365230877
10,A,0.05,6,5,0.4438174077806165
10,A,0.05,6,6,0.42723949903571645
10,A,0.05,6,7,0.4213596175465712
10,A,0.05,6,8,1.5115159312649955
10,A,0.05,6,9,0.8362504984348413
10,A,0.05,7,0,0.2212112837438243
10,A,0.05,7,1,0.16075212075061526
10,A,0.05,7,2,0.5192290719586529
10,A,0.05,7,3,0.3056406933391653
10,A,0.05,7,4,-0.032510629988452805
10,A,0.05,7,5,0.4084523263324028
10,A,0.05,7,6,0.47855931534021434
10,A,0.05,7,7,0.6524830181477
10,A,0.05,7,8,0.42793826070095403
10,A,0.05,7,9,0.4485092065326393
10,A,0.05,8,0,1.1835912844121834
10,A,0.05,8,1,1.1232811991588427
10,A,0.05,8,2,1.3725990267991912
10,A,0.05,8,3,1.0100758475281362
10,A,0.05,8,4,1.4653593593578818
10,A,0.05,8,5,1.4592932875096594
10,A,0.05,8,6,1.5996848691045638
10,A,0.05,8,7,1.3090643537422593
10,A,0.05,8,8,1.7547181577113258
10,A,0.05,8,9,1.9690817267894944
10,A,0.05,9,0,0.740699646046056
10,A,0.05,9,1,0.5277709904420054
10,A,0.05,9,2,0.695286291060798
10,A,0.05,9,3,0.5343790106217654
10,A,0.05,9,4,0.5073095851459541
10,A,0.05,9,5,0.7094241613346809
10,A,0.05,9,6,0.6090580551883574
10,A,0.05,9,7,0.5779341490080961
10,A,0.05,9,8,0.5479883012646972
10,A,0.05,9,9,0.7508479729127624
10,B,100,0,0,-0.041287610509601516
10,B,100,0,1,0.009754799472393393
10,B,100,0,2,0.008748715363637114
10,B,100,0,3,-0.10179277532873802
10,B,100,0,4,0.02897564227691682
10,B,100,0,5,0.07018225237859867
10,B,100,0,6,0.04071647975282697
10,B,100,0,7,0.10822981519234383
10,B,100,0,8,0.010886055479957666
10,B,100,0,9,0.026334329124578053
10,B,100,1,0,-0.2379080162575938
10,B,100,1,1,-0.2632687010399505
10,B,100,1,2,-0.33612802166800737
10,B,100,1,3,-0.2272785990600056
10,B,100,1,4,-0.1367213739061192
10,B,100,1,5,-0.1456873702156715
10,B,100,1,6,-0.19943321567375719
10,B,100,1,7,-0.217870733511039
10,B,100,1,8,-0.4387755597911844
10,B,100,1,9,-0.20652099963741477
10,B,100,2,0,-0.17691937373017436
10,B,100,2,1,-0.226822751036244
10,B,100,2,2,-0.20307722059318975
10,B,100,2,3,-0.15399301419907255
10,B,100,2,4,-0.2578722380347218
10,B,100,2,5,-0.4265537764188033
10,B,100,2,6,-0.2242764086556801
10,B,100,2,7,-0.33415835841471236
10,B,100,2,8,-0.25648228944589246
10,B,100,2,9,-0.2653139889655359
10,B,100,3,0,-0.6039337392544445
10,B,100,3,1,-0.42434314840018
10,B,100,3,2,-0.665640658665605
10,B,100,3,3,-0.7726391559992314
10,B,100,3,4,-0.7804242121734652
10,B,100,3,5,-0.2764792301018294
10,B,100,3,6,0.1148757013946286
10,B,100,3,7,-1.1706743765459828
10,B,100,3,8,-0.3656362269560952
10,B,100,3,9,-0.5203481342312101
10,B,100,4,0,1.365002452730026
10,B,100,4,1,0.7891677335048567
10,B,100,4,2,1.1381265314128006
10,B,100,4,3,1.1652513473502086
10,B,100,4,4,1.2432276156053768
10,B,100,4,5,0.46574549376955954
10,B,100,4,6,1.523770862180451
10,B,100,4,7,1.3573573203845972
10,B,100,4,8,0.9213292693658263
10,B,100,4,9,1.0007685440342455
10,B,100,5,0,-0.1520641237751617
10,B,100,5,1,-0.008456472192969123
10,B,100,5,2,0.030921571739151558
10,B,100,5,3,0.6284662238597256
10,B,100,5,4,0.7053301399961246
10,B,100,5,5,-0.034519121400609996
10,B,100,5,6,-0.16967073290822512
10,B,100,5,7,0.6722378223608988
10,B,100,5,8,0.6229851867173404
10,B,100,5,9,0.5594991550007711
10,B,100,6,0,0.21521438601610907
10,B,100,6,1,0.11021288022352368
10,B,100,6,2,0.6176593182577957
10,B,100,6,3,0.6193603617305135
10,B,100,6,4,0.4923364890971347
10,B,100,6,5,0.2135292571159146
10,B,100,6,6,0.36665663275931354
10,B,100,6,7,0.6562961250549677
10,B,100,6,8,0.6501548357499064
10,B,100,6,9,0.7589453642879024
10,B,100,7,0,0.4016501711393766
10,B,100,7,1,0.18834629050888282
10,B,100,7,2,0.40620013708606045
10,B,100,7,3,0.6466990614737709
10,B,100,7,4,0.6085815166710532
10,B,100,7,5,0.41862037966488536
10,B,100,7,6,0.5311548977042968
10,B,100,7,7,0.10423393109610178
10,B,100,7,8,0.13831830661457944
10,B,100,7,9,0.7004164931777647
10,B,100,8,0,-0.8308548352010084
10,B,100,8,1,-1.063482927628383
10,B,100,8,2,-0.4059346023474165
10,B,100,8,3,-0.6087882218949112
10,B,100,8,4,-0.6549148583032829
10,B,100,8,5,-0.5049720858340349
10,B,100,8,6,-0.6412940695292452
10,B,100,8,7,-0.26260415675359244
10,B,100,8,8,-0.4298552170938207
10,B,100,8,9,-0.3706521743108254
10,B,100,9,0,2.482610270550257
10,B,100,9,1,2.616643588641449
10,B,100,9,2,2.5103941725195247
10,B,100,9,3,2.1940447888306402
10,B,100,9,4,2.06908003275109
10,B,100,9,5,1.7110596702008454
10,B,100,9,6,2.6373530386101236
10,B,100,9,7,2.1331627110780573
10,B,100,9,8,2.136380644461749
10,B,100,9,9,1.0297971545483473
11,A,0.05,0,0,-0.30349919681212845
11,A,0.05,0,1,-0.21469484140431272
11,A,0.05,0,2,0.2753312638229397
11,A,0.05,0,3,0.03861238123556296
11,A,0.05,0,4,0.12886695839856277
11,A,0.05,0,5,0.09170218349304313
11,A,0.05,0,6,0.22397556190974666
11,A,0.05,0,7,0.2590040901632088
11,A,0.05,0,8,0.5350543035638448
11,A,0.05,0,9,0.04566315843997079
11,A,0.05,1,0,-1.378229995227606
11,A,0.05,1,1,-1.5215816736381702
11,A,0.05,1,2,-1.9560764443270113
11,A,0.05,1,3,-0.5766801490472092
11,A,0.05,1,4,-0.44225745478906586
11,A,0.05,1,5,-1.4573641503937436
11,A,0.05,1,6,-0.8944787510304585
11,A,0.05,1,7,-0.7533067034100904
11,A,0.05,1,8,-0.6003879790850892
11,A,0.05,1,9,-0.6580189792125398
11,A,0.05,2,0,0.1518729520034557
11,A,0.05,2,1,0.6784040511876378
11,A,0.05,2,2,0.4287182608091387
11,A,0.05,2,3,0.6338416637389365
11,A,0.05,2,4,0.7089654162282654
11,A,0.05,2,5,0.7158385201177899
11,A,0.05,2,6,0.5472116031374854
11,A,0.05,2,7,0.7328200652907391
11,A,0.05,2,8,0.5407665529227267
11,A,0.05,2,9,0.6807851730351965
11,A,0.05,3,0,-1.269051373747879
11,A,0.05,3,1,-1.050600304158237
11,A,0.05,3,2,-1.179363559680826
11,A,0.05,3,3,-1.2347894518116134
11,A,0.05,3,4,-1.2246847332301092
11,A,0.05,3,5,-1.0356601748411192
11,A,0.05,3,6,-0.9624385915195763
11,A,0.05,3,7,-0.9574694537637941
11,A,0.05,3,8,-1.1700251489948164
11,A,0.05,3,9,-1.487115057784881
11,A,0.05,4,0,0.7249330043723555
11,A,0.05,4,1,0.6531493199133649
11,A,0.05,4,2,0.6209157798615729
11,A,0.05,4,3,-0.020624101701477358
11,A,0.05,4,4,0.5492402859799017
11,A,0.05,4,5,0.19523237027230395
11,A,0.05,4,6,0.8655951936394968
11,A,0.05,4,7,0.25047737838473544
11,A,0.05,4,8,0.033267631332422026
11,A,0.05,4,9,0.24037109129019332
11,A,0.05,5,0,-0.5604163305128786
11,A,0.05,5,1,-0.854867802100428
11,A,0.05,5,2,-0.8239206477298578
11,A,0.05,5,3,-0.4000610890953977
11,A,0.05,5,4,-0.7607437119564533
11,A,0.05,5,5,-0.45345820189546276
11,A,0.05,5,6,-0.564370135294403
11,A,0.05,5,7,-0.3904986705114131
11,A,0.05,5,8,-0.6416283364594404
11,A,0.05,5,9,-0.5339302134777337
11,A,0.05,6,0,-1.243613679386893
11,A,0.05,6,1,-2.081128139192717
11,A,0.05,6,2,-1.491935966823414
11,A,0.05,6,3,-1.2251534051376298
11,A,0.05,6,4,-1.6416329321454006
11,A,0.05,6,5,-1.319214844369579
11,A,0.05,6,6,-1.0896694699387632
11,A,0.05,6,7,-1.7622180437962445
11,A,0.05,6,8,-1.4313320026948102
11,A,0.05,6,9,-1.3583948624914426
11,A,0.05,7,0,0.7669883421439431
11,A,0.05,7,1,0.5370791862611471
11,A,0.05,7,2,0.9093960272172692
11,A,0.05,7,3,0.7142427837800805
11,A,0.05,7,4,0.64757023210814
11,A,0.05,7,5,0.3855736596960919
11,A,0.05,7,6,0.5553892637674317
11,A,0.05,7,7,0.35150446701367055
11,A,0.05,7,8,0.7232472623853009
11,A,0.05,7,9,0.9106956026268053
11,A,0.05,8,0,-0.2862907026382852
11,A,0.05,8,1,-0.3547490352399433
11,A,0.05,8,2,-0.20851195398940353
11,A,0.05,8,3,-0.1411314195292078
11,A,0.05,8,4,-0.1424200328463816
11,A,0.05,8,5,-0.1801208398547604
11,A,0.05,8,6,-0.2888233331633015
11,A,0.05,8,7,-0.25421986080828385
11,A,0.05,8,8,-0.1584704074253483
11,A,0.05,8,9,-0.3755210869082789
11,A,0.05,9,0,0.4527686020857095
11,A,0.05,9,1,1.2931327574233729
11,A,0.05,9,2,0.6752519713847999
11,A,0.05,9,3,0.5069229085895869
11,A,0.05,9,4,1.1309389236477583
11,A,0.05,9,5,0.42892553041446363
11,A,0.05,9,6,0.7048734681571869
11,A,0.05,9,7,0.3300638403526229
11,A,0.05,9,8,0.6456908407656755
11,A,0.05,9,9,0.9336534945932978
11,B,100,0,0,-0.9100570635572206
11,B,100,0,1,-1.1651363300397088
11,B,100,0,2,-1.1038132021287215
11,B,100,0,3,-1.5547078520124848
11,B,100,0,4,-0.8724367686881712
11,B,100,0,5,-1.48332990807335
11,B,100,0,6,-0.9996495959272406
11,B,100,0,7,-1.3033631405080315
11,B,100,0,8,-1.8002867708662285
11,B,100,0,9,-0.94664831353295
11,B,100,1,0,0.13280543941331413
11,B,100,1,1,-0.2710578649918337
11,B,100,1,2,-0.298101060555169
11,B,100,1,3,0.12713292918304162
11,B,100,1,4,-0.023250087858445588
11,B,100,1,5,-0.19273643212712946
11,B,100,1,6,0.1602848814443807
11,B,100,1,7,0.1342873897071252
11,B,100,1,8,-0.0819868398924972
11,B,100,1,9,-0.04975175437738137
11,B,100,2,0,-0.10532150676905558
11,B,100,2,1,0.3885320906413934
11,B,100,2,2,-0.22936595585760253
11,B,100,2,3,-1.0485838367449403
11,B,100,2,4,0.4658327703427841
11,B,100,2,5,0.12571258931008353
11,B,100,2,6,-0.5798577947991407
11,B,100,2,7,0.07855959878963191
11,B,100,2,8,0.3223804898574045
11,B,100,2,9,0.11281075138498324
11,B,100,3,0,-0.022865003490049197
11,B,100,3,1,0.06518217105031725
11,B,100,3,2,0.09966887102829751
11,B,100,3,3,0.18889918952974652
11,B,100,3,4,0.2121600748243897
11,B,100,3,5,-0.1033089101063215
11,B,100,3,6,0.02626089942502894
11,B,100,3,7,0.22928646923779683
11,B,100,3,8,0.030136787244925432
11,B,100,3,9,-0.06923342643526943
11,B,100,4,0,0.14382787155870433
11,B,100,4,1,0.1199593126280272
11,B,100,4,2,0.09806788057146217
11,B,100,4,3,-0.4708279796226113
11,B,100,4,4,0.42944091476871377
11,B,100,4,5,-0.5064017533615218
11,B,100,4,6,0.5493789484580769
11,B,100,4,7,0.22476974588903406
11,B,100,4,8,-2.111003340500453
11,B,100,4,9,-0.7747153205877764
11,B,100,5,0,-0.26459041530816413
11,B,100,5,1,0.005777819304350837
11,B,100,5,2,-0.4583752046483456
11,B,100,5,3,-0.2430069445162149
11,B,100,5,4,-0.3291305500480265
11,B,100,5,5,-0.49118142018549865
11,B,100,5,6,-0.3091149926096706
11,B,100,5,7,-0.5743156724228675
11,B,100,5,8,-0.2630446227949753
11,B,100,5,9,0.03325705681226826
11,B,100,6,0,0.33632440705883887
11,B,100,6,1,-0.15289461492208
11,B,100,6,2,-0.07845089349715519
11,B,100,6,3,-0.18982555239048013
11,B,100,6,4,-0.402822018352435
11,B,100,6,5,-0.23238828587210328
11,B,100,6,6,0.13384237330087292
11,B,100,6,7,0.2411864524295827
11,B,100,6,8,0.026708324790834098
11,B,100,6,9,-0.24799418775003307
11,B,100,7,0,-1.6293094202627088
11,B,100,7,1,-2.1254234147344846
11,B,100,7,2,-1.7151347607247653
11,B,100,7,3,-1.5789937266260836
11,B,100,7,4,-1.6224625550060563
11,B,100,7,5,-1.7744679656594238
11,B,100,7,6,-2.1053664064579043
11,B,100,7,7,-1.6211386517752548
11,B,100,7,8,-1.8725861847302758
11,B,100,7,9,-1.8247995522803204
11,B,100,8,0,-0.6970759645267581
11,B,100,8,1,-0.7972255223727108
11,B,100,8,2,-0.8687621275464671
11,B,100,8,3,-1.1051404878602331
11,B,100,8,4,-0.8930725354066128
11,B,100,8,5,-0.9182045828284996
11,B,100,8,6,-0.8610866593241472
11,B,100,8,7,-0.667093567874141
11,B,100,8,8,-1.0874117568178676
11,B,100,8,9,-0.6366816596530717
11,B,100,9,0,0.44529311664615046
11,B,100,9,1,0.7292376745828728
11,B,100,9,2,0.8585951484859222
11,B,100,9,3,0.2810540723312585
11,B,100,9,4,0.8821080462511153
11,B,100,9,5,0.9243614332728393
11,B,100,9,6,0.8450426926534611
11,B,100,9,7,0.9313290555292035
11,B,100,9,8,-0.02536539546729406
11,B,100,9,9,0.37596671318149444
12,A,0.05,0,0,-2.56513388794221
12,A,0.05,0,1,-2.226874026759495
12,A,0.05,0,2,-2.362960390020873
12,A,0.05,0,3,-2.613255341135832
12,A,0.05,0,4,-2.313350231354706
12,A,0.05,0,5,-2.447557266281641
12,A,0.05,0,6,-2.746018521872487
12,A,0.05,0,7,-2.2963177549718936
12,A,0.05,0,8,-2.61238314962268
12,A,0.05,0,9,-2.3855942106828905
12,A,0.05,1,0,2.814774612260385
12,A,0.05,1,1,2.7210384422777545
12,A,0.05,1,2,2.6813571150922666
12,A,0.05,1,3,2.5488676059089346
12,A,0.05,1,4,2.612046575343405
12,A,0.05,1,5,2.8595177715858493
12,A,0.05,1,6,2.8359502276055935
12,A,0.05,1,7,2.6910989424589165
12,A,0.05,1,8,2.7424961135418875
12,A,0.05,1,9,2.638812617762464
12,A,0.05,2,0,0.5728272554632624
12,A,0.05,2,1,0.5891006375195305
12,A,0.05,2,2,0.2902860810908642
12,A,0.05,2,3,0.6793102748943884
12,A,0.05,2,4,0.1855281033085312
12,A,0.05,2,5,0.5750604138128447
12,A,0.05,2,6,-0.12587003506346894
12,A,0.05,2,7,0.7819924308416326
12,A,0.05,2,8,0.7992992193947538
12,A,0.05,2,9,0.25165665775889506
12,A,0.05,3,0,-0.010973138107091142
12,A,0.05,3,1,-0.14162689881220367
12,A,0.05,3,2,0.23964902438387542
12,A,0.05,3,3,0.5653702638696598
12,A,0.05,3,4,0.2893526215736546
12,A,0.05,3,5,0.19368565148278907
12,A,0.05,3,6,0.011262216742794222
12,A,0.05,3,7,0.027136981855215174
12,A,0.05,3,8,-0.04567280734818787
12,A,0.05,3,9,-0.07353904891489166
12,A,0.05,4,0,-0.5053100734145368
12,A,0.05,4,1,-0.3212487439912263
12,A,0.05,4,2,-0.21077005740371435
12,A,0.05,4,3,-0.3642422622694373
12,A,0.05,4,4,-0.2746959994571714
12,A,0.05,4,5,-0.9739418591051084
12,A,0.05,4,6,-0.3504719793496686
12,A,0.05,4,7,-0.8501691101354193
12,A,0.05,4,8,-0.55901384560814
12,A,0.05,4,9,-0.47008778830370396
12,A,0.05,5,0,0.7467627270400232
12,A,0.05,5,1,0.9206583748813839
12,A,0.05,5,2,0.5134810281838914
12,A,0.05,5,3,0.7512383798896769
12,A,0.05,5,4,0.7197872032814517
12,A,0.05,5,5,0.565654644763675
12,A,0.05,5,6,0.6920376610311737
12,A,0.05,5,7,0.9161302220834261
12,A,0.05,5,8,0.9380548193570045
12,A,0.05,5,9,0.7891946722648681
12,A,0.05,6,0,-0.3818112113822952
12,A,0.05,6,1,-0.18892890803407308
12,A,0.05,6,2,-0.3585774893335749
12,A,0.05,6,3,-0.33290957213937067
12,A,0.05,6,4,-0.3947503186618881
12,A,0.05,6,5,-0.5574017286186064
12,A,0.05,6,6,-0.020330763470486297
12,A,0.05,6,7,0.10547859100432688
12,A,0.05,6,8,0.01586456751766478
12,A,0.05,6,9,-0.013676154904178244
12,A,0.05,7,0,1.1959964965813006
12,A,0.05,7,1,1.2958595342523218
12,A,0.05,7,2,1.0783871767551452
12,A,0.05,7,3,1.2787305692066098
12,A,0.05,7,4,1.4211269203401173
12,A,0.05,7,5,1.1644182223620345
12,A,0.05,7,6,1.3950486119069496
12,A,0.05,7,7,1.176560178410321
12,A,0.05,7,8,1.2207346383652897
12,A,0.05,7,9,1.335528737948442
12,A,0.05,8,0,-0.3770375041131625
12,A,0.05,8,1,-0.22713622694349556
12,A,0.05,8,2,-0.37075197808064175
12,A,0.05,8,3,-0.15979974138487368
12,A,0.05,8,4,-0.7261930853101493
12,A,0.05,8,5,-0.3597960434287261
12,A,0.05,8,6,-0.3525919579580364
12,A,0.05,8,7,-0.42356967713717203
12,A,0.05,8,8,-0.5601991344192486
12,A,0.05,8,9,-0.19232201139045832
12,A,0.05,9,0,1.8722619615073972
12,A,0.05,9,1,0.9509383059912718
12,A,0.05,9,2,1.1088246474659509
12,A,0.05,9,3,0.9147435940337001
12,A,0.05,9,4,0.9719735690578228
12,A,0.05,9,5,1.6098913042939236
12,A,0.05,9,6,1.2976741749378171
12,A,0.05,9,7,1.9483378817285948
12,A,0.05,9,8,1.1393511615018013
12,A,0.05,9,9,1.4961628190047804
12,B,100,0,0,-0.4393519937140156
12,B,100,0,1,-0.3458260071999402
12,B,100,0,2,-0.2254395492066425
12,B,100,0,3,-0.5232595815174602
12,B,100,0,4,-0.12551350731713418
12,B,100,0,5,-0.30556702596953167
12,B,100,0,6,-0.23591445963091134
12,B,100,0,7,-0.07426254907324649
12,B,100,0,8,-0.44142791741488413
12,B,100,0,9,-0.49599959833082097
12,B,100,1,0,-0.03958233713447849
12,B,100,1,1,0.014739827563243307
12,B,100,1,2,-0.0037779783780025043
12,B,100,1,3,0.006284614321945395
12,B,100,1,4,-0.009319732067615542
12,B,100,1,5,-0.25063183892623525
12,B,100,1,6,-0.018278022725639
12,B,100,1,7,-0.09596967934343836
12,B,100,1,8,-0.6138548037457086
12,B,100,1,9,-0.024685293520966527
12,B,100,2,0,-0.8158888930999688
12,B,100,2,1,-0.8142886619151668
12,B,100,2,2,-0.3923334518852843
12,B,100,2,3,-0.7454339634172821
12,B,100,2,4,-1.0379995617683344
12,B,100,2,5,-0.5988249604693199
12,B,100,2,6,-1.5293776410191908
12,B,100,2,7,-0.8830017128929174
12,B,100,2,8,-1.2541666215334493
12,B,100,2,9,-1.2268062811770075
12,B,100,3,0,-0.24338761190089617
12,B,100,3,1,-0.17242501883987998
12,B,100,3,2,-0.17713095937194437
12,B,100,3,3,-0.22358902252450538
12,B,100,3,4,0.1127650390290713
12,B,100,3,5,-0.036026357914875455
12,B,100,3,6,0.059918311979400896
12,B,100,3,7,-0.27522237676510947
12,B,100,3,8,0.03384560569063044
12,B,100,3,9,-0.2286123841375656
12,B,100,4,0,-0.2982673128604577
12,B,100,4,1,-0.12395499879546051
12,B,100,4,2,-0.09651371591880323
12,B,100,4,3,-0.010265510868548069
12,B,100,4,4,-0.36915115136785914
12,B,100,4,5,0.1578858453181692
12,B,100,4,6,-0.2678570884247865
12,B,100,4,7,0.1296565866794185
12,B,100,4,8,-0.2267686808755668
12,B,100,4,9,0.37430607149796136
12,B,100,5,0,-0.18637088553788103
12,B,100,5,1,-0.1650697908973311
12,B,100,5,2,-0.13770743114424475
12,B,100,5,3,-0.12366202430539107
12,B,100,5,4,-0.06258581082151245
12,B,100,5,5,-0.0845141546445483
12,B,100,5,6,-0.08801162025853693
12,B,100,5,7,-0.06835283634934074
12,B,100,5,8,0.2888504929397044
12,B,100,5,9,0.3140527051043893
12,B,100,6,0,-2.0363751029224173
12,B,100,6,1,-0.8017697032839154
12,B,100,6,2,-1.1153657952379725
12,B,100,6,3,-0.9315057691389974
12,B,100,6,4,-1.1429407852187627
12,B,100,6,5,-1.259984575483456
12,B,100,6,6,-0.9041886537898679
12,B,100,6,7,-0.8175328233242629
12,B,100,6,8,-0.8991762787936083
12,B,100,6,9,-0.7713017064315653
12,B,100,7,0,0.4509888921504469
12,B,100,7,1,0.8308245380623862
12,B,100,7,2,0.14321223699995062
12,B,100,7,3,0.7344828417292513
12,B,100,7,4,0.9560584323788374
12,B,100,7,5,0.3261091703593492
12,B,100,7,6,0.8235338779035181
12,B,100,7,7,0.5694951992636963
12,B,100,7,8,1.066701524256069
12,B,100,7,9,0.611143515855682
12,B,100,8,0,1.065933041513644
12,B,100,8,1,0.7590069918332403
12,B,100,8,2,1.1845411617882289
12,B,100,8,3,0.9952457176504745
12,B,100,8,4,1.1312982215784646
12,B,100,8,5,0.7181197047709903
12,B,100,8,6,1.5525719361448291
12,B,100,8,7,1.4797876351546437
12,B,100,8,8,1.0670523342928615
12,B,100,8,9,1.1674239000069178
12,B,100,9,0,1.4277185377561015
12,B,100,9,1,1.1593348999750703
12,B,100,9,2,1.1146045626102299
12,B,100,9,3,1.271933252120785
12,B,100,9,4,1.0508689064241292
12,B,100,9,5,0.9317371129619183
12,B,100,9,6,1.297721521288878
12,B,100,9,7,1.4163396228032588
12,B,100,9,8,1.43406987551077
12,B,100,9,9,1.284684906628688
13,A,0.05,0,0,-0.8352661110558852
13,A,0.05,0,1,-0.936864490873848
13,A,0.05,0,2,-0.9305557651718007
13,A,0.05,0,3,-0.9079670940605165
13,A,0.05,0,4,-0.8499424778883483
13,A,0.05,0,5,-1.3264948539972543
13,A,0.05,0,6,-0.6506527059316749
13,A,0.05,0,7,-0.9966674463271158
13,A,0.05,0,8,-0.7773040910161261
13,A,0.05,0,9,-0.800913838512361
13,A,0.05,1,0,-0.4833047979766322
13,A,0.05,1,1,-0.4410572080176254
13,A,0.05,1,2,-0.34885105910913
13,A,0.05,1,3,-0.2880557559099689
13,A,0.05,1,4,-0.6051032804668198
13,A,0.05,1,5,-0.5565189872722293
13,A,0.05,1,6,-0.6348454078848911
13,A,0.05,1,7,-0.6532096650016359
13,A,0.05,1,8,-0.3101883236452363
13,A,0.05,1,9,-0.4171767014136025
13,A,0.05,2,0,-1.8028909760536638
13,A,0.05,2,1,-1.549835950164523
13,A,0.05,2,2,-1.567168578906836
13,A,0.05,2,3,-1.376519793753327
13,A,0.05,2,4,-1.621362870002487
13,A,0.05,2,5,-1.4714357317633255
13,A,0.05,2,6,-1.5068693899748216
13,A,0.05,2,7,-1.2775891108223312
13,A,0.05,2,8,-1.6692411884030494
13,A,0.05,2,9,-1.4265233559002235
13,A,0.05,3,0,-0.1039127685464194
13,A,0.05,3,1,-0.07332018995894318
13,A,0.05,3,2,0.0405059174740598
13,A,0.05,3,3,0.027971897132849137
13,A,0.05,3,4,-0.03385300970925565
13,A,0.05,3,5,-0.06735294475246854
13,A,0.05,3,6,0.6219551039520628
13,A,0.05,3,7,0.7513100904582138
13,A,0.05,3,8,0.62720896444602
13,A,0.05,3,9,0.7224604068967356
13,A,0.05,4,0,0.38560666859864656
13,A,0.05,4,1,0.3186375435476208
13,A,0.05,4,2,0.3422501805438479
13,A,0.05,4,3,0.6207583272425085
13,A,0.05,4,4,0.6245398338354674
13,A,0.05,4,5,0.441677317133374
13,A,0.05,4,6,0.8217676251260394
13,A,0.05,4,7,0.20967716423303448
13,A,0.05,4,8,0.25220688257947627
13,A,0.05,4,9,0.26900974085401946
13,A,0.05,5,0,0.17732073226871292
13,A,0.05,5,1,0.48964745563116274
13,A,0.05,5,2,0.48999026644793264
13,A,0.05,5,3,0.6661993147941827
13,A,0.05,5,4,0.2128270629265891
13,A,0.05,5,5,0.5054064016395913
13,A,0.05,5,6,0.306584280164583
13,A,0.05,5,7,0.14441169968954273
13,A,0.05,5,8,0.5743892732175582
13,A,0.05,5,9,0.661599408229874
13,A,0.05,6,0,-0.9572556727123982
13,A,0.05,6,1,-0.7311153947822021
13,A,0.05,6,2,-0.6364084851461105
13,A,0.05,6,3,-0.6395113525348097
13,A,0.05,6,4,-0.8404805188077122
13,A,0.05,6,5,-0.7991263251898818
13,A,0.05,6,6,-0.7982280403447103
13,A,0.05,6,7,-0.5643658797379881
13,A,0.05,6,8,-0.7597972326121571
13,A,0.05,6,9,-0.9036738543262567
13,A,0.05,7,0,1.1886640628365561
13,A,0.05,7,1,0.6312782884140943
13,A,0.05,7,2,1.1091671070107674
13,A,0.05,7,3,0.5942524005870119
13,A,0.05,7,4,1.3043156563183156
13,A,0.05,7,5,0.8998153957732854
13,A,0.05,7,6,0.7983925996801571
13,A,0.05,7,7,1.4505989069595417
13,A,0.05,7,8,1.217956076349885
13,A,0.05,7,9,1.265122510921764
13,A,0.05,8,0,0.40289997569405706
13,A,0.05,8,1,0.506597759372663
13,A,0.05,8,2,0.3576907427003448
13,A,0.05,8,3,0.8496688060934617
13,A,0.05,8,4,0.5975175688424958
13,A,0.05,8,5,0.3642674426500155
13,A,0.05,8,6,0.21268945201252437
13,A,0.05,8,7,0.3457529594609887
13,A,0.05,8,8,0.2258294270941706
13,A,0.05,8,9,0.3407549894201517
13,A,0.05,9,0,-0.038736322693207106
13,A,0.05,9,1,-0.06182949114091355
13,A,0.05,9,2,-0.017283040210761002
13,A,0.05,9,3,-0.001655290056937634
13,A,0.05,9,4,1.6286042374679552
13,A,0.05,9,5,1.6997871731511995
13,A,0.05,9,6,1.3862583062532108
13,A,0.05,9,7,-0.07876948552018151
13,A,0.05,9,8,1.5705964884328496
13,A,0.05,9,9,0.033509009507460004
13,B,100,0,0,1.770788262028176
13,B,100,0,1,-1.1177404586305513
13,B,100,0,2,1.471735947363734
13,B,100,0,3,-0.2817538935704121
13,B,100,0,4,0.08404266057904586
13,B,100,0,5,0.2977560396136119
13,B,100,0,6,1.3520854026734173
13,B,100,0,7,-0.6169243201414205
13,B,100,0,8,-0.5096870966850148
13,B,100,0,9,1.4602368988772472
13,B,100,1,0,0.9669476882727805
13,B,100,1,1,0.6595902811437339
13,B,100,1,2,1.5568045406751618
13,B,100,1,3,0.8243450852287755
13,B,100,1,4,1.2226143072292666
13,B,100,1,5,1.3987361614802876
13,B,100,1,6,1.316202501539666
13,B,100,1,7,1.0686748098850973
13,B,100,1,8,1.139622045145377
13,B,100,1,9,1.0971504178127487
13,B,100,2,0,-0.2999764175420389
13,B,100,2,1,-0.19500764495320366
13,B,100,2,2,-0.25933006582904367
13,B,100,2,3,-0.295466232886758
13,B,100,2,4,-0.09917784590231776
13,B,100,2,5,-0.25099175762480236
13,B,100,2,6,-0.3155116818338082
13,B,100,2,7,-0.12243657173869883
13,B,100,2,8,-0.30284596655243656
13,B,100,2,9,-0.10589686529221372
13,B,100,3,0,1.3299311797205733
13,B,100,3,1,0.5834862914951101
13,B,100,3,2,1.5011328893925175
13,B,100,3,3,0.9842338614207801
13,B,100,3,4,0.944591608088461
13,B,100,3,5,-0.05640588995296254
13,B,100,3,6,0.07517582351916124
13,B,100,3,7,0.9946716860092838
13,B,100,3,8,0.034051188525051075
13,B,100,3,9,1.5269459656366047
13,B,100,4,0,-1.0362508230829064
13,B,100,4,1,-1.1264874775909448
13,B,100,4,2,-0.9024953984488975
13,B,100,4,3,-1.1979297736170833
13,B,100,4,4,-0.6580654452734609
13,B,100,4,5,-0.7309889015805426
13,B,100,4,6,-1.0585368736931777
13,B,100,4,7,-0.6577923609812963
13,B,100,4,8,-0.7565467836822979
13,B,100,4,9,-0.559226646348739
13,B,100,5,0,0.9101507207186178
13,B,100,5,1,0.9772965271350416
13,B,100,5,2,1.3119509579016018
13,B,100,5,3,0.8420538314832176
13,B,100,5,4,0.9516515408969298
13,B,100,5,5,0.043729967841088804
13,B,100,5,6,0.020573453468206417
13,B,100,5,7,0.7159359877542121
13,B,100,5,8,1.1515129219084246
13,B,100,5,9,-0.04224921074077417
13,B,100,6,0,0.8199772007693489
13,B,100,6,1,0.8530518159135368
13,B,100,6,2,1.5048418047713
13,B,100,6,3,1.5763634416143795
13,B,100,6,4,1.144119284742844
13,B,100,6,5,1.2812120240125908
13,B,100,6,6,1.1040911467060055
13,B,100,6,7,1.359205731381223
13,B,100,6,8,1.540907981653994
13,B,100,6,9,1.9669870584002282
13,B,100,7,0,-1.0056418751948002
13,B,100,7,1,-1.1149516829504227
13,B,100,7,2,-0.9740410007578981
13,B,100,7,3,-1.3775256863635483
13,B,100,7,4,-1.3757984388445215
13,B,100,7,5,-0.894630726489309
13,B,100,7,6,-1.441548614889976
13,B,100,7,7,-0.9168915775506888
13,B,100,7,8,-0.828185706553304
13,B,100,7,9,-0.9976662944142991
13,B,100,8,0,-1.6195699747055985
13,B,100,8,1,-1.7669245246717828
13,B,100,8,2,-1.867236477195543
13,B,100,8,3,-1.4382666725321802
13,B,100,8,4,-1.638233151060463
13,B,100,8,5,-1.305116711513817
13,B,100,8,6,-1.7902542942181523
13,B,100,8,7,-1.6369422096342505
13,B,100,8,8,-1.3105136998150506
13,B,100,8,9,-1.4855999491129952
13,B,100,9,0,1.0577323459006711
13,B,100,9,1,0.7692267385656018
13,B,100,9,2,1.4174498421229391
13,B,100,9,3,0.7230030535472287
13,B,100,9,4,1.5541271541659567
13,B,100,9,5,1.4896382037001081
13,B,100,9,6,0.9073402124836117
13,B,100,9,7,1.2907101535710275
13,B,100,9,8,1.2078558417174619
13,B,100,9,9,1.226376750416936
14,A,0.05,0,0,1.2510537409697775
14,A,0.05,0,1,1.910054598277552
14,A,0.05,0,2,1.8400856996641068
14,A,0.05,0,3,2.105390759287569
14,A,0.05,0,4,1.293002466100613
14,A,0.05,0,5,1.7869162034796229
14,A,0.05,0,6,1.9736306444191802
14,A,0.05,0,7,1.89801521105306
14,A,0.05,0,8,1.2847736535087653
14,A,0.05,0,9,1.2614803660041018
14,A,0.05,1,0,-0.48926694614015814
14,A,0.05,1,1,-0.06941190879730445
14,A,0.05,1,2,-0.6701299406621526
14,A,0.05,1,3,-0.11288743868718042
14,A,0.05,1,4,-0.04189549713452442
14,A,0.05,1,5,-0.09028600905862666
14,A,0.05,1,6,-0.2923966225835095
14,A,0.05,1,7,0.001829182047881433
14,A,0.05,1,8,-0.06282378111298277
14,A,0.05,1,9,-0.11161343388028865
14,A,0.05,2,0,0.5074392671545054
14,A,0.05,2,1,0.42132448161383457
14,A,0.05,2,2,0.6674672216057328
14,A,0.05,2,3,-0.19752955920889592
14,A,0.05,2,4,0.42293389074254384
14,A,0.05,2,5,0.7534524844297621
14,A,0.05,2,6,0.3095240798814824
14,A,0.05,2,7,0.9117238423198178
14,A,0.05,2,8,0.9694145213662761
14,A,0.05,2,9,0.19676423330693454
14,A,0.05,3,0,-1.1481911129069229
14,A,0.05,3,1,-0.8576479025515483
14,A,0.05,3,2,-1.5978554035972958
14,A,0.05,3,3,-0.9369646139645195
14,A,0.05,3,4,0.11774881648328914
14,A,0.05,3,5,-0.14665145047711947
14,A,0.05,3,6,-0.8492448788769639
14,A,0.05,3,7,0.17032819577324362
14,A,0.05,3,8,-0.34042392217762407
14,A,0.05,3,9,-1.509539794871207
14,A,0.05,4,0,1.3927379740234318
14,A,0.05,4,1,2.445983093927049
14,A,0.05,4,2,3.440917751225139
14,A,0.05,4,3,1.5785764896533359
14,A,0.05,4,4,2.0137885581464214
14,A,0.05,4,5,2.238761014479998
14,A,0.05,4,6,2.3716744483132097
14,A,0.05,4,7,1.3958281899893155
14,A,0.05,4,8,2.540448684792818
14,A,0.05,4,9,2.0952141694253292
14,A,0.05,5,0,-0.9429707266388334
14,A,0.05,5,1,-0.3189359934268329
14,A,0.05,5,2,-0.3387115336194514
14,A,0.05,5,3,-0.2763967777750216
14,A,0.05,5,4,-0.12114560732977107
14,A,0.05,5,5,-0.35630342545827387
14,A,0.05,5,6,-0.055825068037753306
14,A,0.05,5,7,-0.13322250425069462
14,A,0.05,5,8,-0.0810995997732581
14,A,0.05,5,9,0.041506840683660486
14,A,0.05,6,0,-2.4206672995552645
14,A,0.05,6,1,-2.853017662959973
14,A,0.05,6,2,-3.071215131737482
14,A,0.05,6,3,-1.8605982715126383
14,A,0.05,6,4,-2.2373236408137713
14,A,0.05,6,5,-2.964687043804886
14,A,0.05,6,6,-2.7573153754266526
14,A,0.05,6,7,-2.356912581145519
14,A,0.05,6,8,-2.663672640150402
14,A,0.05,6,9,-3.22665223042997
14,A,0.05,7,0,0.10334605645505106
14,A,0.05,7,1,-0.10670568594257666
14,A,0.05,7,2,0.05058893536383085
14,A,0.05,7,3,-0.4606869665740718
14,A,0.05,7,4,0.08846268133619431
14,A,0.05,7,5,-0.12697091261811358
14,A,0.05,7,6,0.03223456007744271
14,A,0.05,7,7,-0.3347422913137963
14,A,0.05,7,8,-0.12639170983366643
14,A,0.05,7,9,-0.06898224389138413
14,A,0.05,8,0,0.08826314763409586
14,A,0.05,8,1,-0.21434880177861632
14,A,0.05,8,2,0.1783671961788396
14,A,0.05,8,3,0.016094097087037674
14,A,0.05,8,4,0.053728475808641846
14,A,0.05,8,5,0.8778257238377829
14,A,0.05,8,6,0.3752369009799263
14,A,0.05,8,7,0.7216210476545116
14,A,0.05,8,8,-0.7539964735399538
14,A,0.05,8,9,0.8317531561333334
14,A,0.05,9,0,-0.9987334090220955
14,A,0.05,9,1,-1.2585939013106848
14,A,0.05,9,2,-1.1658882232690606
14,A,0.05,9,3,-0.4205651033328799
14,A,0.05,9,4,-0.6105109879902065
14,A,0.05,9,5,-0.6063386338620955
14,A,0.05,9,6,-0.4957252030836198
14,A,0.05,9,7,-0.3136512642278274
14,A,0.05,9,8,-0.29096154465739726
14,A,0.05,9,9,-0.5098186381354094
14,B,100,0,0,0.010206412918966195
14,B,100,0,1,0.06598102188040374
14,B,100,0,2,0.072709454122084
14,B,100,0,3,0.0757965501745936
14,B,100,0,4,-0.004573038606939394
14,B,100,0,5,0.10167013598332757
14,B,100,0,6,0.09053276020371495
14,B,100,0,7,0.05422529370985929
14,B,100,0,8,0.08938257057389556
14,B,100,0,9,0.11482627402045836
14,B,100,1,0,-0.9619725389588695
14,B,100,1,1,-0.0984707914156875
14,B,100,1,2,-0.07460232975498411
14,B,100,1,3,-1.241016425620968
14,B,100,1,4,-0.762151618116425
14,B,100,1,5,-1.1823279234107775
14,B,100,1,6,-0.05673816200852357
14,B,100,1,7,-0.4285906928781218
14,B,100,1,8,-0.12758069521491622
14,B,100,1,9,-0.09529795598379491
14,B,100,2,0,-0.6912703295146707
14,B,100,2,1,-0.497316345262549
14,B,100,2,2,-0.5990775353896594
14,B,100,2,3,-0.5338028631332774
14,B,100,2,4,-0.6281518871234575
14,B,100,2,5,-0.5668668405032538
14,B,100,2,6,-0.4562588936429219
14,B,100,2,7,-0.4178294389348901
14,B,100,2,8,-0.5614622502651438
14,B,100,2,9,-0.4708203460694407
14,B,100,3,0,2.167990050416676
14,B,100,3,1,1.9651012769921012
14,B,100,3,2,2.0750090744377907
14,B,100,3,3,1.9719499738371478
14,B,100,3,4,2.258574498324589
14,B,100,3,5,1.7728363026109852
14,B,100,3,6,1.872828501170604
14,B,100,3,7,1.7677950319802618
14,B,100,3,8,2.216808362317565
14,B,100,3,9,2.155602177160557
14,B,100,4,0,0.5794391952701692
14,B,100,4,1,0.4998418041123483
14,B,100,4,2,0.21580163136529734
14,B,100,4,3,0.4850287988144873
14,B,100,4,4,0.4511323659191516
14,B,100,4,5,0.4335247923117783
14,B,100,4,6,0.09286192100857259
14,B,100,4,7,0.3352056342552433
14,B,100,4,8,0.3760507457009422
14,B,100,4,9,-0.01426942933652962
14,B,100,5,0,-0.8806437491097654
14,B,100,5,1,-0.6568740930821986
14,B,100,5,2,-0.9730358113272385
14,B,100,5,3,-0.7821526079426279
14,B,100,5,4,-0.6968331908664156
14,B,100,5,5,-0.9181672280044015
14,B,100,5,6,-0.7513597445876061
14,B,100,5,7,-0.6790357859753656
14,B,100,5,8,-0.6286839963080578
14,B,100,5,9,-0.8914349797231275
14,B,100,6,0,-1.1560095946130913
14,B,100,6,1,-1.0298919055065776
14,B,100,6,2,-1.0647712135474556
14,B,100,6,3,-1.0226561428839398
14,B,100,6,4,-0.8685120479031949
14,B,100,6,5,-1.1488044956572687
14,B,100,6,6,-0.8935463707309472
14,B,100,6,7,-0.8384595031569217
14,B,100,6,8,-0.8069721245845256
14,B,100,6,9,-0.7694657521288066
14,B,100,7,0,-0.8473802966026738
14,B,100,7,1,1.2386692943816318
14,B,100,7,2,1.1867275681509912
14,B,100,7,3,-0.34667137103638296
14,B,100,7,4,-0.20690841523658016
14,B,100,7,5,-0.1311973616806432
14,B,100,7,6,0.7519632875388749
14,B,100,7,7,0.8733196038512437
14,B,100,7,8,1.3163494580675696
14,B,100,7,9,0.13501675857053014
14,B,100,8,0,-0.5899058288524865
14,B,100,8,1,-0.012384502958293409
14,B,100,8,2,-0.5970483827070536
14,B,100,8,3,0.0013463801119308141
14,B,100,8,4,-0.6621124868579565
14,B,100,8,5,-0.32096154111207237
14,B,100,8,6,-0.3037796153698939
14,B,100,8,7,-0.06311286382046667
14,B,100,8,8,-0.5334605250623737
14,B,100,8,9,0.01731947086669871
14,B,100,9,0,-0.3677541735559433
14,B,100,9,1,-0.551189803192608
14,B,100,9,2,-0.3099180009071509
14,B,100,9,3,-0.8588910903124123
14,B,100,9,4,-0.6187571788299284
14,B,100,9,5,-1.4535601193660082
14,B,100,9,6,-1.079969330999286
14,B,100,9,7,-0.2054403692593264
14,B,100,9,8,-0.9614502368924771
14,B,100,9,9,-0.9486224264896007
15,A,0.05,0,0,-0.1978661626195729
15,A,0.05,0,1,-0.12358079194665235
15,A,0.05,0,2,0.552632022299474
15,A,0.05,0,3,0.3296623608440476
15,A,0.05,0,4,0.3735203973415273
15,A,0.05,0,5,0.5327842731786572
15,A,0.05,0,6,0.528080966324231
15,A,0.05,0,7,-0.21422484245526136
15,A,0.05,0,8,0.44070146386193
15,A,0.05,0,9,0.24827831645735646
15,A,0.05,1,0,0.8454668737321723
15,A,0.05,1,1,1.0078691172368575
15,A,0.05,1,2,0.9419512012994383
15,A,0.05,1,3,1.07629193688718
15,A,0.05,1,4,0.9042645185258633
15,A,0.05,1,5,0.3500531825901399
15,A,0.05,1,6,0.7777939150734693
15,A,0.05,1,7,0.8191470558459923
15,A,0.05,1,8,0.948057326695737
15,A,0.05,1,9,0.7601498075345045
15,A,0.05,2,0,-0.7086132165558217
15,A,0.05,2,1,-0.5269882254224132
15,A,0.05,2,2,-0.6832904665600458
15,A,0.05,2,3,-0.16966993040522219
15,A,0.05,2,4,-0.47148819479232723
15,A,0.05,2,5,-0.4067227125927402
15,A,0.05,2,6,-0.4417119168476429
15,A,0.05,2,7,-0.5716220418713798
15,A,0.05,2,8,-0.44623370222437286
15,A,0.05,2,9,-0.5311633994555809
15,A,0.05,3,0,0.05444854324257717
15,A,0.05,3,1,0.07258224996313083
15,A,0.05,3,2,0.13084932892307463
15,A,0.05,3,3,0.027762533218034697
15,A,0.05,3,4,0.06219729850366013
15,A,0.05,3,5,0.04516223661786187
15,A,0.05,3,6,0.06040533751115987
15,A,0.05,3,7,0.03421053871227228
15,A,0.05,3,8,0.2568591090454233
15,A,0.05,3,9,0.28947463672181406
15,A,0.05,4,0,0.24746174813049127
15,A,0.05,4,1,0.07804361979082836
15,A,0.05,4,2,-0.007835640478537654
15,A,0.05,4,3,0.22295107912374185
15,A,0.05,4,4,-0.08204331161492812
15,A,0.05,4,5,0.07813702946127296
15,A,0.05,4,6,-0.024355818895659624
15,A,0.05,4,7,0.14176046733814018
15,A,0.05,4,8,-0.06688096148214237
15,A,0.05,4,9,0.21018982647827647
15,A,0.05,5,0,0.29115806270914524
15,A,0.05,5,1,-0.04623736666179815
15,A,0.05,5,2,0.314109773752053
15,A,0.05,5,3,0.39108218016140306
15,A,0.05,5,4,0.33073322914643644
15,A,0.05,5,5,0.20168569931129726
15,A,0.05,5,6,-0.08223736872866251
15,A,0.05,5,7,0.37340399187060336
15,A,0.05,5,8,0.25404344126907175
15,A,0.05,5,9,0.2754551995956549
15,A,0.05,6,0,-0.7163082841313585
15,A,0.05,6,1,-0.7502778463433573
15,A,0.05,6,2,-0.14369660989656208
15,A,0.05,6,3,-0.7068743378542915
15,A,0.05,6,4,-0.7615739204949227
15,A,0.05,6,5,-0.4141835964470236
15,A,0.05,6,6,-0.3946187524963679
15,A,0.05,6,7,-0.7060545136836058
15,A,0.05,6,8,-0.32934832413997805
15,A,0.05,6,9,-0.6801514390076252
15,A,0.05,7,0,-0.27684544870992056
15,A,0.05,7,1,-0.2283668296760049
15,A,0.05,7,2,-0.7310487956805308
15,A,0.05,7,3,-0.4874182505725306
15,A,0.05,7,4,0.18342996492015648
15,A,0.05,7,5,0.12909025846543762
15,A,0.05,7,6,0.04319609273662141
15,A,0.05,7,7,-0.35484260017089403
15,A,0.05,7,8,0.3642001340991571
15,A,0.05,7,9,0.2878238994142094
15,A,0.05,8,0,1.5309287458869703
15,A,0.05,8,1,2.1653766338597897
15,A,0.05,8,2,2.128313899162906
15,A,0.05,8,3,1.1404126461093134
15,A,0.05,8,4,1.402315084923961
15,A,0.05,8,5,1.9492212846103945
15,A,0.05,8,6,1.6672037961139157
15,A,0.05,8,7,2.013120554373644
15,A,0.05,8,8,1.6852450746801513
15,A,0.05,8,9,1.634248620186347
15,A,0.05,9,0,-0.9982312204919153
15,A,0.05,9,1,-1.2884337513268986
15,A,0.05,9,2,-0.6496326042935789
15,A,0.05,9,3,-0.3290012020009007
15,A,0.05,9,4,-0.860650222928095
15,A,0.05,9,5,-0.8566278222531644
15,A,0.05,9,6,-1.1403817171111919
15,A,0.05,9,7,-0.7934205075594214
15,A,0.05,9,8,-1.0692237760284622
15,A,0.05,9,9,-1.3578751674154659
15,B,100,0,0,5.499107688449063
15,B,100,0,1,5.234416790924169
15,B,100,0,2,5.7212201334611
15,B,100,0,3,4.834106453761678
15,B,100,0,4,5.821681666163992
15,B,100,0,5,4.7152020792831175
15,B,100,0,6,4.663377135708262
15,B,100,0,7,3.9988813650370214
15,B,100,0,8,4.5098207942990225
15,B,100,0,9,3.7875841491034548
15,B,100,1,0,1.8534597461478801
15,B,100,1,1,1.784891802952689
15,B,100,1,2,1.2817527614680764
15,B,100,1,3,1.510534128755673
15,B,100,1,4,1.9636086092091347
15,B,100,1,5,1.8264733266651094
15,B,100,1,6,1.214944906166121
15,B,100,1,7,1.4563782639921863
15,B,100,1,8,1.6521809630413273
15,B,100,1,9,1.3250183268790507
15,B,100,2,0,-0.7072376936831557
15,B,100,2,1,-0.43637659716765664
15,B,100,2,2,-0.5790443149300661
15,B,100,2,3,-0.7706348973018307
15,B,100,2,4,-0.6194633310639378
15,B,100,2,5,-0.6801124440171775
15,B,100,2,6,-0.43007577876574254
15,B,100,2,7,-0.7195157447917269
15,B,100,2,8,-0.7037699890301288
15,B,100,2,9,-0.49415316787984453
15,B,100,3,0,-0.22728163687656489
15,B,100,3,1,0.10014034948009062
15,B,100,3,2,-0.6082601272930742
15,B,100,3,3,-0.09038291740095372
15,B,100,3,4,-0.5996839347570324
15,B,100,3,5,-0.3674816576317282
15,B,100,3,6,-0.33798393583261677
15,B,100,3,7,-0.7231502365902464
15,B,100,3,8,-0.3462176380715042
15,B,100,3,9,-0.618386006476583
15,B,100,4,0,-0.03688029680831796
15,B,100,4,1,-0.8034918677656675
15,B,100,4,2,-0.3701817848954872
15,B,100,4,3,-0.27126955680085835
15,B,100,4,4,-0.22337329003847306
15,B,100,4,5,-0.36423355658870676
15,B,100,4,6,-0.17136288695198515
15,B,100,4,7,0.11646475190960517
15,B,100,4,8,-0.15081613506725672
15,B,100,4,9,-0.17993468347290584
15,B,100,5,0,-0.509535700120353
15,B,100,5,1,-0.6010692962317259
15,B,100,5,2,-0.4874181497505668
15,B,100,5,3,-0.3587709168212657
15,B,100,5,4,-0.3262579539721141
15,B,100,5,5,-0.47329007804497564
15,B,100,5,6,-0.1371549816102928
15,B,100,5,7,-0.57444716531154
15,B,100,5,8,-0.6243582352943559
15,B,100,5,9,-0.5551126545275961
15,B,100,6,0,0.25120145913380687
15,B,100,6,1,0.5125605785269483
15,B,100,6,2,-0.16513523517712483
15,B,100,6,3,0.754258608040612
15,B,100,6,4,0.38737647203370995
15,B,100,6,5,0.8893684070274922
15,B,100,6,6,0.4009263737206794
15,B,100,6,7,-0.0019932483932474793
15,B,100,6,8,0.9303156680469261
15,B,100,6,9,0.4010472079707596
15,B,100,7,0,-0.14455438037600624
15,B,100,7,1,-0.13837729308522886
15,B,100,7,2,-0.12032168520346191
15,B,100,7,3,0.015706271692906768
15,B,100,7,4,-0.17030259452443053
15,B,100,7,5,-0.031851082587691634
15,B,100,7,6,0.016610281864587618
15,B,100,7,7,-0.00921921671132265
15,B,100,7,8,0.023055546438217393
15,B,100,7,9,-0.022187105364942887
15,B,100,8,0,-0.5892267620109028
15,B,100,8,1,-0.8814486540053239
15,B,100,8,2,-0.37561997849490075
15,B,100,8,3,-0.6468720238131316
15,B,100,8,4,-0.17015828829483085
15,B,100,8,5,-0.7173395856916759
15,B,100,8,6,-0.5630225825337624
15,B,100,8,7,-0.538389587199229
15,B,100,8,8,-0.62012972171115
15,B,100,8,9,-0.6792010839429159
15,B,100,9,0,1.2176909950310673
15,B,100,9,1,0.9460942144760409
15,B,100,9,2,0.6620770037192425
15,B,100,9,3,0.6733577428885894
15,B,100,9,4,1.060780844501466
15,B,100,9,5,0.994323894035643
15,B,100,9,6,0.8457566833349308
15,B,100,9,7,1.079223559336742
15,B,100,9,8,1.0520260723354211
15,B,100,9,9,0.519873742996559
16,A,0.05,0,0,1.8815034475350598
16,A,0.05,0,1,1.5060481100397825
16,A,0.05,0,2,1.6078450774836726
16,A,0.05,0,3,0.7528214074162886
16,A,0.05,0,4,1.374880852810546
16,A,0.05,0,5,1.207983007514166
16,A,0.05,0,6,1.4855495962180119
16,A,0.05,0,7,1.72351574014925
16,A,0.05,0,8,1.2717841287011828
16,A,0.05,0,9,1.5816853400600848
16,A,0.05,1,0,1.2640298554144307
16,A,0.05,1,1,1.8228334179121364
16,A,0.05,1,2,1.7553996432495362
16,A,0.05,1,3,1.860590152214143
16,A,0.05,1,4,1.726122041032166
16,A,0.05,1,5,1.7044012495488075
16,A,0.05,1,6,2.098653576622778
16,A,0.05,1,7,1.621502839082543
16,A,0.05,1,8,1.756013433373324
16,A,0.05,1,9,1.6123204948337886
16,A,0.05,2,0,0.4396912867960745
16,A,0.05,2,1,-0.1431809837374596
16,A,0.05,2,2,0.3862085368575807
16,A,0.05,2,3,0.4464880793214087
16,A,0.05,2,4,0.33493744117130875
16,A,0.05,2,5,0.44768073951847254
16,A,0.05,2,6,0.16324694445879315
16,A,0.05,2,7,0.37607424771771125
16,A,0.05,2,8,-0.38701595535037747
16,A,0.05,2,9,0.3131190261725376
16,A,0.05,3,0,0.9711174419092158
16,A,0.05,3,1,1.2564703830198456
16,A,0.05,3,2,0.9315618384081309
16,A,0.05,3,3,1.148618911181791
16,A,0.05,3,4,0.9674762442924935
16,A,0.05,3,5,1.728679153044255
16,A,0.05,3,6,0.8633431151265042
16,A,0.05,3,7,1.1922543760886684
16,A,0.05,3,8,1.9725422295632975
16,A,0.05,3,9,0.9827340594103263
16,A,0.05,4,0,0.004655662620952083
16,A,0.05,4,1,0.05430296158776082
16,A,0.05,4,2,0.13776994705176926
16,A,0.05,4,3,-0.11203882664160619
16,A,0.05,4,4,0.04653661452603811
16,A,0.05,4,5,0.05553952571168804
16,A,0.05,4,6,0.09150346999400773
16,A,0.05,4,7,0.12508526483749915
16,A,0.05,4,8,0.1492412022028907
16,A,0.05,4,9,0.12801264812597332
16,A,0.05,5,0,-0.6072481370882943
16,A,0.05,5,1,-0.5638664040813117
16,A,0.05,5,2,-0.632756689483266
16,A,0.05,5,3,-0.020084531466652747
16,A,0.05,5,4,0.030374423075843635
16,A,0.05,5,5,-0.20831263954196522
16,A,0.05,5,6,1.4501686318771732
16,A,0.05,5,7,0.4746869897694188
16,A,0.05,5,8,0.37647520883349067
16,A,0.05,5,9,0.4877161493693116
16,A,0.05,6,0,-0.2747013650313283
16,A,0.05,6,1,0.41267367497283247
16,A,0.05,6,2,0.5305495161102335
16,A,0.05,6,3,-0.5181097482183309
16,A,0.05,6,4,0.11788062185286252
16,A,0.05,6,5,0.18415142525132214
16,A,0.05,6,6,0.4998473760187042
16,A,0.05,6,7,0.5380028732400703
16,A,0.05,6,8,0.7112324270074057
16,A,0.05,6,9,0.42763900593864435
16,A,0.05,7,0,1.482011979048486
16,A,0.05,7,1,1.9396167706501037
16,A,0.05,7,2,0.9816150030580681
16,A,0.05,7,3,1.0916385215885116
16,A,0.05,7,4,1.2298685805798244
16,A,0.05,7,5,1.4828746966027637
16,A,0.05,7,6,1.3250701479861324
16,A,0.05,7,7,0.900189572036125
16,A,0.05,7,8,1.0569099682684138
16,A,0.05,7,9,2.068316538482347
16,A,0.05,8,0,0.7694572834727454
16,A,0.05,8,1,1.5488645883515002
16,A,0.05,8,2,0.6712401968489451
16,A,0.05,8,3,1.126680431491092
16,A,0.05,8,4,1.409588514555212
16,A,0.05,8,5,0.902482875922657
16,A,0.05,8,6,1.2790424326404202
16,A,0.05,8,7,0.8589375414421137
16,A,0.05,8,8,0.9353972499496563
16,A,0.05,8,9,1.0267866729712876
16,A,0.05,9,0,0.5778464707300461
16,A,0.05,9,1,0.6431423560445032
16,A,0.05,9,2,0.2833273244326502
16,A,0.05,9,3,0.5967197177663761
16,A,0.05,9,4,1.1205807108019723
16,A,0.05,9,5,0.6713841887304521
16,A,0.05,9,6,0.5812813133834334
16,A,0.05,9,7,0.36372247041869465
16,A,0.05,9,8,1.3281111590423111
16,A,0.05,9,9,0.5568294941096001
16,B,100,0,0,1.4657217894599475
16,B,100,0,1,0.9556852175108502
16,B,100,0,2,1.1548779342126614
16,B,100,0,3,1.1218413695154217
16,B,100,0,4,1.1906759473751989
16,B,100,0,5,1.674184164482716
16,B,100,0,6,1.4984894728533156
16,B,100,0,7,1.2972224576744917
16,B,100,0,8,1.4225131059734915
16,B,100,0,9,1.4107848609003808
16,B,100,1,0,0.02165018182002426
16,B,100,1,1,0.026253835575342357
16,B,100,1,2,0.024830178583320976
16,B,100,1,3,0.026380116064506874
16,B,100,1,4,-0.33159151541130966
16,B,100,1,5,0.04013772821341206
16,B,100,1,6,0.02224696192317211
16,B,100,1,7,0.032356432692614505
16,B,100,1,8,0.018300095361754237
16,B,100,1,9,0.00173738236173841
16,B,100,2,0,1.5887545764566104
16,B,100,2,1,1.59188863442241
16,B,100,2,2,1.011892285588777
16,B,100,2,3,0.1661984405780525
16,B,100,2,4,1.8124418877384505
16,B,100,2,5,1.292463407894761
16,B,100,2,6,0.43214320035952825
16,B,100,2,7,0.22585404468543557
16,B,100,2,8,0.5831118417286674
16,B,100,2,9,0.6800224750341117
16,B,100,3,0,-0.659104607520369
16,B,100,3,1,-0.6639578915334147
16,B,100,3,2,-0.9729839093387757
16,B,100,3,3,-0.9763492301780871
16,B,100,3,4,-0.22954696760020427
16,B,100,3,5,-0.036019520830432146
16,B,100,3,6,-0.6765151845242972
16,B,100,3,7,-1.1777902338675152
16,B,100,3,8,-1.2011604711921422
16,B,100,3,9,-0.6433648137694358
16,B,100,4,0,-1.0304610191434997
16,B,100,4,1,-0.04052932223198522
16,B,100,4,2,-0.37197682510950414
16,B,100,4,3,-0.29123820334777034
16,B,100,4,4,-0.00335268652577818
16,B,100,4,5,-0.14892885975492778
16,B,100,4,6,-0.27892672881958575
16,B,100,4,7,-0.7956430136056055
16,B,100,4,8,-0.23628260394751344
16,B,100,4,9,-0.18724267639687922
16,B,100,5,0,1.1712241127439
16,B,100,5,1,1.2692400430319133
16,B,100,5,2,1.22592536085799
16,B,100,5,3,1.2432716979076088
16,B,100,5,4,0.718228956716806
16,B,100,5,5,1.6282205231868725
16,B,100,5,6,1.2273233654876057
16,B,100,5,7,1.5870440527824432
16,B,100,5,8,1.6254082139938264
16,B,100,5,9,0.9976540901907702
16,B,100,6,0,0.4199402530000177
16,B,100,6,1,0.015508410146435775
16,B,100,6,2,0.266589261708273
16,B,100,6,3,-0.013528746014732067
16,B,100,6,4,0.04107412859347423
16,B,100,6,5,0.4217712102376969
16,B,100,6,6,0.0722883772300242
16,B,100,6,7,0.1842097225854635
16,B,100,6,8,0.1291722959741319
16,B,100,6,9,-0.19342185324167124
16,B,100,7,0,-0.501341494848351
16,B,100,7,1,-0.39702023466128566
16,B,100,7,2,-0.923608971011162
16,B,100,7,3,-0.25334818773868817
16,B,100,7,4,-0.4056651058686131
16,B,100,7,5,-0.5591577820576085
16,B,100,7,6,-0.0653503546042959
16,B,100,7,7,-0.4246118398772819
16,B,100,7,8,-0.47027136022382454
16,B,100,7,9,0.01281401640631221
16,B,100,8,0,0.4636626029662147
16,B,100,8,1,0.3677343795312031
16,B,100,8,2,0.07820922844648584
16,B,100,8,3,-0.23661448565620027
16,B,100,8,4,0.4945450146244304
16,B,100,8,5,0.5702330489182474
16,B,100,8,6,0.012926308881414312
16,B,100,8,7,0.2833421267778009
16,B,100,8,8,0.6280325640095277
16,B,100,8,9,-0.06234073110228109
16,B,100,9,0,-0.4655032986966823
16,B,100,9,1,-0.35917294245974535
16,B,100,9,2,-0.35682805915829896
16,B,100,9,3,-0.46715973473594313
16,B,100,9,4,-0.481829380076133
16,B,100,9,5,-0.4758236648615933
16,B,100,9,6,-0.34490976886356023
16,B,100,9,7,-0.2720736136385896
16,B,100,9,8,-0.24186412086333048
16,B,100,9,9,-0.07124356776264294
17,A,0.05,0,0,-0.27062106724816
17,A,0.05,0,1,-0.2218182686455738
17,A,0.05,0,2,-0.15451512670364062
17,A,0.05,0,3,-0.1721332807730827
17,A,0.05,0,4,-0.5380333713958082
17,A,0.05,0,5,-0.15377371938241022
17,A,0.05,0,6,-0.2329949419940554
17,A,0.05,0,7,-0.5326495586566768
17,A,0.05,0,8,-0.14056380952196104
17,A,0.05,0,9,-0.1943264239026081
17,A,0.05,1,0,1.6942374795606998
17,A,0.05,1,1,1.0501888598158986
17,A,0.05,1,2,1.1285534179593566
17,A,0.05,1,3,1.7772940456213722
17,A,0.05,1,4,1.243876526844951
17,A,0.05,1,5,1.5308012691840447
17,A,0.05,1,6,1.7963268282926026
17,A,0.05,1,7,1.636803664922208
17,A,0.05,1,8,2.050498205673049
17,A,0.05,1,9,1.4741676084103885
17,A,0.05,2,0,0.07686048257716116
17,A,0.05,2,1,-0.07334231532335325
17,A,0.05,2,2,-0.14425334732847994
17,A,0.05,2,3,0.06707543819037537
17,A,0.05,2,4,0.0746129638261663
17,A,0.05,2,5,0.0962322808997114
17,A,0.05,2,6,0.40665882069023185
17,A,0.05,2,7,0.3786882739678827
17,A,0.05,2,8,0.6356973330568481
17,A,0.05,2,9,-0.17856754795065802
17,A,0.05,3,0,-0.3124427124175688
17,A,0.05,3,1,0.11185093463057216
17,A,0.05,3,2,-0.2866361838803062
17,A,0.05,3,3,-0.6520606811302623
17,A,0.05,3,4,-0.06313220754741632
17,A,0.05,3,5,-0.10926685064061827
17,A,0.05,3,6,-0.3565098737588434
17,A,0.05,3,7,-0.21264508723498673
17,A,0.05,3,8,-0.13321127134450214
17,A,0.05,3,9,-0.5850340002918297
17,A,0.05,4,0,-2.283923918199984
17,A,0.05,4,1,-3.4033028602652777
17,A,0.05,4,2,-2.4697675112141093
17,A,0.05,4,3,-2.4271475138948535
17,A,0.05,4,4,-1.9832194446488112
17,A,0.05,4,5,-3.046253123849706
17,A,0.05,4,6,-2.1231681522114902
17,A,0.05,4,7,-1.9326280750595826
17,A,0.05,4,8,-1.876110348675213
17,A,0.05,4,9,-3.0644052282637317
17,A,0.05,5,0,-0.15417448797372288
17,A,0.05,5,1,-0.0743035084091695
17,A,0.05,5,2,0.1580234580400666
17,A,0.05,5,3,0.21715547386802322
17,A,0.05,5,4,-0.20928273634213024
17,A,0.05,5,5,0.25661580310939197
17,A,0.05,5,6,0.12327485518585739
17,A,0.05,5,7,-0.08972430822741442
17,A,0.05,5,8,-0.07619635950270844
17,A,0.05,5,9,-0.17272628416145153
17,A,0.05,6,0,-0.12082214161797704
17,A,0.05,6,1,0.15744560657807555
17,A,0.05,6,2,-0.40604931050971194
17,A,0.05,6,3,-0.03983004473821442
17,A,0.05,6,4,-0.1412592334287748
17,A,0.05,6,5,-0.053249100284535965
17,A,0.05,6,6,0.05840970787462278
17,A,0.05,6,7,-0.052329823073539
17,A,0.05,6,8,-0.3369917994158787
17,A,0.05,6,9,0.008179860630362171
17,A,0.05,7,0,1.1819948345534643
17,A,0.05,7,1,0.9340549573847966
17,A,0.05,7,2,0.6778250122340507
17,A,0.05,7,3,0.48930452235769395
17,A,0.05,7,4,0.9208785561261914
17,A,0.05,7,5,0.7879408818674588
17,A,0.05,7,6,1.1433546941796817
17,A,0.05,7,7,0.3318647007811187
17,A,0.05,7,8,1.1842944325184281
17,A,0.05,7,9,1.4618229121077817
17,A,0.05,8,0,-0.24205927189231471
17,A,0.05,8,1,-0.6189000105583599
17,A,0.05,8,2,-0.9989978436246391
17,A,0.05,8,3,-1.1857403367351578
17,A,0.05,8,4,-1.0831029186880854
17,A,0.05,8,5,-1.090127165652575
17,A,0.05,8,6,-0.9351130323047947
17,A,0.05,8,7,-0.6906855969256007
17,A,0.05,8,8,-1.4212172809539814
17,A,0.05,8,9,-0.692788010420377
17,A,0.05,9,0,-0.45114472856228793
17,A,0.05,9,1,-0.8950545629054143
17,A,0.05,9,2,0.23208108077367612
17,A,0.05,9,3,-0.872150198086385
17,A,0.05,9,4,0.4332264016566132
17,A,0.05,9,5,0.08543050085153224
17,A,0.05,9,6,-0.09483272162215255
17,A,0.05,9,7,0.5382890079589661
17,A,0.05,9,8,-0.2617040795378769
17,A,0.05,9,9,0.39851997308796466
17,B,100,0,0,0.30765971584207397
17,B,100,0,1,0.03835290661515608
17,B,100,0,2,0.08896103471171907
17,B,100,0,3,0.18151137714496896
17,B,100,0,4,0.39230786245750643
17,B,100,0,5,0.3169794111433114
17,B,100,0,6,0.33088159116192756
17,B,100,0,7,0.011305192160625891
17,B,100,0,8,0.5541052191859265
17,B,100,0,9,0.3193448227833884
17,B,100,1,0,1.1675985212302096
17,B,100,1,1,0.515875559409197
17,B,100,1,2,1.0477551902408775
17,B,100,1,3,0.9922158116450237
17,B,100,1,4,0.8286310148334763
17,B,100,1,5,0.5613949852996969
17,B,100,1,6,1.0445266030066929
17,B,100,1,7,0.6238754283655059
17,B,100,1,8,0.6026702739064075
17,B,100,1,9,0.6147877393610192
17,B,100,2,0,0.3281956894137087
17,B,100,2,1,-0.3967814705240554
17,B,100,2,2,-0.04943031402222332
17,B,100,2,3,-0.10691705201922055
17,B,100,2,4,0.3903740885379267
17,B,100,2,5,0.14443339272769642
17,B,100,2,6,-1.2126348274983907
17,B,100,2,7,-0.10202447039058048
17,B,100,2,8,-1.0291094542867314
17,B,100,2,9,-0.03870261767297145
17,B,100,3,0,-0.5033695950319574
17,B,100,3,1,-0.6893190198927637
17,B,100,3,2,-0.28852735201181984
17,B,100,3,3,-0.33814662471764156
17,B,100,3,4,-0.5016166315613112
17,B,100,3,5,-0.6022453004908473
17,B,100,3,6,-0.38453202900411865
17,B,100,3,7,-0.5387326084171026
17,B,100,3,8,-0.6542479946502664
17,B,100,3,9,-0.5844049820134322
17,B,100,4,0,-0.2586848914573265
17,B,100,4,1,0.3405323285916516
17,B,100,4,2,0.21279628799669056
17,B,100,4,3,0.14001223803170462
17,B,100,4,4,-0.33918418461042155
17,B,100,4,5,-0.217279452055921
17,B,100,4,6,-0.1070081898870197
17,B,100,4,7,0.44772408663765695
17,B,100,4,8,-0.1694823207285377
17,B,100,4,9,0.24959675398963052
17,B,100,5,0,-0.004196007287404813
17,B,100,5,1,-0.02225256132017855
17,B,100,5,2,-0.011288662251948816
17,B,100,5,3,-0.015790641272128595
17,B,100,5,4,0.019959401627953493
17,B,100,5,5,-0.16644964481277846
17,B,100,5,6,0.034074840307738684
17,B,100,5,7,-0.030905710771238104
17,B,100,5,8,0.044327300988850675
17,B,100,5,9,-0.01162633873937778
17,B,100,6,0,-0.6739298131883908
17,B,100,6,1,-0.320401361031337
17,B,100,6,2,-0.3606868926667282
17,B,100,6,3,0.5404972478516683
17,B,100,6,4,0.01618534751509784
17,B,100,6,5,0.4948581674903372
17,B,100,6,6,0.3833547734096586
17,B,100,6,7,0.4303361260447821
17,B,100,6,8,0.7448009356799549
17,B,100,6,9,0.2908861420278884
17,B,100,7,0,1.4558392377960256
17,B,100,7,1,1.203189602341172
17,B,100,7,2,1.4639936122685628
17,B,100,7,3,1.4986643854253003
17,B,100,7,4,1.4528627190385495
17,B,100,7,5,1.5630772624059928
17,B,100,7,6,1.385439905461135
17,B,100,7,7,1.3042997546884478
17,B,100,7,8,1.3517935068241054
17,B,100,7,9,1.2132562279955759
17,B,100,8,0,-0.8894638251028358
17,B,100,8,1,-0.9008891719008658
17,B,100,8,2,-1.2242137152962769
17,B,100,8,3,-0.8008059538314587
17,B,100,8,4,-0.8475136181333608
17,B,100,8,5,-1.0002688037793586
17,B,100,8,6,-0.890431808313828
17,B,100,8,7,-0.7627066441545506
17,B,100,8,8,-0.9908830636439099
17,B,100,8,9,-0.825932030476624
17,B,100,9,0,0.40190090078580676
17,B,100,9,1,0.5993957498467979
17,B,100,9,2,0.5394821467409004
17,B,100,9,3,0.49664695041617984
17,B,100,9,4,0.4462930021558585
17,B,100,9,5,0.406143965975594
17,B,100,9,6,0.3443192645772009
17,B,100,9,7,0.03256085141396203
17,B,100,9,8,0.36762199931952705
17,B,100,9,9,0.5045898086861618
18,A,0.05,0,0,-0.0025642736011166345
18,A,0.05,0,1,0.2013774450996326
18,A,0.05,0,2,-0.32822485189671574
18,A,0.05,0,3,0.5454824508084806
18,A,0.05,0,4,0.019342016286557722
18,A,0.05,0,5,0.2290595007010527
18,A,0.05,0,6,-0.2354815474266274
18,A,0.05,0,7,0.10478887664131746
18,A,0.05,0,8,0.6477111565178864
18,A,0.05,0,9,0.356474250154085
18,A,0.05,1,0,0.059241704597616594
18,A,0.05,1,1,-0.009339246800261916
18,A,0.05,1,2,-0.02209402918521711
18,A,0.05,1,3,0.0916641014141792
18,A,0.05,1,4,0.04684172323247227
18,A,0.05,1,5,0.07159489615305724
18,A,0.05,1,6,0.10797860366973391
18,A,0.05,1,7,-0.036181029647686214
18,A,0.05,1,8,-0.016217092719537033
18,A,0.05,1,9,0.12936665464910843
18,A,0.05,2,0,-0.27075285508310076
18,A,0.05,2,1,-0.475213661394255
18,A,0.05,2,2,-0.14705255538904222
18,A,0.05,2,3,-0.4026926883941576
18,A,0.05,2,4,-0.5201749672998403
18,A,0.05,2,5,-0.46816831239345696
18,A,0.05,2,6,-0.15375968490392217
18,A,0.05,2,7,-0.30875844590751794
18,A,0.05,2,8,-0.35898946034873697
18,A,0.05,2,9,-0.15349949307483005
18,A,0.05,3,0,0.22649229781268165
18,A,0.05,3,1,-0.07607003951565111
18,A,0.05,3,2,-0.8033507476737154
18,A,0.05,3,3,-0.34885449173151706
18,A,0.05,3,4,-0.4803081110310655
18,A,0.05,3,5,-1.0219320060058639
18,A,0.05,3,6,-0.9597270466663608
18,A,0.05,3,7,-0.45647169249805747
18,A,0.05,3,8,-0.8840032191127009
18,A,0.05,3,9,-0.2126443559314398
18,A,0.05,4,0,-0.8325762199743981
18,A,0.05,4,1,-1.0169823021528293
18,A,0.05,4,2,-1.3358869025739724
18,A,0.05,4,3,-1.387776881503219
18,A,0.05,4,4,-0.6832575910577384
18,A,0.05,4,5,-0.8632683042072875
18,A,0.05,4,6,-0.3390828877420699
18,A,0.05,4,7,-0.7970357140421548
18,A,0.05,4,8,-0.3409240255809379
18,A,0.05,4,9,-0.24020398844818222
18,A,0.05,5,0,0.4662476252458751
18,A,0.05,5,1,0.7655598479501939
18,A,0.05,5,2,0.5906489575555661
18,A,0.05,5,3,0.7182110555576621
18,A,0.05,5,4,0.3955391228998603
18,A,0.05,5,5,0.7536661503178752
18,A,0.05,5,6,0.28783326019429945
18,A,0.05,5,7,0.6082592409218519
18,A,0.05,5,8,1.1342473788369332
18,A,0.05,5,9,0.55825544806818
18,A,0.05,6,0,2.700109833376541
18,A,0.05,6,1,1.741917201955503
18,A,0.05,6,2,2.3209033079664954
18,A,0.05,6,3,1.8068545995093064
18,A,0.05,6,4,1.9042392515414
18,A,0.05,6,5,2.221959636436121
18,A,0.05,6,6,1.9471035238742287
18,A,0.05,6,7,2.188448421601595
18,A,0.05,6,8,2.5015586422895555
18,A,0.05,6,9,2.010446250735435
18,A,0.05,7,0,0.10089001097477972
18,A,0.05,7,1,0.16888938982855367
18,A,0.05,7,2,-0.45652818716725263
18,A,0.05,7,3,-0.06495734861121619
18,A,0.05,7,4,-0.020427885999641023
18,A,0.05,7,5,-0.3272655709642542
18,A,0.05,7,6,0.17494257254399148
18,A,0.05,7,7,0.1923312370558956
18,A,0.05,7,8,-0.11679572415975067
18,A,0.05,7,9,-0.815339997878796
18,A,0.05,8,0,-3.105194889933313
18,A,0.05,8,1,-2.9508601209355554
18,A,0.05,8,2,-3.3314786498000806
18,A,0.05,8,3,-2.7996651102985246
18,A,0.05,8,4,-3.26525226433421
18,A,0.05,8,5,-2.970530355456328
18,A,0.05,8,6,-3.1011985761256575
18,A,0.05,8,7,-2.983923006037724
18,A,0.05,8,8,-3.3303704229189597
18,A,0.05,8,9,-2.9248626805016644
18,A,0.05,9,0,1.6807247454434782
18,A,0.05,9,1,1.6737272123920628
18,A,0.05,9,2,1.718974340874373
18,A,0.05,9,3,2.1071564196411012
18,A,0.05,9,4,2.5174556804526533
18,A,0.05,9,5,2.514054718514743
18,A,0.05,9,6,2.613370543878081
18,A,0.05,9,7,1.9008682078378702
18,A,0.05,9,8,2.446115265821883
18,A,0.05,9,9,2.521409344057777
18,B,100,0,0,1.057206702714042
18,B,100,0,1,1.5753991097791853
18,B,100,0,2,1.266377052006251
18,B,100,0,3,1.3405879512608005
18,B,100,0,4,1.2986595323136945
18,B,100,0,5,1.035082844435938
18,B,100,0,6,0.8077123237131828
18,B,100,0,7,1.3920777808748583
18,B,100,0,8,1.7419641130715493
18,B,100,0,9,1.2196076959302586
18,B,100,1,0,-0.7577215345938503
18,B,100,1,1,-0.9034211508448831
18,B,100,1,2,-1.007268047914622
18,B,100,1,3,-0.6835811895933427
18,B,100,1,4,-1.0982374774278698
18,B,100,1,5,-0.8467979520748918
18,B,100,1,6,-1.2163979994903547
18,B,100,1,7,-1.455132956266353
18,B,100,1,8,-1.0480581275683256
18,B,100,1,9,-1.107776828936036
18,B,100,2,0,1.412380926673381
18,B,100,2,1,0.5156410322110846
18,B,100,2,2,1.7208655923008935
18,B,100,2,3,1.9655833191866587
18,B,100,2,4,1.964980187184551
18,B,100,2,5,1.296328688301176
18,B,100,2,6,1.4806012967122157
18,B,100,2,7,1.7272872549308995
18,B,100,2,8,0.9285863443721171
18,B,100,2,9,1.8854204214802257
18,B,100,3,0,-1.599570710193909
18,B,100,3,1,0.09281983773048293
18,B,100,3,2,-0.7510050859211309
18,B,100,3,3,0.407418127452674
18,B,100,3,4,-0.14596969894092174
18,B,100,3,5,-0.4339753657373376
18,B,100,3,6,-0.06978388918551662
18,B,100,3,7,-0.5673367291067591
18,B,100,3,8,-0.5688719639502444
18,B,100,3,9,-1.0138042272618881
18,B,100,4,0,0.27148687022997836
18,B,100,4,1,0.4182467128899568
18,B,100,4,2,0.5646285416650125
18,B,100,4,3,0.5465563775070407
18,B,100,4,4,0.7978420575799047
18,B,100,4,5,0.3157941201226798
18,B,100,4,6,0.1932358348609413
18,B,100,4,7,0.2588235688882727
18,B,100,4,8,0.5767735208615776
18,B,100,4,9,0.025181715228071853
18,B,100,5,0,0.1466564596082586
18,B,100,5,1,0.1038494813822485
18,B,100,5,2,0.13872702724804828
18,B,100,5,3,0.19960999330014922
18,B,100,5,4,0.19416532567409656
18,B,100,5,5,0.09521310860624298
18,B,100,5,6,-0.003295704742264692
18,B,100,5,7,0.21022217074335475
18,B,100,5,8,0.129948577981066
18,B,100,5,9,0.052835844929982265
18,B,100,6,0,-0.5758495246186294
18,B,100,6,1,-0.6580986615836203
18,B,100,6,2,-0.3715179658826999
18,B,100,6,3,-0.21785502792195388
18,B,100,6,4,-0.2176446780158218
18,B,100,6,5,-0.6295344428897635
18,B,100,6,6,-0.6964473821131255
18,B,100,6,7,-0.51957475517638
18,B,100,6,8,-0.6479682557704208
18,B,100,6,9,-0.5640602944000779
18,B,100,7,0,-1.027480059741555
18,B,100,7,1,-0.4327236419927109
18,B,100,7,2,-0.44010782529474235
18,B,100,7,3,-0.06912792099133247
18,B,100,7,4,-1.021357437476378
18,B,100,7,5,-0.6187569096425709
18,B,100,7,6,-0.8876045198913783
18,B,100,7,7,-0.7107709648127924
18,B,100,7,8,-0.33446011585804575
18,B,100,7,9,-0.9340978970078153
18,B,100,8,0,-0.1037536108813436
18,B,100,8,1,-0.19909083810714384
18,B,100,8,2,0.08895505875436513
18,B,100,8,3,0.01618645921926554
18,B,100,8,4,-0.06426937872117795
18,B,100,8,5,0.6175357387114321
18,B,100,8,6,-0.6107891967885687
18,B,100,8,7,-0.3090091649224731
18,B,100,8,8,0.5844340940560824
18,B,100,8,9,0.19787446012003793
18,B,100,9,0,-0.6978761498398538
18,B,100,9,1,-0.8634057562846461
18,B,100,9,2,-0.7785441127650963
18,B,100,9,3,-0.7418196484876305
18,B,100,9,4,-0.4862278890696806
18,B,100,9,5,-0.9732262237551417
18,B,100,9,6,-0.9190757046259258
18,B,100,9,7,-0.8419310490073246
18,B,100,9,8,-0.950949279926015
18,B,100,9,9,-1.1427658254755573
19,A,0.05,0,0,0.3563429853167655
19,A,0.05,0,1,0.749111183708546
19,A,0.05,0,2,0.6532887060579433
19,A,0.05,0,3,0.5284797176050933
19,A,0.05,0,4,0.48571985573335574
19,A,0.05,0,5,0.9721468712299717
19,A,0.05,0,6,0.8606429922663597
19,A,0.05,0,7,0.9103467556476433
19,A,0.05,0,8,0.6629471906168464
19,A,0.05,0,9,-0.2362553304833679
19,A,0.05,1,0,1.422451742114341
19,A,0.05,1,1,1.6321921776512762
19,A,0.05,1,2,1.6184653311433617
19,A,0.05,1,3,1.479397799810362
19,A,0.05,1,4,1.406393764992047
19,A,0.05,1,5,1.494137122095126
19,A,0.05,1,6,1.5291782260772364
19,A,0.05,1,7,1.0475846437778693
19,A,0.05,1,8,1.1903907258099793
19,A,0.05,1,9,1.5902402710624535
19,A,0.05,2,0,2.294003950042404
19,A,0.05,2,1,2.350661702998205
19,A,0.05,2,2,1.9667129180339764
19,A,0.05,2,3,2.2442507536297382
19,A,0.05,2,4,2.2851006115540544
19,A,0.05,2,5,2.076075622192848
19,A,0.05,2,6,2.1495201977032385
19,A,0.05,2,7,1.3721045322376435
19,A,0.05,2,8,1.7508560716692734
19,A,0.05,2,9,1.6708957349489553
19,A,0.05,3,0,0.023216334041916094
19,A,0.05,3,1,-0.05479833748912943
19,A,0.05,3,2,0.1504076382741695
19,A,0.05,3,3,-0.23355454846815749
19,A,0.05,3,4,-0.048211668226041046
19,A,0.05,3,5,-0.19030822266528571
19,A,0.05,3,6,0.017625765836659348
19,A,0.05,3,7,0.07864416215460628
19,A,0.05,3,8,-0.018019127416219062
19,A,0.05,3,9,-0.05894595578789976
19,A,0.05,4,0,-0.5116480266496127
19,A,0.05,4,1,-0.7233012946139544
19,A,0.05,4,2,-0.5880206888637302
19,A,0.05,4,3,-0.9875713302486974
19,A,0.05,4,4,-1.071612637752763
19,A,0.05,4,5,-0.6256818404034015
19,A,0.05,4,6,-1.039173533880172
19,A,0.05,4,7,-0.618153861973932
19,A,0.05,4,8,-1.2941993660286772
19,A,0.05,4,9,-0.8227408583463572
19,A,0.05,5,0,0.9471102767606869
19,A,0.05,5,1,1.0822002165565565
19,A,0.05,5,2,0.3190229976879167
19,A,0.05,5,3,1.0465666528473867
19,A,0.05,5,4,1.1269408706178012
19,A,0.05,5,5,0.3821809867773524
19,A,0.05,5,6,0.9736442554105117
19,A,0.05,5,7,0.32834265969904397
19,A,0.05,5,8,0.47205620293757244
19,A,0.05,5,9,0.21179747359137957
19,A,0.05,6,0,0.1084409089690657
19,A,0.05,6,1,0.07118675708794536
19,A,0.05,6,2,0.3955631322013045
19,A,0.05,6,3,0.3250986826190257
19,A,0.05,6,4,0.4224122456117112
19,A,0.05,6,5,0.0249229470921906
19,A,0.05,6,6,0.09086535432292571
19,A,0.05,6,7,0.1881599458092307
19,A,0.05,6,8,0.2254165180300644
19,A,0.05,6,9,0.2257866432023181
19,A,0.05,7,0,0.4337936611010662
19,A,0.05,7,1,-0.059354823468971495
19,A,0.05,7,2,0.2224703291485807
19,A,0.05,7,3,0.8104370656235291
19,A,0.05,7,4,0.8397654005221434
19,A,0.05,7,5,0.4320702348807629
19,A,0.05,7,6,0.3107818519142923
19,A,0.05,7,7,0.5687868789061609
19,A,0.05,7,8,0.26221454671978334
19,A,0.05,7,9,-0.05338680797466882
19,A,0.05,8,0,0.04514150044147594
19,A,0.05,8,1,0.09760222603000047
19,A,0.05,8,2,0.09946559950519958
19,A,0.05,8,3,-0.30947719074845315
19,A,0.05,8,4,-0.028238271580006392
19,A,0.05,8,5,0.10374182276967567
19,A,0.05,8,6,-0.02140980725427696
19,A,0.05,8,7,0.09766001423722083
19,A,0.05,8,8,0.03849561757944753
19,A,0.05,8,9,0.1274357701092357
19,A,0.05,9,0,-2.792263425249099
19,A,0.05,9,1,-2.44735755410138
19,A,0.05,9,2,-2.4238231533442907
19,A,0.05,9,3,-1.8609536059582887
19,A,0.05,9,4,-2.6577031241954217
19,A,0.05,9,5,-2.2527166364316122
19,A,0.05,9,6,-2.2583673145786003
19,A,0.05,9,7,-2.438588702492615
19,A,0.05,9,8,-2.440580748834475
19,A,0.05,9,9,-2.7365112497864055
19,B,100,0,0,0.5293664207315002
19,B,100,0,1,-0.011017984565701846
19,B,100,0,2,0.5206583822987528
19,B,100,0,3,0.4360700217222075
19,B,100,0,4,0.43542503254357084
19,B,100,0,5,0.5112781107373809
19,B,100,0,6,0.17592348303933944
19,B,100,0,7,0.5701471328479638
19,B,100,0,8,0.512565531664158
19,B,100,0,9,0.4651239384605295
19,B,100,1,0,-0.4236644197029772
19,B,100,1,1,-0.7419401400425231
19,B,100,1,2,-0.7444116401274959
19,B,100,1,3,-0.5305922191212435
19,B,100,1,4,-0.4789503241610612
19,B,100,1,5,-0.564466490940701
19,B,100,1,6,-0.6735487323617088
19,B,100,1,7,-0.03666834854676849
19,B,100,1,8,-0.35416805793988854
19,B,100,1,9,-0.21017991284419543
19,B,100,2,0,-0.5773307386035035
19,B,100,2,1,-0.3729681534039884
19,B,100,2,2,-0.44382971560047657
19,B,100,2,3,-0.329267745398115
19,B,100,2,4,0.41984057302736993
19,B,100,2,5,0.4275011344874954
19,B,100,2,6,-0.06736687299108768
19,B,100,2,7,0.7083531561826645
19,B,100,2,8,0.3653272086397946
19,B,100,2,9,0.10275350576821794
19,B,100,3,0,0.0029188603757222312
19,B,100,3,1,0.024962460610369996
19,B,100,3,2,-0.26863367996411935
19,B,100,3,3,-0.07663206109694667
19,B,100,3,4,-0.15055409323404143
19,B,100,3,5,-0.2312107941883718
19,B,100,3,6,-0.3333088674778455
19,B,100,3,7,0.07144364185603852
19,B,100,3,8,-0.23964080101501362
19,B,100,3,9,-0.3432422768583648
19,B,100,4,0,-0.23303489176366018
19,B,100,4,1,-0.09594889747615978
19,B,100,4,2,0.30109042065053276
19,B,100,4,3,-0.053703787715709085
19,B,100,4,4,0.08127109035988934
19,B,100,4,5,-0.12383757044974582
19,B,100,4,6,0.11020739184637687
19,B,100,4,7,0.18407694537173175
19,B,100,4,8,-0.006938826799823302
19,B,100,4,9,-0.13104807138947575
19,B,100,5,0,-0.2616184115977625
19,B,100,5,1,-0.1918234023919012
19,B,100,5,2,-0.11285868044953422
19,B,100,5,3,-0.19686513222385554
19,B,100,5,4,-0.3644136819498899
19,B,100,5,5,-0.07514668135739665
19,B,100,5,6,-0.29207021197905103
19,B,100,5,7,-0.16581311215699027
19,B,100,5,8,-0.18492772772888535
19,B,100,5,9,-0.2207014793220786
19,B,100,6,0,-0.48236202963079877
19,B,100,6,1,-0.566186966548197
19,B,100,6,2,-0.48150113621755786
19,B,100,6,3,-0.7382791808911342
19,B,100,6,4,-0.08256482472584327
19,B,100,6,5,-0.23085573000049267
19,B,100,6,6,-1.0119697779148331
19,B,100,6,7,-0.03566397814953162
19,B,100,6,8,-0.565131077742901
19,B,100,6,9,-0.03435088984063827
19,B,100,7,0,-0.6140455900508189
19,B,100,7,1,-0.3278403185405599
19,B,100,7,2,-0.3578718907287748
19,B,100,7,3,-0.37031214593354866
19,B,100,7,4,-0.6193060730011458
19,B,100,7,5,-0.8037282282953357
19,B,100,7,6,-0.3299844233271117
19,B,100,7,7,-0.42051149228112256
19,B,100,7,8,-0.7953853005096994
19,B,100,7,9,-0.6362650115196912
19,B,100,8,0,-0.20269748898998974
19,B,100,8,1,-0.7100679204496632
19,B,100,8,2,-0.20977808247499602
19,B,100,8,3,0.19017775825744154
19,B,100,8,4,-0.0060306399219152915
19,B,100,8,5,-0.6055297783555256
19,B,100,8,6,-0.25230094487578547
19,B,100,8,7,-0.9830143190853403
19,B,100,8,8,-0.09269619746379776
19,B,100,8,9,-1.3803323958513274
19,B,100,9,0,1.1262303677865033
19,B,100,9,1,0.8208781955957494
19,B,100,9,2,0.9528730957318311
19,B,100,9,3,1.0382225815459385
19,B,100,9,4,0.6667147352204761
19,B,100,9,5,0.822762294654984
19,B,100,9,6,0.9815137985138143
19,B,100,9,7,1.0939259994931991
19,B,100,9,8,0.8654046564260554
19,B,100,9,9,0.7230473330237767
20,A,0.05,0,0,0.5223011592910648
20,A,0.05,0,1,1.3070688982132583
20,A,0.05,0,2,1.0667270764582928
20,A,0.05,0,3,1.0151733792156392
20,A,0.05,0,4,0.8838421847723943
20,A,0.05,0,5,1.4272356559723949
20,A,0.05,0,6,0.9135770556901678
20,A,0.05,0,7,0.856622991603478
20,A,0.05,0,8,0.6394872106000015
20,A,0.05,0,9,0.6671879382209889
20,A,0.05,1,0,0.04165610182453529
20,A,0.05,1,1,0.4273798401767161
20,A,0.05,1,2,0.48682755531580335
20,A,0.05,1,3,-0.1455195354013689
20,A,0.05,1,4,-0.17118341390979158
20,A,0.05,1,5,0.6822896203861535
20,A,0.05,1,6,0.3352781057887113
20,A,0.05,1,7,0.7297245546462844
20,A,0.05,1,8,0.41282511981536457
20,A,0.05,1,9,0.2293367321352221
20,A,0.05,2,0,1.295882671002744
20,A,0.05,2,1,1.1108899431820778
20,A,0.05,2,2,1.3072825028981014
20,A,0.05,2,3,1.0719078722491573
20,A,0.05,2,4,1.1897709416396243
20,A,0.05,2,5,1.1911218867345235
20,A,0.05,2,6,1.132521387192965
20,A,0.05,2,7,1.040199655018449
20,A,0.05,2,8,1.3148971534131397
20,A,0.05,2,9,1.2142053599158165
20,A,0.05,3,0,0.5001965115278321
20,A,0.05,3,1,0.19217549388017782
20,A,0.05,3,2,0.46927023791174005
20,A,0.05,3,3,0.2924624896364885
20,A,0.05,3,4,0.3468080627055296
20,A,0.05,3,5,0.34801463404337135
20,A,0.05,3,6,0.2932918564327839
20,A,0.05,3,7,0.189970918491122
20,A,0.05,3,8,0.24839285175919512
20,A,0.05,3,9,0.5913209392519732
20,A,0.05,4,0,-0.12351204675536567
20,A,0.05,4,1,0.07058500897842475
20,A,0.05,4,2,-0.289693459312485
20,A,0.05,4,3,-0.6760525257320297
20,A,0.05,4,4,-0.3777791230647349
20,A,0.05,4,5,-0.7208386893985994
20,A,0.05,4,6,0.03737686585392639
20,A,0.05,4,7,0.2587874436398114
20,A,0.05,4,8,0.15804962331883513
20,A,0.05,4,9,0.339528667853426
20,A,0.05,5,0,0.47350280598281747
20,A,0.05,5,1,0.6327655204291264
20,A,0.05,5,2,0.018214783005723406
20,A,0.05,5,3,0.3355235091517582
20,A,0.05,5,4,0.6246367953176961
20,A,0.05,5,5,0.33482677813057105
20,A,0.05,5,6,0.5035393969304401
20,A,0.05,5,7,0.19004255472403406
20,A,0.05,5,8,0.6950338011333834
20,A,0.05,5,9,0.18065330288801446
20,A,0.05,6,0,0.16994636193794388
20,A,0.05,6,1,0.41914751771857867
20,A,0.05,6,2,0.49273783335675175
20,A,0.05,6,3,0.649053102795327
20,A,0.05,6,4,0.6174775423253687
20,A,0.05,6,5,0.27898419926591567
20,A,0.05,6,6,0.38767805902655583
20,A,0.05,6,7,0.6543668948063089
20,A,0.05,6,8,0.9746442999768762
20,A,0.05,6,9,0.7521883838572004
20,A,0.05,7,0,0.17224711868021433
20,A,0.05,7,1,0.4736080573246474
20,A,0.05,7,2,0.1074533076500051
20,A,0.05,7,3,0.27275093216986634
20,A,0.05,7,4,0.3714178626374484
20,A,0.05,7,5,0.5343452099165172
20,A,0.05,7,6,0.48188245661052154
20,A,0.05,7,7,0.47335263705474245
20,A,0.05,7,8,0.45219366243194303
20,A,0.05,7,9,0.7393025779475964
20,A,0.05,8,0,-0.650321547911282
20,A,0.05,8,1,-1.3555648712560777
20,A,0.05,8,2,-1.4007669146395199
20,A,0.05,8,3,-1.1690557357208795
20,A,0.05,8,4,-1.1473963946580805
20,A,0.05,8,5,-0.08676383733998029
20,A,0.05,8,6,-0.33613396989891925
20,A,0.05,8,7,-0.17386848229759747
20,A,0.05,8,8,-0.2609142240350093
20,A,0.05,8,9,0.23875861006430263
20,A,0.05,9,0,0.0668926431891469
20,A,0.05,9,1,0.10897661591554178
20,A,0.05,9,2,0.32267044269852285
20,A,0.05,9,3,0.09873422847934946
20,A,0.05,9,4,-0.04568667758959051
20,A,0.05,9,5,-0.7285696716733273
20,A,0.05,9,6,-0.08675419805471936
20,A,0.05,9,7,-0.1916777844458686
20,A,0.05,9,8,0.30347525290853455
20,A,0.05,9,9,-0.2559399181145048
20,B,100,0,0,0.479367621868471
20,B,100,0,1,0.10215778531407936
20,B,100,0,2,0.10008161875165589
20,B,100,0,3,0.14464844504383634
20,B,100,0,4,-0.12255209906244782
20,B,100,0,5,-0.171917174005962
20,B,100,0,6,-0.11888665431923265
20,B,100,0,7,-0.16795770591101147
20,B,100,0,8,-0.06954813737146812
20,B,100,0,9,-0.4302659085176332
20,B,100,1,0,-0.7548586780319642
20,B,100,1,1,-0.2755468940965532
20,B,100,1,2,-0.06721006159237344
20,B,100,1,3,-0.17806203053553085
20,B,100,1,4,-0.4218778260494589
20,B,100,1,5,-0.2158269048349665
20,B,100,1,6,-0.43152146114292844
20,B,100,1,7,-0.22182938521269782
20,B,100,1,8,-0.27793248377247703
20,B,100,1,9,-0.32431081474603973
20,B,100,2,0,-0.016860926449733454
20,B,100,2,1,-0.5902633997050201
20,B,100,2,2,-0.44417574206656946
20,B,100,2,3,-0.45053381124769115
20,B,100,2,4,-0.46561411231881444
20,B,100,2,5,-0.7254397338170983
20,B,100,2,6,-0.41803507850929783
20,B,100,2,7,0.23754035104550839
20,B,100,2,8,-0.28923265574730056
20,B,100,2,9,-0.6280005563029899
20,B,100,3,0,-1.270109714853288
20,B,100,3,1,-1.3110737177200082
20,B,100,3,2,-0.857393853978255
20,B,100,3,3,-1.177087629908865
20,B,100,3,4,-1.0771553955578266
20,B,100,3,5,-0.6905224100309216
20,B,100,3,6,-1.2765991768720366
20,B,100,3,7,-1.2770527289070257
20,B,100,3,8,-1.0683057766820296
20,B,100,3,9,-1.0861404970752584
20,B,100,4,0,-0.08441761028097577
20,B,100,4,1,0.05917265999745558
20,B,100,4,2,0.4681858392703348
20,B,100,4,3,-0.14628828691210716
20,B,100,4,4,-0.059567102713119546
20,B,100,4,5,0.2802121859761894
20,B,100,4,6,-0.19125010485315252
20,B,100,4,7,0.6505448566722575
20,B,100,4,8,0.2949993611899222
20,B,100,4,9,0.5006986877637419
20,B,100,5,0,0.005746628444019717
20,B,100,5,1,-0.25621050396051304
20,B,100,5,2,0.19311792188633645
20,B,100,5,3,0.5025202709679745
20,B,100,5,4,0.12573174668093495
20,B,100,5,5,-0.29006015202485136
20,B,100,5,6,0.5729058666211009
20,B,100,5,7,0.06129382507767467
20,B,100,5,8,-0.3693625786183753
20,B,100,5,9,0.38061036776162815
20,B,100,6,0,1.0055548362665354
20,B,100,6,1,0.6531035131223484
20,B,100,6,2,1.3187133779779254
20,B,100,6,3,1.2374044646211964
20,B,100,6,4,0.9966328239053238
20,B,100,6,5,0.6991234611865021
20,B,100,6,6,1.2326246229009614
20,B,100,6,7,0.6329365183313492
20,B,100,6,8,1.377758140138663
20,B,100,6,9,1.520213730663699
20,B,100,7,0,-0.7319158716177311
20,B,100,7,1,-0.1875747716391432
20,B,100,7,2,-0.264704385167789
20,B,100,7,3,-0.1540379612318094
20,B,100,7,4,-0.24904240697235128
20,B,100,7,5,-0.6901413178765887
20,B,100,7,6,-0.1528019162228635
20,B,100,7,7,-0.3299106964776639
20,B,100,7,8,-0.1800362687592451
20,B,100,7,9,-0.32444945357487537
20,B,100,8,0,1.0022716717182834
20,B,100,8,1,1.3448857348316026
20,B,100,8,2,1.1597029620139045
20,B,100,8,3,1.439634710336713
20,B,100,8,4,1.4949576120198886
20,B,100,8,5,1.2898300800899165
20,B,100,8,6,1.0310040132394442
20,B,100,8,7,1.8186575043232547
20,B,100,8,8,1.622486037885231
20,B,100,8,9,1.168007549759599
20,B,100,9,0,0.17039956229416697
20,B,100,9,1,0.3997622361544485
20,B,100,9,2,0.21230242145736367
20,B,100,9,3,0.3349602721935623
20,B,100,9,4,0.2571769605890185
20,B,100,9,5,0.566559444938014
20,B,100,9,6,-0.01239979420652067
20,B,100,9,7,0.03613871973991693
20,B,100,9,8,0.6697506623389978
20,B,100,9,9,0.7724670106733
21,A,0.05,0,0,-1.230819573608937
21,A,0.05,0,1,-0.21881258431650533
21,A,0.05,0,2,-0.5727450208675803
21,A,0.05,0,3,-0.6025984094555932
21,A,0.05,0,4,-0.4484326776807199
21,A,0.05,0,5,0.2148136855448192
21,A,0.05,0,6,-0.33309327547270506
21,A,0.05,0,7,-0.7693583372694608
21,A,0.05,0,8,-1.4353185814076188
21,A,0.05,0,9,-1.061330569424941
21,A,0.05,1,0,-0.6213312636474903
21,A,0.05,1,1,-0.7044791495009545
21,A,0.05,1,2,-0.4544138127706206
21,A,0.05,1,3,0.1387768869371248
21,A,0.05,1,4,0.1781699595714509
21,A,0.05,1,5,-0.5462461131864811
21,A,0.05,1,6,-0.054672224513448345
21,A,0.05,1,7,-0.12723105100119297
21,A,0.05,1,8,-0.40598386066981534
21,A,0.05,1,9,-0.4504907511688039
21,A,0.05,2,0,-0.6419115077552189
21,A,0.05,2,1,-0.6430846864675485
21,A,0.05,2,2,-0.53154072186077
21,A,0.05,2,3,-0.3969051866335001
21,A,0.05,2,4,0.08670005437671016
21,A,0.05,2,5,-0.7922322289339548
21,A,0.05,2,6,-0.15707465167861756
21,A,0.05,2,7,-0.8300365732579839
21,A,0.05,2,8,-0.4649737867259719
21,A,0.05,2,9,-0.731297150453571
21,A,0.05,3,0,-0.8248461682035719
21,A,0.05,3,1,-1.9226996722386918
21,A,0.05,3,2,-1.8181766477612331
21,A,0.05,3,3,-1.051227687148263
21,A,0.05,3,4,-1.3298476396604435
21,A,0.05,3,5,-0.2556351521224966
21,A,0.05,3,6,-1.3758098250912603
21,A,0.05,3,7,-0.6126790227979885
21,A,0.05,3,8,-1.0514550624423873
21,A,0.05,3,9,-0.9396824527848975
21,A,0.05,4,0,-0.3819186732195484
21,A,0.05,4,1,-0.7091159398877865
21,A,0.05,4,2,-0.4023730720247839
21,A,0.05,4,3,-0.6009640186604608
21,A,0.05,4,4,-0.4468925748202231
21,A,0.05,4,5,-0.5684760010965262
21,A,0.05,4,6,-0.2151765346929403
21,A,0.05,4,7,-0.5409217954057064
21,A,0.05,4,8,-0.7220011261268985
21,A,0.05,4,9,-0.11390696002361725
21,A,0.05,5,0,0.09756588121366312
21,A,0.05,5,1,0.20858214250910814
21,A,0.05,5,2,0.5881547885645058
21,A,0.05,5,3,0.2599576532122253
21,A,0.05,5,4,0.13426332164102026
21,A,0.05,5,5,-0.25838599099044435
21,A,0.05,5,6,0.2671490658958664
21,A,0.05,5,7,0.12754187289966154
21,A,0.05,5,8,0.497938477141642
21,A,0.05,5,9,0.7870141163360115
21,A,0.05,6,0,0.36600480639390215
21,A,0.05,6,1,0.7012445714901614
21,A,0.05,6,2,0.3002926609031319
21,A,0.05,6,3,0.6822750319420906
21,A,0.05,6,4,0.2669602889137549
21,A,0.05,6,5,0.7884776912436603
21,A,0.05,6,6,0.7407842402432423
21,A,0.05,6,7,0.5290913848690827
21,A,0.05,6,8,0.7650550030713194
21,A,0.05,6,9,0.6892169484455507
21,A,0.05,7,0,1.4818625076192746
21,A,0.05,7,1,1.327667221638193
21,A,0.05,7,2,1.3616394985012745
21,A,0.05,7,3,1.2538415853352045
21,A,0.05,7,4,1.6318216558419143
21,A,0.05,7,5,1.1165489052793824
21,A,0.05,7,6,1.6037728581153925
21,A,0.05,7,7,1.3788180800256464
21,A,0.05,7,8,1.4417310811394024
21,A,0.05,7,9,0.41752306714156123
21,A,0.05,8,0,0.8102981902516645
21,A,0.05,8,1,1.6851425899250145
21,A,0.05,8,2,2.290149001352101
21,A,0.05,8,3,0.9711032880867158
21,A,0.05,8,4,1.9348493678209902
21,A,0.05,8,5,1.8729262302254903
21,A,0.05,8,6,2.211020994355
21,A,0.05,8,7,0.38712327220000003
21,A,0.05,8,8,2.216629038088322
21,A,0.05,8,9,1.457714739125272
21,A,0.05,9,0,0.23464876666114082
21,A,0.05,9,1,0.3756306594116722
21,A,0.05,9,2,0.028828749896154686
21,A,0.05,9,3,0.20814845991686504
21,A,0.05,9,4,0.254086150204848
21,A,0.05,9,5,-0.050010494083372506
21,A,0.05,9,6,0.08107288422669577
21,A,0.05,9,7,0.17388529479670975
21,A,0.05,9,8,0.34649807339145094
21,A,0.05,9,9,0.20348531589522514
21,B,100,0,0,-0.07735329178616258
21,B,100,0,1,-0.1355955054511053
21,B,100,0,2,-0.6611776347852568
21,B,100,0,3,-0.38569203613908054
21,B,100,0,4,-0.38438377152569153
21,B,100,0,5,-0.4751156284417527
21,B,100,0,6,-0.6426051333576085
21,B,100,0,7,-0.3127181552813207
21,B,100,0,8,-0.10194682349435644
21,B,100,0,9,-0.42904793184775
21,B,100,1,0,-0.2949547367418804
21,B,100,1,1,-0.1039740457959521
21,B,100,1,2,0.10483587191642861
21,B,100,1,3,0.10688003089056727
21,B,100,1,4,0.22138199387397778
21,B,100,1,5,0.2511154692501766
21,B,100,1,6,0.1794115031881697
21,B,100,1,7,0.10345109599292157
21,B,100,1,8,-0.08542911292816546
21,B,100,1,9,0.18411952471065932
21,B,100,2,0,0.9134727536105265
21,B,100,2,1,0.9160390265235216
21,B,100,2,2,0.8032993861274382
21,B,100,2,3,0.6221045637995513
21,B,100,2,4,1.083085908879074
21,B,100,2,5,0.5221152347572449
21,B,100,2,6,1.4657807304613342
21,B,100,2,7,1.418704462680744
21,B,100,2,8,0.8806382660145935
21,B,100,2,9,0.772506876231819
21,B,100,3,0,-0.3550820459909631
21,B,100,3,1,0.05147183862969614
21,B,100,3,2,-0.22926784097374345
21,B,100,3,3,-0.334773070260836
21,B,100,3,4,-0.2179345312316525
21,B,100,3,5,0.19855314718637854
21,B,100,3,6,-0.3002673271323394
21,B,100,3,7,-0.11708463093990039
21,B,100,3,8,-0.03674706009887312
21,B,100,3,9,-0.28629020050104703
21,B,100,4,0,0.4764620671705792
21,B,100,4,1,0.5203003077745749
21,B,100,4,2,0.22669807089099453
21,B,100,4,3,0.5892721015863814
21,B,100,4,4,0.3698586100828705
21,B,100,4,5,0.357529358283853
21,B,100,4,6,0.4192747901377667
21,B,100,4,7,0.9314859173834055
21,B,100,4,8,0.13893353586899768
21,B,100,4,9,0.36214559715871086
21,B,100,5,0,1.320363910392116
21,B,100,5,1,1.4600210481509213
21,B,100,5,2,1.5256680871141988
21,B,100,5,3,1.5093943922752073
21,B,100,5,4,1.6560710655814377
21,B,100,5,5,1.9332474164437967
21,B,100,5,6,1.2245811707077894
21,B,100,5,7,1.8433521363882388
21,B,100,5,8,1.1863291969831147
21,B,100,5,9,1.387362021741925
21,B,100,6,0,0.033952791876477574
21,B,100,6,1,0.4053727991210163
21,B,100,6,2,0.4043412355133346
21,B,100,6,3,0.580197505421529
21,B,100,6,4,0.2993767517003952
21,B,100,6,5,0.28876845140472523
21,B,100,6,6,0.3018369490832218
21,B,100,6,7,0.4742599967959758
21,B,100,6,8,0.15193638301478374
21,B,100,6,9,0.304541240523868
21,B,100,7,0,0.1296770714295466
21,B,100,7,1,0.11396626905327988
21,B,100,7,2,0.26609691799060337
21,B,100,7,3,0.06992510494873838
21,B,100,7,4,0.1917366897464122
21,B,100,7,5,0.36064367793126134
21,B,100,7,6,0.3361481159847672
21,B,100,7,7,0.6204641936984255
21,B,100,7,8,0.6481401740181414
21,B,100,7,9,0.5497663403948689
21,B,100,8,0,1.5136810864690464
21,B,100,8,1,0.4176114727754737
21,B,100,8,2,1.6748470016524017
21,B,100,8,3,2.357672690692269
21,B,100,8,4,1.7192417091775483
21,B,100,8,5,2.1373026381742983
21,B,100,8,6,1.2330521868318736
21,B,100,8,7,2.206828984883488
21,B,100,8,8,1.9579135391655036
21,B,100,8,9,2.1829080692569818
21,B,100,9,0,-0.6069293536889646
21,B,100,9,1,-0.5558111893038459
21,B,100,9,2,-0.19692170974941658
21,B,100,9,3,-0.31836366149465434
21,B,100,9,4,-0.20934860360567337
21,B,100,9,5,-0.3561990463246053
21,B,100,9,6,-0.39968316074100335
21,B,100,9,7,-0.15229438080199983
21,B,100,9,8,-0.1972697530240612
21,B,100,9,9,-0.490997565335676
22,A,0.05,0,0,-0.252493555901178
22,A,0.05,0,1,-0.43765887651613794
22,A,0.05,0,2,-0.24098854952425447
22,A,0.05,0,3,-0.09127165937980634
22,A,0.05,0,4,-0.1511576007222615
22,A,0.05,0,5,-0.9788844610750379
22,A,0.05,0,6,-0.08265630638423843
22,A,0.05,0,7,0.03817774321412229
22,A,0.05,0,8,0.17994436729692828
22,A,0.05,0,9,-0.9894943619569713
22,A,0.05,1,0,-0.926862067874881
22,A,0.05,1,1,-1.3459522500457104
22,A,0.05,1,2,-0.6793430232872433
22,A,0.05,1,3,-0.8346000194853993
22,A,0.05,1,4,-0.5845317311228828
22,A,0.05,1,5,-0.445540016700851
22,A,0.05,1,6,-0.6631528797880109
22,A,0.05,1,7,-0.42601800308984045
22,A,0.05,1,8,-1.145477863407433
22,A,0.05,1,9,-0.14761462574495246
22,A,0.05,2,0,-0.5566001710978838
22,A,0.05,2,1,-0.016536299424520905
22,A,0.05,2,2,-0.18294081262369427
22,A,0.05,2,3,0.0037273026585655437
22,A,0.05,2,4,-1.3107337484552573
22,A,0.05,2,5,-1.878358468718991
22,A,0.05,2,6,-0.6576508435421846
22,A,0.05,2,7,0.04517775167889114
22,A,0.05,2,8,-0.4618381360081802
22,A,0.05,2,9,0.011399246270135766
22,A,0.05,3,0,-0.8175462216325755
22,A,0.05,3,1,-0.9950391117961261
22,A,0.05,3,2,-0.902895875650819
22,A,0.05,3,3,-0.7171881786593456
22,A,0.05,3,4,-0.9255307956496867
22,A,0.05,3,5,-0.44621883782090066
22,A,0.05,3,6,-0.8043735394917554
22,A,0.05,3,7,-0.796224726434816
22,A,0.05,3,8,-1.1494114505963304
22,A,0.05,3,9,-0.9216185519866062
22,A,0.05,4,0,-0.0031668455177887673
22,A,0.05,4,1,0.08276498759021685
22,A,0.05,4,2,0.4497889702297702
22,A,0.05,4,3,0.11115437824601473
22,A,0.05,4,4,0.4385298188289776
22,A,0.05,4,5,0.16145866186419042
22,A,0.05,4,6,0.20554768716147595
22,A,0.05,4,7,0.06748639186968096
22,A,0.05,4,8,0.7520883338966851
22,A,0.05,4,9,0.16596928529506372
22,A,0.05,5,0,-0.2777887862255556
22,A,0.05,5,1,-0.33475840107345795
22,A,0.05,5,2,-0.29239407570493137
22,A,0.05,5,3,-0.4533344606422944
22,A,0.05,5,4,-0.4300878395462931
22,A,0.05,5,5,-0.2527010292826986
22,A,0.05,5,6,-0.4651917267882758
22,A,0.05,5,7,-0.254079086515985
22,A,0.05,5,8,-0.4693524332571543
22,A,0.05,5,9,-0.4795182286589544
22,A,0.05,6,0,0.8915685119684732
22,A,0.05,6,1,0.17770728014405257
22,A,0.05,6,2,0.8118787770827994
22,A,0.05,6,3,1.231153175287972
22,A,0.05,6,4,0.48065924501395413
22,A,0.05,6,5,-0.02292530018871702
22,A,0.05,6,6,0.5925704400531753
22,A,0.05,6,7,0.7380522620206744
22,A,0.05,6,8,0.7605276617444233
22,A,0.05,6,9,0.4970449579755417
22,A,0.05,7,0,-0.3071621824139355
22,A,0.05,7,1,-0.12320242350263591
22,A,0.05,7,2,-0.13534979979748005
22,A,0.05,7,3,-0.0210101436746123
22,A,0.05,7,4,-0.543776700500637
22,A,0.05,7,5,-0.008045798152884165
22,A,0.05,7,6,-0.14531793974112703
22,A,0.05,7,7,-0.3388337977514689
22,A,0.05,7,8,-0.2134422730296576
22,A,0.05,7,9,0.05878484477460369
22,A,0.05,8,0,1.5801209072206712
22,A,0.05,8,1,1.5273440450108788
22,A,0.05,8,2,1.3921192952085775
22,A,0.05,8,3,0.6599048009469645
22,A,0.05,8,4,0.9583729108205321
22,A,0.05,8,5,1.1316211481937108
22,A,0.05,8,6,0.4707066838526807
22,A,0.05,8,7,1.5699368612428055
22,A,0.05,8,8,1.2459107935855844
22,A,0.05,8,9,0.578820278852877
22,A,0.05,9,0,0.07090559007383257
22,A,0.05,9,1,0.37569874493944194
22,A,0.05,9,2,0.3586599933289827
22,A,0.05,9,3,0.5736379036235804
22,A,0.05,9,4,0.06707455020550675
22,A,0.05,9,5,-0.007144918145805203
22,A,0.05,9,6,0.11346064096445647
22,A,0.05,9,7,0.597178883095908
22,A,0.05,9,8,0.31182692204870305
22,A,0.05,9,9,0.19900868397076152
22,B,100,0,0,-1.0881638993570353
22,B,100,0,1,-0.9852372525514981
22,B,100,0,2,-1.0456951585098593
22,B,100,0,3,-1.037817234219849
22,B,100,0,4,-0.9690409047051104
22,B,100,0,5,-1.024878490999032
22,B,100,0,6,-0.9640058393369242
22,B,100,0,7,-0.9706907637260115
22,B,100,0,8,-1.19593980352082
22,B,100,0,9,-1.0261950661279904
22,B,100,1,0,2.4629084959925507
22,B,100,1,1,2.6068206774368043
22,B,100,1,2,2.482635787871137
22,B,100,1,3,2.1147543081764404
22,B,100,1,4,2.5888675228187013
22,B,100,1,5,2.315391013018177
22,B,100,1,6,2.2651475395729475
22,B,100,1,7,2.161066444458698
22,B,100,1,8,1.9580570881348633
22,B,100,1,9,2.379818443981946
22,B,100,2,0,-0.5282509640789425
22,B,100,2,1,-0.39768292037185105
22,B,100,2,2,-0.7004419338898009
22,B,100,2,3,-0.492933001406981
22,B,100,2,4,-0.5929589957509892
22,B,100,2,5,-0.6277943522862168
22,B,100,2,6,-0.5356832865942849
22,B,100,2,7,-0.40583707825241266
22,B,100,2,8,-0.6477917259150507
22,B,100,2,9,-0.7569927631223603
22,B,100,3,0,-1.2639474011007414
22,B,100,3,1,-1.3823019070301559
22,B,100,3,2,-1.4663580201598883
22,B,100,3,3,-1.3888131495530465
22,B,100,3,4,-1.626480092914588
22,B,100,3,5,-1.212019590712015
22,B,100,3,6,-1.4481927672517945
22,B,100,3,7,-1.5904209969103789
22,B,100,3,8,-1.539029321149521
22,B,100,3,9,-1.121847621379823
22,B,100,4,0,-1.202701794660942
22,B,100,4,1,-0.4429083385765856
22,B,100,4,2,-0.8213752595242146
22,B,100,4,3,-0.9027083538724558
22,B,100,4,4,-1.054753486961838
22,B,100,4,5,-1.1865590416922251
22,B,100,4,6,-1.0012527747622206
22,B,100,4,7,-1.2976095174748132
22,B,100,4,8,-0.9608324370200366
22,B,100,4,9,-1.257123733006072
22,B,100,5,0,-0.20906309434858086
22,B,100,5,1,-0.018813926813121003
22,B,100,5,2,-0.006847145778694968
22,B,100,5,3,-0.011291603765387178
22,B,100,5,4,0.006963443292524406
22,B,100,5,5,0.00818589680834567
22,B,100,5,6,0.008662363433732004
22,B,100,5,7,-0.04882588069227673
22,B,100,5,8,-0.073350746794083
22,B,100,5,9,0.02338623092092593
22,B,100,6,0,-2.1444488862129
22,B,100,6,1,-1.1228696695201672
22,B,100,6,2,-1.449875880949959
22,B,100,6,3,-2.03079999808534
22,B,100,6,4,-2.0750598868760197
22,B,100,6,5,-3.0117334625026753
22,B,100,6,6,-2.717114175573911
22,B,100,6,7,-2.9647136721553435
22,B,100,6,8,-2.0429166591299412
22,B,100,6,9,-2.8506001481150047
22,B,100,7,0,-0.12323110388233674
22,B,100,7,1,-0.13257187075158508
22,B,100,7,2,-0.1175707458868565
22,B,100,7,3,-0.45776918866477023
22,B,100,7,4,-0.1066572011842476
22,B,100,7,5,-0.08459928611158365
22,B,100,7,6,-1.679226225335203
22,B,100,7,7,-1.2437333554747156
22,B,100,7,8,-0.24057008033854793
22,B,100,7,9,-0.10842046879181746
22,B,100,8,0,2.4443735341495265
22,B,100,8,1,2.0741255283846094
22,B,100,8,2,2.9518062234428455
22,B,100,8,3,2.689398273816114
22,B,100,8,4,2.08875496022473
22,B,100,8,5,2.639895818198761
22,B,100,8,6,2.814093952321811
22,B,100,8,7,2.1505476305080986
22,B,100,8,8,1.0904252515281745
22,B,100,8,9,1.9873695188831553
22,B,100,9,0,-1.0077694156751502
22,B,100,9,1,-0.8771681248344441
22,B,100,9,2,-0.893757052148125
22,B,100,9,3,-0.8062914846335311
22,B,100,9,4,-0.9174038878920691
22,B,100,9,5,-0.8768606229085347
22,B,100,9,6,-1.121401800011873
22,B,100,9,7,-1.0155487052044392
22,B,100,9,8,-1.073652714580135
22,B,100,9,9,-1.1667310761666345
23,A,0.05,0,0,-0.2512813377313167
23,A,0.05,0,1,-0.1996619141394035
23,A,0.05,0,2,0.5013418940138863
23,A,0.05,0,3,0.6156044423082068
23,A,0.05,0,4,0.4313362406811082
23,A,0.05,0,5,0.11340835515466506
23,A,0.05,0,6,-0.04668687071768199
23,A,0.05,0,7,0.5416759479636263
23,A,0.05,0,8,-0.062244680805935315
23,A,0.05,0,9,-0.02778918773732627
23,A,0.05,1,0,0.49685676662614636
23,A,0.05,1,1,0.2901633919583671
23,A,0.05,1,2,-0.7052577215880109
23,A,0.05,1,3,-0.1586794925471146
23,A,0.05,1,4,-0.05727631604245924
23,A,0.05,1,5,-0.12921190010001585
23,A,0.05,1,6,0.34081224222091777
23,A,0.05,1,7,-0.7431329839686958
23,A,0.05,1,8,0.015921331417846483
23,A,0.05,1,9,0.3096325436728891
23,A,0.05,2,0,0.5884911929608639
23,A,0.05,2,1,0.437520223343227
23,A,0.05,2,2,0.05948648208924423
23,A,0.05,2,3,0.6811265998190983
23,A,0.05,2,4,0.04231909741718526
23,A,0.05,2,5,0.4910420869172289
23,A,0.05,2,6,0.4694622494939552
23,A,0.05,2,7,0.1845216820557411
23,A,0.05,2,8,0.27244978256021624
23,A,0.05,2,9,-0.06381187395704908
23,A,0.05,3,0,1.8129262444531309
23,A,0.05,3,1,2.242086312843213
23,A,0.05,3,2,1.9135063618534833
23,A,0.05,3,3,1.7114704476631497
23,A,0.05,3,4,1.821561133295188
23,A,0.05,3,5,1.4077906928510657
23,A,0.05,3,6,0.7232108571640913
23,A,0.05,3,7,1.2549544050546255
23,A,0.05,3,8,1.2877165147907756
23,A,0.05,3,9,1.8960745947422295
23,A,0.05,4,0,1.0777044905676378
23,A,0.05,4,1,0.29279523456202794
23,A,0.05,4,2,0.8438131406706331
23,A,0.05,4,3,1.109140126816174
23,A,0.05,4,4,0.976044920812814
23,A,0.05,4,5,0.9890913700332199
23,A,0.05,4,6,0.4924157568514804
23,A,0.05,4,7,1.1677153346113893
23,A,0.05,4,8,1.233887679385534
23,A,0.05,4,9,0.6129241700974486
23,A,0.05,5,0,0.6664265493142048
23,A,0.05,5,1,0.9984302304528795
23,A,0.05,5,2,0.7717255143240851
23,A,0.05,5,3,0.5363300389375716
23,A,0.05,5,4,0.8026287793745593
23,A,0.05,5,5,0.8631785454403789
23,A,0.05,5,6,0.6634596845619497
23,A,0.05,5,7,0.5588251435505808
23,A,0.05,5,8,0.9002497860984532
23,A,0.05,5,9,0.5062955757349681
23,A,0.05,6,0,-0.5736849060202583
23,A,0.05,6,1,-0.7008215434259412
23,A,0.05,6,2,-0.4855641372913667
23,A,0.05,6,3,-0.5609843189208475
23,A,0.05,6,4,-0.7605837716358611
23,A,0.05,6,5,0.1751066965834619
23,A,0.05,6,6,-0.4130811890123554
23,A,0.05,6,7,-0.3363984307128715
23,A,0.05,6,8,-0.7209446371167093
23,A,0.05,6,9,-0.514201845442698
23,A,0.05,7,0,0.35290579739409816
23,A,0.05,7,1,0.3129360481965432
23,A,0.05,7,2,0.6864671614876039
23,A,0.05,7,3,0.891516469170615
23,A,0.05,7,4,0.5227073737120594
23,A,0.05,7,5,0.5228979792146692
23,A,0.05,7,6,0.3535251994000826
23,A,0.05,7,7,0.4040738858663984
23,A,0.05,7,8,0.22191259175295158
23,A,0.05,7,9,0.8528971284354707
23,A,0.05,8,0,2.52626649003928
23,A,0.05,8,1,2.102626267593192
23,A,0.05,8,2,2.1307304185796556
23,A,0.05,8,3,1.9702513227738767
23,A,0.05,8,4,2.0330596944735877
23,A,0.05,8,5,2.0919747966377082
23,A,0.05,8,6,2.26443667695098
23,A,0.05,8,7,2.2119947951006456
23,A,0.05,8,8,1.7396051195325073
23,A,0.05,8,9,2.413497419417805
23,A,0.05,9,0,-1.8958806131861048
23,A,0.05,9,1,-1.896861052300217
23,A,0.05,9,2,-2.283154894025177
23,A,0.05,9,3,-2.0703189159890534
23,A,0.05,9,4,-2.023411007747019
23,A,0.05,9,5,-1.9182978951550296
23,A,0.05,9,6,-1.5584790300004006
23,A,0.05,9,7,-1.7154392321512295
23,A,0.05,9,8,-2.1059322517785706
23,A,0.05,9,9,-1.4900259711216528
23,B,100,0,0,1.3920800035080378
23,B,100,0,1,1.2864158992738062
23,B,100,0,2,1.4440220081115382
23,B,100,0,3,0.5504828324591762
23,B,100,0,4,1.015126094753239
23,B,100,0,5,1.4957303869062533
23,B,100,0,6,1.0988977574471985
23,B,100,0,7,0.8568955769603265
23,B,100,0,8,1.2257644201634839
23,B,100,0,9,0.960049192871737
23,B,100,1,0,-0.3319965261481046
23,B,100,1,1,-0.225019131426018
23,B,100,1,2,-0.2858432554477706
23,B,100,1,3,-0.10308250255052073
23,B,100,1,4,-0.15697567810298937
23,B,100,1,5,0.0414764030489186
23,B,100,1,6,0.15513440243285082
23,B,100,1,7,-0.0562023602208351
23,B,100,1,8,0.03111152046062754
23,B,100,1,9,0.2629649930228073
23,B,100,2,0,1.0856967495985994
23,B,100,2,1,1.1910119963418062
23,B,100,2,2,1.4272547264197715
23,B,100,2,3,1.5678196869533179
23,B,100,2,4,1.2552345925466124
23,B,100,2,5,1.1708184230769736
23,B,100,2,6,1.3122951316924152
23,B,100,2,7,1.5625821226442156
23,B,100,2,8,1.0675175069829559
23,B,100,2,9,1.5557131229183463
23,B,100,3,0,-0.2666877885712572
23,B,100,3,1,-0.6670946920738109
23,B,100,3,2,-1.0100976106113841
23,B,100,3,3,-1.271826737660149
23,B,100,3,4,-0.7409948856220416
23,B,100,3,5,-0.3165841137737698
23,B,100,3,6,-0.34002716489807205
23,B,100,3,7,-0.712584086909603
23,B,100,3,8,-0.40844418771321056
23,B,100,3,9,-0.6070547093970953
23,B,100,4,0,0.017160525539994368
23,B,100,4,1,0.049439380521745076
23,B,100,4,2,0.06669193722940954
23,B,100,4,3,0.14046805675916796
23,B,100,4,4,-0.0653002619990647
23,B,100,4,5,0.19904132496841095
23,B,100,4,6,-0.16540171621264976
23,B,100,4,7,0.21075375004006955
23,B,100,4,8,0.14505998048396349
23,B,100,4,9,-0.037480304938709005
23,B,100,5,0,-0.06279948084191198
23,B,100,5,1,-0.44777546728665385
23,B,100,5,2,-0.3818082994935319
23,B,100,5,3,-0.40360634447181704
23,B,100,5,4,0.09022605971807679
23,B,100,5,5,-0.1312213313413872
23,B,100,5,6,0.20082982195807103
23,B,100,5,7,-0.3404107166321683
23,B,100,5,8,-0.19030186839935462
23,B,100,5,9,-0.334699825630899
23,B,100,6,0,-0.41321763493206876
23,B,100,6,1,-0.1215659928377328
23,B,100,6,2,-0.03725490238574058
23,B,100,6,3,0.0786735149042222
23,B,100,6,4,-0.35243675748401354
23,B,100,6,5,-0.08106741161073942
23,B,100,6,6,-0.4604967932907429
23,B,100,6,7,-0.18801797003144835
23,B,100,6,8,-0.37971731251805135
23,B,100,6,9,-0.32945156464105857
23,B,100,7,0,-0.1781228008329677
23,B,100,7,1,-0.7079534719493991
23,B,100,7,2,-0.19643250671598406
23,B,100,7,3,-0.209174505669609
23,B,100,7,4,-0.5229772600007566
23,B,100,7,5,-0.6105002219390673
23,B,100,7,6,-0.43977550355711637
23,B,100,7,7,-0.03851104990180787
23,B,100,7,8,-1.0648109385662836
23,B,100,7,9,-0.47874519474241684
23,B,100,8,0,-0.12163531964574263
23,B,100,8,1,0.016368086883940876
23,B,100,8,2,-0.07622950654600935
23,B,100,8,3,0.06800163508643646
23,B,100,8,4,-0.06846711209909152
23,B,100,8,5,-0.26902844541226456
23,B,100,8,6,0.08927137352797955
23,B,100,8,7,0.04976700332595224
23,B,100,8,8,0.1403283391665813
23,B,100,8,9,0.018732240600486408
23,B,100,9,0,1.157104884037366
23,B,100,9,1,0.6274255666957971
23,B,100,9,2,0.9879704751622436
23,B,100,9,3,0.6551863836913034
23,B,100,9,4,0.9335820204534182
23,B,100,9,5,0.6275793772990335
23,B,100,9,6,0.7608099921191238
23,B,100,9,7,0.9180493364159737
23,B,100,9,8,0.901341271066714
23,B,100,9,9,1.0518860522126208
24,A,0.05,0,0,1.339247177169214
24,A,0.05,0,1,1.7980612104018245
24,A,0.05,0,2,1.5410542467653403
24,A,0.05,0,3,1.569030834061715
24,A,0.05,0,4,1.4261311721001066
24,A,0.05,0,5,2.412127016106748
24,A,0.05,0,6,1.9918878548249408
24,A,0.05,0,7,1.7184324858171451
24,A,0.05,0,8,2.188949514093021
24,A,0.05,0,9,1.967064343154987
24,A,0.05,1,0,0.2656004409493233
24,A,0.05,1,1,0.24173864046660423
24,A,0.05,1,2,0.2256001669180449
24,A,0.05,1,3,0.2546585166511033
24,A,0.05,1,4,0.22743597781254069
24,A,0.05,1,5,0.261196774976026
24,A,0.05,1,6,0.2498310062436704
24,A,0.05,1,7,0.010829921354364194
24,A,0.05,1,8,0.2428308189892341
24,A,0.05,1,9,0.25366808980060035
24,A,0.05,2,0,0.23649334727970667
24,A,0.05,2,1,0.04319811600330067
24,A,0.05,2,2,0.2583572946312884
24,A,0.05,2,3,0.3788743477285897
24,A,0.05,2,4,0.2875673987833307
24,A,0.05,2,5,0.3036811968226378
24,A,0.05,2,6,0.0317477029661518
24,A,0.05,2,7,0.21269456225958552
24,A,0.05,2,8,0.11729541791594264
24,A,0.05,2,9,0.22043002454103325
24,A,0.05,3,0,-0.0544210706659559
24,A,0.05,3,1,0.5553707827574988
24,A,0.05,3,2,-0.18593279754607
24,A,0.05,3,3,0.10278649693988842
24,A,0.05,3,4,0.5907298984576929
24,A,0.05,3,5,0.5717192284385962
24,A,0.05,3,6,0.5938077884068058
24,A,0.05,3,7,0.5847728647658929
24,A,0.05,3,8,0.5501908270154351
24,A,0.05,3,9,0.23638796167986392
24,A,0.05,4,0,-1.6997202985987452
24,A,0.05,4,1,-2.034375262894954
24,A,0.05,4,2,-2.118280079708829
24,A,0.05,4,3,-1.9679909384601824
24,A,0.05,4,4,-2.09104189657629
24,A,0.05,4,5,-1.506776573141198
24,A,0.05,4,6,-1.7180551477159873
24,A,0.05,4,7,-1.551568505189443
24,A,0.05,4,8,-1.882933316611598
24,A,0.05,4,9,-1.7016940492992483
24,A,0.05,5,0,0.6054777046285948
24,A,0.05,5,1,0.4304604450670687
24,A,0.05,5,2,0.6823058765553315
24,A,0.05,5,3,0.6356756162268781
24,A,0.05,5,4,0.6346369439673067
24,A,0.05,5,5,0.5386847277525803
24,A,0.05,5,6,0.7608747952787281
24,A,0.05,5,7,0.45064761371358686
24,A,0.05,5,8,0.5620997546549376
24,A,0.05,5,9,0.48834263792974736
24,A,0.05,6,0,0.21834874099277796
24,A,0.05,6,1,-0.09403775815774092
24,A,0.05,6,2,-0.1246173993266825
24,A,0.05,6,3,0.19427836735969786
24,A,0.05,6,4,0.003821067823427741
24,A,0.05,6,5,0.3786475508909512
24,A,0.05,6,6,-0.5243452052525585
24,A,0.05,6,7,-0.18614542449308114
24,A,0.05,6,8,0.12316019625910433
24,A,0.05,6,9,-0.05313096431218172
24,A,0.05,7,0,-0.11886961301056226
24,A,0.05,7,1,-0.4121448022119633
24,A,0.05,7,2,0.6014759871667977
24,A,0.05,7,3,0.5049107617757845
24,A,0.05,7,4,0.020247018880424458
24,A,0.05,7,5,0.41077965995867227
24,A,0.05,7,6,0.21235855219473637
24,A,0.05,7,7,0.0950679645532232
24,A,0.05,7,8,0.6295814704524241
24,A,0.05,7,9,0.015790627569676356
24,A,0.05,8,0,-0.4240641670834422
24,A,0.05,8,1,-0.22336524614726833
24,A,0.05,8,2,0.33541550017037886
24,A,0.05,8,3,-0.03672480335581463
24,A,0.05,8,4,-0.07385577950802111
24,A,0.05,8,5,0.42527498564108573
24,A,0.05,8,6,-0.29362724168954285
24,A,0.05,8,7,-0.07410990707778618
24,A,0.05,8,8,0.35514723998109304
24,A,0.05,8,9,0.15956515760522832
24,A,0.05,9,0,0.14340576739191666
24,A,0.05,9,1,0.18204010975802695
24,A,0.05,9,2,0.1641228500153342
24,A,0.05,9,3,0.15410953845430306
24,A,0.05,9,4,0.08296830739457527
24,A,0.05,9,5,0.7869117283143308
24,A,0.05,9,6,0.41979165849821215
24,A,0.05,9,7,0.04554851697418879
24,A,0.05,9,8,0.8462295799639514
24,A,0.05,9,9,0.0001117189057767621
24,B,100,0,0,-0.256331782852647
24,B,100,0,1,-0.28763831246710325
24,B,100,0,2,-0.2516448046820031
24,B,100,0,3,-0.25303851890345425
24,B,100,0,4,-0.20601935605316973
24,B,100,0,5,-0.48656812869043015
24,B,100,0,6,-0.17756827796261843
24,B,100,0,7,0.20827417647442392
24,B,100,0,8,0.14691316574482408
24,B,100,0,9,-0.029704084047051448
24,B,100,1,0,0.5637990813490664
24,B,100,1,1,0.3197307537439178
24,B,100,1,2,0.8845279045275071
24,B,100,1,3,0.8747525928627439
24,B,100,1,4,0.7652422749616078
24,B,100,1,5,0.4088489100628991
24,B,100,1,6,0.8653574388095041
24,B,100,1,7,0.3685546840640723
24,B,100,1,8,0.49955810550791385
24,B,100,1,9,0.4807692162970145
24,B,100,2,0,-3.583738978871087
24,B,100,2,1,-3.946306805944256
24,B,100,2,2,-3.291433033599012
24,B,100,2,3,-3.505209519053399
24,B,100,2,4,-3.97696444377998
24,B,100,2,5,-3.6465785540712283
24,B,100,2,6,-3.0898574563419023
24,B,100,2,7,-3.4626554643818843
24,B,100,2,8,-3.1907710821690056
24,B,100,2,9,-3.1586103334733755
24,B,100,3,0,-0.021509062410082387
24,B,100,3,1,-0.00354687439535115
24,B,100,3,2,-0.010229682961603717
24,B,100,3,3,0.0025504203833462916
24,B,100,3,4,-0.022523147907516243
24,B,100,3,5,-0.020004156611080015
24,B,100,3,6,-0.011917731393180786
24,B,100,3,7,0.003634871341120557
24,B,100,3,8,0.00968641315923754
24,B,100,3,9,-0.021330436590834403
24,B,100,4,0,0.717550051021365
24,B,100,4,1,0.7436087414482704
24,B,100,4,2,0.8079922663626785
24,B,100,4,3,0.5598597585052331
24,B,100,4,4,0.861671852882565
24,B,100,4,5,0.7946185624499603
24,B,100,4,6,0.574856504903169
24,B,100,4,7,0.7255092575115439
24,B,100,4,8,0.9642840382287413
24,B,100,4,9,0.6408150478439797
24,B,100,5,0,1.2963746511942498
24,B,100,5,1,1.444453535342
24,B,100,5,2,1.4663984066095088
24,B,100,5,3,1.7266250103353527
24,B,100,5,4,1.1787677681483115
24,B,100,5,5,1.4153272090383866
24,B,100,5,6,1.4193506165937226
24,B,100,5,7,1.482108503773876
24,B,100,5,8,0.9876971121557987
24,B,100,5,9,1.3151562570141169
24,B,100,6,0,-0.11598582180387743
24,B,100,6,1,-0.0256241104021784
24,B,100,6,2,-0.06780262191366648
24,B,100,6,3,-0.8598315919027618
24,B,100,6,4,-0.07441378559004776
24,B,100,6,5,-0.06169503487116198
24,B,100,6,6,-0.02561245124344009
24,B,100,6,7,-0.041281297087947144
24,B,100,6,8,-0.04401020656060984
24,B,100,6,9,-0.04356327512272352
24,B,100,7,0,-0.4713308455086697
24,B,100,7,1,-0.22490549570181476
24,B,100,7,2,-0.2808322182443807
24,B,100,7,3,-0.32282053125025545
24,B,100,7,4,-0.38088367549801716
24,B,100,7,5,-0.25078548094076086
24,B,100,7,6,-0.26493758526500344
24,B,100,7,7,-0.4869602737673867
24,B,100,7,8,-0.33821717149238034
24,B,100,7,9,-0.4643537881756208
24,B,100,8,0,-2.7653700875264526
24,B,100,8,1,-2.5365313080189122
24,B,100,8,2,-2.9680449823318615
24,B,100,8,3,-2.6448734881051905
24,B,100,8,4,-2.745835794692115
24,B,100,8,5,-2.865767706546812
24,B,100,8,6,-3.195501375081797
24,B,100,8,7,-3.017070455055791
24,B,100,8,8,-2.770966145469636
24,B,100,8,9,-2.6894648935606673
24,B,100,9,0,1.22416703582228
24,B,100,9,1,1.3215545231439147
24,B,100,9,2,1.5193695612370473
24,B,100,9,3,1.2890012273542872
24,B,100,9,4,0.5406758953331379
24,B,100,9,5,1.0918379183421971
24,B,100,9,6,1.2093361904184046
24,B,100,9,7,0.5033348656214024
24,B,100,9,8,0.7266103076190064
24,B,100,9,9,0.4655748124541172
25,A,0.05,0,0,0.18595166408482147
25,A,0.05,0,1,0.35873816209232906
25,A,0.05,0,2,0.5106981713854983
25,A,0.05,0,3,0.5912816021761501
25,A,0.05,0,4,-0.14389921577997755
25,A,0.05,0,5,0.5535465999581647
25,A,0.05,0,6,0.30672454192483894
25,A,0.05,0,7,0.6614828077280853
25,A,0.05,0,8,0.40878573721608225
25,A,0.05,0,9,0.3620792353820224
25,A,0.05,1,0,1.0416842855238928
25,A,0.05,1,1,1.0328239981235225
25,A,0.05,1,2,0.4666054729879971
25,A,0.05,1,3,0.9002596041721467
25,A,0.05,1,4,1.0060872002688568
25,A,0.05,1,5,1.1829165049174704
25,A,0.05,1,6,0.6624689273691834
25,A,0.05,1,7,0.6874053705030068
25,A,0.05,1,8,0.9388819108871802
25,A,0.05,1,9,1.7167324399437884
25,A,0.05,2,0,-0.10008555063797697
25,A,0.05,2,1,0.015638095721128113
25,A,0.05,2,2,0.21279845662932415
25,A,0.05,2,3,0.04051400506825657
25,A,0.05,2,4,-0.05989188926419552
25,A,0.05,2,5,-0.38977180520409543
25,A,0.05,2,6,0.2950703117356631
25,A,0.05,2,7,-0.2451158344554328
25,A,0.05,2,8,-0.21311977053495565
25,A,0.05,2,9,-0.15605573437768594
25,A,0.05,3,0,-0.2815122050062915
25,A,0.05,3,1,-0.07023300014233001
25,A,0.05,3,2,-0.003542072970701192
25,A,0.05,3,3,-0.14959803824540904
25,A,0.05,3,4,-0.41269955645561235
25,A,0.05,3,5,-0.03148462987697665
25,A,0.05,3,6,-0.14371691357990868
25,A,0.05,3,7,-0.3256942247311037
25,A,0.05,3,8,-0.23504961580189712
25,A,0.05,3,9,-0.2871404389233415
25,A,0.05,4,0,0.6340045703294076
25,A,0.05,4,1,0.08982628505579997
25,A,0.05,4,2,0.9724100539985072
25,A,0.05,4,3,0.24655593305904613
25,A,0.05,4,4,0.5387938720142018
25,A,0.05,4,5,0.7466009535571865
25,A,0.05,4,6,1.2201888610864722
25,A,0.05,4,7,1.1212293389722958
25,A,0.05,4,8,1.002813182755643
25,A,0.05,4,9,0.8904374015397031
25,A,0.05,5,0,1.0363973845127106
25,A,0.05,5,1,1.4882444843899678
25,A,0.05,5,2,0.9946670822155407
25,A,0.05,5,3,0.9985047376739801
25,A,0.05,5,4,0.8818087412898634
25,A,0.05,5,5,0.6507119152577185
25,A,0.05,5,6,1.0677781248375253
25,A,0.05,5,7,1.0370962880145078
25,A,0.05,5,8,1.490655166698255
25,A,0.05,5,9,0.785931276671593
25,A,0.05,6,0,3.4519551008097875
25,A,0.05,6,1,3.5288662920559903
25,A,0.05,6,2,3.2786315538278785
25,A,0.05,6,3,3.3586777056288253
25,A,0.05,6,4,3.2863721732990587
25,A,0.05,6,5,3.6460693956435732
25,A,0.05,6,6,3.2778164607606413
25,A,0.05,6,7,3.4398003936777113
25,A,0.05,6,8,2.959058506705967
25,A,0.05,6,9,3.7152503393956686
25,A,0.05,7,0,-0.0873277978376761
25,A,0.05,7,1,-0.005510240811013786
25,A,0.05,7,2,0.009263485349706668
25,A,0.05,7,3,0.0702736013244163
25,A,0.05,7,4,0.15459255096877708
25,A,0.05,7,5,0.16628623155965794
25,A,0.05,7,6,0.10696951334673464
25,A,0.05,7,7,0.15653494765271422
25,A,0.05,7,8,0.053673249493553704
25,A,0.05,7,9,0.004112887798962154
25,A,0.05,8,0,-0.8026224464551589
25,A,0.05,8,1,-0.5234743332240163
25,A,0.05,8,2,-0.278997309784346
25,A,0.05,8,3,-0.6783320036047791
25,A,0.05,8,4,-0.4042649289987545
25,A,0.05,8,5,-0.37574078010504286
25,A,0.05,8,6,-0.555772293478917
25,A,0.05,8,7,-0.12385000419395058
25,A,0.05,8,8,-0.8022175737545906
25,A,0.05,8,9,-0.6361524076295809
25,A,0.05,9,0,0.9655808852256244
25,A,0.05,9,1,0.9152809841603475
25,A,0.05,9,2,0.61244459024569
25,A,0.05,9,3,0.8149136469526208
25,A,0.05,9,4,0.2805579054010156
25,A,0.05,9,5,0.37775179370904044
25,A,0.05,9,6,0.5520770716782613
25,A,0.05,9,7,0.5611872017358147
25,A,0.05,9,8,1.0692039500077248
25,A,0.05,9,9,0.005118387861266925
25,B,100,0,0,-1.9437118958293749
25,B,100,0,1,-2.6156047325649867
25,B,100,0,2,-2.344401433676539
25,B,100,0,3,-2.542128519297865
25,B,100,0,4,-3.2666213979747307
25,B,100,0,5,-2.48702513419303
25,B,100,0,6,-1.8470284946388604
25,B,100,0,7,-2.2438055390536467
25,B,100,0,8,-3.1634042749493814
25,B,100,0,9,-2.9391460115242465
25,B,100,1,0,-1.8317540648680706
25,B,100,1,1,-1.171980709732983
25,B,100,1,2,-1.404751280387036
25,B,100,1,3,-1.5881094024377058
25,B,100,1,4,-2.836037184166187
25,B,100,1,5,-1.6022802710405095
25,B,100,1,6,-1.3798347664613342
25,B,100,1,7,-1.0176791010627002
25,B,100,1,8,-1.3923862490680232
25,B,100,1,9,-1.0016511602668565
25,B,100,2,0,-0.23080172595917264
25,B,100,2,1,-0.37027013212969584
25,B,100,2,2,0.5317390585001764
25,B,100,2,3,-0.7510840685034496
25,B,100,2,4,-0.2555539856749185
25,B,100,2,5,-0.5955668842531541
25,B,100,2,6,-0.10799729790127431
25,B,100,2,7,-0.8374552626252629
25,B,100,2,8,-0.0016292936259133437
25,B,100,2,9,-1.4245558210624343
25,B,100,3,0,-0.3791481791640561
25,B,100,3,1,-0.42519242717846206
25,B,100,3,2,-0.4693813406052224
25,B,100,3,3,-0.34885688493746325
25,B,100,3,4,-0.4515608893758765
25,B,100,3,5,-0.061057291545775876
25,B,100,3,6,-0.12726926286047252
25,B,100,3,7,-0.2626584937181216
25,B,100,3,8,-0.3135290767834169
25,B,100,3,9,-0.40103495227923697
25,B,100,4,0,-0.6724559967370274
25,B,100,4,1,0.5480917022194451
25,B,100,4,2,0.27047672319022414
25,B,100,4,3,-0.05858370334862276
25,B,100,4,4,0.19847737293477258
25,B,100,4,5,-0.268158854492131
25,B,100,4,6,0.033250591373105744
25,B,100,4,7,-0.526725147399966
25,B,100,4,8,-0.44047772681169994
25,B,100,4,9,-0.545526500807126
25,B,100,5,0,0.5124489495470642
25,B,100,5,1,0.8261482177466165
25,B,100,5,2,0.5271492737518175
25,B,100,5,3,0.8326866923021414
25,B,100,5,4,0.9998081182772395
25,B,100,5,5,1.2770846306986885
25,B,100,5,6,0.5482162512453261
25,B,100,5,7,0.11306597791863504
25,B,100,5,8,0.8210840464281475
25,B,100,5,9,0.9937942065163683
25,B,100,6,0,0.3249238787574201
25,B,100,6,1,0.28578995260790524
25,B,100,6,2,0.579375754592009
25,B,100,6,3,0.6876408142469981
25,B,100,6,4,0.315126169654599
25,B,100,6,5,0.3936820512765616
25,B,100,6,6,0.4554618558062607
25,B,100,6,7,0.6601313205632521
25,B,100,6,8,0.4432502088113753
25,B,100,6,9,0.4359206959544971
25,B,100,7,0,-0.6819856211950722
25,B,100,7,1,-0.6444748759098946
25,B,100,7,2,-1.3633042015200467
25,B,100,7,3,-1.0435666085518862
25,B,100,7,4,-1.301263711242433
25,B,100,7,5,-0.9568457582396418
25,B,100,7,6,-1.2759944897368505
25,B,100,7,7,-1.2175198141843981
25,B,100,7,8,-1.2753679355184633
25,B,100,7,9,-1.2606387382473518
25,B,100,8,0,0.051799343726569365
25,B,100,8,1,0.8611478345589897
25,B,100,8,2,0.6469582126488239
25,B,100,8,3,0.3253416147699463
25,B,100,8,4,0.5483241824264491
25,B,100,8,5,0.7119521784253257
25,B,100,8,6,0.38269599049324854
25,B,100,8,7,0.9977966445018154
25,B,100,8,8,0.6148239348375599
25,B,100,8,9,0.3826183657920556
25,B,100,9,0,0.45277448164060274
25,B,100,9,1,0.19601039504700957
25,B,100,9,2,0.5460060358331256
25,B,100,9,3,0.17728482349128674
25,B,100,9,4,1.1780966173251886
25,B,100,9,5,0.8183706192260793
25,B,100,9,6,0.7364895481929475
25,B,100,9,7,1.0254233947271532
25,B,100,9,8,0.7231362767715668
25,B,100,9,9,1.144799980324449
26,A,0.05,0,0,1.6605815360282796
26,A,0.05,0,1,1.5224690687506766
26,A,0.05,0,2,1.9020640717652397
26,A,0.05,0,3,1.155285239618039
26,A,0.05,0,4,1.7169660525021457
26,A,0.05,0,5,1.08312927782549
26,A,0.05,0,6,1.6389616061615173
26,A,0.05,0,7,1.5529163082669635
26,A,0.05,0,8,1.5665701278337267
26,A,0.05,0,9,1.7079948963950198
26,A,0.05,1,0,-2.88419428908857
26,A,0.05,1,1,-3.1582202842077516
26,A,0.05,1,2,-2.979809842960677
26,A,0.05,1,3,-3.0128616075795898
26,A,0.05,1,4,-2.922945801062161
26,A,0.05,1,5,-2.9872471690430515
26,A,0.05,1,6,-3.549622609866569
26,A,0.05,1,7,-3.2634214512703346
26,A,0.05,1,8,-3.379168336645433
26,A,0.05,1,9,-3.108856632799905
26,A,0.05,2,0,0.5150294089086098
26,A,0.05,2,1,1.415855721698288
26,A,0.05,2,2,0.7713917833680521
26,A,0.05,2,3,1.4540888398579357
26,A,0.05,2,4,1.6450283936176744
26,A,0.05,2,5,1.837800929998871
26,A,0.05,2,6,0.554032030420388
26,A,0.05,2,7,1.6893715971108834
26,A,0.05,2,8,0.5978478718743356
26,A,0.05,2,9,1.6609645528127488
26,A,0.05,3,0,-0.6954095210564775
26,A,0.05,3,1,-0.7728531616509979
26,A,0.05,3,2,-0.7162536449703671
26,A,0.05,3,3,-0.5945754126237494
26,A,0.05,3,4,-0.602897150103604
26,A,0.05,3,5,-0.39162659576695014
26,A,0.05,3,6,-0.29197447413971384
26,A,0.05,3,7,-0.5312279628729265
26,A,0.05,3,8,-0.5906757045324927
26,A,0.05,3,9,-0.6256049081058774
26,A,0.05,4,0,0.826208692189497
26,A,0.05,4,1,0.5429458103588108
26,A,0.05,4,2,0.916650573068973
26,A,0.05,4,3,0.7608313550227556
26,A,0.05,4,4,0.5382640021726398
26,A,0.05,4,5,0.7759231516681926
26,A,0.05,4,6,0.8787239699445337
26,A,0.05,4,7,0.8489266081057915
26,A,0.05,4,8,0.5704228436207008
26,A,0.05,4,9,0.9112315398453665
26,A,0.05,5,0,1.9688810508664907
26,A,0.05,5,1,1.713448712247848
26,A,0.05,5,2,1.8379065500383982
26,A,0.05,5,3,1.805717583609583
26,A,0.05,5,4,2.185111925108185
26,A,0.05,5,5,2.082217700337011
26,A,0.05,5,6,1.9269669244366208
26,A,0.05,5,7,1.9030370764235311
26,A,0.05,5,8,1.935370535886132
26,A,0.05,5,9,1.759190181551838
26,A,0.05,6,0,0.29883471927397376
26,A,0.05,6,1,0.2850637043307884
26,A,0.05,6,2,0.5144632164409814
26,A,0.05,6,3,0.18934796039501262
26,A,0.05,6,4,0.7909483347043301
26,A,0.05,6,5,0.1656616626190336
26,A,0.05,6,6,0.27313954018677333
26,A,0.05,6,7,-0.33228106199113333
26,A,0.05,6,8,0.3610692101936527
26,A,0.05,6,9,0.6313813009199206
26,A,0.05,7,0,0.4814635815582423
26,A,0.05,7,1,0.7133038252454362
26,A,0.05,7,2,0.8870680558892893
26,A,0.05,7,3,0.774841465705629
26,A,0.05,7,4,0.6866393895258424
26,A,0.05,7,5,0.5253881163826678
26,A,0.05,7,6,0.9036777503442076
26,A,0.05,7,7,0.6456557787317884
26,A,0.05,7,8,0.7554630784384692
26,A,0.05,7,9,0.8066649450332984
26,A,0.05,8,0,-0.3815816842871525
26,A,0.05,8,1,-1.3977541722944766
26,A,0.05,8,2,-0.910867115113758
26,A,0.05,8,3,-1.447342428355471
26,A,0.05,8,4,-0.9944276523856975
26,A,0.05,8,5,-0.9146828464353781
26,A,0.05,8,6,-0.38587819730262
26,A,0.05,8,7,-1.3946283628515344
26,A,0.05,8,8,-1.7921407135335248
26,A,0.05,8,9,-0.24324198915976022
26,A,0.05,9,0,1.0759927714800086
26,A,0.05,9,1,1.2795168993460722
26,A,0.05,9,2,0.396432554682491
26,A,0.05,9,3,1.4063076465564726
26,A,0.05,9,4,0.8804459462347117
26,A,0.05,9,5,0.9513584331409676
26,A,0.05,9,6,1.4364555648033164
26,A,0.05,9,7,1.0959087063371384
26,A,0.05,9,8,1.5884186306830568
26,A,0.05,9,9,0.5240455645109171
26,B,100,0,0,0.6404465243843691
26,B,100,0,1,1.39506389848362
26,B,100,0,2,1.4738585645818
26,B,100,0,3,1.7416413056522377
26,B,100,0,4,1.511745935169676
26,B,100,0,5,1.1029468187423936
26,B,100,0,6,1.3404437066276484
26,B,100,0,7,1.1399527133858922
26,B,100,0,8,1.8127956757042887
26,B,100,0,9,1.7431942365183046
26,B,100,1,0,0.25007733875971067
26,B,100,1,1,0.19357915307188295
26,B,100,1,2,0.27265796659959063
26,B,100,1,3,0.3290467060069151
26,B,100,1,4,0.28836645950881623
26,B,100,1,5,0.26213831684971556
26,B,100,1,6,0.35279970720374965
26,B,100,1,7,0.2541372860960402
26,B,100,1,8,0.34732776552696143
26,B,100,1,9,0.3227954601787996
26,B,100,2,0,-0.03321193222369911
26,B,100,2,1,-0.34241421406252026
26,B,100,2,2,-0.7568906794787054
26,B,100,2,3,-0.37183238307777544
26,B,100,2,4,-1.1249135825103729
26,B,100,2,5,0.04898210745404152
26,B,100,2,6,-1.0089080440827867
26,B,100,2,7,-0.42486944373319013
26,B,100,2,8,-0.7134181876302295
26,B,100,2,9,-0.1517494522095666
26,B,100,3,0,-1.3577042944283584
26,B,100,3,1,-0.9836887371090292
26,B,100,3,2,-1.2688235681728204
26,B,100,3,3,-1.096697823795526
26,B,100,3,4,-0.8548182201150157
26,B,100,3,5,-0.9376632594471048
26,B,100,3,6,-0.7545339129081614
26,B,100,3,7,-1.313882155614591
26,B,100,3,8,-0.9121525260119866
26,B,100,3,9,-1.0657415966025787
26,B,100,4,0,-2.306084438593262
26,B,100,4,1,-2.674318162764355
26,B,100,4,2,-2.249790811340942
26,B,100,4,3,-2.7064463438144095
26,B,100,4,4,-2.55629864440037
26,B,100,4,5,-2.7657398132710385
26,B,100,4,6,-2.634953732859324
26,B,100,4,7,-2.0435245695616717
26,B,100,4,8,-2.6664450437559695
26,B,100,4,9,-2.2415054040537186
26,B,100,5,0,1.2977566048679958
26,B,100,5,1,1.635760971134018
26,B,100,5,2,1.7338152221709595
26,B,100,5,3,1.6018799929080003
26,B,100,5,4,1.5079602407892811
26,B,100,5,5,1.7364016635818207
26,B,100,5,6,1.8449408862092858
26,B,100,5,7,1.910956480009944
26,B,100,5,8,1.3287658216371778
26,B,100,5,9,1.249242874620768
26,B,100,6,0,0.8138426711837106
26,B,100,6,1,0.8329480449856459
26,B,100,6,2,1.2463607364216314
26,B,100,6,3,0.6079430524413305
26,B,100,6,4,0.8119836656642563
26,B,100,6,5,0.7492988532868752
26,B,100,6,6,0.5976676470843044
26,B,100,6,7,1.3152064878703642
26,B,100,6,8,0.7634248863270073
26,B,100,6,9,1.2411612995022459
26,B,100,7,0,-0.6236373797505629
26,B,100,7,1,-0.11504987949044106
26,B,100,7,2,-1.1118048632057629
26,B,100,7,3,-0.2876207367599789
26,B,100,7,4,-1.0193710385879309
26,B,100,7,5,-0.9029313136378139
26,B,100,7,6,-2.102535272164709
26,B,100,7,7,-0.8377861851501582
26,B,100,7,8,-0.7223522489159271
26,B,100,7,9,-0.0324930142181752
26,B,100,8,0,0.030073765941439356
26,B,100,8,1,0.6060448900246048
26,B,100,8,2,-0.11206683494814004
26,B,100,8,3,0.5542068463973385
26,B,100,8,4,0.504660209385659
26,B,100,8,5,0.5791214775053313
26,B,100,8,6,0.5005291731092111
26,B,100,8,7,0.2766681408724907
26,B,100,8,8,0.380264470038079
26,B,100,8,9,0.2746964814625372
26,B,100,9,0,0.6034182741036995
26,B,100,9,1,0.3273705859312169
26,B,100,9,2,1.1714234000634378
26,B,100,9,3,1.0805540861973049
26,B,100,9,4,0.6455748301982558
26,B,100,9,5,0.833510172738507
26,B,100,9,6,0.772224928425332
26,B,100,9,7,0.930113080185935
26,B,100,9,8,0.9156486780978861
26,B,100,9,9,1.5498689124605562
27,A,0.05,0,0,1.063433786302793
27,A,0.05,0,1,0.6510136536930647
27,A,0.05,0,2,1.3790563754597733
27,A,0.05,0,3,0.7563987073246247
27,A,0.05,0,4,1.1247984331687084
27,A,0.05,0,5,1.2006760691411706
27,A,0.05,0,6,0.44823456435073006
27,A,0.05,0,7,1.1981210999863396
27,A,0.05,0,8,1.1197758546716903
27,A,0.05,0,9,1.2447061870613985
27,A,0.05,1,0,-0.3815387112064476
27,A,0.05,1,1,-0.30186301891464373
27,A,0.05,1,2,-0.22249413527173315
27,A,0.05,1,3,-0.16548410817284198
27,A,0.05,1,4,-0.28177725961480343
27,A,0.05,1,5,-0.42910572896624827
27,A,0.05,1,6,-0.3050339403255051
27,A,0.05,1,7,-0.1667390641424667
27,A,0.05,1,8,-0.2266095037738745
27,A,0.05,1,9,-0.1747111736568331
27,A,0.05,2,0,-0.4291512831232008
27,A,0.05,2,1,-0.5514231052206939
27,A,0.05,2,2,-0.8872307786765657
27,A,0.05,2,3,-0.3380116366430672
27,A,0.05,2,4,-0.15497899079847663
27,A,0.05,2,5,-0.2379804743637581
27,A,0.05,2,6,-0.4375128871417771
27,A,0.05,2,7,-0.681651647161112
27,A,0.05,2,8,-0.08175338699682136
27,A,0.05,2,9,-0.12677393594970285
27,A,0.05,3,0,0.4268267900303821
27,A,0.05,3,1,0.023463267247641965
27,A,0.05,3,2,0.027246982931588358
27,A,0.05,3,3,0.4687444486695509
27,A,0.05,3,4,0.24511934124109389
27,A,0.05,3,5,0.2794689303249657
27,A,0.05,3,6,0.2803699479546671
27,A,0.05,3,7,0.5786268995175018
27,A,0.05,3,8,0.4235950414465221
27,A,0.05,3,9,0.26247972703337774
27,A,0.05,4,0,-0.32338792600340455
27,A,0.05,4,1,-0.4804737573562656
27,A,0.05,4,2,-0.17001750409857178
27,A,0.05,4,3,-0.21419141681893766
27,A,0.05,4,4,-0.049661178877325476
27,A,0.05,4,5,-0.12536084856206772
27,A,0.05,4,6,-0.03925150454257291
27,A,0.05,4,7,-0.02023083843267522
27,A,0.05,4,8,-0.10569380629741487
27,A,0.05,4,9,0.1465363680023077
27,A,0.05,5,0,-0.5757179999239865
27,A,0.05,5,1,-1.35994666887557
27,A,0.05,5,2,-0.7196328078706383
27,A,0.05,5,3,-1.257957274790364
27,A,0.05,5,4,-0.7338772713901519
27,A,0.05,5,5,-1.0486082568181654
27,A,0.05,5,6,-0.7883443700021656
27,A,0.05,5,7,-1.1626458039843317
27,A,0.05,5,8,-0.8856652520083501
27,A,0.05,5,9,-1.3396241419835437
27,A,0.05,6,0,0.0010519061829149263
27,A,0.05,6,1,-0.06187013098194569
27,A,0.05,6,2,0.027083274470775135
27,A,0.05,6,3,0.34824337128188526
27,A,0.05,6,4,0.31452090765447643
27,A,0.05,6,5,0.4210623958499953
27,A,0.05,6,6,-0.12312595477451801
27,A,0.05,6,7,0.08598120268313258
27,A,0.05,6,8,0.06183696130712275
27,A,0.05,6,9,0.6273291860675397
27,A,0.05,7,0,-2.396000129838197
27,A,0.05,7,1,-1.1272615474386218
27,A,0.05,7,2,-2.455390327372284
27,A,0.05,7,3,-2.7671813982160147
27,A,0.05,7,4,-3.3219145692017134
27,A,0.05,7,5,-2.113263794387905
27,A,0.05,7,6,-2.963774386049637
27,A,0.05,7,7,-2.2482453453634026
27,A,0.05,7,8,-2.7219735018886984
27,A,0.05,7,9,-1.078798008582667
27,A,0.05,8,0,-1.8943929380308275
27,A,0.05,8,1,-1.428904178915268
27,A,0.05,8,2,-1.0509987818123165
27,A,0.05,8,3,-1.002776057220968
27,A,0.05,8,4,-1.0628232197126237
27,A,0.05,8,5,-1.2358154950987956
27,A,0.05,8,6,-1.159951041433432
27,A,0.05,8,7,-0.8466864121694835
27,A,0.05,8,8,-0.9505965527155023
27,A,0.05,8,9,-0.9696881241016901
27,A,0.05,9,0,-3.1294818146811147
27,A,0.05,9,1,-2.791504299514176
27,A,0.05,9,2,-2.2754587285827745
27,A,0.05,9,3,-2.138309155207618
27,A,0.05,9,4,-1.9612454387610612
27,A,0.05,9,5,-2.9613354913112553
27,A,0.05,9,6,-2.183919519442758
27,A,0.05,9,7,-2.0278590612559935
27,A,0.05,9,8,-2.882755800857137
27,A,0.05,9,9,-2.1384704721307237
27,B,100,0,0,0.3219593930218749
27,B,100,0,1,0.6126339711169382
27,B,100,0,2,0.9350292811319195
27,B,100,0,3,0.5519972409758471
27,B,100,0,4,0.39123997231736407
27,B,100,0,5,0.8453789510252109
27,B,100,0,6,0.7694896147318537
27,B,100,0,7,0.5906103811480623
27,B,100,0,8,0.7938392239236762
27,B,100,0,9,0.6334738583019579
27,B,100,1,0,0.023911083992583453
27,B,100,1,1,-0.07905934017970868
27,B,100,1,2,0.1066366424305014
27,B,100,1,3,0.29741131770131324
27,B,100,1,4,-0.10493044840126216
27,B,100,1,5,-0.04733671944855115
27,B,100,1,6,-0.004319587816924176
27,B,100,1,7,-0.10918123902735492
27,B,100,1,8,0.25585800235839345
27,B,100,1,9,-0.5314988344511526
27,B,100,2,0,0.9786995099036602
27,B,100,2,1,1.445980462193002
27,B,100,2,2,1.618376587281134
27,B,100,2,3,1.5419533584549332
27,B,100,2,4,1.0392424811409076
27,B,100,2,5,1.3489253297241453
27,B,100,2,6,1.5757927932253155
27,B,100,2,7,1.2918744276296166
27,B,100,2,8,2.029411043053028
27,B,100,2,9,1.3493412058970675
27,B,100,3,0,0.7230523299194549
27,B,100,3,1,0.49650618508506894
27,B,100,3,2,0.6638490681715614
27,B,100,3,3,0.5837762629111074
27,B,100,3,4,0.5272418449867674
27,B,100,3,5,0.7485961796576902
27,B,100,3,6,1.0065815994331138
27,B,100,3,7,0.802925701877103
27,B,100,3,8,0.677064971017761
27,B,100,3,9,0.9951317682632793
27,B,100,4,0,-0.314264467653516
27,B,100,4,1,0.005411051215004655
27,B,100,4,2,0.33503065922207553
27,B,100,4,3,0.09061350508904989
27,B,100,4,4,0.07199895828879943
27,B,100,4,5,0.0005933827703997193
27,B,100,4,6,0.10194076517255686
27,B,100,4,7,0.07890175419869645
27,B,100,4,8,0.19588515037510085
27,B,100,4,9,-0.1625378243914855
27,B,100,5,0,1.959117328553326
27,B,100,5,1,1.8086187203481108
27,B,100,5,2,1.5475336463051583
27,B,100,5,3,0.9597363034476799
27,B,100,5,4,1.51220837706371
27,B,100,5,5,1.0339658417853732
27,B,100,5,6,1.1335879554313795
27,B,100,5,7,1.5026762800707218
27,B,100,5,8,1.5345911997470232
27,B,100,5,9,1.4920385640603002
27,B,100,6,0,0.22248646728267857
27,B,100,6,1,0.3588450785442824
27,B,100,6,2,0.3004502774558502
27,B,100,6,3,-0.06319748647519788
27,B,100,6,4,0.15548986612258994
27,B,100,6,5,0.34096173950137487
27,B,100,6,6,0.20612894194411596
27,B,100,6,7,0.1968253730465361
27,B,100,6,8,0.19176263839751423
27,B,100,6,9,0.19426729915229934
27,B,100,7,0,0.8480515710754583
27,B,100,7,1,0.8590280492889227
27,B,100,7,2,0.27096993164206284
27,B,100,7,3,0.05715073356046455
27,B,100,7,4,0.4417751314212204
27,B,100,7,5,0.5720755176935094
27,B,100,7,6,1.369437850511644
27,B,100,7,7,1.3774100723463452
27,B,100,7,8,1.2407504162650878
27,B,100,7,9,1.3374362755706413
27,B,100,8,0,-2.0036818513072716
27,B,100,8,1,-1.9694604552486221
27,B,100,8,2,-3.031285473836025
27,B,100,8,3,-2.309548721097573
27,B,100,8,4,-1.336672567003936
27,B,100,8,5,-1.1056506601602853
27,B,100,8,6,-1.0049311893152488
27,B,100,8,7,-2.1100768573079556
27,B,100,8,8,-1.825807764525283
27,B,100,8,9,-1.036628918797992
27,B,100,9,0,-1.5080593632075594
27,B,100,9,1,-1.3467167740225028
27,B,100,9,2,-1.2807432685623577
27,B,100,9,3,-1.2362675345350427
27,B,100,9,4,-1.827236535860438
27,B,100,9,5,-1.2307798752379364
27,B,100,9,6,-1.4904864712402743
27,B,100,9,7,-1.3798844917227293
27,B,100,9,8,-1.4634613502303409
27,B,100,9,9,-1.0592908467330502
28,A,0.05,0,0,0.539914888125778
28,A,0.05,0,1,0.6185961603654611
28,A,0.05,0,2,0.6229494571027362
28,A,0.05,0,3,0.5520196970179091
28,A,0.05,0,4,0.3819449435114321
28,A,0.05,0,5,0.35694468168978866
28,A,0.05,0,6,0.9535681138334423
28,A,0.05,0,7,-0.1632154547119851
28,A,0.05,0,8,0.6351071555333334
28,A,0.05,0,9,0.061756993058737567
28,A,0.05,1,0,-0.39063358555730865
28,A,0.05,1,1,-0.4456759904334368
28,A,0.05,1,2,-0.3296054811488589
28,A,0.05,1,3,-0.38277710074400106
28,A,0.05,1,4,-0.27479449484293145
28,A,0.05,1,5,-0.2795963117694049
28,A,0.05,1,6,-0.21520511093572478
28,A,0.05,1,7,-0.22964859856826886
28,A,0.05,1,8,-0.08073947762284205
28,A,0.05,1,9,-0.27161801730533824
28,A,0.05,2,0,-0.3630979442931178
28,A,0.05,2,1,-0.8833747617241829
28,A,0.05,2,2,-0.7107137029273047
28,A,0.05,2,3,-0.3387737388738369
28,A,0.05,2,4,-0.8483753058714263
28,A,0.05,2,5,-0.29542940870797124
28,A,0.05,2,6,-0.6588162970600933
28,A,0.05,2,7,-0.30400788291672437
28,A,0.05,2,8,-0.538519745138497
28,A,0.05,2,9,0.0038736740232488227
28,A,0.05,3,0,-0.41527502626511104
28,A,0.05,3,1,-0.3184062778755263
28,A,0.05,3,2,-0.26725467553998783
28,A,0.05,3,3,-0.32116535596178414
28,A,0.05,3,4,-0.4061227559522769
28,A,0.05,3,5,-0.08923952944222911
28,A,0.05,3,6,-0.1361102284518316
28,A,0.05,3,7,-0.3148074219308112
28,A,0.05,3,8,-0.18170645164958008
28,A,0.05,3,9,-0.4586715737401692
28,A,0.05,4,0,-2.0927779184925157
28,A,0.05,4,1,-1.9952890310516522
28,A,0.05,4,2,-2.015295943718957
28,A,0.05,4,3,-2.3207672547255545
28,A,0.05,4,4,-2.07009693442595
28,A,0.05,4,5,-2.0870837794914014
28,A,0.05,4,6,-2.181197824149102
28,A,0.05,4,7,-1.579599004595814
28,A,0.05,4,8,-2.0727729775919967
28,A,0.05,4,9,-1.9881377245635858
28,A,0.05,5,0,1.8926120900773533
28,A,0.05,5,1,0.9261244681319875
28,A,0.05,5,2,0.6698894018602407
28,A,0.05,5,3,1.3158277779750163
28,A,0.05,5,4,1.1192328384973698
28,A,0.05,5,5,0.10696951565181556
28,A,0.05,5,6,1.8187777679255037
28,A,0.05,5,7,1.8560978037410565
28,A,0.05,5,8,1.0290805981319047
28,A,0.05,5,9,0.991329110005612
28,A,0.05,6,0,-0.3479052065478887
28,A,0.05,6,1,-0.2228947448244163
28,A,0.05,6,2,-0.4593284903311689
28,A,0.05,6,3,-0.3201517738955212
28,A,0.05,6,4,-0.6966740633169486
28,A,0.05,6,5,-0.4255337782471771
28,A,0.05,6,6,-0.14924141124060217
28,A,0.05,6,7,-0.14332921185524372
28,A,0.05,6,8,-0.7322616696655491
28,A,0.05,6,9,-0.43997768987384694
28,A,0.05,7,0,-0.4894962227258667
28,A,0.05,7,1,-0.8772472064188035
28,A,0.05,7,2,-0.9752386669140599
28,A,0.05,7,3,-1.2195112199211633
28,A,0.05,7,4,-0.8696018547198678
28,A,0.05,7,5,-1.221707599518631
28,A,0.05,7,6,-0.8583650261546785
28,A,0.05,7,7,-0.2359966377525469
28,A,0.05,7,8,-0.7055810680744852
28,A,0.05,7,9,-0.18558180269736715
28,A,0.05,8,0,0.8583742298731024
28,A,0.05,8,1,1.1449655838158144
28,A,0.05,8,2,0.5269654473146661
28,A,0.05,8,3,1.075976734012421
28,A,0.05,8,4,0.7148141228702206
28,A,0.05,8,5,0.5353027180496378
28,A,0.05,8,6,0.5349882975105988
28,A,0.05,8,7,0.6969156792480459
28,A,0.05,8,8,0.8052150772838426
28,A,0.05,8,9,0.5996106187573765
28,A,0.05,9,0,-0.1020194146976459
28,A,0.05,9,1,0.20148938579683656
28,A,0.05,9,2,0.012791588660156313
28,A,0.05,9,3,0.18926654384384317
28,A,0.05,9,4,0.4210370077034195
28,A,0.05,9,5,0.5348627555011437
28,A,0.05,9,6,0.1797596452469627
28,A,0.05,9,7,0.15662292771392705
28,A,0.05,9,8,0.5860979639058959
28,A,0.05,9,9,-0.09170552437154818
28,B,100,0,0,-0.06016202683099575
28,B,100,0,1,-0.41945493108686277
28,B,100,0,2,-0.6837855574824281
28,B,100,0,3,-0.19234159784734384
28,B,100,0,4,-0.010087091642986075
28,B,100,0,5,-0.3054106295650718
28,B,100,0,6,-0.46086590286703877
28,B,100,0,7,-0.0864100242486686
28,B,100,0,8,-0.4373337979491423
28,B,100,0,9,-0.673202423375002
28,B,100,1,0,-0.17133999405564979
28,B,100,1,1,-0.3947712476156517
28,B,100,1,2,-0.17380743643678923
28,B,100,1,3,-0.07689304530865335
28,B,100,1,4,-0.14047821006639608
28,B,100,1,5,-0.17140477996093467
28,B,100,1,6,-0.39432471098852895
28,B,100,1,7,-0.1785265941694993
28,B,100,1,8,-0.3876277552616007
28,B,100,1,9,-0.2630475238760251
28,B,100,2,0,-0.48371960896981414
28,B,100,2,1,-0.241183250552079
28,B,100,2,2,-0.005538482726031803
28,B,100,2,3,-0.2764261512770745
28,B,100,2,4,-0.3302893299469244
28,B,100,2,5,-0.6486615920592844
28,B,100,2,6,-0.3049929756882002
28,B,100,2,7,-0.18227986323171622
28,B,100,2,8,-0.06504722204269087
28,B,100,2,9,0.2088994242175909
28,B,100,3,0,-0.027547350853964956
28,B,100,3,1,0.32148067686229864
28,B,100,3,2,-0.15419859285670456
28,B,100,3,3,0.11741929271361494
28,B,100,3,4,0.22383296051996113
28,B,100,3,5,0.21865686703400106
28,B,100,3,6,0.23816105050740222
28,B,100,3,7,-0.16737463080450055
28,B,100,3,8,0.2598607098159824
28,B,100,3,9,0.1802633488645438
28,B,100,4,0,-0.11462100804447205
28,B,100,4,1,0.09388358298590305
28,B,100,4,2,0.193469124372219
28,B,100,4,3,0.24105186813213547
28,B,100,4,4,0.2590618449338706
28,B,100,4,5,-0.2812171943893846
28,B,100,4,6,0.023282474582793495
28,B,100,4,7,0.026683265807252162
28,B,100,4,8,-0.04613494734904897
28,B,100,4,9,-0.04022932794670185
28,B,100,5,0,-1.7036231687129932
28,B,100,5,1,-1.358902306664512
28,B,100,5,2,-1.6273744838820652
28,B,100,5,3,-1.455504782379553
28,B,100,5,4,-1.5890626064638842
28,B,100,5,5,-2.0564871274019785
28,B,100,5,6,-1.1073851795291212
28,B,100,5,7,-1.6402823594989264
28,B,100,5,8,-1.586331731819467
28,B,100,5,9,-1.176304256060411
28,B,100,6,0,0.09989954121106599
28,B,100,6,1,0.429584223634102
28,B,100,6,2,0.6615939119509971
28,B,100,6,3,0.05067107863865797
28,B,100,6,4,-0.1189966890400688
28,B,100,6,5,-0.04055688778516349
28,B,100,6,6,0.5454628636425025
28,B,100,6,7,0.5030890219724344
28,B,100,6,8,0.47008119480131605
28,B,100,6,9,0.22678748194409337
28,B,100,7,0,-1.319630837421043
28,B,100,7,1,-1.4998209089352768
28,B,100,7,2,-1.4943778942771808
28,B,100,7,3,-0.7898405266561576
28,B,100,7,4,0.03292846684452373
28,B,100,7,5,-0.5892321882547701
28,B,100,7,6,-0.5661281691183463
28,B,100,7,7,-1.070380176038437
28,B,100,7,8,-0.7006267240211993
28,B,100,7,9,-1.149129520641958
28,B,100,8,0,0.9730505162001448
28,B,100,8,1,0.008376828371142786
28,B,100,8,2,0.8939148821191234
28,B,100,8,3,-0.2703247296419643
28,B,100,8,4,0.5998712044122311
28,B,100,8,5,0.6638815561950556
28,B,100,8,6,-0.17457547934923232
28,B,100,8,7,0.41163134515823324
28,B,100,8,8,0.08089905575955098
28,B,100,8,9,0.7970141995443962
28,B,100,9,0,0.21324698023273614
28,B,100,9,1,0.2930410346956756
28,B,100,9,2,0.12772056444145782
28,B,100,9,3,0.34963751278879124
28,B,100,9,4,-0.01960006257742422
28,B,100,9,5,-0.01271658105587023
28,B,100,9,6,-0.15318468835701146
28,B,100,9,7,0.38763350528241775
28,B,100,9,8,0.19334548646436164
28,B,100,9,9,0.00804723931412226
29,A,0.05,0,0,-1.5752710616306282
29,A,0.05,0,1,-2.461278713760106
29,A,0.05,0,2,-1.779209653474054
29,A,0.05,0,3,-2.119061305264149
29,A,0.05,0,4,-2.140340568422098
29,A,0.05,0,5,-1.7514104943086972
29,A,0.05,0,6,-2.0870326515764415
29,A,0.05,0,7,-2.0520273181671094
29,A,0.05,0,8,-1.6491153860823677
29,A,0.05,0,9,-1.7350920128005327
29,A,0.05,1,0,3.5454311913991154
29,A,0.05,1,1,3.978608113849097
29,A,0.05,1,2,3.368075029960433
29,A,0.05,1,3,3.6212369976760295
29,A,0.05,1,4,3.4733902951441245
29,A,0.05,1,5,3.754297788552015
29,A,0.05,1,6,3.146097766891739
29,A,0.05,1,7,3.7387135682682904
29,A,0.05,1,8,3.3903520368943276
29,A,0.05,1,9,3.5672838255023387
29,A,0.05,2,0,1.4892423817348455
29,A,0.05,2,1,2.294279015803517
29,A,0.05,2,2,1.965194404484451
29,A,0.05,2,3,1.5768477443430882
29,A,0.05,2,4,1.9345382177370316
29,A,0.05,2,5,1.4585141608127272
29,A,0.05,2,6,1.8184250714003125
29,A,0.05,2,7,2.1351161823807643
29,A,0.05,2,8,1.9154188464397397
29,A,0.05,2,9,2.0470785288986924
29,A,0.05,3,0,-0.1497113772231395
29,A,0.05,3,1,-0.024959678768816766
29,A,0.05,3,2,-0.14039978058292416
29,A,0.05,3,3,-0.18479925310393458
29,A,0.05,3,4,0.10448047361329803
29,A,0.05,3,5,-0.4618818168783992
29,A,0.05,3,6,0.29559800025244837
29,A,0.05,3,7,-0.23546503563041357
29,A,0.05,3,8,-0.07597793466634455
29,A,0.05,3,9,-0.18642139089129484
29,A,0.05,4,0,-0.4949492343158883
29,A,0.05,4,1,-0.9115842399752756
29,A,0.05,4,2,-0.39301951552079134
29,A,0.05,4,3,-0.24625682395201373
29,A,0.05,4,4,-0.8973904446515928
29,A,0.05,4,5,-0.3021527095268772
29,A,0.05,4,6,-0.16633949474729712
29,A,0.05,4,7,-0.37700561431196355
29,A,0.05,4,8,-0.2997612956454021
29,A,0.05,4,9,-0.5167665139836873
29,A,0.05,5,0,0.3489652103043494
29,A,0.05,5,1,1.4065640476412997
29,A,0.05,5,2,2.171883860983417
29,A,0.05,5,3,1.4477232440974286
29,A,0.05,5,4,1.6830266022426696
29,A,0.05,5,5,1.1741796003192624
29,A,0.05,5,6,0.9718225746339969
29,A,0.05,5,7,1.9138872216033835
29,A,0.05,5,8,1.3360358632838256
29,A,0.05,5,9,0.006100089317138789
29,A,0.05,6,0,-0.1338335248466185
29,A,0.05,6,1,0.17867364043547274
29,A,0.05,6,2,0.3178343306543803
29,A,0.05,6,3,0.22145793470298117
29,A,0.05,6,4,0.21922962498989276
29,A,0.05,6,5,-0.11905866482756002
29,A,0.05,6,6,0.43608578324897185
29,A,0.05,6,7,0.02934306770130359
29,A,0.05,6,8,0.33642015404275205
29,A,0.05,6,9,0.37280832687374593
29,A,0.05,7,0,-0.3950683669716008
29,A,0.05,7,1,-0.09802839137026585
29,A,0.05,7,2,-0.4339842022879081
29,A,0.05,7,3,-0.069228146389326
29,A,0.05,7,4,-0.15768251054501542
29,A,0.05,7,5,-0.08930537359534754
29,A,0.05,7,6,-0.052503447970972665
29,A,0.05,7,7,-0.18027659830920012
29,A,0.05,7,8,-0.41185700263016806
29,A,0.05,7,9,-0.08878490667947578
29,A,0.05,8,0,0.25449446112084184
29,A,0.05,8,1,0.6557991383224065
29,A,0.05,8,2,0.10971439825140977
29,A,0.05,8,3,0.23038796644417028
29,A,0.05,8,4,0.007972270578327842
29,A,0.05,8,5,0.762772079935952
29,A,0.05,8,6,0.33929485581775415
29,A,0.05,8,7,0.36523251135647744
29,A,0.05,8,8,0.35897665343852836
29,A,0.05,8,9,0.661014945056254
29,A,0.05,9,0,-1.8226283562785819
29,A,0.05,9,1,-1.546831999036336
29,A,0.05,9,2,-1.397845004549469
29,A,0.05,9,3,-1.2167417559462868
29,A,0.05,9,4,-1.3507899181849239
29,A,0.05,9,5,-1.7841214784141624
29,A,0.05,9,6,-2.202455102468676
29,A,0.05,9,7,-1.9623166362877051
29,A,0.05,9,8,-1.6786450379055016
29,A,0.05,9,9,-1.5983765213282577
29,B,100,0,0,0.25226076540454506
29,B,100,0,1,0.35059912570964796
29,B,100,0,2,-0.1101230277380646
29,B,100,0,3,0.09963574031825302
29,B,100,0,4,0.4469278830973138
29,B,100,0,5,0.07871118942975998
29,B,100,0,6,0.047848651171152834
29,B,100,0,7,0.30648012457195817
29,B,100,0,8,0.2816823022970944
29,B,100,0,9,0.47601636992105256
29,B,100,1,0,-1.1902019997732864
29,B,100,1,1,-1.075114311779174
29,B,100,1,2,-1.0639249073789088
29,B,100,1,3,-0.7920541796554054
29,B,100,1,4,-0.7740696996922639
29,B,100,1,5,-0.858237006758031
29,B,100,1,6,-1.5015174680148702
29,B,100,1,7,-1.3377947098395249
29,B,100,1,8,-1.0226136071044727
29,B,100,1,9,-1.1997748463434128
29,B,100,2,0,-0.009222847726428916
29,B,100,2,1,0.020973435230966404
29,B,100,2,2,-0.00024185744123028283
29,B,100,2,3,0.024656537858362984
29,B,100,2,4,-0.003013489692408142
29,B,100,2,5,0.9983627528836426
29,B,100,2,6,0.7175877873277428
29,B,100,2,7,1.1747389763171003
29,B,100,2,8,0.32663231012550525
29,B,100,2,9,-0.23982088194779286
29,B,100,3,0,-1.7829202965528184
29,B,100,3,1,-1.0033889043974926
29,B,100,3,2,-1.2633130618705162
29,B,100,3,3,-1.5148162991311855
29,B,100,3,4,-1.4729934483174807
29,B,100,3,5,-0.8437391740341823
29,B,100,3,6,-1.7052468832014953
29,B,100,3,7,-1.6052602680856702
29,B,100,3,8,-1.3322674059849537
29,B,100,3,9,-1.5242040119239875
29,B,100,4,0,-0.11594742446071768
29,B,100,4,1,-0.014508353355545423
29,B,100,4,2,-0.22580960690098625
29,B,100,4,3,-0.3006803694334735
29,B,100,4,4,-0.3674979126964172
29,B,100,4,5,-0.3509272520681782
29,B,100,4,6,-0.9075160313283672
29,B,100,4,7,-0.06977674556818649
29,B,100,4,8,-0.38840491603788607
29,B,100,4,9,-0.19866925067209887
29,B,100,5,0,0.24771760353633193
29,B,100,5,1,0.4451040604543203
29,B,100,5,2,0.009093838231075315
29,B,100,5,3,0.44404228931119305
29,B,100,5,4,0.06948512741486698
29,B,100,5,5,0.5602975047955969
29,B,100,5,6,0.37029049822364585
29,B,100,5,7,0.41908568924973216
29,B,100,5,8,0.37653062888156164
29,B,100,5,9,0.5684966941769841
29,B,100,6,0,-1.1812618874828764
29,B,100,6,1,-0.9650227223716479
29,B,100,6,2,-1.0846766035409576
29,B,100,6,3,-1.46640549654032
29,B,100,6,4,-0.9678992090418471
29,B,100,6,5,-1.564108320539155
29,B,100,6,6,-1.7459222652208874
29,B,100,6,7,-1.6510141013724182
29,B,100,6,8,-1.3818145402552504
29,B,100,6,9,-1.7205915973653223
29,B,100,7,0,2.0379529033982737
29,B,100,7,1,1.5206597400526736
29,B,100,7,2,1.0109368233884994
29,B,100,7,3,2.378841701637159
29,B,100,7,4,1.930162650369225
29,B,100,7,5,1.9721378044016697
29,B,100,7,6,0.6959045754730097
29,B,100,7,7,1.681507416503222
29,B,100,7,8,1.5203332579260616
29,B,100,7,9,0.8651011546618512
29,B,100,8,0,0.43205376175699256
29,B,100,8,1,0.11525478073157754
29,B,100,8,2,0.8269252206098231
29,B,100,8,3,0.7414373163531027
29,B,100,8,4,-0.0036775339450384227
29,B,100,8,5,0.9097040643714445
29,B,100,8,6,0.7343144620598906
29,B,100,8,7,-0.11868772539031436
29,B,100,8,8,0.14983434082754252
29,B,100,8,9,0.31573338812060747
29,B,100,9,0,-0.5659124745725013
29,B,100,9,1,-0.5418904463337196
29,B,100,9,2,-0.6217416764768687
29,B,100,9,3,-0.5146279583011392
29,B,100,9,4,-0.4775753726701158
29,B,100,9,5,-0.49318306001407264
29,B,100,9,6,-0.5119333590832462
29,B,100,9,7,-0.45208740737411557
29,B,100,9,8,-0.4510490342106181
29,B,100,9,9,-0.3732029420747639