run,variant,frequency,solution,generation,fitness
0,A,0.05,0,0,-1.8952160565141765
0,A,0.05,0,1,-2.2340537006116405
0,A,0.05,0,2,-2.2310234594035987
0,A,0.05,0,3,-2.1702630896438766
0,A,0.05,0,4,-2.623825483004638
0,A,0.05,0,5,-1.9166644308816758
0,A,0.05,0,6,-2.423529161778339
0,A,0.05,0,7,-2.597649551457068
0,A,0.05,0,8,-2.002526637627717
0,A,0.05,0,9,-2.1235880319380893
0,A,0.05,1,0,0.7055534625220217
0,A,0.05,1,1,1.3072864899081087
0,A,0.05,1,2,0.161823951421655
0,A,0.05,1,3,0.8491572768944673
0,A,0.05,1,4,0.956258676559945
0,A,0.05,1,5,1.0717373781934125
0,A,0.05,1,6,1.2551243071838911
0,A,0.05,1,7,0.9098749262991164
0,A,0.05,1,8,-0.2955829512389733
0,A,0.05,1,9,1.7571445988584156
0,A,0.05,2,0,-0.26023801101341437
0,A,0.05,2,1,-0.28448928863637885
0,A,0.05,2,2,-0.19520633880040325
0,A,0.05,2,3,-0.32436146735529914
0,A,0.05,2,4,-0.4265991886375087
0,A,0.05,2,5,-0.22594721839250706
0,A,0.05,2,6,0.06735155235381074
0,A,0.05,2,7,-0.4162415095210976
0,A,0.05,2,8,-0.026125213651097268
0,A,0.05,2,9,-0.2716770180972386
0,A,0.05,3,0,-1.4845108927114468
0,A,0.05,3,1,-2.023635176029661
0,A,0.05,3,2,-1.4329024930234882
0,A,0.05,3,3,-1.8539733051330594
0,A,0.05,3,4,-0.8847316689686682
0,A,0.05,3,5,-1.1105694894895906
0,A,0.05,3,6,-1.16489053690852
0,A,0.05,3,7,-2.4383875613108454
0,A,0.05,3,8,-1.668403815176415
0,A,0.05,3,9,-1.2222567286842347
0,A,0.05,4,0,-0.7491236339547106
0,A,0.05,4,1,-0.6237803715392576
0,A,0.05,4,2,-0.3959286841240527
0,A,0.05,4,3,-0.3018961395456961
0,A,0.05,4,4,-0.31713928033096667
0,A,0.05,4,5,-0.4632892898676441
0,A,0.05,4,6,-0.3616263177380447
0,A,0.05,4,7,-0.943370532196441
0,A,0.05,4,8,-0.2708840058923993
0,A,0.05,4,9,-0.7181937063034985
0,A,0.05,5,0,-0.9315893746263126
0,A,0.05,5,1,-0.2660754833373416
0,A,0.05,5,2,-0.08593703096874793
0,A,0.05,5,3,-0.5892113835911991
0,A,0.05,5,4,-0.48847453282338477
0,A,0.05,5,5,-0.9245701310124396
0,A,0.05,5,6,-0.5699716270222434
0,A,0.05,5,7,-0.3175412696458623
0,A,0.05,5,8,-0.5820019199641591
0,A,0.05,5,9,-1.1214702049569296
0,A,0.05,6,0,-2.007442749628877
0,A,0.05,6,1,-1.481185279550174
0,A,0.05,6,2,-1.7600452337225811
0,A,0.05,6,3,-1.653748887706103
0,A,0.05,6,4,-1.6034367298189005
0,A,0.05,6,5,-1.3403735908531078
0,A,0.05,6,6,-1.5681309602420117
0,A,0.05,6,7,-1.3473933867495644
0,A,0.05,6,8,-1.7453703684062545
0,A,0.05,6,9,-1.5705544628905688
0,A,0.05,7,0,-1.186536351614884
0,A,0.05,7,1,-0.581162194385681
0,A,0.05,7,2,-0.5772039713047514
0,A,0.05,7,3,-0.942770487661823
0,A,0.05,7,4,-0.9008148235090441
0,A,0.05,7,5,-1.334163791798147
0,A,0.05,7,6,-1.0590455163412789
0,A,0.05,7,7,-0.6932650953521395
0,A,0.05,7,8,-0.9341051760635123
0,A,0.05,7,9,-1.3820985807521236
0,A,0.05,8,0,-0.48568828151563587
0,A,0.05,8,1,-0.8277080812371337
0,A,0.05,8,2,-0.48497922344772515
0,A,0.05,8,3,-0.23896678399961208
0,A,0.05,8,4,-0.4651619491139396
0,A,0.05,8,5,-0.6040861637416127
0,A,0.05,8,6,-0.522753567435258
0,A,0.05,8,7,-0.07252334090802222
0,A,0.05,8,8,-0.4414814608752185
0,A,0.05,8,9,-0.39266358564316883
0,A,0.05,9,0,-0.11704860139880546
0,A,0.05,9,1,-0.7108546817896166
0,A,0.05,9,2,0.04557525349802491
0,A,0.05,9,3,-0.25819901711345267
0,A,0.05,9,4,0.1512623028454806
0,A,0.05,9,5,0.05542905480269035
0,A,0.05,9,6,0.032410975483769026
0,A,0.05,9,7,0.10081429676515533
0,A,0.05,9,8,0.3415071153146027
0,A,0.05,9,9,0.19307501012300263
0,B,100,0,0,-0.8145142906216116
0,B,100,0,1,-0.8545210523906918
0,B,100,0,2,-0.5931775962713609
0,B,100,0,3,-0.6414944845714559
0,B,100,0,4,-0.7426848308407806
0,B,100,0,5,-0.936399522816281
0,B,100,0,6,-0.5636665228217517
0,B,100,0,7,-0.4395824166297286
0,B,100,0,8,-0.7510717000705005
0,B,100,0,9,-0.7803574233761097
0,B,100,1,0,-0.39223087397887485
0,B,100,1,1,-0.4177493668954953
0,B,100,1,2,-0.5512981669190826
0,B,100,1,3,-0.8367446502923275
0,B,100,1,4,-0.5382785411913056
0,B,100,1,5,-0.3238212759222247
0,B,100,1,6,-0.6271785788327989
0,B,100,1,7,-0.17244804697539737
0,B,100,1,8,-0.45369587900832126
0,B,100,1,9,-0.17152954319179317
0,B,100,2,0,0.06111612912780149
0,B,100,2,1,-0.26842532961993376
0,B,100,2,2,0.38407715079434984
0,B,100,2,3,0.04407684936818156
0,B,100,2,4,-0.0011201781744593572
0,B,100,2,5,-0.011741720626618327
0,B,100,2,6,0.03331959550108111
0,B,100,2,7,0.07438363579682254
0,B,100,2,8,0.10522419044189495
0,B,100,2,9,-0.47479220249281995
0,B,100,3,0,-0.3907141030168292
0,B,100,3,1,-0.5079920316825266
0,B,100,3,2,-0.38518312639497115
0,B,100,3,3,-0.2271815928081059
0,B,100,3,4,0.15838670194905943
0,B,100,3,5,-0.04232980149258511
0,B,100,3,6,-0.3397619073294796
0,B,100,3,7,-0.5121276968990293
0,B,100,3,8,-0.34939056526685675
0,B,100,3,9,-0.28607202165214846
0,B,100,4,0,-1.4723755394291291
0,B,100,4,1,-2.179512985451848
0,B,100,4,2,-2.8304937005361617
0,B,100,4,3,-1.509132898619655
0,B,100,4,4,-1.353750150957116
0,B,100,4,5,-1.7830546519328332
0,B,100,4,6,-2.619389637947142
0,B,100,4,7,-3.034175234419437
0,B,100,4,8,-1.4148906676357722
0,B,100,4,9,-1.9760607734050317
0,B,100,5,0,0.3442569413244024
0,B,100,5,1,0.9902155137669161
0,B,100,5,2,0.9173855408214134
0,B,100,5,3,0.16800189509677788
0,B,100,5,4,0.33716277959829655
0,B,100,5,5,0.44134204138171684
0,B,100,5,6,-0.17875170975344515
0,B,100,5,7,0.6433538902302548
0,B,100,5,8,0.16700309006212855
0,B,100,5,9,0.6861392079876197
0,B,100,6,0,-0.025535346572872014
0,B,100,6,1,-0.9175551629829145
0,B,100,6,2,-0.024739784000473053
0,B,100,6,3,-0.04720663635079245
0,B,100,6,4,-0.04227108514719354
0,B,100,6,5,-0.6172854581542391
0,B,100,6,6,-0.030325711769954203
0,B,100,6,7,-0.062281596025248125
0,B,100,6,8,-0.024754590628964176
0,B,100,6,9,-0.7974375210038314
0,B,100,7,0,3.9310857091752616
0,B,100,7,1,4.655791510304126
0,B,100,7,2,2.8785236588026195
0,B,100,7,3,3.1326318020652617
0,B,100,7,4,3.261981592031468
0,B,100,7,5,3.036434891396145
0,B,100,7,6,3.4297618166704242
0,B,100,7,7,2.992698116075792
0,B,100,7,8,3.412665726471291
0,B,100,7,9,2.97424054889746
0,B,100,8,0,3.455730009806259
0,B,100,8,1,2.9480235779842583
0,B,100,8,2,3.5497920167585106
0,B,100,8,3,3.091534798230385
0,B,100,8,4,3.178365197333206
0,B,100,8,5,3.305946560182619
0,B,100,8,6,2.9378776374549562
0,B,100,8,7,2.9846050497486454
0,B,100,8,8,2.423603537497696
0,B,100,8,9,3.652400068283572
0,B,100,9,0,1.21222343874217
0,B,100,9,1,1.3419382409396134
0,B,100,9,2,1.0925489875799654
0,B,100,9,3,1.423172614654657
0,B,100,9,4,1.213242605267527
0,B,100,9,5,1.0285602343323674
0,B,100,9,6,1.4481520448260738
0,B,100,9,7,1.1176307995934494
0,B,100,9,8,1.5365680697392765
0,B,100,9,9,1.3714814480660962
1,A,0.05,0,0,-0.4997850961284668
1,A,0.05,0,1,-0.5751842818815514
1,A,0.05,0,2,-0.5142306426154412
1,A,0.05,0,3,-0.7166538327719678
1,A,0.05,0,4,-1.0918419145506497
1,A,0.05,0,5,-1.0163375707930955
1,A,0.05,0,6,-0.2698027402773487
1,A,0.05,0,7,-0.7585604008325475
1,A,0.05,0,8,-0.5787834750669504
1,A,0.05,0,9,-1.478141760366413
1,A,0.05,1,0,1.1717091516514917
1,A,0.05,1,1,0.6027538056097191
1,A,0.05,1,2,0.3599880507777753
1,A,0.05,1,3,0.46122398018459426
1,A,0.05,1,4,0.6098266538881475
1,A,0.05,1,5,0.9635584428472531
1,A,0.05,1,6,0.6482758668970392
1,A,0.05,1,7,0.22346387722195588
1,A,0.05,1,8,0.7353042863163387
1,A,0.05,1,9,0.8699084299946599
1,A,0.05,2,0,0.5587717440472479
1,A,0.05,2,1,1.099079857449043
1,A,0.05,2,2,0.48321083034085
1,A,0.05,2,3,1.3164983460592907
1,A,0.05,2,4,0.6963322524505223
1,A,0.05,2,5,1.1939500463132724
1,A,0.05,2,6,0.5351138459769984
1,A,0.05,2,7,0.7092087369490179
1,A,0.05,2,8,0.984378742252362
1,A,0.05,2,9,0.9338098077319109
1,A,0.05,3,0,-0.2504077605710324
1,A,0.05,3,1,-0.04838881759320693
1,A,0.05,3,2,0.016766799256465896
1,A,0.05,3,3,0.1284879586750969
1,A,0.05,3,4,-0.4020821630175492
1,A,0.05,3,5,0.3023137943600745
1,A,0.05,3,6,0.22960918432050936
1,A,0.05,3,7,0.33665347102439147
1,A,0.05,3,8,0.028323149865605236
1,A,0.05,3,9,0.19434522405859597
1,A,0.05,4,0,0.5005839413350385
1,A,0.05,4,1,0.38098276421370014
1,A,0.05,4,2,0.4731380498421446
1,A,0.05,4,3,0.5294610664374462
1,A,0.05,4,4,0.7582794217075006
1,A,0.05,4,5,0.5789603751858986
1,A,0.05,4,6,0.6243131665532651
1,A,0.05,4,7,-0.22183064542534428
1,A,0.05,4,8,0.5411232225456016
1,A,0.05,4,9,0.4098910583830136
1,A,0.05,5,0,0.29286839719596497
1,A,0.05,5,1,0.502585672660766
1,A,0.05,5,2,0.5984827677632436
1,A,0.05,5,3,0.2518567091059477
1,A,0.05,5,4,0.9331135666111807
1,A,0.05,5,5,1.001958754216766
1,A,0.05,5,6,0.5754553504965304
1,A,0.05,5,7,0.36481556005660704
1,A,0.05,5,8,0.832330457386035
1,A,0.05,5,9,0.9306940874869971
1,A,0.05,6,0,1.8136562692424012
1,A,0.05,6,1,1.8128232330646599
1,A,0.05,6,2,1.611806519742264
1,A,0.05,6,3,2.1259215606044792
1,A,0.05,6,4,1.8015700765329574
1,A,0.05,6,5,1.8323725252328655
1,A,0.05,6,6,1.733660958873017
1,A,0.05,6,7,1.9482780059336549
1,A,0.05,6,8,1.46384362199242
1,A,0.05,6,9,1.7050301314497172
1,A,0.05,7,0,1.9312671324190995
1,A,0.05,7,1,1.7741745654774248
1,A,0.05,7,2,1.6553368991775694
1,A,0.05,7,3,1.8098848374188412
1,A,0.05,7,4,1.7838854771324226
1,A,0.05,7,5,1.1317426946304507
1,A,0.05,7,6,1.5913933874983759
1,A,0.05,7,7,1.1175936525046053
1,A,0.05,7,8,1.4764334333027054
1,A,0.05,7,9,1.7725830850465625
1,A,0.05,8,0,-0.9115248038205253
1,A,0.05,8,1,-0.9671917986263749
1,A,0.05,8,2,-1.2708542761028903
1,A,0.05,8,3,-1.049370930535984
1,A,0.05,8,4,-0.8449686534986615
1,A,0.05,8,5,-0.7265846746813905
1,A,0.05,8,6,-1.102911371807246
1,A,0.05,8,7,-1.0210474482443177
1,A,0.05,8,8,-1.057997720881268
1,A,0.05,8,9,-0.11079817430746836
1,A,0.05,9,0,1.347942892005073
1,A,0.05,9,1,1.2892528715301739
1,A,0.05,9,2,1.1172228439993706
1,A,0.05,9,3,1.1847196493276977
1,A,0.05,9,4,0.7363357379559238
1,A,0.05,9,5,1.2881581651807372
1,A,0.05,9,6,1.1644140406894798
1,A,0.05,9,7,1.5297337777446327
1,A,0.05,9,8,1.3017637513578024
1,A,0.05,9,9,1.2117439322049577
1,B,100,0,0,0.5382913966800814
1,B,100,0,1,0.5593075876203502
1,B,100,0,2,0.01035501249829143
1,B,100,0,3,0.2660530199062535
1,B,100,0,4,0.0713911345820623
1,B,100,0,5,1.026425823235514
1,B,100,0,6,0.26465295686337403
1,B,100,0,7,-0.35414497021325686
1,B,100,0,8,0.04491058523811652
1,B,100,0,9,0.10677970720002813
1,B,100,1,0,-1.973134613470887
1,B,100,1,1,-1.5072883943973034
1,B,100,1,2,-1.5570043849851865
1,B,100,1,3,-1.6805125588654466
1,B,100,1,4,-1.6898812579850706
1,B,100,1,5,-1.8651446614225053
1,B,100,1,6,-2.025694304143161
1,B,100,1,7,-1.809517561954689
1,B,100,1,8,-1.466641878619811
1,B,100,1,9,-2.032374875305452
1,B,100,2,0,-0.02530406998788514
1,B,100,2,1,0.15928073580174895
1,B,100,2,2,-0.607111068355776
1,B,100,2,3,-0.20807071408111624
1,B,100,2,4,-0.20857749517853427
1,B,100,2,5,-0.44133405600772635
1,B,100,2,6,-0.7158615000922569
1,B,100,2,7,-0.3880289319952643
1,B,100,2,8,0.11283840652707147
1,B,100,2,9,-0.2837101198828392
1,B,100,3,0,-0.576890375027864
1,B,100,3,1,-0.9226280093945216
1,B,100,3,2,-0.4015372298866259
1,B,100,3,3,-1.2289685182203414
1,B,100,3,4,-1.2088796853297012
1,B,100,3,5,-1.1149428363343212
1,B,100,3,6,-0.6329093638019565
1,B,100,3,7,-0.9019443703948974
1,B,100,3,8,-0.7099712855742233
1,B,100,3,9,-0.6501022800894117
1,B,100,4,0,0.1445819905362951
1,B,100,4,1,0.49962386790449864
1,B,100,4,2,-0.36838011154461997
1,B,100,4,3,0.20763728560221603
1,B,100,4,4,0.046292920830023725
1,B,100,4,5,0.007156575156025935
1,B,100,4,6,-0.26441617477639645
1,B,100,4,7,0.15771670212991604
1,B,100,4,8,0.7167449100452641
1,B,100,4,9,-0.6167316829564703
1,B,100,5,0,0.8931691780894645
1,B,100,5,1,1.461177686366455
1,B,100,5,2,1.4336672901839356
1,B,100,5,3,1.3493823740352155
1,B,100,5,4,0.9223126362146284
1,B,100,5,5,0.16642028835189313
1,B,100,5,6,1.01648627506786
1,B,100,5,7,1.2197965226954797
1,B,100,5,8,0.6617810583398573
1,B,100,5,9,1.1020576208970787
1,B,100,6,0,-3.1475725215557437
1,B,100,6,1,-3.0787183521902985
1,B,100,6,2,-2.8458856589996007
1,B,100,6,3,-2.731076688304362
1,B,100,6,4,-2.855437155620428
1,B,100,6,5,-2.6958508181793643
1,B,100,6,6,-2.9409980958974047
1,B,100,6,7,-3.252296454556693
1,B,100,6,8,-3.1905585453528373
1,B,100,6,9,-3.163887103511406
1,B,100,7,0,-1.1521902028059674
1,B,100,7,1,-0.7009220682921055
1,B,100,7,2,-0.9168322393495495
1,B,100,7,3,-0.7426317690172007
1,B,100,7,4,-0.6560114346863855
1,B,100,7,5,-1.1807729607969697
1,B,100,7,6,-0.55508447503419
1,B,100,7,7,-0.8327218138526142
1,B,100,7,8,-1.0908446427772893
1,B,100,7,9,-1.2940921560686403
1,B,100,8,0,-0.34307191019365924
1,B,100,8,1,0.35138782179716177
1,B,100,8,2,0.04776077736592391
1,B,100,8,3,-0.3416748743527775
1,B,100,8,4,0.2244204469299627
1,B,100,8,5,0.1563845103730639
1,B,100,8,6,0.1979775450024912
1,B,100,8,7,0.1148273369418325
1,B,100,8,8,0.05681179304965257
1,B,100,8,9,0.45732343069463244
1,B,100,9,0,-0.27773128131201097
1,B,100,9,1,-0.032357195530433126
1,B,100,9,2,-0.16731975763529539
1,B,100,9,3,-0.31227575745733166
1,B,100,9,4,0.020228139187080125
1,B,100,9,5,-0.006854970061882561
1,B,100,9,6,-0.23045441192506225
1,B,100,9,7,-0.09728930796794956
1,B,100,9,8,-0.17025515967089583
1,B,100,9,9,-0.15832887986653899
2,A,0.05,0,0,0.0003028172501583955
2,A,0.05,0,1,0.035592404090162524
2,A,0.05,0,2,-0.015570655704776093
2,A,0.05,0,3,-0.04262585251328615
2,A,0.05,0,4,-0.014384989159428336
2,A,0.05,0,5,-0.052588425538762265
2,A,0.05,0,6,-0.031831657481484296
2,A,0.05,0,7,-0.03489591540011732
2,A,0.05,0,8,-0.40273227359065994
2,A,0.05,0,9,0.022696750869110948
2,A,0.05,1,0,-0.7148379614455029
2,A,0.05,1,1,-0.2537050495198806
2,A,0.05,1,2,-0.33307756738684013
2,A,0.05,1,3,-0.3987146913882043
2,A,0.05,1,4,-0.526899778610704
2,A,0.05,1,5,-0.19742091806846038
2,A,0.05,1,6,-0.2598647389578478
2,A,0.05,1,7,-0.26308565056229016
2,A,0.05,1,8,-0.2666838996837055
2,A,0.05,1,9,0.000822573767287632
2,A,0.05,2,0,0.18721731570262543
2,A,0.05,2,1,0.2677879276549845
2,A,0.05,2,2,0.33236125903276736
2,A,0.05,2,3,0.1778543581698183
2,A,0.05,2,4,0.4370196884508905
2,A,0.05,2,5,0.30768370806960327
2,A,0.05,2,6,0.35006471677301415
2,A,0.05,2,7,0.4871264599127488
2,A,0.05,2,8,0.4446077755344244
2,A,0.05,2,9,0.21026852420105158
2,A,0.05,3,0,-0.9190142783115568
2,A,0.05,3,1,-0.6934791007030993
2,A,0.05,3,2,-0.12281159685864813
2,A,0.05,3,3,0.17689339119362932
2,A,0.05,3,4,-0.11871224731593737
2,A,0.05,3,5,0.1440885931262464
2,A,0.05,3,6,-0.6329575492690014
2,A,0.05,3,7,0.2063020844589413
2,A,0.05,3,8,-0.18589797317050719
2,A,0.05,3,9,-0.43753259009980383
2,A,0.05,4,0,-0.7450958948314798
2,A,0.05,4,1,-0.7726237205078808
2,A,0.05,4,2,-0.5316539448717822
2,A,0.05,4,3,-1.0061031673595158
2,A,0.05,4,4,-0.36182527784618757
2,A,0.05,4,5,-0.39594318575260273
2,A,0.05,4,6,-0.8922205382117739
2,A,0.05,4,7,-0.7705238687638132
2,A,0.05,4,8,-0.670189838073232
2,A,0.05,4,9,-0.6650761762830473
2,A,0.05,5,0,-1.1349517518955057
2,A,0.05,5,1,-1.014143791851961
2,A,0.05,5,2,-1.0125699319456372
2,A,0.05,5,3,-1.0919613500452499
2,A,0.05,5,4,-0.41332866874909724
2,A,0.05,5,5,-0.9759306291434834
2,A,0.05,5,6,-0.7736577014646449
2,A,0.05,5,7,-0.46954704460565877
2,A,0.05,5,8,-0.8059026670862024
2,A,0.05,5,9,-0.5058100527557409
2,A,0.05,6,0,0.4283557289029796
2,A,0.05,6,1,0.46482777615907955
2,A,0.05,6,2,0.5371870024728389
2,A,0.05,6,3,-0.5230290944625934
2,A,0.05,6,4,0.45850412154168096
2,A,0.05,6,5,0.4584702936613439
2,A,0.05,6,6,-0.121212317359237
2,A,0.05,6,7,0.4457614833540921
2,A,0.05,6,8,0.48539228376881155
2,A,0.05,6,9,0.43620594750775765
2,A,0.05,7,0,0.6545387044755074
2,A,0.05,7,1,0.42815149200630725
2,A,0.05,7,2,-0.05703080713762362
2,A,0.05,7,3,0.2740836875866528
2,A,0.05,7,4,0.5279731029157566
2,A,0.05,7,5,0.39326416834845507
2,A,0.05,7,6,0.015172777217620882
2,A,0.05,7,7,-0.10840826494450533
2,A,0.05,7,8,-0.059973641444602044
2,A,0.05,7,9,0.04228414365763438
2,A,0.05,8,0,0.3249766823206063
2,A,0.05,8,1,0.0636475526825399
2,A,0.05,8,2,0.02949063454912237
2,A,0.05,8,3,0.07050628267392883
2,A,0.05,8,4,0.25742514844752984
2,A,0.05,8,5,0.3323902378329708
2,A,0.05,8,6,0.14959475407502495
2,A,0.05,8,7,0.05508949325407381
2,A,0.05,8,8,0.24114727276340372
2,A,0.05,8,9,0.15911927980012996
2,A,0.05,9,0,0.4457624372954208
2,A,0.05,9,1,0.24174070366561146
2,A,0.05,9,2,0.8757495982943686
2,A,0.05,9,3,0.5695744150651607
2,A,0.05,9,4,0.870805695878026
2,A,0.05,9,5,0.0266404089224068
2,A,0.05,9,6,0.2750086658116261
2,A,0.05,9,7,0.9474874734979135
2,A,0.05,9,8,0.4227593937539211
2,A,0.05,9,9,0.6074337198845932
2,B,100,0,0,-1.9419002883336631
2,B,100,0,1,-1.98386615373516
2,B,100,0,2,-2.16640699570636
2,B,100,0,3,-2.3695745880491144
2,B,100,0,4,-1.8347989993544314
2,B,100,0,5,-2.646853601437982
2,B,100,0,6,-2.1259917453157775
2,B,100,0,7,-2.011977412732193
2,B,100,0,8,-2.037695372378427
2,B,100,0,9,-1.9742584922812982
2,B,100,1,0,-0.10417855448828506
2,B,100,1,1,0.22782410683624627
2,B,100,1,2,0.3576594381450982
2,B,100,1,3,-0.03748023759671162
2,B,100,1,4,0.18677826450219526
2,B,100,1,5,0.07384789892656098
2,B,100,1,6,0.18628359836801595
2,B,100,1,7,0.0908925248099596
2,B,100,1,8,0.12247909526703442
2,B,100,1,9,-0.0012367353499889992
2,B,100,2,0,-0.05902064592877814
2,B,100,2,1,-0.39786672946296225
2,B,100,2,2,0.07873993436951307
2,B,100,2,3,-0.25512968143812287
2,B,100,2,4,0.010028400589796468
2,B,100,2,5,-0.07487509616634212
2,B,100,2,6,-0.8270216639726875
2,B,100,2,7,0.40371481014572774
2,B,100,2,8,0.31198153502715875
2,B,100,2,9,-0.5217169018330006
2,B,100,3,0,-1.9131705090778117
2,B,100,3,1,-1.8118905441361406
2,B,100,3,2,-1.8085589209735797
2,B,100,3,3,-1.649091206962651
2,B,100,3,4,-1.733638910501808
2,B,100,3,5,-1.6097463089823405
2,B,100,3,6,-1.4373182395979194
2,B,100,3,7,-1.3361744768875252
2,B,100,3,8,-1.9695947298871406
2,B,100,3,9,-1.785464566902545
2,B,100,4,0,1.8705340055624808
2,B,100,4,1,1.8227421621045363
2,B,100,4,2,1.6952161486643005
2,B,100,4,3,1.7809815768050055
2,B,100,4,4,1.4712069755362984
2,B,100,4,5,1.546670980803967
2,B,100,4,6,1.6291797924444862
2,B,100,4,7,1.871038093515603
2,B,100,4,8,1.643016574863071
2,B,100,4,9,1.6095887818891288
2,B,100,5,0,0.5677448146963714
2,B,100,5,1,0.9465652741196929
2,B,100,5,2,0.6729543440652627
2,B,100,5,3,0.6363488374361242
2,B,100,5,4,1.0040890860035543
2,B,100,5,5,0.7282874567952079
2,B,100,5,6,0.8761787234762589
2,B,100,5,7,0.8878715293219046
2,B,100,5,8,0.8922814694589549
2,B,100,5,9,0.4568899309241342
2,B,100,6,0,-0.586905160473124
2,B,100,6,1,-0.5580402851020758
2,B,100,6,2,-0.17507583110378763
2,B,100,6,3,-0.3810288129133831
2,B,100,6,4,0.030656037188545385
2,B,100,6,5,-0.8280041621262985
2,B,100,6,6,-0.47252202588693165
2,B,100,6,7,-0.42047981937589946
2,B,100,6,8,-0.7218850296310866
2,B,100,6,9,-0.8140235686235986
2,B,100,7,0,0.3713148515469297
2,B,100,7,1,0.622625220110185
2,B,100,7,2,0.5022994480909203
2,B,100,7,3,1.0963390113609048
2,B,100,7,4,0.7548698506883056
2,B,100,7,5,0.21941813628964427
2,B,100,7,6,0.7197716186186489
2,B,100,7,7,0.7536766988983075
2,B,100,7,8,0.5328334308731499
2,B,100,7,9,0.8443045792883549
2,B,100,8,0,-0.2489046081232478
2,B,100,8,1,-0.5409388756766463
2,B,100,8,2,-0.8682956470249387
2,B,100,8,3,-1.6914165433382098
2,B,100,8,4,0.011769765807444927
2,B,100,8,5,-0.6431106056008691
2,B,100,8,6,-1.2960795562268415
2,B,100,8,7,-0.7891835539868982
2,B,100,8,8,-0.5284713009327561
2,B,100,8,9,-0.15885010923044868
2,B,100,9,0,0.9471105388754512
2,B,100,9,1,0.972257222205297
2,B,100,9,2,1.2219775658180638
2,B,100,9,3,1.4981559157093811
2,B,100,9,4,1.252035920335308
2,B,100,9,5,0.9743513710245323
2,B,100,9,6,1.2734743515381304
2,B,100,9,7,1.4476670582299547
2,B,100,9,8,0.7883757613987343
2,B,100,9,9,0.943765113940601
3,A,0.05,0,0,2.2472107415135474
3,A,0.05,0,1,1.8175789249494028
3,A,0.05,0,2,1.8994864200550035
3,A,0.05,0,3,0.2211470828322795
3,A,0.05,0,4,1.8633340664356919
3,A,0.05,0,5,0.9459240640552063
3,A,0.05,0,6,1.9654570990501317
3,A,0.05,0,7,2.466727428441324
3,A,0.05,0,8,2.0794492980399863
3,A,0.05,0,9,1.0092433919381842
3,A,0.05,1,0,-0.8544728053283486
3,A,0.05,1,1,-1.6212902870479569
3,A,0.05,1,2,-1.510461142967107
3,A,0.05,1,3,-1.1542024211831938
3,A,0.05,1,4,-0.9349191320797042
3,A,0.05,1,5,-0.8660391164279168
3,A,0.05,1,6,-1.6880772786724028
3,A,0.05,1,7,-1.208288043321019
3,A,0.05,1,8,-1.1230000390264696
3,A,0.05,1,9,-1.6020775693288871
3,A,0.05,2,0,0.7717348292519369
3,A,0.05,2,1,0.8383586069464651
3,A,0.05,2,2,1.0245979307322102
3,A,0.05,2,3,1.0838321495502423
3,A,0.05,2,4,0.7686763944334339
3,A,0.05,2,5,0.6762179815491675
3,A,0.05,2,6,1.0514984983798517
3,A,0.05,2,7,0.6647847029865724
3,A,0.05,2,8,1.5279637959740904
3,A,0.05,2,9,1.4723182594937767
3,A,0.05,3,0,0.1734704389707628
3,A,0.05,3,1,-0.18940302571970755
3,A,0.05,3,2,-0.16053332539684506
3,A,0.05,3,3,0.03490470915005084
3,A,0.05,3,4,-0.2705028152098626
3,A,0.05,3,5,-0.18303971817341522
3,A,0.05,3,6,0.2711182952568776
3,A,0.05,3,7,-0.06841825641041825
3,A,0.05,3,8,0.3372328322256934
3,A,0.05,3,9,-0.14747479188321805
3,A,0.05,4,0,0.7759759254551064
3,A,0.05,4,1,0.5558865768231076
3,A,0.05,4,2,0.7375679474218692
3,A,0.05,4,3,0.904854159766533
3,A,0.05,4,4,0.03462580688582765
3,A,0.05,4,5,0.7943539022461737
3,A,0.05,4,6,0.9193513908522586
3,A,0.05,4,7,0.1893099445568048
3,A,0.05,4,8,0.5637621501360955
3,A,0.05,4,9,0.7029335281994252
3,A,0.05,5,0,-0.17531099794759536
3,A,0.05,5,1,-0.08936314112629101
3,A,0.05,5,2,0.06319868133553744
3,A,0.05,5,3,0.13426003614980672
3,A,0.05,5,4,0.11108036371887971
3,A,0.05,5,5,0.1163518790748932
3,A,0.05,5,6,-0.26449520373777047
3,A,0.05,5,7,0.1563075473153256
3,A,0.05,5,8,0.19426856943097195
3,A,0.05,5,9,-0.048316938457733445
3,A,0.05,6,0,-0.9693755353606297
3,A,0.05,6,1,-0.5152883071626126
3,A,0.05,6,2,-0.7520531448409049
3,A,0.05,6,3,-0.6864616531536275
3,A,0.05,6,4,-0.657606691562758
3,A,0.05,6,5,-1.0003211773782685
3,A,0.05,6,6,-0.27427175805801657
3,A,0.05,6,7,-1.0018586538184304
3,A,0.05,6,8,-1.068882472708337
3,A,0.05,6,9,-1.419355420937556
3,A,0.05,7,0,0.19910234543835123
3,A,0.05,7,1,0.6392622745773636
3,A,0.05,7,2,0.08229596270150283
3,A,0.05,7,3,0.2742212630313474
3,A,0.05,7,4,-0.056397232989598436
3,A,0.05,7,5,-0.4342826455668624
3,A,0.05,7,6,0.23956276508459606
3,A,0.05,7,7,-0.010862407954785599
3,A,0.05,7,8,-0.5690859383017571
3,A,0.05,7,9,0.13599191721745055
3,A,0.05,8,0,-0.4481052649254442
3,A,0.05,8,1,-0.690919554189735
3,A,0.05,8,2,-0.6468646113199749
3,A,0.05,8,3,-0.6865816204777392
3,A,0.05,8,4,-0.6654938784270477
3,A,0.05,8,5,-0.8064133549305699
3,A,0.05,8,6,-0.8768989400478084
3,A,0.05,8,7,-0.8422444916348025
3,A,0.05,8,8,-0.6633136540451562
3,A,0.05,8,9,-0.6612618041619531
3,A,0.05,9,0,-1.3792537416927688
3,A,0.05,9,1,-0.9041235206870931
3,A,0.05,9,2,-0.8018054586507769
3,A,0.05,9,3,-1.016335015516771
3,A,0.05,9,4,-1.2048730209893235
3,A,0.05,9,5,-0.9342523563929466
3,A,0.05,9,6,-0.9532621562997415
3,A,0.05,9,7,-0.8752856665407824
3,A,0.05,9,8,-0.996424702245486
3,A,0.05,9,9,-1.1163845821611813
3,B,100,0,0,-0.2082663914667119
3,B,100,0,1,-0.1895863006191069
3,B,100,0,2,-0.21104546415017253
3,B,100,0,3,-0.10184090859655019
3,B,100,0,4,-0.08294230381538124
3,B,100,0,5,-0.08700758463993925
3,B,100,0,6,-0.11943189503997331
3,B,100,0,7,-0.08005529263651508
3,B,100,0,8,-0.23367608320536704
3,B,100,0,9,-0.185632325797725
3,B,100,1,0,0.5109358183796505
3,B,100,1,1,0.947791042238457
3,B,100,1,2,0.3299244690711763
3,B,100,1,3,0.9407051774471529
3,B,100,1,4,0.9245362548632624
3,B,100,1,5,1.3979036815943922
3,B,100,1,6,1.0279565204927577
3,B,100,1,7,0.9412945162871054
3,B,100,1,8,0.6149146392908039
3,B,100,1,9,0.985120173096333
3,B,100,2,0,2.6741509190905015
3,B,100,2,1,2.4135266964902127
3,B,100,2,2,1.6903514202085024
3,B,100,2,3,2.4281173230441757
3,B,100,2,4,1.8990979050327537
3,B,100,2,5,2.1602580021282516
3,B,100,2,6,2.055242579820209
3,B,100,2,7,2.0071946390872424
3,B,100,2,8,2.7483983670953145
3,B,100,2,9,2.3140294810695425
3,B,100,3,0,-0.1624027618821643
3,B,100,3,1,-0.10697188384012526
3,B,100,3,2,-0.09193192842363124
3,B,100,3,3,-0.1029523371296771
3,B,100,3,4,-0.2016967019742482
3,B,100,3,5,-0.0683034326306339
3,B,100,3,6,-0.26107312073595845
3,B,100,3,7,-0.06456936469329132
3,B,100,3,8,-0.07965401469205628
3,B,100,3,9,-0.48000358904509866
3,B,100,4,0,0.14437277221069636
3,B,100,4,1,-0.07910091665930853
3,B,100,4,2,-0.26874601708506884
3,B,100,4,3,0.4104063706787023
3,B,100,4,4,-0.004733023607182593
3,B,100,4,5,-0.04870388161006957
3,B,100,4,6,-0.27506656537041024
3,B,100,4,7,0.10521599388974792
3,B,100,4,8,-1.038977877379543
3,B,100,4,9,0.2611377768063626
3,B,100,5,0,1.3385006037354514
3,B,100,5,1,1.5738562114030328
3,B,100,5,2,1.4340986624371492
3,B,100,5,3,1.5441321451514305
3,B,100,5,4,1.4249313261596606
3,B,100,5,5,1.3785355025196684
3,B,100,5,6,1.3937533806595037
3,B,100,5,7,1.3787808905564507
3,B,100,5,8,1.6224819193726767
3,B,100,5,9,1.6108947654434307
3,B,100,6,0,0.5161160846015915
3,B,100,6,1,0.5479998485925394
3,B,100,6,2,0.20101126226269314
3,B,100,6,3,-0.12859835556723623
3,B,100,6,4,0.04351448073284222
3,B,100,6,5,-0.46499883851597135
3,B,100,6,6,-0.1329030915439338
3,B,100,6,7,0.04514644239067601
3,B,100,6,8,0.14425306741049976
3,B,100,6,9,-0.05819051636096808
3,B,100,7,0,-0.3204696766420543
3,B,100,7,1,-0.24553627934286443
3,B,100,7,2,0.049697763717539076
3,B,100,7,3,-0.38657854540840203
3,B,100,7,4,-0.29818695814977775
3,B,100,7,5,-0.3285390613269358
3,B,100,7,6,-0.2539628515454584
3,B,100,7,7,0.01203823373083156
3,B,100,7,8,-0.40670401256952804
3,B,100,7,9,-0.4473844953519315
3,B,100,8,0,1.0009252851951593
3,B,100,8,1,1.0802196002752344
3,B,100,8,2,0.806424709091796
3,B,100,8,3,0.5673430885271087
3,B,100,8,4,1.0136464585070646
3,B,100,8,5,0.49963251324224867
3,B,100,8,6,1.1091130962694156
3,B,100,8,7,1.1726151942141647
3,B,100,8,8,1.0452440634501634
3,B,100,8,9,0.877178764019592
3,B,100,9,0,-0.18793686676755667
3,B,100,9,1,-0.4264179634289461
3,B,100,9,2,-1.0587912746717631
3,B,100,9,3,-0.07575412077199557
3,B,100,9,4,-0.3853933283358671
3,B,100,9,5,-0.060409212707222444
3,B,100,9,6,-0.5721780699907273
3,B,100,9,7,-0.2354098339028187
3,B,100,9,8,-0.32009482363693165
3,B,100,9,9,-0.37629639576934293
4,A,0.05,0,0,-0.8515636318881487
4,A,0.05,0,1,-0.5733052361463621
4,A,0.05,0,2,-0.4453692283232568
4,A,0.05,0,3,-0.16120527753154232
4,A,0.05,0,4,-0.20413485621677596
4,A,0.05,0,5,-0.6048055263046391
4,A,0.05,0,6,-0.40320129927507986
4,A,0.05,0,7,-0.7202455302072335
4,A,0.05,0,8,-0.44553030244868197
4,A,0.05,0,9,-0.33210951093479746
4,A,0.05,1,0,0.8411898771707765
4,A,0.05,1,1,0.5314891339405236
4,A,0.05,1,2,0.6959500306537038
4,A,0.05,1,3,0.5180998163291538
4,A,0.05,1,4,1.1986337799240028
4,A,0.05,1,5,0.8109247028223738
4,A,0.05,1,6,1.0237797078519104
4,A,0.05,1,7,0.7111078940431799
4,A,0.05,1,8,0.6475321159425786
4,A,0.05,1,9,0.6156899492906855
4,A,0.05,2,0,0.39136811299700985
4,A,0.05,2,1,1.2861487925140185
4,A,0.05,2,2,1.104715533434566
4,A,0.05,2,3,0.9081447461324849
4,A,0.05,2,4,1.3859889608823548
4,A,0.05,2,5,1.8146699689046182
4,A,0.05,2,6,1.354114049415044
4,A,0.05,2,7,0.9519281995310221
4,A,0.05,2,8,1.4128917036557265
4,A,0.05,2,9,0.848445923564747
4,A,0.05,3,0,1.2870163336045835
4,A,0.05,3,1,1.0056118968899934
4,A,0.05,3,2,1.143406586337626
4,A,0.05,3,3,0.7918007679590229
4,A,0.05,3,4,1.2374615366952262
4,A,0.05,3,5,1.338079840549152
4,A,0.05,3,6,0.9654138303502648
4,A,0.05,3,7,0.8307386933631128
4,A,0.05,3,8,1.2707288111459953
4,A,0.05,3,9,1.0946388834589675
4,A,0.05,4,0,-0.8380293762751765
4,A,0.05,4,1,-0.9518360942116199
4,A,0.05,4,2,-0.7633745013262738
4,A,0.05,4,3,-0.7008188614877724
4,A,0.05,4,4,-0.6292401906589157
4,A,0.05,4,5,-0.8431230552946629
4,A,0.05,4,6,-0.5299943154682222
4,A,0.05,4,7,-0.7868241508390434
4,A,0.05,4,8,-0.5040366683565102
4,A,0.05,4,9,-0.48961240144631063
4,A,0.05,5,0,-0.9345401663968678
4,A,0.05,5,1,-1.2832689193984907
4,A,0.05,5,2,-1.2072303364535688
4,A,0.05,5,3,-1.1307812058951179
4,A,0.05,5,4,-1.3965696363173368
4,A,0.05,5,5,-1.6428353339005672
4,A,0.05,5,6,-1.2063535094198377
4,A,0.05,5,7,-1.1876646176500316
4,A,0.05,5,8,-1.142706800965275
4,A,0.05,5,9,-1.2290652977890542
4,A,0.05,6,0,-0.1531396810940947
4,A,0.05,6,1,-0.4053684646833568
4,A,0.05,6,2,-0.3031573353483036
4,A,0.05,6,3,-0.34893736907779
4,A,0.05,6,4,-0.40295379357524386
4,A,0.05,6,5,0.262910314206036
4,A,0.05,6,6,-0.030740945145148895
4,A,0.05,6,7,0.02883138153564313
4,A,0.05,6,8,-0.06656742025884073
4,A,0.05,6,9,-0.24889308429325627
4,A,0.05,7,0,-0.18121833156177763
4,A,0.05,7,1,-0.39218123502793223
4,A,0.05,7,2,-0.258940809612006
4,A,0.05,7,3,-0.21768153917037972
4,A,0.05,7,4,-0.20260195460509925
4,A,0.05,7,5,-0.08494546164745172
4,A,0.05,7,6,-0.5457287485414882
4,A,0.05,7,7,-0.3648865698705593
4,A,0.05,7,8,-0.1946349068062303
4,A,0.05,7,9,-0.13482606746149106
4,A,0.05,8,0,-0.27101523302315433
4,A,0.05,8,1,-1.0364815611862956
4,A,0.05,8,2,-0.5077530952757491
4,A,0.05,8,3,-0.01623721150486516
4,A,0.05,8,4,-0.45490370411961834
4,A,0.05,8,5,-0.422643402069945
4,A,0.05,8,6,-0.3891836323711508
4,A,0.05,8,7,-0.14769500406435232
4,A,0.05,8,8,-0.3191792606957175
4,A,0.05,8,9,0.3266737287893197
4,A,0.05,9,0,1.538022236277303
4,A,0.05,9,1,1.418280030683481
4,A,0.05,9,2,1.764553335319162
4,A,0.05,9,3,1.1186897984390063
4,A,0.05,9,4,1.1491736611251986
4,A,0.05,9,5,0.7711171576925685
4,A,0.05,9,6,1.0838436038323622
4,A,0.05,9,7,1.4118339379223077
4,A,0.05,9,8,-0.14289830043250112
4,A,0.05,9,9,1.3308008430246916
4,B,100,0,0,0.04353066870195939
4,B,100,0,1,0.02986825668962509
4,B,100,0,2,0.10209919255927005
4,B,100,0,3,-0.04171410950362177
4,B,100,0,4,0.382571685156174
4,B,100,0,5,0.3640979725219613
4,B,100,0,6,0.3423884897346799
4,B,100,0,7,0.401370669414388
4,B,100,0,8,0.3500190194922131
4,B,100,0,9,0.14703301491489784
4,B,100,1,0,1.3311709110298553
4,B,100,1,1,1.7180782678756639
4,B,100,1,2,1.047643961310292
4,B,100,1,3,0.9376156897157724
4,B,100,1,4,0.5936017086360723
4,B,100,1,5,0.16001158619614553
4,B,100,1,6,1.4505452460471897
4,B,100,1,7,1.9867805296402692
4,B,100,1,8,2.470909272066713
4,B,100,1,9,2.084780018507828
4,B,100,2,0,0.09429987591387641
4,B,100,2,1,-0.1517102919373227
4,B,100,2,2,0.04212775859304358
4,B,100,2,3,-0.06586247193231141
4,B,100,2,4,0.04702132989729281
4,B,100,2,5,-0.2865215319562937
4,B,100,2,6,-0.24046864044715477
4,B,100,2,7,-0.08644067682238027
4,B,100,2,8,-0.15318192466494016
4,B,100,2,9,-0.0871370473303877
4,B,100,3,0,-0.5984540139247677
4,B,100,3,1,-1.2109544404859751
4,B,100,3,2,-0.2596858023591397
4,B,100,3,3,-0.6950986748043366
4,B,100,3,4,-0.40775448636665207
4,B,100,3,5,-1.2460145286090079
4,B,100,3,6,-0.2668543636977077
4,B,100,3,7,-1.0155784316279612
4,B,100,3,8,-0.43959843091698947
4,B,100,3,9,-0.9865013933092462
4,B,100,4,0,-0.07615871291164943
4,B,100,4,1,0.7630199031506862
4,B,100,4,2,-0.09767514792246103
4,B,100,4,3,-0.019757600267905694
4,B,100,4,4,0.45553655142613025
4,B,100,4,5,0.3042535415637363
4,B,100,4,6,0.33765233075121553
4,B,100,4,7,0.7656025893208752
4,B,100,4,8,1.0695339990117596
4,B,100,4,9,1.1190950203237493
4,B,100,5,0,-0.7539226981961457
4,B,100,5,1,0.018824870793386857
4,B,100,5,2,-0.6342746975520599
4,B,100,5,3,-1.039955781941608
4,B,100,5,4,-0.2699853690446197
4,B,100,5,5,-0.23578970278964625
4,B,100,5,6,-0.2014658003198489
4,B,100,5,7,-0.6816301270968422
4,B,100,5,8,-0.19873998041148136
4,B,100,5,9,-1.391839229634336
4,B,100,6,0,0.01614662337037994
4,B,100,6,1,-0.2589772507584445
4,B,100,6,2,-0.14286837222135215
4,B,100,6,3,-0.3484667997594921
4,B,100,6,4,-0.5137689086457901
4,B,100,6,5,-0.464447591757004
4,B,100,6,6,-0.2562730796530289
4,B,100,6,7,-0.13223313165768222
4,B,100,6,8,-0.44164836653641415
4,B,100,6,9,-0.06585621308805897
4,B,100,7,0,-0.17124025949858884
4,B,100,7,1,-0.7681054552198123
4,B,100,7,2,-0.5392868548471133
4,B,100,7,3,-0.38062725564908756
4,B,100,7,4,0.01982934159146597
4,B,100,7,5,-0.069272519569169
4,B,100,7,6,-0.03650128981135135
4,B,100,7,7,-0.05915888605455856
4,B,100,7,8,-0.10042416213265634
4,B,100,7,9,-0.11395163653609183
4,B,100,8,0,-0.02537382517594147
4,B,100,8,1,-0.12594130364093006
4,B,100,8,2,-0.016917043643862307
4,B,100,8,3,0.013611918481079757
4,B,100,8,4,-0.15657784273330555
4,B,100,8,5,0.09185011461413839
4,B,100,8,6,-0.04445152390468224
4,B,100,8,7,0.09031461884425895
4,B,100,8,8,0.36586000505845206
4,B,100,8,9,-0.1805149363073765
4,B,100,9,0,0.27911564635374736
4,B,100,9,1,-0.11946501829632497
4,B,100,9,2,0.29698963171854964
4,B,100,9,3,0.1195838533108306
4,B,100,9,4,-0.0671272392155754
4,B,100,9,5,0.8516556008811128
4,B,100,9,6,-0.07450356318461317
4,B,100,9,7,1.3562129225618542
4,B,100,9,8,1.2683891410444605
4,B,100,9,9,0.8209920873064969
5,A,0.05,0,0,1.1771837858544
5,A,0.05,0,1,0.7438060926358141
5,A,0.05,0,2,1.6494766594134116
5,A,0.05,0,3,0.434995039728591
5,A,0.05,0,4,0.2496576255277869
5,A,0.05,0,5,1.3154785951013683
5,A,0.05,0,6,1.303722625667096
5,A,0.05,0,7,0.8830345499377136
5,A,0.05,0,8,0.8862398573755836
5,A,0.05,0,9,0.5530191786842499
5,A,0.05,1,0,-0.755300652895533
5,A,0.05,1,1,-0.5176276296363327
5,A,0.05,1,2,0.03053638121133898
5,A,0.05,1,3,-0.02829959075060592
5,A,0.05,1,4,-1.1334393481072083
5,A,0.05,1,5,-1.1101668253406587
5,A,0.05,1,6,-0.0192815841083853
5,A,0.05,1,7,0.027941683327574973
5,A,0.05,1,8,-0.3053073246367669
5,A,0.05,1,9,0.007831759148791442
5,A,0.05,2,0,0.2424782029998232
5,A,0.05,2,1,0.41916595641077903
5,A,0.05,2,2,-0.7904125322505864
5,A,0.05,2,3,0.2417546992474147
5,A,0.05,2,4,-0.02713743502175875
5,A,0.05,2,5,0.0318360236062191
5,A,0.05,2,6,0.35913065732670285
5,A,0.05,2,7,0.42277826887230857
5,A,0.05,2,8,0.031782153226055605
5,A,0.05,2,9,0.5358761940558059
5,A,0.05,3,0,0.49828045015424977
5,A,0.05,3,1,1.0700757541093349
5,A,0.05,3,2,0.4430203738028371
5,A,0.05,3,3,0.7183506750326946
5,A,0.05,3,4,0.15241614614062798
5,A,0.05,3,5,0.40889354808386186
5,A,0.05,3,6,0.9852411375821409
5,A,0.05,3,7,0.6602961846023245
5,A,0.05,3,8,0.9163669018023389
5,A,0.05,3,9,0.5749073631998994
5,A,0.05,4,0,0.07507195380218226
5,A,0.05,4,1,0.07827445438733854
5,A,0.05,4,2,0.43954360188301705
5,A,0.05,4,3,0.14744427295540313
5,A,0.05,4,4,0.23016801310156745
5,A,0.05,4,5,0.06793085619238029
5,A,0.05,4,6,0.2962057651335541
5,A,0.05,4,7,0.04618667053319487
5,A,0.05,4,8,0.22192174583437266
5,A,0.05,4,9,0.17329440067469645
5,A,0.05,5,0,0.3385021697990231
5,A,0.05,5,1,0.36937398859131226
5,A,0.05,5,2,0.5076275504660612
5,A,0.05,5,3,0.34304866457749966
5,A,0.05,5,4,0.6562642792782488
5,A,0.05,5,5,0.46508592284530886
5,A,0.05,5,6,0.46643754779262503
5,A,0.05,5,7,0.9158510851279777
5,A,0.05,5,8,0.7873691698328039
5,A,0.05,5,9,0.5772351840273673
5,A,0.05,6,0,1.1905345561417413
5,A,0.05,6,1,1.3261950236475617
5,A,0.05,6,2,1.1840677171751435
5,A,0.05,6,3,1.0058249109444093
5,A,0.05,6,4,1.1606619293156604
5,A,0.05,6,5,1.2657578512192613
5,A,0.05,6,6,0.8646900382738635
5,A,0.05,6,7,1.0133159292750225
5,A,0.05,6,8,1.1677951923012402
5,A,0.05,6,9,0.9831130442201168
5,A,0.05,7,0,0.1916469083619471
5,A,0.05,7,1,0.5576992361264544
5,A,0.05,7,2,0.34640200750465644
5,A,0.05,7,3,-0.279643975616014
5,A,0.05,7,4,0.3792036067870236
5,A,0.05,7,5,0.3698220016507096
5,A,0.05,7,6,0.2395917990183442
5,A,0.05,7,7,-0.045322491941908474
5,A,0.05,7,8,0.3666569252572163
5,A,0.05,7,9,0.24930612409075967
5,A,0.05,8,0,0.8946585700444221
5,A,0.05,8,1,1.1601048014974795
5,A,0.05,8,2,1.713092698363864
5,A,0.05,8,3,1.4552726976443273
5,A,0.05,8,4,2.37952204644008
5,A,0.05,8,5,1.4672603632774914
5,A,0.05,8,6,1.5353877509676777
5,A,0.05,8,7,1.42742110971949
5,A,0.05,8,8,2.0755189305513384
5,A,0.05,8,9,1.9916243553330815
5,A,0.05,9,0,0.3657328236236862
5,A,0.05,9,1,0.32117384671069227
5,A,0.05,9,2,0.1028875335077597
5,A,0.05,9,3,-0.5053082014540061
5,A,0.05,9,4,-0.3827270928721708
5,A,0.05,9,5,0.4198114323846944
5,A,0.05,9,6,0.07224217369742955
5,A,0.05,9,7,0.1896593434919261
5,A,0.05,9,8,0.4261269861824465
5,A,0.05,9,9,0.3994945991247753
5,B,100,0,0,-0.5140670469731516
5,B,100,0,1,-0.49713022144632757
5,B,100,0,2,-0.71543063700485
5,B,100,0,3,-0.2421682505152019
5,B,100,0,4,-0.02558020357663324
5,B,100,0,5,-0.03856450726796211
5,B,100,0,6,-0.45703989115819427
5,B,100,0,7,-0.3007483394529547
5,B,100,0,8,-0.15637699195163624
5,B,100,0,9,-0.0818979347815378
5,B,100,1,0,3.5854931804626577
5,B,100,1,1,2.676478883828699
5,B,100,1,2,2.9092235596126907
5,B,100,1,3,2.672439310147022
5,B,100,1,4,2.786869651396805
5,B,100,1,5,2.6044717424732706
5,B,100,1,6,2.445224055722712
5,B,100,1,7,1.9625918751648923
5,B,100,1,8,3.23832369436905
5,B,100,1,9,2.9758524333911462
5,B,100,2,0,-0.8837920188932751
5,B,100,2,1,-0.7317560376271057
5,B,100,2,2,-0.8865330762627825
5,B,100,2,3,-0.9329828365664984
5,B,100,2,4,-1.0241354066294623
5,B,100,2,5,-0.879458442565061
5,B,100,2,6,-0.8291965909509518
5,B,100,2,7,-0.7164411663612467
5,B,100,2,8,-0.7054458339445858
5,B,100,2,9,-0.6344055954342973
5,B,100,3,0,0.16890601751760173
5,B,100,3,1,0.5599779364159635
5,B,100,3,2,1.2444681964723623
5,B,100,3,3,0.5345361164468627
5,B,100,3,4,1.3742988207401952
5,B,100,3,5,0.7788153606632915
5,B,100,3,6,1.362005199032023
5,B,100,3,7,1.3133995490298045
5,B,100,3,8,1.1572204425320125
5,B,100,3,9,1.0076766777269792
5,B,100,4,0,-1.330626662748893
5,B,100,4,1,-1.7007758243360227
5,B,100,4,2,-1.196856882689565
5,B,100,4,3,-1.2157345728204478
5,B,100,4,4,-1.193270219786131
5,B,100,4,5,-1.2908244504745368
5,B,100,4,6,-0.9914157909711939
5,B,100,4,7,-1.5429466210629263
5,B,100,4,8,-1.2220889770762866
5,B,100,4,9,-0.941908244082612
5,B,100,5,0,2.422556198506667
5,B,100,5,1,3.4581896171403548
5,B,100,5,2,3.1537447054237355
5,B,100,5,3,1.9914937440707223
5,B,100,5,4,1.995670721778396
5,B,100,5,5,2.123230889625402
5,B,100,5,6,1.986669810836579
5,B,100,5,7,1.9506917156058459
5,B,100,5,8,3.032020752489616
5,B,100,5,9,2.406935248733692
5,B,100,6,0,0.548127248061714
5,B,100,6,1,0.5057581227678134
5,B,100,6,2,0.6318124104821476
5,B,100,6,3,0.44273917811796953
5,B,100,6,4,0.5326540353402427
5,B,100,6,5,0.8521510263123968
5,B,100,6,6,0.5233824204875447
5,B,100,6,7,1.0197202013186837
5,B,100,6,8,0.937081584938881
5,B,100,6,9,1.1070117266097859
5,B,100,7,0,0.9954068961548106
5,B,100,7,1,0.9016698567564566
5,B,100,7,2,1.0856286469601903
5,B,100,7,3,1.2190173374030056
5,B,100,7,4,0.799969744781121
5,B,100,7,5,1.1966565668881193
5,B,100,7,6,0.6902222561407453
5,B,100,7,7,1.227136645537772
5,B,100,7,8,0.3664256205753854
5,B,100,7,9,0.9985652020366723
5,B,100,8,0,0.008059618393666533
5,B,100,8,1,0.6178920926910052
5,B,100,8,2,-0.7622770800633224
5,B,100,8,3,-0.10662819443140288
5,B,100,8,4,-0.21225415326521607
5,B,100,8,5,0.16289214253341974
5,B,100,8,6,0.13073204435871139
5,B,100,8,7,0.5390189308299342
5,B,100,8,8,-0.1776032984590499
5,B,100,8,9,-0.009298274705415553
5,B,100,9,0,0.0530108328322351
5,B,100,9,1,0.017568386402931725
5,B,100,9,2,0.02411218281707637
5,B,100,9,3,0.06477054478477484
5,B,100,9,4,0.0798157305285965
5,B,100,9,5,0.05107570306037481
5,B,100,9,6,0.0883354667925379
5,B,100,9,7,0.016548535123360155
5,B,100,9,8,0.044079396042515644
5,B,100,9,9,0.05078345733444063
6,A,0.05,0,0,0.9303746194491237
6,A,0.05,0,1,0.8640948576906831
6,A,0.05,0,2,0.804470310590533
6,A,0.05,0,3,0.8946101614250334
6,A,0.05,0,4,0.2861114478655328
6,A,0.05,0,5,0.5071516224202364
6,A,0.05,0,6,1.245634714603521
6,A,0.05,0,7,0.8484950690560626
6,A,0.05,0,8,0.9354229763129337
6,A,0.05,0,9,0.4240983834501007
6,A,0.05,1,0,0.6367401761349937
6,A,0.05,1,1,0.005344878765626875
6,A,0.05,1,2,0.8567401972722496
6,A,0.05,1,3,0.7637479750750945
6,A,0.05,1,4,0.9049279475883427
6,A,0.05,1,5,0.5040512766180014
6,A,0.05,1,6,1.1653367986240095
6,A,0.05,1,7,1.1291751826997647
6,A,0.05,1,8,1.153332309905802
6,A,0.05,1,9,0.8782775628389223
6,A,0.05,2,0,-1.0156872093856666
6,A,0.05,2,1,-1.1073908262372647
6,A,0.05,2,2,-1.4833444318671491
6,A,0.05,2,3,-1.5677129037396886
6,A,0.05,2,4,-1.0664737906738992
6,A,0.05,2,5,-1.4642340425481748
6,A,0.05,2,6,-1.1878839766533398
6,A,0.05,2,7,-0.7820573318561153
6,A,0.05,2,8,-1.2739147169277982
6,A,0.05,2,9,-1.5718334162427756
6,A,0.05,3,0,-0.24635741656145038
6,A,0.05,3,1,-0.035894227455079926
6,A,0.05,3,2,-0.11584703476607719
6,A,0.05,3,3,-0.23382338266549288
6,A,0.05,3,4,-0.36451225422270267
6,A,0.05,3,5,-0.09690319029703326
6,A,0.05,3,6,-0.15356208795852677
6,A,0.05,3,7,0.09925730751687956
6,A,0.05,3,8,-0.13442290014265526
6,A,0.05,3,9,-0.11781177876428563
6,A,0.05,4,0,0.46537184150220345
6,A,0.05,4,1,0.4724803519197753
6,A,0.05,4,2,0.4959833137820926
6,A,0.05,4,3,0.621716683905383
6,A,0.05,4,4,0.6646154826660613
6,A,0.05,4,5,0.3607313972090174
6,A,0.05,4,6,0.12810336138976208
6,A,0.05,4,7,0.6555910663576665
6,A,0.05,4,8,0.09104633986967132
6,A,0.05,4,9,0.2923651107676072
6,A,0.05,5,0,-0.14365971564174917
6,A,0.05,5,1,0.469969794370099
6,A,0.05,5,2,0.3146785480239959
6,A,0.05,5,3,0.27011540523854183
6,A,0.05,5,4,0.42133342960295644
6,A,0.05,5,5,0.7551670607872757
6,A,0.05,5,6,0.5617520267632631
6,A,0.05,5,7,0.37408095198559305
6,A,0.05,5,8,0.5387240570466003
6,A,0.05,5,9,0.420543385241324
6,A,0.05,6,0,0.9045815433888876
6,A,0.05,6,1,1.0751550182701328
6,A,0.05,6,2,1.0025365355953757
6,A,0.05,6,3,0.8279858185140194
6,A,0.05,6,4,0.8498939701712287
6,A,0.05,6,5,0.9547644736908732
6,A,0.05,6,6,0.7182581939945649
6,A,0.05,6,7,0.9997896917281962
6,A,0.05,6,8,1.0369985944698976
6,A,0.05,6,9,1.2065189535046994
6,A,0.05,7,0,-0.5616094735686455
6,A,0.05,7,1,-0.2939356708776723
6,A,0.05,7,2,-0.6637656686236559
6,A,0.05,7,3,-0.4162520502841432
6,A,0.05,7,4,-0.23895843621969712
6,A,0.05,7,5,-0.6227776178861897
6,A,0.05,7,6,-0.4215153891280914
6,A,0.05,7,7,-0.550579482250777
6,A,0.05,7,8,-0.5914229072830507
6,A,0.05,7,9,-0.8104786865515422
6,A,0.05,8,0,-0.26547849520088146
6,A,0.05,8,1,0.11659559850790133
6,A,0.05,8,2,-0.36973189064727086
6,A,0.05,8,3,1.0112079262969067
6,A,0.05,8,4,0.1885370963256143
6,A,0.05,8,5,0.687993739963344
6,A,0.05,8,6,0.4535128291583621
6,A,0.05,8,7,0.2726322896913325
6,A,0.05,8,8,-0.23725784223267504
6,A,0.05,8,9,0.37297684381948587
6,A,0.05,9,0,-0.4406036187687332
6,A,0.05,9,1,-0.453648649496528
6,A,0.05,9,2,-0.7246416208692963
6,A,0.05,9,3,-0.18755488525360214
6,A,0.05,9,4,0.07491968928653799
6,A,0.05,9,5,-0.27609783860823156
6,A,0.05,9,6,-0.5560795898604213
6,A,0.05,9,7,0.18813058019149662
6,A,0.05,9,8,-0.3450041496950165
6,A,0.05,9,9,-0.2177493718676802
6,B,100,0,0,-0.7487425440286276
6,B,100,0,1,-0.5654937012488347
6,B,100,0,2,-0.2550620544826281
6,B,100,0,3,-0.8362948235898399
6,B,100,0,4,-0.4955983298519146
6,B,100,0,5,-0.5861355300420414
6,B,100,0,6,-0.06541786513110484
6,B,100,0,7,-0.2809935411718425
6,B,100,0,8,-0.4413983505877912
6,B,100,0,9,-0.402065239453975
6,B,100,1,0,1.4066761934555472
6,B,100,1,1,1.262480228816934
6,B,100,1,2,1.5939625935360544
6,B,100,1,3,0.8192555543616007
6,B,100,1,4,0.8234585272626037
6,B,100,1,5,1.6652100983278584
6,B,100,1,6,0.8318635827584533
6,B,100,1,7,1.34620368950884
6,B,100,1,8,1.2639307928368744
6,B,100,1,9,1.2330999409258658
6,B,100,2,0,0.0024418506191562074
6,B,100,2,1,-0.1752623604270681
6,B,100,2,2,-0.24802801687341705
6,B,100,2,3,0.3191224470772697
6,B,100,2,4,0.1404634504098259
6,B,100,2,5,-0.1275327914801301
6,B,100,2,6,-0.20111732460152032
6,B,100,2,7,-0.10303116525355868
6,B,100,2,8,0.020910299725398956
6,B,100,2,9,-0.028162556617566035
6,B,100,3,0,0.2541427884592427
6,B,100,3,1,0.5684204932068442
6,B,100,3,2,0.41077253444505
6,B,100,3,3,0.43603386998016586
6,B,100,3,4,0.3583182459023744
6,B,100,3,5,-0.0041274894541218615
6,B,100,3,6,0.38883526478013747
6,B,100,3,7,0.2230244438396276
6,B,100,3,8,0.470707752525318
6,B,100,3,9,0.31297408703571455
6,B,100,4,0,0.3555860222246368
6,B,100,4,1,0.4121962176972911
6,B,100,4,2,0.4095601092465127
6,B,100,4,3,0.6553561584505719
6,B,100,4,4,0.4340511052289677
6,B,100,4,5,0.285210467050399
6,B,100,4,6,0.22542675037165474
6,B,100,4,7,-0.1555710516547227
6,B,100,4,8,0.5560780014060966
6,B,100,4,9,0.399355990533921
6,B,100,5,0,0.11725065073949092
6,B,100,5,1,0.3018777870480347
6,B,100,5,2,0.12036528003663956
6,B,100,5,3,0.18096721826788445
6,B,100,5,4,-0.04039953967225287
6,B,100,5,5,0.32850149633706205
6,B,100,5,6,0.21034325895729541
6,B,100,5,7,0.3497225520174431
6,B,100,5,8,0.2120004964020848
6,B,100,5,9,0.2199424009304731
6,B,100,6,0,0.6000551423353239
6,B,100,6,1,0.617671999492013
6,B,100,6,2,0.16172266937308996
6,B,100,6,3,0.747096335238255
6,B,100,6,4,0.7313005634620202
6,B,100,6,5,0.36187356901063056
6,B,100,6,6,-0.2969762688777577
6,B,100,6,7,1.1033507049477365
6,B,100,6,8,-0.04085764778429415
6,B,100,6,9,0.418660518436064
6,B,100,7,0,-0.05688079360307312
6,B,100,7,1,0.009168758993609135
6,B,100,7,2,-0.0904656135956077
6,B,100,7,3,-0.1401831228002563
6,B,100,7,4,-0.0023769192107252857
6,B,100,7,5,-0.10686796493268495
6,B,100,7,6,-0.11619657674811551
6,B,100,7,7,-0.022364638033197125
6,B,100,7,8,-0.14462118158630125
6,B,100,7,9,0.061169938877344225
6,B,100,8,0,-0.06672954750050426
6,B,100,8,1,-0.09492197587433805
6,B,100,8,2,-0.1447653320518914
6,B,100,8,3,-0.07303644058464567
6,B,100,8,4,-0.09027683220571393
6,B,100,8,5,-0.12516432076642922
6,B,100,8,6,-0.11897467968775388
6,B,100,8,7,-0.07589067955418248
6,B,100,8,8,-0.07079239135495709
6,B,100,8,9,-0.09087971427044823
6,B,100,9,0,0.825187367568147
6,B,100,9,1,0.21274894795452692
6,B,100,9,2,0.6388979030945674
6,B,100,9,3,0.20008173774706917
6,B,100,9,4,0.5681108259298746
6,B,100,9,5,0.6124193540934677
6,B,100,9,6,-0.12751033343909335
6,B,100,9,7,0.46798893385303764
6,B,100,9,8,1.0107066996535172
6,B,100,9,9,0.09820414607305203
7,A,0.05,0,0,-0.6868672732286384
7,A,0.05,0,1,-0.5079235418122573
7,A,0.05,0,2,-0.6161444783050299
7,A,0.05,0,3,-0.615908265002323
7,A,0.05,0,4,-0.44730636117636585
7,A,0.05,0,5,-0.5380048022785604
7,A,0.05,0,6,-0.2938098084731377
7,A,0.05,0,7,-0.7409918781042983
7,A,0.05,0,8,-0.2525758415253093
7,A,0.05,0,9,-0.39103122898327997
7,A,0.05,1,0,-0.6063010773243144
7,A,0.05,1,1,-0.7859837159160581
7,A,0.05,1,2,-0.8051387086514572
7,A,0.05,1,3,-0.6995526143031707
7,A,0.05,1,4,-0.551373112653349
7,A,0.05,1,5,-0.39542924114268707
7,A,0.05,1,6,-1.0813379118661515
7,A,0.05,1,7,-0.8713314854449244
7,A,0.05,1,8,-0.6575655563555728
7,A,0.05,1,9,-0.5991851489729877
7,A,0.05,2,0,0.07821633568051778
7,A,0.05,2,1,-0.24131255584754507
7,A,0.05,2,2,0.44469420522534364
7,A,0.05,2,3,1.0736363726431788
7,A,0.05,2,4,0.1691271242081574
7,A,0.05,2,5,-0.004177234162758255
7,A,0.05,2,6,0.0030006991234398078
7,A,0.05,2,7,-0.11973031358377162
7,A,0.05,2,8,0.20480487571315883
7,A,0.05,2,9,-0.42286045655991616
7,A,0.05,3,0,2.7858328836973927
7,A,0.05,3,1,0.037796616976059474
7,A,0.05,3,2,3.044586079153922
7,A,0.05,3,3,2.5708782843907403
7,A,0.05,3,4,2.585874556648508
7,A,0.05,3,5,2.422110290342563
7,A,0.05,3,6,2.668100063429981
7,A,0.05,3,7,2.407341232740594
7,A,0.05,3,8,1.72216198801147
7,A,0.05,3,9,2.383658426517253
7,A,0.05,4,0,-0.107207111990326
7,A,0.05,4,1,0.3485670997078292
7,A,0.05,4,2,0.45370124563922093
7,A,0.05,4,3,0.20060797928962867
7,A,0.05,4,4,-0.20948919987788286
7,A,0.05,4,5,0.48216170593680197
7,A,0.05,4,6,0.017161851321807847
7,A,0.05,4,7,0.41558179296269243
7,A,0.05,4,8,0.42433795733902424
7,A,0.05,4,9,0.2503356004762962
7,A,0.05,5,0,-0.12966576538266997
7,A,0.05,5,1,0.4168105629238124
7,A,0.05,5,2,0.6500449257135228
7,A,0.05,5,3,0.025963379569153816
7,A,0.05,5,4,0.34140173204999263
7,A,0.05,5,5,0.3767780695759458
7,A,0.05,5,6,0.5582361955912429
7,A,0.05,5,7,0.31628709887987316
7,A,0.05,5,8,0.43967292582230194
7,A,0.05,5,9,0.20280290060312853
7,A,0.05,6,0,1.0311923947814308
7,A,0.05,6,1,0.9031720315493876
7,A,0.05,6,2,1.1231612953693826
7,A,0.05,6,3,0.7580524802535871
7,A,0.05,6,4,1.2162015595759497
7,A,0.05,6,5,1.056547928365547
7,A,0.05,6,6,0.9759866567854998
7,A,0.05,6,7,1.2167111405667812
7,A,0.05,6,8,0.4940219254034559
7,A,0.05,6,9,1.0259766676541335
7,A,0.05,7,0,-0.6628210669035994
7,A,0.05,7,1,0.0016931954737406613
7,A,0.05,7,2,-0.13947483195782828
7,A,0.05,7,3,-0.12990623371115473
7,A,0.05,7,4,-0.1677337220223238
7,A,0.05,7,5,-0.18197812278283457
7,A,0.05,7,6,-0.004635592890849494
7,A,0.05,7,7,-0.11161485545424805
7,A,0.05,7,8,-0.09511131217997762
7,A,0.05,7,9,-0.06122292628609048
7,A,0.05,8,0,-1.0161618444012266
7,A,0.05,8,1,-1.0465914331781765
7,A,0.05,8,2,-0.6278734599867494
7,A,0.05,8,3,-0.7069259361071799
7,A,0.05,8,4,-0.9754931666410053
7,A,0.05,8,5,-0.6996616242643531
7,A,0.05,8,6,-0.8102993857597611
7,A,0.05,8,7,-1.1874076210051938
7,A,0.05,8,8,-0.5659615491967194
7,A,0.05,8,9,-0.7467632264951019
7,A,0.05,9,0,-1.0339698479410406
7,A,0.05,9,1,-0.8458090096230478
7,A,0.05,9,2,0.02414410435146203
7,A,0.05,9,3,-0.8459529898233455
7,A,0.05,9,4,-0.756864238077891
7,A,0.05,9,5,-0.4709832154821997
7,A,0.05,9,6,-0.37172642032082326
7,A,0.05,9,7,-0.14834624326969703
7,A,0.05,9,8,-1.093369163420956
7,A,0.05,9,9,-0.7446390845172376
7,B,100,0,0,1.6173884194840096
7,B,100,0,1,1.51449437451875
7,B,100,0,2,1.7215777580268172
7,B,100,0,3,1.1904665852738678
7,B,100,0,4,1.3638177507778273
7,B,100,0,5,1.236165029794556
7,B,100,0,6,2.3511637579280857
7,B,100,0,7,1.2062519594691057
7,B,100,0,8,1.7095812425927117
7,B,100,0,9,1.4680389575067883
7,B,100,1,0,-1.2608334759717577
7,B,100,1,1,-1.0354604767445938
7,B,100,1,2,-1.0367288845723892
7,B,100,1,3,-1.1787508419468857
7,B,100,1,4,-1.0063321946940527
7,B,100,1,5,-1.2474158738248273
7,B,100,1,6,-1.1625241028901183
7,B,100,1,7,-0.6910110527969747
7,B,100,1,8,-1.2451117966523146
7,B,100,1,9,-1.2230076490931467
7,B,100,2,0,-0.1965656726796457
7,B,100,2,1,0.45167909319583155
7,B,100,2,2,0.45618426505981385
7,B,100,2,3,1.220538596050538
7,B,100,2,4,1.010272339679554
7,B,100,2,5,0.43778812004429524
7,B,100,2,6,0.12443937128282014
7,B,100,2,7,0.6667559446866718
7,B,100,2,8,0.8222898524585228
7,B,100,2,9,0.6913834456110048
7,B,100,3,0,0.9320967295057565
7,B,100,3,1,1.1230280148676592
7,B,100,3,2,0.8029086428757788
7,B,100,3,3,0.7369550599027292
7,B,100,3,4,0.8412864560705083
7,B,100,3,5,0.5276756006193642
7,B,100,3,6,0.7849020174974275
7,B,100,3,7,0.39352749103421536
7,B,100,3,8,0.8415045745271086
7,B,100,3,9,0.35471186675382355
7,B,100,4,0,0.6626519886955589
7,B,100,4,1,0.19412368844031533
7,B,100,4,2,0.2800897720297156
7,B,100,4,3,0.2887522026167794
7,B,100,4,4,0.17985299105268507
7,B,100,4,5,0.16734268416246362
7,B,100,4,6,0.3820311297308889
7,B,100,4,7,0.8166069319888966
7,B,100,4,8,0.8765434626976228
7,B,100,4,9,0.7919905099984171
7,B,100,5,0,0.5363806819581448
7,B,100,5,1,0.8211725480278224
7,B,100,5,2,0.9906010480109285
7,B,100,5,3,0.6182626887924918
7,B,100,5,4,0.8533983536495922
7,B,100,5,5,0.8062500415783223
7,B,100,5,6,1.1598918583728206
7,B,100,5,7,0.42323486054616655
7,B,100,5,8,0.9374916115259604
7,B,100,5,9,0.8798104835574422
7,B,100,6,0,0.3915577170917745
7,B,100,6,1,0.4717799530523218
7,B,100,6,2,0.5359835725576224
7,B,100,6,3,0.46227482998094094
7,B,100,6,4,0.38377408073907365
7,B,100,6,5,0.597735412858934
7,B,100,6,6,0.4715726428182687
7,B,100,6,7,0.3405392210701484
7,B,100,6,8,0.6417458272659261
7,B,100,6,9,0.4521527732038295
7,B,100,7,0,0.3130904110775825
7,B,100,7,1,-0.015267882963842893
7,B,100,7,2,0.4842513769188778
7,B,100,7,3,0.5397277690232121
7,B,100,7,4,0.27487572036185176
7,B,100,7,5,0.12105044046615979
7,B,100,7,6,0.13437012050539396
7,B,100,7,7,-0.06848480307434604
7,B,100,7,8,0.4169787919518047
7,B,100,7,9,0.45540968555745903
7,B,100,8,0,0.7220257676202878
7,B,100,8,1,0.6988212510166256
7,B,100,8,2,0.6499935773113101
7,B,100,8,3,0.45049977803047925
7,B,100,8,4,0.8268877319034433
7,B,100,8,5,0.5081683368607585
7,B,100,8,6,0.6297424192038151
7,B,100,8,7,0.48338733256803973
7,B,100,8,8,0.6035165661803584
7,B,100,8,9,0.809265740831503
7,B,100,9,0,-0.06613324963881699
7,B,100,9,1,-0.5187626468307397
7,B,100,9,2,-0.13451361079616503
7,B,100,9,3,-0.10955887106274824
7,B,100,9,4,-0.7555471834651217
7,B,100,9,5,-0.0279080173174629
7,B,100,9,6,-0.13436247900040693
7,B,100,9,7,0.010380420828962589
7,B,100,9,8,-0.1704496570916387
7,B,100,9,9,-0.3235808502817893
8,A,0.05,0,0,-1.1580173060788828
8,A,0.05,0,1,-0.6224760919353624
8,A,0.05,0,2,-0.3326045513554517
8,A,0.05,0,3,-1.1795985439901346
8,A,0.05,0,4,-0.5834781921780157
8,A,0.05,0,5,-1.1434866319989359
8,A,0.05,0,6,-1.0518985395414464
8,A,0.05,0,7,-0.6990616543874977
8,A,0.05,0,8,-0.8425347757748707
8,A,0.05,0,9,-1.5240538034988576
8,A,0.05,1,0,-1.6530930605639014
8,A,0.05,1,1,-1.8452537082559044
8,A,0.05,1,2,-1.302704961763131
8,A,0.05,1,3,-1.4801233305377444
8,A,0.05,1,4,-1.0394702824651803
8,A,0.05,1,5,-1.9353968393617547
8,A,0.05,1,6,-1.4750557535618856
8,A,0.05,1,7,-1.458771111413183
8,A,0.05,1,8,-1.6907124730747416
8,A,0.05,1,9,-1.5634550040442334
8,A,0.05,2,0,-1.8283776056446315
8,A,0.05,2,1,-1.7448094969054533
8,A,0.05,2,2,-2.285413760136773
8,A,0.05,2,3,-1.4410703213363794
8,A,0.05,2,4,-1.5540882107077143
8,A,0.05,2,5,-1.7828664721759242
8,A,0.05,2,6,-2.0534354628100093
8,A,0.05,2,7,-1.8599471938267464
8,A,0.05,2,8,-1.3068941568872443
8,A,0.05,2,9,-1.2459242109052742
8,A,0.05,3,0,0.05910854026851628
8,A,0.05,3,1,-0.6736062049633208
8,A,0.05,3,2,-0.36138991115789665
8,A,0.05,3,3,0.03376063374878686
8,A,0.05,3,4,-0.08625719915561697
8,A,0.05,3,5,0.18094004853757922
8,A,0.05,3,6,-0.7274714686660633
8,A,0.05,3,7,-0.22951342528374638
8,A,0.05,3,8,-0.1705515835195935
8,A,0.05,3,9,-0.65545445708188
8,A,0.05,4,0,-0.2086604916763793
8,A,0.05,4,1,-0.9227603110594791
8,A,0.05,4,2,-0.8560327765541211
8,A,0.05,4,3,-0.2503103418089574
8,A,0.05,4,4,-0.35394689774710264
8,A,0.05,4,5,-1.0367361819761742
8,A,0.05,4,6,-0.8079315220647549
8,A,0.05,4,7,-0.9178927734275156
8,A,0.05,4,8,-1.08530664149321
8,A,0.05,4,9,-0.6441577314588334
8,A,0.05,5,0,1.2124585031875004
8,A,0.05,5,1,1.0430033315979683
8,A,0.05,5,2,0.8492577363607332
8,A,0.05,5,3,1.1655497697876023
8,A,0.05,5,4,1.0621090325173415
8,A,0.05,5,5,1.1466309220390494
8,A,0.05,5,6,0.9715046014742796
8,A,0.05,5,7,1.194438816583723
8,A,0.05,5,8,1.3823081837390285
8,A,0.05,5,9,1.2826181552514906
8,A,0.05,6,0,0.3607873918660173
8,A,0.05,6,1,-0.3584531768427764
8,A,0.05,6,2,0.20881188987006988
8,A,0.05,6,3,0.5723431524912357
8,A,0.05,6,4,-0.09006840639581784
8,A,0.05,6,5,-0.2850214751293075
8,A,0.05,6,6,0.5941549821255021
8,A,0.05,6,7,0.0026786110231840137
8,A,0.05,6,8,0.5941260485986481
8,A,0.05,6,9,0.33306802647742845
8,A,0.05,7,0,2.073268284645963
8,A,0.05,7,1,1.9904085667905351
8,A,0.05,7,2,1.388755449062633
8,A,0.05,7,3,2.128519893254113
8,A,0.05,7,4,1.8239693509059864
8,A,0.05,7,5,1.9456884436859831
8,A,0.05,7,6,2.1036394758895844
8,A,0.05,7,7,2.1549991145635263
8,A,0.05,7,8,1.766688792079816
8,A,0.05,7,9,1.823216157174863
8,A,0.05,8,0,0.971381723523098
8,A,0.05,8,1,1.8621024816872067
8,A,0.05,8,2,1.6945020145087137
8,A,0.05,8,3,1.2290164970149307
8,A,0.05,8,4,1.0486845359691546
8,A,0.05,8,5,1.4241476912174442
8,A,0.05,8,6,1.3239921686479217
8,A,0.05,8,7,1.5867920784438125
8,A,0.05,8,8,1.8450045902946324
8,A,0.05,8,9,1.2913352799637143
8,A,0.05,9,0,0.5518445542162372
8,A,0.05,9,1,0.12789155700330163
8,A,0.05,9,2,1.0741191303871638
8,A,0.05,9,3,0.0006058944018366582
8,A,0.05,9,4,1.6216870525426692
8,A,0.05,9,5,1.118609146764215
8,A,0.05,9,6,1.4001888761764318
8,A,0.05,9,7,0.7789441596280193
8,A,0.05,9,8,0.7878293048652376
8,A,0.05,9,9,0.8559904750838302
8,B,100,0,0,-1.1481287428068865
8,B,100,0,1,-1.2324023494303122
8,B,100,0,2,-1.0738623036733472
8,B,100,0,3,-1.6890402197477556
8,B,100,0,4,-1.44562924402648
8,B,100,0,5,-1.3596501448970086
8,B,100,0,6,-1.083555059359281
8,B,100,0,7,-1.1512887750863172
8,B,100,0,8,-1.3923073931604306
8,B,100,0,9,-1.2740450919962008
8,B,100,1,0,0.21095866139385042
8,B,100,1,1,0.02176735195665413
8,B,100,1,2,-0.20387442957513088
8,B,100,1,3,-0.16175000157325947
8,B,100,1,4,-0.0915007684965613
8,B,100,1,5,-0.7320192430721614
8,B,100,1,6,-0.6971757067539902
8,B,100,1,7,-0.30012128381748343
8,B,100,1,8,-0.036279432557018515
8,B,100,1,9,0.17684495935001526
8,B,100,2,0,-0.8426169437961378
8,B,100,2,1,-0.08794831926770087
8,B,100,2,2,-0.3629347971660068
8,B,100,2,3,-0.13913956713425768
8,B,100,2,4,-0.7085030518673487
8,B,100,2,5,0.0425550217100382
8,B,100,2,6,-0.07266150871383899
8,B,100,2,7,-0.17490273156367744
8,B,100,2,8,0.1605584510295279
8,B,100,2,9,0.12722283667970316
8,B,100,3,0,-1.3754174109727055
8,B,100,3,1,-1.0828266144105003
8,B,100,3,2,-1.0636729095657966
8,B,100,3,3,-0.16858110955793826
8,B,100,3,4,-0.41961882600999334
8,B,100,3,5,-0.29610995580958155
8,B,100,3,6,-0.025923821794172398
8,B,100,3,7,-0.6727412906674991
8,B,100,3,8,-0.891765527945286
8,B,100,3,9,-0.9214631739853916
8,B,100,4,0,0.3393484655047443
8,B,100,4,1,-0.18463559872464025
8,B,100,4,2,0.5915635427910478
8,B,100,4,3,0.12675812594331065
8,B,100,4,4,-0.023417901537892343
8,B,100,4,5,-0.320217259741632
8,B,100,4,6,-0.15122020665733255
8,B,100,4,7,-0.553907683080972
8,B,100,4,8,0.04223374554791955
8,B,100,4,9,-0.5286110194453811
8,B,100,5,0,0.6324210853420671
8,B,100,5,1,0.5544447183318242
8,B,100,5,2,0.10867036791946867
8,B,100,5,3,0.6817676873445939
8,B,100,5,4,0.6379438082420666
8,B,100,5,5,0.5202350325018592
8,B,100,5,6,0.3475779034133299
8,B,100,5,7,0.4190859457696328
8,B,100,5,8,0.5457487491272446
8,B,100,5,9,0.8482387549248711
8,B,100,6,0,-2.8906614866530216
8,B,100,6,1,-3.1603827719409927
8,B,100,6,2,-2.550799913983915
8,B,100,6,3,-2.497064538022274
8,B,100,6,4,-2.5471028858708076
8,B,100,6,5,-2.349292027490348
8,B,100,6,6,-2.7175156617756198
8,B,100,6,7,-3.124489584118462
8,B,100,6,8,-2.9175020450801528
8,B,100,6,9,-2.222864232157875
8,B,100,7,0,1.4667698243829526
8,B,100,7,1,1.3930679810522502
8,B,100,7,2,1.1309829983975812
8,B,100,7,3,1.3803366541472861
8,B,100,7,4,1.4274780514153442
8,B,100,7,5,1.4826203209210094
8,B,100,7,6,1.5013372119229893
8,B,100,7,7,1.395011110561009
8,B,100,7,8,1.5597826773769008
8,B,100,7,9,1.3522014226579435
8,B,100,8,0,-1.1116774803554221
8,B,100,8,1,-0.8084430909318882
8,B,100,8,2,-0.9419761149169174
8,B,100,8,3,-1.4976194210381208
8,B,100,8,4,-0.9644451936961353
8,B,100,8,5,-0.8929492810328816
8,B,100,8,6,-0.9008095909908566
8,B,100,8,7,-1.4801399220265896
8,B,100,8,8,-0.8976201728010675
8,B,100,8,9,-1.0563453461350123
8,B,100,9,0,-0.33453053842478225
8,B,100,9,1,-0.3328322682377439
8,B,100,9,2,-0.48345255886203037
8,B,100,9,3,-0.43065546368787927
8,B,100,9,4,0.024322602390142802
8,B,100,9,5,0.10633983256809386
8,B,100,9,6,-0.15744035152109428
8,B,100,9,7,-0.47233126113812557
8,B,100,9,8,-0.3747337952223373
8,B,100,9,9,-0.5728500639243674
9,A,0.05,0,0,0.6919218841974168
9,A,0.05,0,1,0.16633662775001545
9,A,0.05,0,2,0.9791485151702902
9,A,0.05,0,3,0.36699021292929196
9,A,0.05,0,4,0.21418818038758972
9,A,0.05,0,5,0.19561796143450466
9,A,0.05,0,6,0.0983041084984297
9,A,0.05,0,7,0.4000028556196124
9,A,0.05,0,8,0.38832176099265675
9,A,0.05,0,9,0.7973230142462622
9,A,0.05,1,0,2.801400502927711
9,A,0.05,1,1,2.7178426709674426
9,A,0.05,1,2,3.1966759617002065
9,A,0.05,1,3,2.568076778223111
9,A,0.05,1,4,2.911014503670495
9,A,0.05,1,5,3.2734395273629664
9,A,0.05,1,6,2.887605832363438
9,A,0.05,1,7,2.364375271998755
9,A,0.05,1,8,2.580412600522305
9,A,0.05,1,9,3.3893290858369434
9,A,0.05,2,0,-0.5479337115156762
9,A,0.05,2,1,-0.484879571003354
9,A,0.05,2,2,-0.07360053631747784
9,A,0.05,2,3,-0.5144218349711411
9,A,0.05,2,4,-0.6296334894056913
9,A,0.05,2,5,-0.5061549956758599
9,A,0.05,2,6,-0.502377125848987
9,A,0.05,2,7,-0.12285693100384952
9,A,0.05,2,8,-0.32158460326231614
9,A,0.05,2,9,0.21506067689858652
9,A,0.05,3,0,-0.8785820563552986
9,A,0.05,3,1,-0.3982068581773611
9,A,0.05,3,2,-0.6740756426419844
9,A,0.05,3,3,-0.5507216312784057
9,A,0.05,3,4,-0.571479868961876
9,A,0.05,3,5,-0.9367429953355891
9,A,0.05,3,6,-0.786980894805426
9,A,0.05,3,7,-0.7240744493307394
9,A,0.05,3,8,-1.0614372713261337
9,A,0.05,3,9,-0.854429990371698
9,A,0.05,4,0,0.7229906107344531
9,A,0.05,4,1,-0.3487263381742995
9,A,0.05,4,2,-0.576353609853762
9,A,0.05,4,3,0.00757230781624829
9,A,0.05,4,4,-0.4493017063010978
9,A,0.05,4,5,0.36080316445162747
9,A,0.05,4,6,0.30703731687307073
9,A,0.05,4,7,0.4167825533489288
9,A,0.05,4,8,-0.02382217643334052
9,A,0.05,4,9,-0.2897181789712647
9,A,0.05,5,0,1.9888573553227331
9,A,0.05,5,1,2.3175498190799058
9,A,0.05,5,2,1.0732034316607513
9,A,0.05,5,3,2.1752584097218426
9,A,0.05,5,4,1.820913370037293
9,A,0.05,5,5,1.1714100482687828
9,A,0.05,5,6,2.37688555935526
9,A,0.05,5,7,2.6785498261637306
9,A,0.05,5,8,2.3951268880835874
9,A,0.05,5,9,2.7475731627835924
9,A,0.05,6,0,-0.4404489686528886
9,A,0.05,6,1,-2.837502899831024
9,A,0.05,6,2,-1.6869803227355862
9,A,0.05,6,3,-2.683762308787633
9,A,0.05,6,4,-3.03753090067207
9,A,0.05,6,5,-2.540834114551679
9,A,0.05,6,6,-2.3658578310044684
9,A,0.05,6,7,-0.5538877186899683
9,A,0.05,6,8,-3.9524101389195208
9,A,0.05,6,9,-3.480938598787426
9,A,0.05,7,0,-1.4626336178497805
9,A,0.05,7,1,-1.5042048851277119
9,A,0.05,7,2,-1.8507437969675204
9,A,0.05,7,3,-1.6585445909616665
9,A,0.05,7,4,-1.142895899043717
9,A,0.05,7,5,-0.9501538130473569
9,A,0.05,7,6,-1.6457909563135782
9,A,0.05,7,7,-1.1586214282589715
9,A,0.05,7,8,-1.177923797059981
9,A,0.05,7,9,-1.3906865996637112
9,A,0.05,8,0,0.21625872142511654
9,A,0.05,8,1,0.4395192419299133
9,A,0.05,8,2,0.5750270235783146
9,A,0.05,8,3,0.639620122971575
9,A,0.05,8,4,0.39234079502164465
9,A,0.05,8,5,0.3930071251894599
9,A,0.05,8,6,0.3131445178774391
9,A,0.05,8,7,0.1628671338009804
9,A,0.05,8,8,0.1441662617956726
9,A,0.05,8,9,0.46343240817822595
9,A,0.05,9,0,-0.12382567204659417
9,A,0.05,9,1,-0.8473537591943049
9,A,0.05,9,2,-0.6267150151244608
9,A,0.05,9,3,-0.5904546885504451
9,A,0.05,9,4,-0.9738085884231509
9,A,0.05,9,5,-0.6768331274819946
9,A,0.05,9,6,-0.7575778731492313
9,A,0.05,9,7,-0.6352014648682659
9,A,0.05,9,8,-0.9840370860474441
9,A,0.05,9,9,-0.4316374147818626
9,B,100,0,0,-2.754383098798
9,B,100,0,1,-2.1785759280423793
9,B,100,0,2,-3.0380126356851087
9,B,100,0,3,-2.3312942762059308
9,B,100,0,4,-2.450546890824087
9,B,100,0,5,-1.7232500966232072
9,B,100,0,6,-2.3560566543503723
9,B,100,0,7,-1.4224014313604108
9,B,100,0,8,-2.280120906903519
9,B,100,0,9,-2.3637017481796465
9,B,100,1,0,2.371852847247322
9,B,100,1,1,2.1876761642590665
9,B,100,1,2,2.6576042045746435
9,B,100,1,3,2.414893581813524
9,B,100,1,4,3.0150820100863314
9,B,100,1,5,2.7935556579383856
9,B,100,1,6,1.9603281972848778
9,B,100,1,7,2.4272621127988105
9,B,100,1,8,2.297807954498274
9,B,100,1,9,2.367972903426433
9,B,100,2,0,-0.5543827300090194
9,B,100,2,1,-0.6365563939399829
9,B,100,2,2,-0.43376202363599453
9,B,100,2,3,-0.6059297102697143
9,B,100,2,4,-0.5389207212153425
9,B,100,2,5,-0.5305424621496811
9,B,100,2,6,-0.45990594523746303
9,B,100,2,7,-0.8178168159816896
9,B,100,2,8,-0.7831614956558087
9,B,100,2,9,-0.16836865990001987
9,B,100,3,0,0.4167930327911426
9,B,100,3,1,0.4941617816041877
9,B,100,3,2,0.8371493187197411
9,B,100,3,3,0.7314961835300494
9,B,100,3,4,0.9314416204326069
9,B,100,3,5,0.8997305228788595
9,B,100,3,6,1.098427314077962
9,B,100,3,7,0.5087457615010781
9,B,100,3,8,0.20281557576131404
9,B,100,3,9,1.0483174765105365
9,B,100,4,0,1.0735826805995439
9,B,100,4,1,1.2170094346028575
9,B,100,4,2,1.309564792889581
9,B,100,4,3,1.1748975821861056
9,B,100,4,4,0.8470277285460239
9,B,100,4,5,1.1624553402625524
9,B,100,4,6,0.6477729821660798
9,B,100,4,7,0.9385627091864266
9,B,100,4,8,1.3691049560122956
9,B,100,4,9,0.6784375701419622
9,B,100,5,0,-1.0418779357927952
9,B,100,5,1,-1.1555652632789952
9,B,100,5,2,-1.1404465642104793
9,B,100,5,3,-1.3615017077081788
9,B,100,5,4,-1.409763983014322
9,B,100,5,5,-1.5353499543314297
9,B,100,5,6,-1.5739356050379913
9,B,100,5,7,-1.7293646682820356
9,B,100,5,8,-1.4764082330003507
9,B,100,5,9,-1.4505790455507002
9,B,100,6,0,-1.4038148591072948
9,B,100,6,1,-0.20157274893251995
9,B,100,6,2,-0.7803460761309406
9,B,100,6,3,-0.6244714852611435
9,B,100,6,4,-0.6283526775921243
9,B,100,6,5,-0.8705273647991352
9,B,100,6,6,-0.6649157115961974
9,B,100,6,7,-0.3190699153455279
9,B,100,6,8,-0.33465836432810564
9,B,100,6,9,-0.21416267974292647
9,B,100,7,0,1.653255872410097
9,B,100,7,1,2.011636352752243
9,B,100,7,2,1.5037650495227965
9,B,100,7,3,1.4886108835943457
9,B,100,7,4,1.5571328759683771
9,B,100,7,5,1.2476640008885032
9,B,100,7,6,1.67902666179865
9,B,100,7,7,1.0691579561370212
9,B,100,7,8,2.086735979080121
9,B,100,7,9,1.462556049387325
9,B,100,8,0,0.8363971673565046
9,B,100,8,1,0.5746938547544956
9,B,100,8,2,0.989086502503585
9,B,100,8,3,1.1665935336308024
9,B,100,8,4,0.7476050959855586
9,B,100,8,5,1.4626696585571963
9,B,100,8,6,0.4139192871092903
9,B,100,8,7,0.7935101906207827
9,B,100,8,8,0.6555523670640081
9,B,100,8,9,1.0575978137691449
9,B,100,9,0,0.12399126117198034
9,B,100,9,1,0.3267426495526107
9,B,100,9,2,0.40416344409285676
9,B,100,9,3,0.15822989972168716
9,B,100,9,4,0.19586660679669063
9,B,100,9,5,0.4032345667180287
9,B,100,9,6,0.05226548001901147
9,B,100,9,7,0.3656320954334436
9,B,100,9,8,0.40388847315753723
9,B,100,9,9,0.25323069324778463
10,A,0.05,0,0,-0.44754695604645833
10,A,0.05,0,1,0.07956916354390282
10,A,0.05,0,2,-0.0195286524994909
10,A,0.05,0,3,-0.029017169784040217
10,A,0.05,0,4,-0.04005417315946438
10,A,0.05,0,5,-0.23051312436261562
10,A,0.05,0,6,0.08140926348526456
10,A,0.05,0,7,-0.10443811704453057
10,A,0.05,0,8,-0.1639767142085291
10,A,0.05,0,9,0.0864543990335536
10,A,0.05,1,0,1.2989850366044553
10,A,0.05,1,1,0.9913408170123148
10,A,0.05,1,2,1.0018369597530123
10,A,0.05,1,3,1.174177833011173
10,A,0.05,1,4,1.1396238877542146
10,A,0.05,1,5,1.022834324730317
10,A,0.05,1,6,1.00264543291864
10,A,0.05,1,7,1.1370546565417756
10,A,0.05,1,8,1.309526917474782
10,A,0.05,1,9,0.9602310220042014
10,A,0.05,2,0,1.020727941967541
10,A,0.05,2,1,0.8190757439876566
10,A,0.05,2,2,1.0098393616905843
10,A,0.05,2,3,1.1059005810929294
10,A,0.05,2,4,0.6769464704048322
10,A,0.05,2,5,1.117410131269914
10,A,0.05,2,6,0.8428961643245512
10,A,0.05,2,7,0.7865311823188608
10,A,0.05,2,8,1.0758009822855428
10,A,0.05,2,9,0.3901733732270233
10,A,0.05,3,0,1.5570135534801062
10,A,0.05,3,1,1.2961648442104352
10,A,0.05,3,2,1.3837275182928492
10,A,0.05,3,3,1.5518574024709304
10,A,0.05,3,4,1.4438206958641193
10,A,0.05,3,5,0.9525826850216352
10,A,0.05,3,6,1.9875529532789997
10,A,0.05,3,7,1.1041998949011984
10,A,0.05,3,8,1.7295869089318185
10,A,0.05,3,9,1.2013888017799303
10,A,0.05,4,0,-0.43075965846370673
10,A,0.05,4,1,-0.5818122914190738
10,A,0.05,4,2,-0.7018917060781747
10,A,0.05,4,3,-1.1892679338998942
10,A,0.05,4,4,-1.3624103960377587
10,A,0.05,4,5,-0.779753838630765
10,A,0.05,4,6,-1.4049920095941397
10,A,0.05,4,7,-1.4697289581519632
10,A,0.05,4,8,-0.12005780213053883
10,A,0.05,4,9,-0.5955866115991174
10,A,0.05,5,0,1.0765931892601497
10,A,0.05,5,1,1.0642784662570077
10,A,0.05,5,2,1.650951987554604
10,A,0.05,5,3,0.5817196659263003
10,A,0.05,5,4,1.3444836505866238
10,A,0.05,5,5,1.2257236917617513
10,A,0.05,5,6,0.37314662882687843
10,A,0.05,5,7,0.22278342441547633
10,A,0.05,5,8,0.7506607690234872
10,A,0.05,5,9,0.9759001176239243
10,A,0.05,6,0,0.10031341702810431
10,A,0.05,6,1,-0.03244162351775175
10,A,0.05,6,2,-0.24271308188043683
10,A,0.05,6,3,-0.12916567796981193
10,A,0.05,6,4,0.004555962368446614
10,A,0.05,6,5,-0.2649124029532711
10,A,0.05,6,6,-0.10067482169026308
10,A,0.05,6,7,-0.14737809785114575
10,A,0.05,6,8,-0.06376989430214386
10,A,0.05,6,9,-0.25687466543028925
10,A,0.05,7,0,-0.7713030195000437
10,A,0.05,7,1,-1.043998215473626
10,A,0.05,7,2,-0.7398257679860509
10,A,0.05,7,3,-0.646322745741665
10,A,0.05,7,4,-0.7720741720310328
10,A,0.05,7,5,-0.6684277299581199
10,A,0.05,7,6,-0.5765884462270109
10,A,0.05,7,7,-0.7275473665161883
10,A,0.05,7,8,-0.6742874980320293
10,A,0.05,7,9,-1.0038447276685831
10,A,0.05,8,0,-1.400132183461333
10,A,0.05,8,1,-1.0233462005307077
10,A,0.05,8,2,-1.0829951452790811
10,A,0.05,8,3,-0.9246424468531251
10,A,0.05,8,4,-0.2545863044727126
10,A,0.05,8,5,-1.3094873812128087
10,A,0.05,8,6,-0.9838265744737993
10,A,0.05,8,7,-1.1868105272195215
10,A,0.05,8,8,-0.4609888819271786
10,A,0.05,8,9,-1.4570613016271332
10,A,0.05,9,0,-0.43144675350166195
10,A,0.05,9,1,-0.55075164242817
10,A,0.05,9,2,-0.365027229064431
10,A,0.05,9,3,-0.4260433590518849
10,A,0.05,9,4,-0.04107766264708369
10,A,0.05,9,5,-0.1483289235195191
10,A,0.05,9,6,-0.0470236128005503
10,A,0.05,9,7,-0.3181338682527257
10,A,0.05,9,8,-0.03518332784834333
10,A,0.05,9,9,-0.27115168167247333
10,B,100,0,0,-0.29127057431033954
10,B,100,0,1,-0.13737454585136294
10,B,100,0,2,0.05126575245958407
10,B,100,0,3,0.07115896105770331
10,B,100,0,4,-0.18329171194338936
10,B,100,0,5,-0.015216775028205782
10,B,100,0,6,-0.04571338222055172
10,B,100,0,7,-0.05124877847074636
10,B,100,0,8,-0.04009481071110293
10,B,100,0,9,-0.36383140405085845
10,B,100,1,0,-0.19130902856884427
10,B,100,1,1,0.45127550612299927
10,B,100,1,2,0.8720833020301827
10,B,100,1,3,0.3408601963547953
10,B,100,1,4,0.4554303028887246
10,B,100,1,5,0.7110171989477123
10,B,100,1,6,0.17577642890971557
10,B,100,1,7,0.24909237692347608
10,B,100,1,8,0.544202076758382
10,B,100,1,9,0.6143639346386911
10,B,100,2,0,-0.6616657492324624
10,B,100,2,1,-1.1950671802787074
10,B,100,2,2,-0.47172290832919495
10,B,100,2,3,-0.5434705768341077
10,B,100,2,4,-0.6618304879774556
10,B,100,2,5,-0.8862016312324856
10,B,100,2,6,-0.7947843892021202
10,B,100,2,7,-0.9227594790289251
10,B,100,2,8,-0.96709125616224
10,B,100,2,9,-0.9111940430881241
10,B,100,3,0,0.301659843267668
10,B,100,3,1,0.49979843296819165
10,B,100,3,2,0.6665426485272871
10,B,100,3,3,-0.009285296040545761
10,B,100,3,4,0.22023435572793992
10,B,100,3,5,0.705878683269246
10,B,100,3,6,0.18293285019846675
10,B,100,3,7,0.5171346207616764
10,B,100,3,8,0.6059923768502898
10,B,100,3,9,0.5145202051495967
10,B,100,4,0,1.0647684375915805
10,B,100,4,1,1.0088631314580028
10,B,100,4,2,0.4511038928486278
10,B,100,4,3,0.8941669684314005
10,B,100,4,4,1.0211971938773194
10,B,100,4,5,1.1208220492534375
10,B,100,4,6,1.2301844057460558
10,B,100,4,7,0.18497625751629543
10,B,100,4,8,1.0523766196192919
10,B,100,4,9,0.8997645743620617
10,B,100,5,0,-3.573540687604736
10,B,100,5,1,-1.0871670645581502
10,B,100,5,2,-0.7841009124399098
10,B,100,5,3,-0.980316543231914
10,B,100,5,4,-1.0746618663821033
10,B,100,5,5,-0.8665055068518773
10,B,100,5,6,-1.6288975645624508
10,B,100,5,7,-0.7824169045406407
10,B,100,5,8,-0.5476222689799009
10,B,100,5,9,-1.0149776570518525
10,B,100,6,0,0.37055457825708094
10,B,100,6,1,0.4483938563817573
10,B,100,6,2,0.48887223305945243
10,B,100,6,3,0.4954325421506953
10,B,100,6,4,0.45090166463106574
10,B,100,6,5,0.5960177376861523
10,B,100,6,6,0.49714180201883695
10,B,100,6,7,0.8885513026173198
10,B,100,6,8,0.22253582366896726
10,B,100,6,9,0.5199695117717296
10,B,100,7,0,-0.29904352540671764
10,B,100,7,1,0.11806457308555822
10,B,100,7,2,0.2428672196717189
10,B,100,7,3,-0.23944296005549695
10,B,100,7,4,-0.06481642205714101
10,B,100,7,5,0.1361928531746845
10,B,100,7,6,-0.022302779017359997
10,B,100,7,7,0.05297028072777953
10,B,100,7,8,0.04016574264424078
10,B,100,7,9,-0.17153504954718024
10,B,100,8,0,1.1520791638575292
10,B,100,8,1,1.9402012568167897
10,B,100,8,2,1.8228618875639964
10,B,100,8,3,1.6011334899416427
10,B,100,8,4,1.8283288041407633
10,B,100,8,5,2.5693492704345036
10,B,100,8,6,1.6588470730712124
10,B,100,8,7,1.6121397878347783
10,B,100,8,8,2.175786530913228
10,B,100,8,9,1.90108819439306
10,B,100,9,0,1.0917953396183016
10,B,100,9,1,1.4318577855970367
10,B,100,9,2,1.8205969134310949
10,B,100,9,3,1.8769145519894963
10,B,100,9,4,1.5149206285797558
10,B,100,9,5,1.531631016569217
10,B,100,9,6,1.927746315225654
10,B,100,9,7,1.3231576386668253
10,B,100,9,8,1.4863789054530232
10,B,100,9,9,1.909140267369682
11,A,0.05,0,0,0.07882324577385603
11,A,0.05,0,1,0.38085364341683253
11,A,0.05,0,2,0.22813139626432705
11,A,0.05,0,3,0.04656414594629865
11,A,0.05,0,4,0.09775830982767865
11,A,0.05,0,5,0.09501582841473155
11,A,0.05,0,6,0.13908854356508252
11,A,0.05,0,7,0.10176148451539473
11,A,0.05,0,8,0.10051437539249325
11,A,0.05,0,9,0.10004537776619038
11,A,0.05,1,0,0.9932268488929374
11,A,0.05,1,1,1.1546946191329364
11,A,0.05,1,2,1.3137036566900375
11,A,0.05,1,3,1.2815050537721164
11,A,0.05,1,4,1.264633456745344
11,A,0.05,1,5,1.4417787021482598
11,A,0.05,1,6,1.148813343051085
11,A,0.05,1,7,1.1634337701757578
11,A,0.05,1,8,1.2815499576862357
11,A,0.05,1,9,1.202842838716929
11,A,0.05,2,0,-0.569276737179894
11,A,0.05,2,1,-0.48239208783030124
11,A,0.05,2,2,-0.2980397526869827
11,A,0.05,2,3,-1.428166999289642
11,A,0.05,2,4,-0.48458103278479336
11,A,0.05,2,5,-0.09233740511846256
11,A,0.05,2,6,-0.14873621328303693
11,A,0.05,2,7,-0.39892645926230846
11,A,0.05,2,8,-0.23985739319582422
11,A,0.05,2,9,-0.19192070958696622
11,A,0.05,3,0,-0.7137607901415772
11,A,0.05,3,1,-0.8143898719839152
11,A,0.05,3,2,-0.926474293797317
11,A,0.05,3,3,-0.5834433135326033
11,A,0.05,3,4,-0.8348578741017485
11,A,0.05,3,5,-0.28500152072472823
11,A,0.05,3,6,-0.5010073090772013
11,A,0.05,3,7,-0.2937227356102363
11,A,0.05,3,8,-0.5343011189336189
11,A,0.05,3,9,-0.21274212652811259
11,A,0.05,4,0,0.7388746103030964
11,A,0.05,4,1,0.9082305968580052
11,A,0.05,4,2,0.7790929316905648
11,A,0.05,4,3,0.6676880981904353
11,A,0.05,4,4,0.26740112871255883
11,A,0.05,4,5,0.16874128305827865
11,A,0.05,4,6,1.207657596608242
11,A,0.05,4,7,0.615607332717848
11,A,0.05,4,8,0.6413391124517518
11,A,0.05,4,9,1.1096845692337902
11,A,0.05,5,0,0.06800838732439801
11,A,0.05,5,1,0.06819071902445298
11,A,0.05,5,2,-0.004232076631906423
11,A,0.05,5,3,0.006248929096284028
11,A,0.05,5,4,-0.00700240449243916
11,A,0.05,5,5,0.05535548469790717
11,A,0.05,5,6,0.13811442934506193
11,A,0.05,5,7,0.14853663179477364
11,A,0.05,5,8,0.020413054060754627
11,A,0.05,5,9,0.10272081998845045
11,A,0.05,6,0,0.08327917799886758
11,A,0.05,6,1,0.536099813051189
11,A,0.05,6,2,0.5052006603029179
11,A,0.05,6,3,0.12016890397615217
11,A,0.05,6,4,1.0958889531705711
11,A,0.05,6,5,0.5683948168730723
11,A,0.05,6,6,0.6933700733250102
11,A,0.05,6,7,0.5787888553058037
11,A,0.05,6,8,0.69698379010124
11,A,0.05,6,9,0.286137135511206
11,A,0.05,7,0,0.12345473782499279
11,A,0.05,7,1,0.5475808482087463
11,A,0.05,7,2,0.4870975581264264
11,A,0.05,7,3,0.42638555912007325
11,A,0.05,7,4,0.5307719690643794
11,A,0.05,7,5,0.5451379766292901
11,A,0.05,7,6,0.1231012536666075
11,A,0.05,7,7,0.06268000637251114
11,A,0.05,7,8,0.2982602055273597
11,A,0.05,7,9,0.22302734405277727
11,A,0.05,8,0,2.4273763037530633
11,A,0.05,8,1,3.232036255030912
11,A,0.05,8,2,3.205391882652699
11,A,0.05,8,3,3.0281926152613585
11,A,0.05,8,4,3.1314269922784277
11,A,0.05,8,5,2.6573195943851706
11,A,0.05,8,6,2.8568159086161162
11,A,0.05,8,7,2.7362054023346976
11,A,0.05,8,8,3.199620743292856
11,A,0.05,8,9,3.197826119041289
11,A,0.05,9,0,-0.8950864301188618
11,A,0.05,9,1,-0.7613807798120991
11,A,0.05,9,2,-0.8100560568970373
11,A,0.05,9,3,-0.8204011437353119
11,A,0.05,9,4,-0.38730250862469556
11,A,0.05,9,5,-0.8399590278911149
11,A,0.05,9,6,-0.31880212101268124
11,A,0.05,9,7,-0.4849533755992689
11,A,0.05,9,8,-0.526664723548634
11,A,0.05,9,9,-0.7009962743607082
11,B,100,0,0,0.1078167142301401
11,B,100,0,1,-0.39099917562924097
11,B,100,0,2,-0.20636013404043146
11,B,100,0,3,-0.4203053665714478
11,B,100,0,4,-0.1436937480339308
11,B,100,0,5,-0.6013665997863261
11,B,100,0,6,-0.08958203815419177
11,B,100,0,7,0.21485339567536577
11,B,100,0,8,-0.6402402708498779
11,B,100,0,9,0.19909007788337788
11,B,100,1,0,0.4646207683305547
11,B,100,1,1,0.806002876181058
11,B,100,1,2,0.7536791708185753
11,B,100,1,3,0.6630765105682638
11,B,100,1,4,0.6810918298808497
11,B,100,1,5,0.6193577068737239
11,B,100,1,6,0.7950338482796093
11,B,100,1,7,0.5784694685607693
11,B,100,1,8,0.5612811671614604
11,B,100,1,9,0.663374338822722
11,B,100,2,0,1.1694431793950584
11,B,100,2,1,0.8121896611457056
11,B,100,2,2,1.9093228185710522
11,B,100,2,3,0.6034118844560129
11,B,100,2,4,0.4022535587863394
11,B,100,2,5,0.07284305718364033
11,B,100,2,6,0.9121363974144474
11,B,100,2,7,0.3083261787749683
11,B,100,2,8,0.9814151488688986
11,B,100,2,9,1.3973040673808272
11,B,100,3,0,-1.3225137888632426
11,B,100,3,1,-0.29456648547493497
11,B,100,3,2,-0.39869186871963996
11,B,100,3,3,-0.5926209952706036
11,B,100,3,4,-0.2603451770106048
11,B,100,3,5,-0.09599381854598253
11,B,100,3,6,0.027715541719425838
11,B,100,3,7,-0.0832327763754269
11,B,100,3,8,-1.0258442162604227
11,B,100,3,9,-0.21940011054717007
11,B,100,4,0,0.5983709864788994
11,B,100,4,1,0.512398456256821
11,B,100,4,2,1.0746046509098344
11,B,100,4,3,1.2115655494348259
11,B,100,4,4,0.5009437049882349
11,B,100,4,5,0.9749352462307265
11,B,100,4,6,0.7041554014593029
11,B,100,4,7,1.008292819062984
11,B,100,4,8,0.6532699044794364
11,B,100,4,9,0.6407815880529579
11,B,100,5,0,-1.0477729608106157
11,B,100,5,1,-1.197329047941884
11,B,100,5,2,-1.555856374233396
11,B,100,5,3,-1.357863489392342
11,B,100,5,4,-0.9131491956865075
11,B,100,5,5,-1.4555617385392239
11,B,100,5,6,-1.4775279027474724
11,B,100,5,7,-1.2642105638622076
11,B,100,5,8,-1.0523814616896163
11,B,100,5,9,-1.3938516486126342
11,B,100,6,0,-2.5705413257547747
11,B,100,6,1,-2.688770660769142
11,B,100,6,2,-2.510466300981507
11,B,100,6,3,-2.2158146593524948
11,B,100,6,4,-2.2761396124060886
11,B,100,6,5,-2.7492259892346116
11,B,100,6,6,-2.416405885755242
11,B,100,6,7,-2.5183673679378504
11,B,100,6,8,-2.2519562902031085
11,B,100,6,9,-2.4853213220926054
11,B,100,7,0,1.2333507166955484
11,B,100,7,1,1.1629344215793376
11,B,100,7,2,0.43769574250163495
11,B,100,7,3,1.297920327423322
11,B,100,7,4,0.5262452567130567
11,B,100,7,5,1.4131763839739415
11,B,100,7,6,0.4208843148927964
11,B,100,7,7,1.3752901136477191
11,B,100,7,8,1.5168837840850018
11,B,100,7,9,1.1375844496137721
11,B,100,8,0,0.15686438574279854
11,B,100,8,1,0.836000817435183
11,B,100,8,2,0.6944570723338196
11,B,100,8,3,0.8891601236005751
11,B,100,8,4,0.3744448606000571
11,B,100,8,5,0.6530795354697977
11,B,100,8,6,0.29789368270284267
11,B,100,8,7,0.36247989496142635
11,B,100,8,8,0.41566761834679894
11,B,100,8,9,0.02936330632806587
11,B,100,9,0,-0.5642781158696825
11,B,100,9,1,0.10316467071137292
11,B,100,9,2,0.3902560903223383
11,B,100,9,3,0.1409295213249283
11,B,100,9,4,0.11506186536411403
11,B,100,9,5,0.20120792931465817
11,B,100,9,6,-0.028019939949288503
11,B,100,9,7,0.3738605837166445
11,B,100,9,8,0.5719008858747573
11,B,100,9,9,0.05804431778921678
12,A,0.05,0,0,1.0988368655955465
12,A,0.05,0,1,1.3200010064121694
12,A,0.05,0,2,1.1537136080752088
12,A,0.05,0,3,1.3805520830431413
12,A,0.05,0,4,1.4369080201219302
12,A,0.05,0,5,1.3927206373204113
12,A,0.05,0,6,1.2572832324605903
12,A,0.05,0,7,1.4510871951770348
12,A,0.05,0,8,1.3370713330590442
12,A,0.05,0,9,1.5240431830631833
12,A,0.05,1,0,1.9574887568341988
12,A,0.05,1,1,0.489102810728171
12,A,0.05,1,2,1.5398773763031153
12,A,0.05,1,3,1.1327163669867153
12,A,0.05,1,4,1.9997671085244122
12,A,0.05,1,5,1.3094036156347397
12,A,0.05,1,6,1.312332386753835
12,A,0.05,1,7,1.3980940533741117
12,A,0.05,1,8,1.2057900827844708
12,A,0.05,1,9,1.3478087236829905
12,A,0.05,2,0,-0.9298574588379683
12,A,0.05,2,1,-0.11970902890231719
12,A,0.05,2,2,-0.6108144070209407
12,A,0.05,2,3,-0.8166573862800045
12,A,0.05,2,4,-0.7870579865518995
12,A,0.05,2,5,-0.24383264789406253
12,A,0.05,2,6,-0.05096555364117131
12,A,0.05,2,7,-0.40316724875782695
12,A,0.05,2,8,-0.3705590824140077
12,A,0.05,2,9,-0.4784685654456947
12,A,0.05,3,0,-1.2405188090908275
12,A,0.05,3,1,-1.045690169717995
12,A,0.05,3,2,-1.13881105577502
12,A,0.05,3,3,-1.2385155812538857
12,A,0.05,3,4,-0.7823657006545405
12,A,0.05,3,5,-1.2717142227072633
12,A,0.05,3,6,-1.0514525393575278
12,A,0.05,3,7,-1.1145919450071167
12,A,0.05,3,8,-1.2393803295866808
12,A,0.05,3,9,-0.9668154725706739
12,A,0.05,4,0,3.0148002595077
12,A,0.05,4,1,2.2108101144168986
12,A,0.05,4,2,2.5079043262268814
12,A,0.05,4,3,3.2846961450526915
12,A,0.05,4,4,2.929256661085096
12,A,0.05,4,5,1.6230082120250953
12,A,0.05,4,6,2.0499485223797613
12,A,0.05,4,7,2.9710431120720466
12,A,0.05,4,8,1.8785716950317861
12,A,0.05,4,9,2.7714794182408817
12,A,0.05,5,0,-2.235492128115778
12,A,0.05,5,1,-2.144499320732015
12,A,0.05,5,2,-2.3969568497437486
12,A,0.05,5,3,-2.4003478695218163
12,A,0.05,5,4,-1.792977839042345
12,A,0.05,5,5,-2.2008834669085835
12,A,0.05,5,6,-2.4192291361030924
12,A,0.05,5,7,-2.3698555906128633
12,A,0.05,5,8,-1.9845038652261846
12,A,0.05,5,9,-2.488414903149555
12,A,0.05,6,0,-0.36218024868649284
12,A,0.05,6,1,0.5503295435233102
12,A,0.05,6,2,0.2990417130201812
12,A,0.05,6,3,0.35301246055914404
12,A,0.05,6,4,0.9223386329742029
12,A,0.05,6,5,0.41704570503924815
12,A,0.05,6,6,1.0790758725331664
12,A,0.05,6,7,0.4989282460293723
12,A,0.05,6,8,1.0902852818120936
12,A,0.05,6,9,0.25083991073735445
12,A,0.05,7,0,1.118883284185937
12,A,0.05,7,1,1.1919937900514603
12,A,0.05,7,2,1.2086760727622532
12,A,0.05,7,3,0.6988330805645002
12,A,0.05,7,4,0.8742020051277911
12,A,0.05,7,5,1.4043602913582531
12,A,0.05,7,6,0.9695178517514805
12,A,0.05,7,7,1.456627048018085
12,A,0.05,7,8,1.287295601714577
12,A,0.05,7,9,1.3016713172069947
12,A,0.05,8,0,0.028323362410565173
12,A,0.05,8,1,0.1390203277471811
12,A,0.05,8,2,-0.1544192166101698
12,A,0.05,8,3,0.5698062846777202
12,A,0.05,8,4,-0.18622066416907496
12,A,0.05,8,5,0.9605989872547529
12,A,0.05,8,6,0.44547612938014797
12,A,0.05,8,7,-0.2755914358566532
12,A,0.05,8,8,0.39143665992585625
12,A,0.05,8,9,-0.2754326744684662
12,A,0.05,9,0,-1.391652997882618
12,A,0.05,9,1,-1.2888349092043496
12,A,0.05,9,2,-1.0842107029008055
12,A,0.05,9,3,0.03704392527570256
12,A,0.05,9,4,0.07522187278501959
12,A,0.05,9,5,-0.16461384264927623
12,A,0.05,9,6,0.3860602825955452
12,A,0.05,9,7,-0.19122219376891092
12,A,0.05,9,8,0.2673949537019915
12,A,0.05,9,9,0.22240489234221447
12,B,100,0,0,0.04451903369871474
12,B,100,0,1,0.0791630849757285
12,B,100,0,2,-0.034199672078330585
12,B,100,0,3,-0.13539194610196667
12,B,100,0,4,-0.09389016211286824
12,B,100,0,5,-0.24102554291512007
12,B,100,0,6,0.24323534112112588
12,B,100,0,7,0.05433658351269585
12,B,100,0,8,0.15316834549670383
12,B,100,0,9,0.30526825968490273
12,B,100,1,0,-0.0728425516788033
12,B,100,1,1,-0.02353120126703761
12,B,100,1,2,-0.18260395663732934
12,B,100,1,3,-0.041413192443714386
12,B,100,1,4,-0.09563667808109823
12,B,100,1,5,0.4112504181501685
12,B,100,1,6,0.39379918017192406
12,B,100,1,7,-0.00682495000200108
12,B,100,1,8,0.004559431446569166
12,B,100,1,9,0.018615440140674434
12,B,100,2,0,-1.156353721697105
12,B,100,2,1,-0.7182724085943631
12,B,100,2,2,-1.0491764937949213
12,B,100,2,3,-1.1069154137167894
12,B,100,2,4,-0.7197731272095564
12,B,100,2,5,-1.2530410129320564
12,B,100,2,6,-1.0107972493753408
12,B,100,2,7,-0.5033294895064164
12,B,100,2,8,-1.0811011022669952
12,B,100,2,9,-0.8057144211511214
12,B,100,3,0,-0.14472896553157338
12,B,100,3,1,-0.30199213269193864
12,B,100,3,2,-0.5189229576163361
12,B,100,3,3,0.7055532141485596
12,B,100,3,4,-0.014197079302634596
12,B,100,3,5,0.4953518664752113
12,B,100,3,6,-0.3171093098350543
12,B,100,3,7,0.02592509003506573
12,B,100,3,8,0.4521178555304449
12,B,100,3,9,-0.10408224411857656
12,B,100,4,0,-0.08751201229748833
12,B,100,4,1,-0.44851963977888626
12,B,100,4,2,-0.26945034942847446
12,B,100,4,3,-0.16673788343658477
12,B,100,4,4,-0.06730363843503982
12,B,100,4,5,0.01205534343407659
12,B,100,4,6,-0.20291810269654487
12,B,100,4,7,-0.18194613393123543
12,B,100,4,8,0.018149913961290124
12,B,100,4,9,0.14440664447276585
12,B,100,5,0,0.8507394087808569
12,B,100,5,1,1.3589342843929793
12,B,100,5,2,1.1497093468816049
12,B,100,5,3,0.7571824359748411
12,B,100,5,4,0.9752363437096524
12,B,100,5,5,1.9303613732355023
12,B,100,5,6,1.581171276108455
12,B,100,5,7,1.600423981669703
12,B,100,5,8,0.9899478520741344
12,B,100,5,9,0.6843166693791198
12,B,100,6,0,-0.8785967173220046
12,B,100,6,1,-0.8482490279117647
12,B,100,6,2,-0.5227601789901896
12,B,100,6,3,-0.2869981809573996
12,B,100,6,4,-0.9709675610126602
12,B,100,6,5,0.4447677384502604
12,B,100,6,6,-0.8035865318531155
12,B,100,6,7,-1.029372691280152
12,B,100,6,8,-1.0868278866872436
12,B,100,6,9,-0.2993166869346331
12,B,100,7,0,0.5425147316285157
12,B,100,7,1,0.6650235567662073
12,B,100,7,2,0.867083797682092
12,B,100,7,3,1.1146209195598573
12,B,100,7,4,0.8479790830443514
12,B,100,7,5,0.9097715823043704
12,B,100,7,6,0.7321110172163284
12,B,100,7,7,0.9314757352035924
12,B,100,7,8,0.9478677716915869
12,B,100,7,9,1.1745215973432745
12,B,100,8,0,-0.6059126395216472
12,B,100,8,1,0.22807877695858667
12,B,100,8,2,0.6731482518367387
12,B,100,8,3,0.23799372337507085
12,B,100,8,4,0.06373590600661017
12,B,100,8,5,-0.2922573796411647
12,B,100,8,6,-0.6152531056202742
12,B,100,8,7,1.1242641912143134
12,B,100,8,8,0.5744967182798081
12,B,100,8,9,1.3024776126439226
12,B,100,9,0,-0.24667033020971887
12,B,100,9,1,0.32235928706252587
12,B,100,9,2,0.166949085694473
12,B,100,9,3,0.3802126811847506
12,B,100,9,4,0.31947031586883456
12,B,100,9,5,-0.09807019520520809
12,B,100,9,6,0.04922027844097258
12,B,100,9,7,0.6935259436707872
12,B,100,9,8,-0.17461331886111078
12,B,100,9,9,-0.08449776973499896
13,A,0.05,0,0,-2.0341402004489826
13,A,0.05,0,1,-1.5413584456490217
13,A,0.05,0,2,-1.2721461340349431
13,A,0.05,0,3,-0.48092585873888816
13,A,0.05,0,4,-1.4162446420374555
13,A,0.05,0,5,-1.427961473397194
13,A,0.05,0,6,-0.5813581264404969
13,A,0.05,0,7,-1.7153019637299292
13,A,0.05,0,8,-0.4349767303251871
13,A,0.05,0,9,-0.9397867122649726
13,A,0.05,1,0,0.2628749938668334
13,A,0.05,1,1,0.7975899384484506
13,A,0.05,1,2,0.4983613156584581
13,A,0.05,1,3,0.3306887279410266
13,A,0.05,1,4,0.23167957673265652
13,A,0.05,1,5,1.1737406344169614
13,A,0.05,1,6,1.0557630126091777
13,A,0.05,1,7,0.9578086742941525
13,A,0.05,1,8,1.1408498888501646
13,A,0.05,1,9,0.6922612296775041
13,A,0.05,2,0,-1.024561535271918
13,A,0.05,2,1,-1.4207425026169826
13,A,0.05,2,2,-1.103489568136791
13,A,0.05,2,3,-0.9034881001210842
13,A,0.05,2,4,-1.8564173322727915
13,A,0.05,2,5,-1.6307426175541235
13,A,0.05,2,6,-1.5116859737257633
13,A,0.05,2,7,-1.3045678074756468
13,A,0.05,2,8,-1.3990014330020322
13,A,0.05,2,9,-1.235189502007211
13,A,0.05,3,0,0.6024404822819498
13,A,0.05,3,1,0.19684948117177353
13,A,0.05,3,2,0.34736610064502627
13,A,0.05,3,3,0.1919723484627549
13,A,0.05,3,4,0.2793680699445656
13,A,0.05,3,5,0.16440367914293633
13,A,0.05,3,6,0.36218910248182457
13,A,0.05,3,7,0.3495184132932935
13,A,0.05,3,8,0.3058611497395722
13,A,0.05,3,9,0.5456256729965151
13,A,0.05,4,0,-0.9407017466180688
13,A,0.05,4,1,-0.8797723842919939
13,A,0.05,4,2,-0.6846343486031573
13,A,0.05,4,3,-0.6218825408780284
13,A,0.05,4,4,-0.9016171465389545
13,A,0.05,4,5,-0.590622018725787
13,A,0.05,4,6,-0.48738883347392775
13,A,0.05,4,7,-0.6723918283317483
13,A,0.05,4,8,-0.47274250996980527
13,A,0.05,4,9,-0.7793121481406492
13,A,0.05,5,0,0.3219008411235178
13,A,0.05,5,1,0.3308034866551064
13,A,0.05,5,2,0.6736775214167581
13,A,0.05,5,3,0.4591525535661462
13,A,0.05,5,4,0.5428156071699753
13,A,0.05,5,5,0.8556606770476585
13,A,0.05,5,6,0.710250865032061
13,A,0.05,5,7,1.0834699014861935
13,A,0.05,5,8,0.30723051118728445
13,A,0.05,5,9,0.5489083856899355
13,A,0.05,6,0,-0.31889737386085437
13,A,0.05,6,1,-0.3149710455415148
13,A,0.05,6,2,-0.2979026074822156
13,A,0.05,6,3,-0.22680305315631333
13,A,0.05,6,4,0.012147548786464199
13,A,0.05,6,5,-0.011238636167861624
13,A,0.05,6,6,0.033928521721433375
13,A,0.05,6,7,-0.33567624957083264
13,A,0.05,6,8,0.06315325811186427
13,A,0.05,6,9,-0.04870841055486186
13,A,0.05,7,0,-0.577528537596763
13,A,0.05,7,1,-0.8286458242207368
13,A,0.05,7,2,-0.9345625317012207
13,A,0.05,7,3,-0.7390422012146349
13,A,0.05,7,4,-0.7453352188936665
13,A,0.05,7,5,-0.7013353202632492
13,A,0.05,7,6,-0.6378826102700104
13,A,0.05,7,7,-0.6545268990200802
13,A,0.05,7,8,-0.6766067722402859
13,A,0.05,7,9,-0.7320624032794136
13,A,0.05,8,0,0.6677182061117314
13,A,0.05,8,1,0.5995422096939816
13,A,0.05,8,2,0.5523408554819299
13,A,0.05,8,3,0.5690674184571602
13,A,0.05,8,4,0.47237512641784474
13,A,0.05,8,5,0.878449735136616
13,A,0.05,8,6,1.135800118862132
13,A,0.05,8,7,0.8257290230097721
13,A,0.05,8,8,1.1003291543436249
13,A,0.05,8,9,1.3650959660042243
13,A,0.05,9,0,0.14346823832244962
13,A,0.05,9,1,0.00012962863791797537
13,A,0.05,9,2,0.1659747768176982
13,A,0.05,9,3,0.3603193974868279
13,A,0.05,9,4,0.03357325495692699
13,A,0.05,9,5,-0.22295193728160337
13,A,0.05,9,6,0.08021847446708762
13,A,0.05,9,7,0.005360963586009958
13,A,0.05,9,8,-0.1507163870848013
13,A,0.05,9,9,-0.019607811083577415
13,B,100,0,0,0.15978148325512098
13,B,100,0,1,0.0013035921876210401
13,B,100,0,2,0.1696836995022523
13,B,100,0,3,0.2031268287147972
13,B,100,0,4,0.050019183358942926
13,B,100,0,5,0.02282148766277359
13,B,100,0,6,0.05898733425667216
13,B,100,0,7,0.28075266525611847
13,B,100,0,8,0.27124717087927475
13,B,100,0,9,0.21925317718478876
13,B,100,1,0,2.454365231763934
13,B,100,1,1,2.517357864459004
13,B,100,1,2,2.7747978207883404
13,B,100,1,3,1.8843963010335947
13,B,100,1,4,2.768916362662634
13,B,100,1,5,3.350216265784947
13,B,100,1,6,3.54038605428574
13,B,100,1,7,2.877546198203872
13,B,100,1,8,3.285823097494681
13,B,100,1,9,3.1560624370976718
13,B,100,2,0,0.4101924024633759
13,B,100,2,1,-0.05851989227875214
13,B,100,2,2,0.4543614682018696
13,B,100,2,3,0.17815799919128755
13,B,100,2,4,-0.35058367556365216
13,B,100,2,5,0.12177400034458045
13,B,100,2,6,0.2339601591239272
13,B,100,2,7,0.2257766078388109
13,B,100,2,8,-0.159740927780287
13,B,100,2,9,-0.19957889798427225
13,B,100,3,0,0.20488542350999203
13,B,100,3,1,0.09170097213698845
13,B,100,3,2,0.000759688742011525
13,B,100,3,3,0.1013150233443606
13,B,100,3,4,-0.08943661068864311
13,B,100,3,5,0.06473493552494786
13,B,100,3,6,0.12119822115179722
13,B,100,3,7,0.040368700309757366
13,B,100,3,8,0.1777548793393493
13,B,100,3,9,-0.06557935244678179
13,B,100,4,0,-0.8955226286660076
13,B,100,4,1,-0.5914003395866464
13,B,100,4,2,-0.643899456200129
13,B,100,4,3,-0.5114913468543697
13,B,100,4,4,-1.025095229849069
13,B,100,4,5,-0.37763257430772373
13,B,100,4,6,-0.21631042957848484
13,B,100,4,7,-0.34214468880766213
13,B,100,4,8,-0.5648245224527314
13,B,100,4,9,-0.20649207421226035
13,B,100,5,0,-0.24554817030135823
13,B,100,5,1,-0.3716999559260742
13,B,100,5,2,0.030929230755856768
13,B,100,5,3,-0.2102250384347424
13,B,100,5,4,-0.1062334826532381
13,B,100,5,5,-0.07559451776117765
13,B,100,5,6,-0.4025763941268744
13,B,100,5,7,-0.11206254500707279
13,B,100,5,8,-0.38142261639126057
13,B,100,5,9,-0.229395205011318
13,B,100,6,0,0.02801945797284982
13,B,100,6,1,-0.21346339800699363
13,B,100,6,2,-0.02714765214319885
13,B,100,6,3,0.07496051253075374
13,B,100,6,4,-0.08228594248024666
13,B,100,6,5,0.1877807561499993
13,B,100,6,6,0.14615380525824145
13,B,100,6,7,-0.12759800763265927
13,B,100,6,8,0.05941909384234862
13,B,100,6,9,0.13828235449181073
13,B,100,7,0,-0.9627745226603243
13,B,100,7,1,-1.759010070383144
13,B,100,7,2,-1.4576747452636643
13,B,100,7,3,-0.6159322286780315
13,B,100,7,4,-0.9332889012866421
13,B,100,7,5,-0.5048267154670696
13,B,100,7,6,-1.2879834963733967
13,B,100,7,7,-0.7033854397595569
13,B,100,7,8,-1.195709019330672
13,B,100,7,9,-0.7056794185902029
13,B,100,8,0,-0.3788255331238803
13,B,100,8,1,-0.2994406932872226
13,B,100,8,2,-0.3191448773945734
13,B,100,8,3,-0.35994815469672414
13,B,100,8,4,-0.022661654908028277
13,B,100,8,5,-0.3086706957193699
13,B,100,8,6,-0.249776386046387
13,B,100,8,7,-0.25172648084038735
13,B,100,8,8,-0.07999461127791958
13,B,100,8,9,-0.30167857415496474
13,B,100,9,0,-0.6776133449242768
13,B,100,9,1,-0.4966799681120838
13,B,100,9,2,-0.7159901897528347
13,B,100,9,3,-0.4074585733680453
13,B,100,9,4,-0.36916301508453886
13,B,100,9,5,-0.11003894634815095
13,B,100,9,6,-0.5655164578527251
13,B,100,9,7,-0.1975212476372249
13,B,100,9,8,-0.3508460392105556
13,B,100,9,9,-0.3486572184712521
14,A,0.05,0,0,2.194470211536069
14,A,0.05,0,1,2.2026697404435125
14,A,0.05,0,2,2.4149394323707156
14,A,0.05,0,3,2.079585368140568
14,A,0.05,0,4,2.0805864653419315
14,A,0.05,0,5,2.372284388371536
14,A,0.05,0,6,1.8539360574890893
14,A,0.05,0,7,2.1361748750797718
14,A,0.05,0,8,2.0017215835186124
14,A,0.05,0,9,2.343629966321767
14,A,0.05,1,0,3.236278662251405
14,A,0.05,1,1,2.8576219941186043
14,A,0.05,1,2,3.243493654971285
14,A,0.05,1,3,3.167726181542919
14,A,0.05,1,4,2.8772361799055326
14,A,0.05,1,5,3.1276819098556787
14,A,0.05,1,6,2.598620163676215
14,A,0.05,1,7,2.861794160745456
14,A,0.05,1,8,3.0143480373598184
14,A,0.05,1,9,3.1088719747858744
14,A,0.05,2,0,1.377109630314595
14,A,0.05,2,1,2.107370281442086
14,A,0.05,2,2,1.6889563009802477
14,A,0.05,2,3,1.4362109038634145
14,A,0.05,2,4,1.8732018544357394
14,A,0.05,2,5,1.4209875119698947
14,A,0.05,2,6,1.7190894628724123
14,A,0.05,2,7,2.0265627879970505
14,A,0.05,2,8,1.3779720463984533
14,A,0.05,2,9,1.8355265090120383
14,A,0.05,3,0,0.8715541153309128
14,A,0.05,3,1,0.7558240753460174
14,A,0.05,3,2,0.7417567895681763
14,A,0.05,3,3,0.7192229038617823
14,A,0.05,3,4,1.1154233347179494
14,A,0.05,3,5,0.9410059488392174
14,A,0.05,3,6,0.4953568585341208
14,A,0.05,3,7,1.0613787820198486
14,A,0.05,3,8,0.5608391008495945
14,A,0.05,3,9,0.880171448311065
14,A,0.05,4,0,0.7920301430595126
14,A,0.05,4,1,1.348230057746546
14,A,0.05,4,2,1.6887690944289941
14,A,0.05,4,3,1.466426222921501
14,A,0.05,4,4,1.2225017883195513
14,A,0.05,4,5,0.019493422663324104
14,A,0.05,4,6,1.4511981565415686
14,A,0.05,4,7,1.497070724186197
14,A,0.05,4,8,0.05602271798834639
14,A,0.05,4,9,0.6673530269070713
14,A,0.05,5,0,0.774383437707331
14,A,0.05,5,1,0.4290909006064376
14,A,0.05,5,2,1.4620189507008332
14,A,0.05,5,3,0.989489225724111
14,A,0.05,5,4,1.3921136873831859
14,A,0.05,5,5,1.0212270819991545
14,A,0.05,5,6,1.2804545135925085
14,A,0.05,5,7,1.8480549360125513
14,A,0.05,5,8,1.8881186830808325
14,A,0.05,5,9,1.3979007130364556
14,A,0.05,6,0,0.19487259123293363
14,A,0.05,6,1,0.06387325010330043
14,A,0.05,6,2,-0.01313722116447178
14,A,0.05,6,3,-0.042286833119118336
14,A,0.05,6,4,0.22796136267654213
14,A,0.05,6,5,0.1375151291324747
14,A,0.05,6,6,0.03637895474465848
14,A,0.05,6,7,0.19100884004552499
14,A,0.05,6,8,0.20557640824738335
14,A,0.05,6,9,0.16009450363349026
14,A,0.05,7,0,-3.846398528470916
14,A,0.05,7,1,-3.646185913323418
14,A,0.05,7,2,-4.157507954179192
14,A,0.05,7,3,-3.7226169956167707
14,A,0.05,7,4,-4.340562081006197
14,A,0.05,7,5,-4.11260597798666
14,A,0.05,7,6,-3.777043611404667
14,A,0.05,7,7,-4.185692584664178
14,A,0.05,7,8,-3.612374402154212
14,A,0.05,7,9,-4.086214008642395
14,A,0.05,8,0,-0.40880732210895987
14,A,0.05,8,1,-0.24524488332455377
14,A,0.05,8,2,-0.6160762679543337
14,A,0.05,8,3,-0.15313540809037002
14,A,0.05,8,4,-0.3933825286169993
14,A,0.05,8,5,-0.5159394371299131
14,A,0.05,8,6,-0.7153485150780886
14,A,0.05,8,7,-0.2808105531087874
14,A,0.05,8,8,-0.07768525895133875
14,A,0.05,8,9,-0.15621427490372441
14,A,0.05,9,0,0.7487701576343789
14,A,0.05,9,1,0.4446442856879295
14,A,0.05,9,2,1.1308592521973118
14,A,0.05,9,3,0.8744156223690742
14,A,0.05,9,4,1.322881470943175
14,A,0.05,9,5,0.2798340839197686
14,A,0.05,9,6,0.7138600645408807
14,A,0.05,9,7,0.5804765977735553
14,A,0.05,9,8,0.7523126682790992
14,A,0.05,9,9,0.07559204215287797
14,B,100,0,0,-0.5952658470714958
14,B,100,0,1,-1.172661260846241
14,B,100,0,2,-0.4701405025373153
14,B,100,0,3,-0.378262216430854
14,B,100,0,4,-0.8975884588914906
14,B,100,0,5,-0.8767610075591884
14,B,100,0,6,-0.7149267633152739
14,B,100,0,7,-1.1388292103358155
14,B,100,0,8,-0.9515768778814421
14,B,100,0,9,-0.6014165000755608
14,B,100,1,0,1.784619751287345
14,B,100,1,1,1.5657449017932514
14,B,100,1,2,1.7145660586026448
14,B,100,1,3,1.4840542267362324
14,B,100,1,4,0.5217227855595451
14,B,100,1,5,2.0668924548620566
14,B,100,1,6,1.4311323488590257
14,B,100,1,7,0.7924984492359001
14,B,100,1,8,1.9712330141592327
14,B,100,1,9,1.4538985145629648
14,B,100,2,0,-1.7387563302871476
14,B,100,2,1,-1.2643536998251816
14,B,100,2,2,-1.4377102867278546
14,B,100,2,3,-1.4627306020734492
14,B,100,2,4,-2.0512798144083946
14,B,100,2,5,-1.7910613772336783
14,B,100,2,6,-0.857234735739259
14,B,100,2,7,-1.4159452631218192
14,B,100,2,8,-1.8100072379310963
14,B,100,2,9,-1.874012823041306
14,B,100,3,0,-0.7326881457710717
14,B,100,3,1,-2.189726462863459
14,B,100,3,2,-2.041599133690685
14,B,100,3,3,-1.7626928429632103
14,B,100,3,4,-2.7673327875647953
14,B,100,3,5,-1.8673966093202288
14,B,100,3,6,-1.9946042353172377
14,B,100,3,7,-1.8273097821183317
14,B,100,3,8,-1.8761287343908117
14,B,100,3,9,-2.455122106901968
14,B,100,4,0,-0.08822369296303631
14,B,100,4,1,0.0029531104451132315
14,B,100,4,2,0.19007313029267509
14,B,100,4,3,0.25515570455358344
14,B,100,4,4,-0.3550105980943609
14,B,100,4,5,-0.28700887208021714
14,B,100,4,6,0.10244921086829575
14,B,100,4,7,0.05067811373564868
14,B,100,4,8,0.09998319438748231
14,B,100,4,9,0.30197733550451344
14,B,100,5,0,-0.3941261990469638
14,B,100,5,1,-0.10089179351485365
14,B,100,5,2,-0.09600789159984846
14,B,100,5,3,-0.19926797578690936
14,B,100,5,4,-0.08437264895105025
14,B,100,5,5,0.1725519897964397
14,B,100,5,6,0.1933617691910011
14,B,100,5,7,0.06493854589149947
14,B,100,5,8,-0.10289944680595907
14,B,100,5,9,-0.00783322503987569
14,B,100,6,0,-0.011818134870123568
14,B,100,6,1,-0.08251576453822121
14,B,100,6,2,0.03348987249449033
14,B,100,6,3,0.1270548642422543
14,B,100,6,4,0.03365785392637659
14,B,100,6,5,0.06177555122161585
14,B,100,6,6,-0.07226409815187182
14,B,100,6,7,-0.2272068212907861
14,B,100,6,8,0.2142580646266024
14,B,100,6,9,-0.0374130072087518
14,B,100,7,0,-0.4279495875633081
14,B,100,7,1,-0.3911651194559882
14,B,100,7,2,-0.3281068182521681
14,B,100,7,3,-0.4119270938675532
14,B,100,7,4,-0.32816474629243686
14,B,100,7,5,-0.6722188097219555
14,B,100,7,6,0.01178780118494431
14,B,100,7,7,-0.23641113385700138
14,B,100,7,8,-0.6641190140711697
14,B,100,7,9,-0.21974795159988678
14,B,100,8,0,-2.299472503556938
14,B,100,8,1,-1.3994594240091844
14,B,100,8,2,-1.8844438459692794
14,B,100,8,3,-2.056893532656999
14,B,100,8,4,-1.3548333529832886
14,B,100,8,5,-1.21431927888333
14,B,100,8,6,-1.1929936412842195
14,B,100,8,7,-1.0269354111950653
14,B,100,8,8,-0.6998045572487189
14,B,100,8,9,-1.4774103058585288
14,B,100,9,0,1.3830803435913779
14,B,100,9,1,1.5103543935112043
14,B,100,9,2,0.4205944881439883
14,B,100,9,3,1.842737982525449
14,B,100,9,4,1.5535688585424174
14,B,100,9,5,1.8083361234900648
14,B,100,9,6,1.6884175241816013
14,B,100,9,7,1.4634533782567654
14,B,100,9,8,1.8305437576411732
14,B,100,9,9,1.1441954078753191
15,A,0.05,0,0,-0.00917253186052875
15,A,0.05,0,1,-0.0401807758554717
15,A,0.05,0,2,-0.17388245616875514
15,A,0.05,0,3,-0.6698690418498763
15,A,0.05,0,4,-0.197062814198397
15,A,0.05,0,5,-0.10760094004860718
15,A,0.05,0,6,-0.1021430903364452
15,A,0.05,0,7,-0.3640211195347016
15,A,0.05,0,8,-0.15902561588854036
15,A,0.05,0,9,-0.059696405607421205
15,A,0.05,1,0,0.8594803285614602
15,A,0.05,1,1,0.6735719593864073
15,A,0.05,1,2,0.7555456629450072
15,A,0.05,1,3,0.327555482158042
15,A,0.05,1,4,0.3884006716528379
15,A,0.05,1,5,0.9000587653516608
15,A,0.05,1,6,0.6998586747675076
15,A,0.05,1,7,1.0112960699494369
15,A,0.05,1,8,0.3918145011837055
15,A,0.05,1,9,0.5446325999530358
15,A,0.05,2,0,-0.669109672838495
15,A,0.05,2,1,-0.13735931748013458
15,A,0.05,2,2,-0.7696479191406304
15,A,0.05,2,3,-0.33447155059117073
15,A,0.05,2,4,-0.36205637379686173
15,A,0.05,2,5,-0.8099997845713243
15,A,0.05,2,6,-0.3467460361900916
15,A,0.05,2,7,-0.08594639847832167
15,A,0.05,2,8,0.029604413207082275
15,A,0.05,2,9,-0.6076594680271589
15,A,0.05,3,0,-0.13358362546589467
15,A,0.05,3,1,-0.1660520708111215
15,A,0.05,3,2,0.10394554732329297
15,A,0.05,3,3,-0.12464640235444793
15,A,0.05,3,4,-0.20416682341780057
15,A,0.05,3,5,-0.13979191287226872
15,A,0.05,3,6,-0.14480744085796207
15,A,0.05,3,7,-0.2200088993608505
15,A,0.05,3,8,-0.12516359035011446
15,A,0.05,3,9,-0.4077151104058061
15,A,0.05,4,0,-0.2935080375258995
15,A,0.05,4,1,-0.18046124804758035
15,A,0.05,4,2,0.27429621213415323
15,A,0.05,4,3,0.05835658512916198
15,A,0.05,4,4,-0.32841059707136316
15,A,0.05,4,5,-0.10532594675122266
15,A,0.05,4,6,0.0006020330923301497
15,A,0.05,4,7,-0.13162739727823886
15,A,0.05,4,8,-0.10877058784398455
15,A,0.05,4,9,-0.3485818285699058
15,A,0.05,5,0,0.9782469561551719
15,A,0.05,5,1,1.1730963720463328
15,A,0.05,5,2,1.0126364989781633
15,A,0.05,5,3,0.9535351756735314
15,A,0.05,5,4,0.9275018709811252
15,A,0.05,5,5,1.5972299728544836
15,A,0.05,5,6,1.1247253407644386
15,A,0.05,5,7,1.1109274400533153
15,A,0.05,5,8,1.2137150131028434
15,A,0.05,5,9,1.4381836645857657
15,A,0.05,6,0,-0.2596755107559085
15,A,0.05,6,1,-0.37507877714419924
15,A,0.05,6,2,-0.45378097883424384
15,A,0.05,6,3,-0.147873457161334
15,A,0.05,6,4,-0.05826739497288689
15,A,0.05,6,5,0.1823728857910255
15,A,0.05,6,6,-0.3038680906164924
15,A,0.05,6,7,-0.3066943310461616
15,A,0.05,6,8,-0.21306985734867617
15,A,0.05,6,9,-0.3596924999582411
15,A,0.05,7,0,0.27959597582606266
15,A,0.05,7,1,0.08018331688654062
15,A,0.05,7,2,-0.042028918928771024
15,A,0.05,7,3,0.417257809749754
15,A,0.05,7,4,0.21187851268427363
15,A,0.05,7,5,0.36952515838822236
15,A,0.05,7,6,-0.06615500092748965
15,A,0.05,7,7,0.6455063540545098
15,A,0.05,7,8,0.9261738892187827
15,A,0.05,7,9,0.6600301971820361
15,A,0.05,8,0,-0.40274757087555224
15,A,0.05,8,1,-0.43143826676930186
15,A,0.05,8,2,0.6429735243572777
15,A,0.05,8,3,0.6714407035645936
15,A,0.05,8,4,0.6648939499125263
15,A,0.05,8,5,0.633084586644651
15,A,0.05,8,6,0.7930276697921866
15,A,0.05,8,7,0.6816193233268284
15,A,0.05,8,8,0.6846240384562424
15,A,0.05,8,9,0.15783365392826468
15,A,0.05,9,0,0.07202245754848349
15,A,0.05,9,1,0.31137559963217265
15,A,0.05,9,2,0.32455538292723857
15,A,0.05,9,3,0.46749725947385434
15,A,0.05,9,4,0.026535441409196486
15,A,0.05,9,5,0.26792118013133576
15,A,0.05,9,6,0.1235919053743164
15,A,0.05,9,7,0.2700755057294771
15,A,0.05,9,8,0.4568490609250871
15,A,0.05,9,9,0.14511815803611008
15,B,100,0,0,-0.030432468885736145
15,B,100,0,1,0.0834680993300613
15,B,100,0,2,-0.016671893905751776
15,B,100,0,3,-0.19240856187848693
15,B,100,0,4,0.21419231313031395
15,B,100,0,5,-0.5041996500963148
15,B,100,0,6,-0.2940703963997857
15,B,100,0,7,0.16130209996781855
15,B,100,0,8,-0.511918345092496
15,B,100,0,9,-0.3409641879436999
15,B,100,1,0,-0.6775348348546362
15,B,100,1,1,-0.6818792860820827
15,B,100,1,2,-0.5713776557729059
15,B,100,1,3,-0.7911605194521177
15,B,100,1,4,-1.0922805716022443
15,B,100,1,5,-0.663428372033664
15,B,100,1,6,-0.8097098512906262
15,B,100,1,7,-1.1942377215252642
15,B,100,1,8,-0.5355956184226002
15,B,100,1,9,-0.3247883670963087
15,B,100,2,0,-1.6627835070520285
15,B,100,2,1,-1.6027370111575487
15,B,100,2,2,-1.6355180583569018
15,B,100,2,3,-1.5089301307481318
15,B,100,2,4,-1.8324121852635937
15,B,100,2,5,-0.9751387063661172
15,B,100,2,6,-0.8905137942854402
15,B,100,2,7,-0.7193402415876002
15,B,100,2,8,-0.6772240896211151
15,B,100,2,9,-0.7586841045040222
15,B,100,3,0,0.28390511232660515
15,B,100,3,1,0.6602804659918949
15,B,100,3,2,0.6036472038702235
15,B,100,3,3,0.5561727495987294
15,B,100,3,4,0.7637752483753535
15,B,100,3,5,0.5135225827633091
15,B,100,3,6,0.6968203742547389
15,B,100,3,7,0.6033340332021161
15,B,100,3,8,0.4363500927826391
15,B,100,3,9,0.9174302307921532
15,B,100,4,0,-0.6771091085539228
15,B,100,4,1,-0.898758865709978
15,B,100,4,2,-0.6998538725054825
15,B,100,4,3,-1.1099204462547254
15,B,100,4,4,-1.1235538826327354
15,B,100,4,5,-0.4947592968874333
15,B,100,4,6,-0.7973038549537167
15,B,100,4,7,-1.3055305758518048
15,B,100,4,8,-0.7734741071873014
15,B,100,4,9,-1.2257942262873225
15,B,100,5,0,0.07777554449973005
15,B,100,5,1,0.43851296997496675
15,B,100,5,2,0.0552917818873736
15,B,100,5,3,-0.3220415418167231
15,B,100,5,4,0.4827500299990599
15,B,100,5,5,0.4647279567299004
15,B,100,5,6,0.2314197397097372
15,B,100,5,7,0.6717796985669963
15,B,100,5,8,-0.12364082713249303
15,B,100,5,9,0.1383501525851882
15,B,100,6,0,-0.3201221070704561
15,B,100,6,1,-0.3963857317517213
15,B,100,6,2,-0.33973158018705313
15,B,100,6,3,-0.010924325370084698
15,B,100,6,4,0.0561947426921628
15,B,100,6,5,-0.26043999234112636
15,B,100,6,6,-0.3128527413681299
15,B,100,6,7,-0.15749174421279544
15,B,100,6,8,-0.15965225241855305
15,B,100,6,9,-0.22318019193318683
15,B,100,7,0,-0.6105472352384398
15,B,100,7,1,-1.0648694375622367
15,B,100,7,2,-0.3418403508682966
15,B,100,7,3,-0.6324361366492652
15,B,100,7,4,-1.5092200669287665
15,B,100,7,5,-0.604082719931052
15,B,100,7,6,-0.8466286658269928
15,B,100,7,7,-0.30647696707195027
15,B,100,7,8,-0.42757527319643224
15,B,100,7,9,-0.33401522956723967
15,B,100,8,0,-0.9206565228401308
15,B,100,8,1,-1.215925701136137
15,B,100,8,2,-0.5411134005989359
15,B,100,8,3,-0.9497159086017948
15,B,100,8,4,-0.743750289479034
15,B,100,8,5,-0.9288000411781582
15,B,100,8,6,-0.406025558526868
15,B,100,8,7,-0.4641587697742777
15,B,100,8,8,-1.0532037738027833
15,B,100,8,9,-0.8778352734042105
15,B,100,9,0,0.2003998661896483
15,B,100,9,1,0.6518957211697597
15,B,100,9,2,0.6915824605910885
15,B,100,9,3,0.6265714864363382
15,B,100,9,4,0.5048226820402013
15,B,100,9,5,0.835094767207303
15,B,100,9,6,0.522466032871608
15,B,100,9,7,0.8146799216286789
15,B,100,9,8,0.605355435859914
15,B,100,9,9,0.6428152595190966
16,A,0.05,0,0,0.3890071612379534
16,A,0.05,0,1,0.3702222206663043
16,A,0.05,0,2,0.4757129477210387
16,A,0.05,0,3,0.2908750690245566
16,A,0.05,0,4,0.6085786533140731
16,A,0.05,0,5,0.031049332740067496
16,A,0.05,0,6,0.5685067425907613
16,A,0.05,0,7,0.7043754895631795
16,A,0.05,0,8,0.4337477305625667
16,A,0.05,0,9,0.5093348947084968
16,A,0.05,1,0,-0.10144543913682635
16,A,0.05,1,1,0.10297526066909582
16,A,0.05,1,2,-0.04886547518441876
16,A,0.05,1,3,0.02419013682866119
16,A,0.05,1,4,0.14707695520158515
16,A,0.05,1,5,-0.01859142157090765
16,A,0.05,1,6,0.25632756016981784
16,A,0.05,1,7,0.03678660405882827
16,A,0.05,1,8,0.045206813643308114
16,A,0.05,1,9,-0.11248126138493232
16,A,0.05,2,0,-0.6461889521884586
16,A,0.05,2,1,-0.7451002203445026
16,A,0.05,2,2,-0.4615295251496907
16,A,0.05,2,3,-0.9839708725870702
16,A,0.05,2,4,-0.7830779674505288
16,A,0.05,2,5,-1.21529870589111
16,A,0.05,2,6,-1.1414800691275488
16,A,0.05,2,7,-0.7333124917307156
16,A,0.05,2,8,-1.0728436218995934
16,A,0.05,2,9,-0.593710708570336
16,A,0.05,3,0,0.4938760384390212
16,A,0.05,3,1,0.13508769791238845
16,A,0.05,3,2,0.3002985341981259
16,A,0.05,3,3,0.2070100902854559
16,A,0.05,3,4,0.47293695273759667
16,A,0.05,3,5,0.26622834998724626
16,A,0.05,3,6,0.05676237369716357
16,A,0.05,3,7,0.25788097861150955
16,A,0.05,3,8,0.3203259159718617
16,A,0.05,3,9,0.3108207559327343
16,A,0.05,4,0,-0.3078908030685161
16,A,0.05,4,1,-0.13361814560915802
16,A,0.05,4,2,-0.0032288083404581162
16,A,0.05,4,3,-0.5610014125622741
16,A,0.05,4,4,-0.6874528502653856
16,A,0.05,4,5,0.30741093591807345
16,A,0.05,4,6,-0.5739780906854239
16,A,0.05,4,7,-0.12318898403250614
16,A,0.05,4,8,0.08489655853571933
16,A,0.05,4,9,-0.8606274497813725
16,A,0.05,5,0,-1.2884736162022428
16,A,0.05,5,1,-1.5293771648804126
16,A,0.05,5,2,-1.64154667221195
16,A,0.05,5,3,-1.8606678647166088
16,A,0.05,5,4,-1.5702729497224122
16,A,0.05,5,5,-1.6046782455698683
16,A,0.05,5,6,-1.7850205629196239
16,A,0.05,5,7,-1.6454593691502268
16,A,0.05,5,8,-1.679672287978824
16,A,0.05,5,9,-1.8324607716489474
16,A,0.05,6,0,-0.6824857265080605
16,A,0.05,6,1,-0.40858638492585186
16,A,0.05,6,2,-0.17414843625099696
16,A,0.05,6,3,-0.3673199098689627
16,A,0.05,6,4,-0.5833945295805216
16,A,0.05,6,5,-0.6097410862547105
16,A,0.05,6,6,-0.5708036202747327
16,A,0.05,6,7,-0.25663825109674704
16,A,0.05,6,8,-0.4568746728551919
16,A,0.05,6,9,-0.5987741409245115
16,A,0.05,7,0,-0.9098378769848278
16,A,0.05,7,1,-0.5894627923379309
16,A,0.05,7,2,-0.38507875306762596
16,A,0.05,7,3,-0.34440940910841394
16,A,0.05,7,4,-0.3349063825625114
16,A,0.05,7,5,-0.0879411768859224
16,A,0.05,7,6,-0.031294892492905436
16,A,0.05,7,7,-0.15381457637024976
16,A,0.05,7,8,0.004435758424280829
16,A,0.05,7,9,0.07071091096097432
16,A,0.05,8,0,-0.12218502461132756
16,A,0.05,8,1,-0.2519820981131858
16,A,0.05,8,2,-0.04529967997007741
16,A,0.05,8,3,0.10546027134985961
16,A,0.05,8,4,0.06871339306766906
16,A,0.05,8,5,-0.6748797054841972
16,A,0.05,8,6,0.15733421218139385
16,A,0.05,8,7,-0.377189163727802
16,A,0.05,8,8,0.18860654227901416
16,A,0.05,8,9,-0.3912882103453929
16,A,0.05,9,0,2.6363832236619245
16,A,0.05,9,1,2.6780192120646857
16,A,0.05,9,2,2.538584465855238
16,A,0.05,9,3,2.697048201848653
16,A,0.05,9,4,2.277916561157764
16,A,0.05,9,5,2.5715641094930093
16,A,0.05,9,6,2.7220079718310197
16,A,0.05,9,7,2.94852538268718
16,A,0.05,9,8,2.521359695325326
16,A,0.05,9,9,2.396586483371983
16,B,100,0,0,-0.42973340954435857
16,B,100,0,1,-0.4788490303639361
16,B,100,0,2,-0.4478675403130783
16,B,100,0,3,-0.5152734182230231
16,B,100,0,4,-0.3887773964614827
16,B,100,0,5,-0.5723133395643792
16,B,100,0,6,-0.47078365069714173
16,B,100,0,7,-0.2043914929249171
16,B,100,0,8,-0.5492203460683126
16,B,100,0,9,-0.2221436975636736
16,B,100,1,0,-0.2375346228428704
16,B,100,1,1,-1.1157619861004024
16,B,100,1,2,-0.7163025936171298
16,B,100,1,3,-0.9097059498708546
16,B,100,1,4,-0.2655559412071006
16,B,100,1,5,-0.6998491957708441
16,B,100,1,6,-0.4514962063833296
16,B,100,1,7,-0.7942836525015671
16,B,100,1,8,-0.8568814007386117
16,B,100,1,9,-0.08113786570539679
16,B,100,2,0,2.0521675253324987
16,B,100,2,1,1.6851553027765866
16,B,100,2,2,2.6508280257643966
16,B,100,2,3,1.9666721362941426
16,B,100,2,4,2.307542269444731
16,B,100,2,5,2.473210299643241
16,B,100,2,6,2.1182461411690894
16,B,100,2,7,2.540960041160829
16,B,100,2,8,2.4974748603247305
16,B,100,2,9,2.551582189777747
16,B,100,3,0,-0.32990490643401926
16,B,100,3,1,-0.0163752794819323
16,B,100,3,2,-0.1974336740612097
16,B,100,3,3,-0.1191384056540216
16,B,100,3,4,-0.42962814178713443
16,B,100,3,5,0.3028229169635908
16,B,100,3,6,0.38436519706244676
16,B,100,3,7,0.025366402786382598
16,B,100,3,8,-0.15970921950078742
16,B,100,3,9,-0.8370894211902213
16,B,100,4,0,0.1920497472915316
16,B,100,4,1,0.1608469990848142
16,B,100,4,2,0.356097407208389
16,B,100,4,3,0.15841327986695378
16,B,100,4,4,0.48164325805684055
16,B,100,4,5,0.21420727032550452
16,B,100,4,6,0.23798814894501913
16,B,100,4,7,-0.18485750157103237
16,B,100,4,8,0.28355436359491404
16,B,100,4,9,0.45354790934135375
16,B,100,5,0,-2.243136656514698
16,B,100,5,1,-2.729153347151925
16,B,100,5,2,-2.8125164179081366
16,B,100,5,3,-2.9348703341841107
16,B,100,5,4,-2.327245261206679
16,B,100,5,5,-2.7000235421041876
16,B,100,5,6,-3.038061588075759
16,B,100,5,7,-2.5293892289332356
16,B,100,5,8,-2.5331287808170364
16,B,100,5,9,-2.8946215343422144
16,B,100,6,0,1.5648324207545101
16,B,100,6,1,1.4559760207252477
16,B,100,6,2,1.1516798156483605
16,B,100,6,3,1.5463887416853668
16,B,100,6,4,1.6634588758814715
16,B,100,6,5,1.663358448801893
16,B,100,6,6,1.5032482026181724
16,B,100,6,7,1.5749222134001595
16,B,100,6,8,1.4588158033190564
16,B,100,6,9,1.3614745428758213
16,B,100,7,0,0.07966335945323527
16,B,100,7,1,-0.07682652365329083
16,B,100,7,2,-0.017388840466445104
16,B,100,7,3,-0.1427183172722226
16,B,100,7,4,-0.1751508764445784
16,B,100,7,5,-0.10522694676676818
16,B,100,7,6,-0.18078557839780118
16,B,100,7,7,-0.092056451785917
16,B,100,7,8,0.18233173984987083
16,B,100,7,9,-0.11159255308867394
16,B,100,8,0,0.2435646308515574
16,B,100,8,1,0.34997881760237365
16,B,100,8,2,0.18002126468568688
16,B,100,8,3,0.1341081183753699
16,B,100,8,4,0.2509136497024678
16,B,100,8,5,0.20952288246648562
16,B,100,8,6,0.17740264854460003
16,B,100,8,7,0.08299312434045637
16,B,100,8,8,0.05873945403404638
16,B,100,8,9,0.22204605432538085
16,B,100,9,0,-0.15164245870261606
16,B,100,9,1,-0.0191460429559549
16,B,100,9,2,0.7132224600843299
16,B,100,9,3,1.0899075556431719
16,B,100,9,4,-0.2822588757669349
16,B,100,9,5,0.19241520044561053
16,B,100,9,6,1.0780845022898387
16,B,100,9,7,1.2076772419407726
16,B,100,9,8,0.5227063490660347
16,B,100,9,9,0.19616026540871498
17,A,0.05,0,0,-0.1417079537274501
17,A,0.05,0,1,0.18201484397831247
17,A,0.05,0,2,0.023799180956036947
17,A,0.05,0,3,0.024093650245249502
17,A,0.05,0,4,-0.18467199070342216
17,A,0.05,0,5,0.18745911076723767
17,A,0.05,0,6,0.45903730593654635
17,A,0.05,0,7,0.0017606166537668666
17,A,0.05,0,8,0.14737925319731557
17,A,0.05,0,9,0.41054752892644253
17,A,0.05,1,0,0.741687841483011
17,A,0.05,1,1,0.7893673050460727
17,A,0.05,1,2,0.7866943840414888
17,A,0.05,1,3,0.6831257183120295
17,A,0.05,1,4,0.5088054273972124
17,A,0.05,1,5,0.7253112019537354
17,A,0.05,1,6,0.7973486932302136
17,A,0.05,1,7,1.0377872452576942
17,A,0.05,1,8,0.8333755155042047
17,A,0.05,1,9,0.9008209532480617
17,A,0.05,2,0,-0.0024003133729121728
17,A,0.05,2,1,0.058941719055453444
17,A,0.05,2,2,-0.28460392898370196
17,A,0.05,2,3,-0.2739694158709675
17,A,0.05,2,4,0.3652757309026118
17,A,0.05,2,5,0.08406032859050394
17,A,0.05,2,6,0.05880364720958995
17,A,0.05,2,7,0.04764350804027275
17,A,0.05,2,8,-0.0405353926439657
17,A,0.05,2,9,0.2160930776853441
17,A,0.05,3,0,-0.6105167834708011
17,A,0.05,3,1,-0.5500122664975882
17,A,0.05,3,2,-0.4237514423744305
17,A,0.05,3,3,-0.32074207618141315
17,A,0.05,3,4,-0.16615866180025352
17,A,0.05,3,5,0.30831790184629454
17,A,0.05,3,6,0.3381214370275352
17,A,0.05,3,7,0.37387486844300044
17,A,0.05,3,8,0.46992443749616836
17,A,0.05,3,9,0.527388110167763
17,A,0.05,4,0,-0.21516740326042927
17,A,0.05,4,1,-0.41565990725962815
17,A,0.05,4,2,-0.4027333372698297
17,A,0.05,4,3,-0.8273690177680343
17,A,0.05,4,4,-0.5428402928655773
17,A,0.05,4,5,-0.47430094595580385
17,A,0.05,4,6,-0.5670872528390581
17,A,0.05,4,7,-0.38390127797758833
17,A,0.05,4,8,-0.7104766587153181
17,A,0.05,4,9,-0.34736752791367814
17,A,0.05,5,0,-1.806582964540088
17,A,0.05,5,1,-2.822249342792778
17,A,0.05,5,2,-1.6979378763383228
17,A,0.05,5,3,-1.7688274218766118
17,A,0.05,5,4,-1.8530030570718754
17,A,0.05,5,5,-2.922248509693369
17,A,0.05,5,6,-1.7951476239046094
17,A,0.05,5,7,-1.9350064082577
17,A,0.05,5,8,-2.2223146518713337
17,A,0.05,5,9,-2.625760315414432
17,A,0.05,6,0,1.370547007865247
17,A,0.05,6,1,1.6752035216242824
17,A,0.05,6,2,0.5406389583754218
17,A,0.05,6,3,1.0140115751143655
17,A,0.05,6,4,0.5455066546810002
17,A,0.05,6,5,0.9191799128854947
17,A,0.05,6,6,2.059534930944832
17,A,0.05,6,7,1.007620298949634
17,A,0.05,6,8,1.9617552098454456
17,A,0.05,6,9,0.9599153021749608
17,A,0.05,7,0,-0.4339228681468005
17,A,0.05,7,1,-0.503600227916525
17,A,0.05,7,2,-0.45661044352075575
17,A,0.05,7,3,-0.48032622205556924
17,A,0.05,7,4,-0.582610306512316
17,A,0.05,7,5,-0.39189120257627186
17,A,0.05,7,6,-0.5530913563955262
17,A,0.05,7,7,-0.3933290376622415
17,A,0.05,7,8,-0.49693722265688123
17,A,0.05,7,9,-0.14554437342295456
17,A,0.05,8,0,-0.09985708575577372
17,A,0.05,8,1,0.04348697048432669
17,A,0.05,8,2,0.1950006218368224
17,A,0.05,8,3,0.05249285714055796
17,A,0.05,8,4,0.18551146655871048
17,A,0.05,8,5,0.14526808850608622
17,A,0.05,8,6,-0.04540861603591014
17,A,0.05,8,7,0.051539648940994574
17,A,0.05,8,8,0.06711582038231761
17,A,0.05,8,9,-0.17788248613368202
17,A,0.05,9,0,-0.045376157618589624
17,A,0.05,9,1,-0.10438966593548527
17,A,0.05,9,2,0.24905495487497142
17,A,0.05,9,3,-0.04622990618057151
17,A,0.05,9,4,0.28274209435125147
17,A,0.05,9,5,-0.18062969347862948
17,A,0.05,9,6,0.7117626188691146
17,A,0.05,9,7,0.2859627653399766
17,A,0.05,9,8,0.46117050522514896
17,A,0.05,9,9,-0.37173932218446437
17,B,100,0,0,0.5650952143768613
17,B,100,0,1,0.5008205179818529
17,B,100,0,2,0.4542012365553361
17,B,100,0,3,0.4046987272409385
17,B,100,0,4,0.6757867495968092
17,B,100,0,5,0.3139241229073469
17,B,100,0,6,0.17262171200615678
17,B,100,0,7,0.21512296651801174
17,B,100,0,8,0.3355450569409643
17,B,100,0,9,0.4235260311422472
17,B,100,1,0,1.038675688689987
17,B,100,1,1,1.5606401390232294
17,B,100,1,2,1.716702960184736
17,B,100,1,3,0.9817917727646831
17,B,100,1,4,0.7592246126426141
17,B,100,1,5,0.7437038087673459
17,B,100,1,6,0.31045387878767866
17,B,100,1,7,0.6260618553434634
17,B,100,1,8,1.1264405383506333
17,B,100,1,9,1.68265104078915
17,B,100,2,0,2.3710099467902674
17,B,100,2,1,2.4674635075066393
17,B,100,2,2,2.143610769416019
17,B,100,2,3,2.3947560816955358
17,B,100,2,4,1.7450619804438248
17,B,100,2,5,2.208968323153342
17,B,100,2,6,2.2574516006850476
17,B,100,2,7,2.205539332334296
17,B,100,2,8,2.170199235381041
17,B,100,2,9,1.931159816428782
17,B,100,3,0,0.731169740469961
17,B,100,3,1,0.5264705913351779
17,B,100,3,2,0.4636312388654074
17,B,100,3,3,1.0001385885959324
17,B,100,3,4,0.2706832091110113
17,B,100,3,5,0.2720465516031453
17,B,100,3,6,0.36371027541411416
17,B,100,3,7,0.5548941028657055
17,B,100,3,8,0.530928880716235
17,B,100,3,9,0.19050942631211248
17,B,100,4,0,0.09712435353451274
17,B,100,4,1,0.3364677311943813
17,B,100,4,2,0.3276381958924465
17,B,100,4,3,0.4251073990887153
17,B,100,4,4,0.4622957149409091
17,B,100,4,5,0.7096761221012374
17,B,100,4,6,-0.05888711239803911
17,B,100,4,7,0.7609179630874467
17,B,100,4,8,0.6619401655598446
17,B,100,4,9,0.8016945914677636
17,B,100,5,0,-1.1242459515086607
17,B,100,5,1,-1.164685349886381
17,B,100,5,2,-1.963185949953061
17,B,100,5,3,-1.6497831772147529
17,B,100,5,4,-1.6180721970804433
17,B,100,5,5,-1.446900994294107
17,B,100,5,6,-1.9659818323322886
17,B,100,5,7,-1.629349084296666
17,B,100,5,8,-1.533124128382942
17,B,100,5,9,-1.6588633117730316
17,B,100,6,0,0.6570986085085502
17,B,100,6,1,0.8868827105697938
17,B,100,6,2,1.0035750361186053
17,B,100,6,3,1.2138449589173943
17,B,100,6,4,1.3235028126386115
17,B,100,6,5,0.8190545350696935
17,B,100,6,6,1.096390457858556
17,B,100,6,7,1.1146442722028418
17,B,100,6,8,0.746691687034093
17,B,100,6,9,1.3239480227715077
17,B,100,7,0,1.165944586613443
17,B,100,7,1,1.2199178761558063
17,B,100,7,2,1.0721223005736917
17,B,100,7,3,1.0755918524301233
17,B,100,7,4,1.1849925419218705
17,B,100,7,5,1.0203651562869547
17,B,100,7,6,0.3187907859567869
17,B,100,7,7,1.1820187955954347
17,B,100,7,8,1.0272321543550156
17,B,100,7,9,1.1742595942049543
17,B,100,8,0,0.30737693798633603
17,B,100,8,1,0.26175883264334737
17,B,100,8,2,0.4510246156438721
17,B,100,8,3,0.48367079674884467
17,B,100,8,4,0.4905579943250401
17,B,100,8,5,0.5524224129399108
17,B,100,8,6,0.5397871766429875
17,B,100,8,7,0.36715333584533943
17,B,100,8,8,0.22457737575120296
17,B,100,8,9,0.28549607994643733
17,B,100,9,0,2.32089842034566
17,B,100,9,1,1.6484007546864408
17,B,100,9,2,0.1046734622846603
17,B,100,9,3,0.6649607418254547
17,B,100,9,4,2.9256824987986367
17,B,100,9,5,1.0112615306943658
17,B,100,9,6,3.189681130246187
17,B,100,9,7,1.5815617577443788
17,B,100,9,8,1.2132485941033477
17,B,100,9,9,0.6903114124429424
18,A,0.05,0,0,1.0950780195674588
18,A,0.05,0,1,1.1270647433020446
18,A,0.05,0,2,1.4386169131294493
18,A,0.05,0,3,0.921382485141944
18,A,0.05,0,4,0.5029270405161533
18,A,0.05,0,5,1.8467432519918712
18,A,0.05,0,6,1.6088917615210956
18,A,0.05,0,7,1.6988274118679474
18,A,0.05,0,8,0.5739420929460046
18,A,0.05,0,9,0.18700546476056606
18,A,0.05,1,0,-0.8260131433414216
18,A,0.05,1,1,-1.13204028761472
18,A,0.05,1,2,-1.2525491666780209
18,A,0.05,1,3,-1.0375003900150273
18,A,0.05,1,4,-0.20972212576249
18,A,0.05,1,5,-0.4743786807144717
18,A,0.05,1,6,-0.3403484048709398
18,A,0.05,1,7,-0.0898542889709702
18,A,0.05,1,8,-0.3043723771172991
18,A,0.05,1,9,-0.27971943691621703
18,A,0.05,2,0,0.102881128010794
18,A,0.05,2,1,0.16886825953881407
18,A,0.05,2,2,0.16623224064350828
18,A,0.05,2,3,0.3088104862726611
18,A,0.05,2,4,0.47238277376299664
18,A,0.05,2,5,0.09333237661534212
18,A,0.05,2,6,0.26503649409158475
18,A,0.05,2,7,0.30369713519397845
18,A,0.05,2,8,0.31806394209337374
18,A,0.05,2,9,0.011635451878504354
18,A,0.05,3,0,-0.37804246965155697
18,A,0.05,3,1,-0.46868734248204735
18,A,0.05,3,2,-0.5618934260135781
18,A,0.05,3,3,-0.8031988991782438
18,A,0.05,3,4,-0.30044569058872106
18,A,0.05,3,5,-0.131542078764322
18,A,0.05,3,6,-0.3233144800092133
18,A,0.05,3,7,-0.264141258500803
18,A,0.05,3,8,-0.4666238689033115
18,A,0.05,3,9,-0.2026739696040852
18,A,0.05,4,0,0.21328162409067875
18,A,0.05,4,1,0.6577754588105821
18,A,0.05,4,2,0.6975748622689386
18,A,0.05,4,3,0.27005688627174324
18,A,0.05,4,4,0.5728243630426679
18,A,0.05,4,5,0.7754350669782094
18,A,0.05,4,6,0.5864694616012699
18,A,0.05,4,7,-0.0696623661393822
18,A,0.05,4,8,0.6215331036961954
18,A,0.05,4,9,0.5784859203112509
18,A,0.05,5,0,-0.33521144313386725
18,A,0.05,5,1,-0.2810054979731716
18,A,0.05,5,2,-0.28773776554440417
18,A,0.05,5,3,-0.436236648448781
18,A,0.05,5,4,-0.3472630290460991
18,A,0.05,5,5,-0.38926897508591557
18,A,0.05,5,6,-0.35221246148078406
18,A,0.05,5,7,-0.42290126435995823
18,A,0.05,5,8,-0.2882450688044079
18,A,0.05,5,9,-0.29863546079775793
18,A,0.05,6,0,1.7870762449724988
18,A,0.05,6,1,1.969281832827919
18,A,0.05,6,2,2.362063339804116
18,A,0.05,6,3,1.7923537009463795
18,A,0.05,6,4,1.8792693889827545
18,A,0.05,6,5,1.8226578977693786
18,A,0.05,6,6,1.9466241220878653
18,A,0.05,6,7,1.67895190297798
18,A,0.05,6,8,1.897977608277483
18,A,0.05,6,9,2.4937225856249077
18,A,0.05,7,0,-0.2911709784713662
18,A,0.05,7,1,-0.1156699957986469
18,A,0.05,7,2,-0.9882614072088486
18,A,0.05,7,3,-0.02753410617927785
18,A,0.05,7,4,0.19781192889445456
18,A,0.05,7,5,0.03395577222387885
18,A,0.05,7,6,1.1206051773414971
18,A,0.05,7,7,-1.46642644412592
18,A,0.05,7,8,-0.40833291174618286
18,A,0.05,7,9,0.5376851202492515
18,A,0.05,8,0,-0.4428308071661773
18,A,0.05,8,1,-0.2718411669141002
18,A,0.05,8,2,-0.1823284442714804
18,A,0.05,8,3,-0.40409513090693444
18,A,0.05,8,4,-0.4508043502700758
18,A,0.05,8,5,-0.1931615051292369
18,A,0.05,8,6,-0.25460122660852785
18,A,0.05,8,7,-0.13414317608283155
18,A,0.05,8,8,-0.5543679570287338
18,A,0.05,8,9,-0.7561555311838642
18,A,0.05,9,0,1.480233844564884
18,A,0.05,9,1,1.0572871196669957
18,A,0.05,9,2,1.4167847488413148
18,A,0.05,9,3,1.3742365188165195
18,A,0.05,9,4,1.597434600799943
18,A,0.05,9,5,1.355443246198393
18,A,0.05,9,6,1.385678947756534
18,A,0.05,9,7,1.1356510371592978
18,A,0.05,9,8,1.6119408372571804
18,A,0.05,9,9,1.001029023802272
18,B,100,0,0,-0.30157399592421547
18,B,100,0,1,-0.10050549960557523
18,B,100,0,2,0.135610041128425
18,B,100,0,3,-0.65515593847893
18,B,100,0,4,-0.7592973964054143
18,B,100,0,5,-0.7978333436474936
18,B,100,0,6,-0.5719901511911373
18,B,100,0,7,-0.7566671720977826
18,B,100,0,8,-0.10484979821681761
18,B,100,0,9,-0.13011618490687368
18,B,100,1,0,-0.34159615918449615
18,B,100,1,1,0.30292801457389523
18,B,100,1,2,-0.11139785300144575
18,B,100,1,3,-0.0134028517019157
18,B,100,1,4,-0.030146821918489095
18,B,100,1,5,-0.16838930280872538
18,B,100,1,6,-0.2915990249029254
18,B,100,1,7,0.3106147921919818
18,B,100,1,8,-0.7496431939869257
18,B,100,1,9,-0.4657658187653402
18,B,100,2,0,-1.061193118071675
18,B,100,2,1,-0.960699574053412
18,B,100,2,2,-0.6439473791202281
18,B,100,2,3,-0.8476325310822328
18,B,100,2,4,-0.7468359130956
18,B,100,2,5,-0.9006496011000136
18,B,100,2,6,-0.43335738841308785
18,B,100,2,7,-0.9590515803211799
18,B,100,2,8,-0.7229367794947469
18,B,100,2,9,-0.5389454283054211
18,B,100,3,0,-0.13754533216756418
18,B,100,3,1,0.02090928296721497
18,B,100,3,2,-0.378882651993896
18,B,100,3,3,-0.12944865222939012
18,B,100,3,4,-0.08110472420818803
18,B,100,3,5,-0.04775470347340963
18,B,100,3,6,-0.05774797752362185
18,B,100,3,7,-0.1346676463284362
18,B,100,3,8,-0.08561440146185115
18,B,100,3,9,-0.0431855307490124
18,B,100,4,0,3.3311600410881894
18,B,100,4,1,0.3382868252081736
18,B,100,4,2,0.19782843473246356
18,B,100,4,3,0.30291256399269373
18,B,100,4,4,0.3282675574843487
18,B,100,4,5,3.5155940349079007
18,B,100,4,6,0.35129897285113
18,B,100,4,7,0.24643922930406145
18,B,100,4,8,0.35139647200326024
18,B,100,4,9,0.3340308611180684
18,B,100,5,0,1.7164137828440968
18,B,100,5,1,1.4982565659704088
18,B,100,5,2,1.4285557601488343
18,B,100,5,3,1.6077480947090028
18,B,100,5,4,1.7985421971984037
18,B,100,5,5,1.427345646920501
18,B,100,5,6,1.180413753050254
18,B,100,5,7,1.6053926072465283
18,B,100,5,8,1.0614653710993927
18,B,100,5,9,1.2807633113260621
18,B,100,6,0,0.3665282400844241
18,B,100,6,1,0.5330746436253677
18,B,100,6,2,0.32762280119974707
18,B,100,6,3,0.31983019082851155
18,B,100,6,4,0.5817657571306805
18,B,100,6,5,0.5711610507924808
18,B,100,6,6,0.20958506317145262
18,B,100,6,7,0.575570359372997
18,B,100,6,8,0.4738508773609007
18,B,100,6,9,0.4156559273205052
18,B,100,7,0,0.09376390888998648
18,B,100,7,1,0.07521495704025773
18,B,100,7,2,0.3145318397560044
18,B,100,7,3,0.3384105498475701
18,B,100,7,4,0.5204834907701024
18,B,100,7,5,0.2769755997963848
18,B,100,7,6,0.3755090769855773
18,B,100,7,7,0.29447631202525454
18,B,100,7,8,0.10351870213037075
18,B,100,7,9,0.2104907574271934
18,B,100,8,0,0.21244140094958566
18,B,100,8,1,0.4233433965804636
18,B,100,8,2,0.43316460639246107
18,B,100,8,3,0.24935255036620818
18,B,100,8,4,-0.13620218011441967
18,B,100,8,5,0.11795459246406012
18,B,100,8,6,0.20603384858611298
18,B,100,8,7,0.34572904504333085
18,B,100,8,8,-0.11456832997133132
18,B,100,8,9,0.2455090407781333
18,B,100,9,0,-0.7240668197865119
18,B,100,9,1,-0.8352295706615692
18,B,100,9,2,-0.7835163514473187
18,B,100,9,3,-0.9711619098920046
18,B,100,9,4,-0.6714269191754675
18,B,100,9,5,-0.560986245065082
18,B,100,9,6,-1.0052819465176188
18,B,100,9,7,-0.5592059680602298
18,B,100,9,8,-0.6980451272318358
18,B,100,9,9,-0.9537017405374854
19,A,0.05,0,0,0.8327760281928648
19,A,0.05,0,1,0.26295919874759666
19,A,0.05,0,2,1.0368448131991732
19,A,0.05,0,3,1.3179343130128471
19,A,0.05,0,4,1.157624496984006
19,A,0.05,0,5,1.1567128819807633
19,A,0.05,0,6,1.3395691435476722
19,A,0.05,0,7,1.585510824920397
19,A,0.05,0,8,0.9022747379541801
19,A,0.05,0,9,0.9331518778857828
19,A,0.05,1,0,-0.8144675392738836
19,A,0.05,1,1,-0.6558029769583957
19,A,0.05,1,2,-0.5144574741411755
19,A,0.05,1,3,-1.1115522193641816
19,A,0.05,1,4,-1.0245293554655521
19,A,0.05,1,5,-1.2559451539990638
19,A,0.05,1,6,-1.0093544957329361
19,A,0.05,1,7,-1.1639407340718817
19,A,0.05,1,8,-1.104412440034324
19,A,0.05,1,9,-0.48520188900086764
19,A,0.05,2,0,0.42637728999615176
19,A,0.05,2,1,0.036180596625053726
19,A,0.05,2,2,-0.20718040914942393
19,A,0.05,2,3,-0.022417381656749325
19,A,0.05,2,4,0.2980569165483548
19,A,0.05,2,5,-0.0007479455421412383
19,A,0.05,2,6,0.2775408664515612
19,A,0.05,2,7,0.16775167026198312
19,A,0.05,2,8,0.573067069859305
19,A,0.05,2,9,0.3236688773660117
19,A,0.05,3,0,-1.0155783594906458
19,A,0.05,3,1,-0.9814653224026503
19,A,0.05,3,2,-1.087351363025732
19,A,0.05,3,3,-1.0808073151384685
19,A,0.05,3,4,-1.0610289949400555
19,A,0.05,3,5,-0.9683681211382126
19,A,0.05,3,6,-0.07131772786139955
19,A,0.05,3,7,-0.22641294053272173
19,A,0.05,3,8,-0.8387862236107771
19,A,0.05,3,9,-0.0845953541280297
19,A,0.05,4,0,0.7964795192749708
19,A,0.05,4,1,0.6311460022340076
19,A,0.05,4,2,0.18151122705562306
19,A,0.05,4,3,0.33298707722276605
19,A,0.05,4,4,0.7760323260517784
19,A,0.05,4,5,0.919276334291725
19,A,0.05,4,6,0.957336293655519
19,A,0.05,4,7,0.6331584311378257
19,A,0.05,4,8,0.520563067376709
19,A,0.05,4,9,0.8097330022919761
19,A,0.05,5,0,0.8405919997205129
19,A,0.05,5,1,0.9810593925727635
19,A,0.05,5,2,0.7055311090054602
19,A,0.05,5,3,0.7697352248228132
19,A,0.05,5,4,0.3737723664550553
19,A,0.05,5,5,0.8340623695344068
19,A,0.05,5,6,0.411066016297216
19,A,0.05,5,7,1.0329654530423222
19,A,0.05,5,8,0.6744849348163506
19,A,0.05,5,9,0.9322519984739821
19,A,0.05,6,0,-0.3240215239486581
19,A,0.05,6,1,-1.5067342835012667
19,A,0.05,6,2,-1.356913180243503
19,A,0.05,6,3,-0.9992553032128703
19,A,0.05,6,4,-1.3854047790312394
19,A,0.05,6,5,-0.8524471783935678
19,A,0.05,6,6,-1.0654998107950784
19,A,0.05,6,7,-0.7935939100118917
19,A,0.05,6,8,-0.5553605743113751
19,A,0.05,6,9,-0.6128938518685615
19,A,0.05,7,0,1.5941028606834848
19,A,0.05,7,1,1.3974556716507613
19,A,0.05,7,2,2.089757914062298
19,A,0.05,7,3,1.0146707761257308
19,A,0.05,7,4,1.571576471169017
19,A,0.05,7,5,0.9613685399397027
19,A,0.05,7,6,1.9276674910540443
19,A,0.05,7,7,0.8118872321443765
19,A,0.05,7,8,1.459264228191137
19,A,0.05,7,9,1.775504878821675
19,A,0.05,8,0,0.012978761430842754
19,A,0.05,8,1,0.4709476025998637
19,A,0.05,8,2,0.1337347818329335
19,A,0.05,8,3,0.05153621583260133
19,A,0.05,8,4,0.17668847025509965
19,A,0.05,8,5,0.6937454673823629
19,A,0.05,8,6,0.4299985301481665
19,A,0.05,8,7,0.18010029223234084
19,A,0.05,8,8,0.2464350720780289
19,A,0.05,8,9,0.08561958339462031
19,A,0.05,9,0,2.645614235283512
19,A,0.05,9,1,1.3005878741214318
19,A,0.05,9,2,1.6126457906841032
19,A,0.05,9,3,1.7601952093715802
19,A,0.05,9,4,1.290181913818036
19,A,0.05,9,5,1.4543550337240676
19,A,0.05,9,6,2.038702688219169
19,A,0.05,9,7,1.7279710432861215
19,A,0.05,9,8,1.5980738521433124
19,A,0.05,9,9,1.3410277283870355
19,B,100,0,0,-0.7378951694235892
19,B,100,0,1,-0.34262567483680473
19,B,100,0,2,-0.6488822909315404
19,B,100,0,3,-0.24108651859551164
19,B,100,0,4,-0.28217117527564595
19,B,100,0,5,-0.49064568125027685
19,B,100,0,6,-0.3466280253106801
19,B,100,0,7,-0.4639053311697174
19,B,100,0,8,-0.23719235024568108
19,B,100,0,9,-0.09834668039585598
19,B,100,1,0,-1.1039412704050953
19,B,100,1,1,-0.8185845832974954
19,B,100,1,2,-0.35472389893769357
19,B,100,1,3,-1.2808834882501647
19,B,100,1,4,-0.680047310858352
19,B,100,1,5,-0.6637298414746015
19,B,100,1,6,-0.6998181387726121
19,B,100,1,7,-1.1969758161775261
19,B,100,1,8,-1.289716197329505
19,B,100,1,9,-1.707987370772526
19,B,100,2,0,1.154996492192561
19,B,100,2,1,0.6666197856808945
19,B,100,2,2,0.5992392468425586
19,B,100,2,3,0.7858323129588759
19,B,100,2,4,0.5917065818867279
19,B,100,2,5,0.5855978863795205
19,B,100,2,6,1.1128666587861664
19,B,100,2,7,0.817815913033843
19,B,100,2,8,0.3512051815379894
19,B,100,2,9,1.0858669243149421
19,B,100,3,0,0.5434179728487619
19,B,100,3,1,0.4211414000102949
19,B,100,3,2,0.4000323738600398
19,B,100,3,3,0.07600461215976707
19,B,100,3,4,0.6124509757261614
19,B,100,3,5,0.7456743769062087
19,B,100,3,6,0.4155844241048749
19,B,100,3,7,0.3133947804489722
19,B,100,3,8,0.03828800287148303
19,B,100,3,9,0.7947681843257285
19,B,100,4,0,0.6086243037023249
19,B,100,4,1,-0.0058362446725624
19,B,100,4,2,0.17397105789269196
19,B,100,4,3,0.6807363572406989
19,B,100,4,4,0.6542391377239323
19,B,100,4,5,0.5797010718501784
19,B,100,4,6,-0.19105790398412728
19,B,100,4,7,0.6434548516238455
19,B,100,4,8,0.5800500816739875
19,B,100,4,9,0.781393041864893
19,B,100,5,0,-1.118625128389162
19,B,100,5,1,-1.0690161565777196
19,B,100,5,2,-0.6668743093869053
19,B,100,5,3,-1.0620562626182244
19,B,100,5,4,-0.7947761996681201
19,B,100,5,5,-0.18968328843518628
19,B,100,5,6,-1.1050451581949792
19,B,100,5,7,-1.120464294334662
19,B,100,5,8,-1.0667706507726358
19,B,100,5,9,-0.902741288853327
19,B,100,6,0,-0.39626038394193364
19,B,100,6,1,-0.3659373573117679
19,B,100,6,2,-0.06148636171734235
19,B,100,6,3,-0.14156368295513289
19,B,100,6,4,-0.23140158742086492
19,B,100,6,5,-0.12684170012936644
19,B,100,6,6,0.01598638845977972
19,B,100,6,7,0.5880822497134182
19,B,100,6,8,0.4841517768778186
19,B,100,6,9,0.33768257891716735
19,B,100,7,0,-2.779746628071196
19,B,100,7,1,-3.061175471147802
19,B,100,7,2,-2.650189915118655
19,B,100,7,3,-2.4952209970635595
19,B,100,7,4,-2.4309795100363196
19,B,100,7,5,-2.3241511854800567
19,B,100,7,6,-2.897725521099807
19,B,100,7,7,-2.357375961988562
19,B,100,7,8,-2.8123740723920454
19,B,100,7,9,-2.7215862150123016
19,B,100,8,0,-2.866007929140358
19,B,100,8,1,-3.689665745035081
19,B,100,8,2,-2.167438260678277
19,B,100,8,3,-2.7714898332980993
19,B,100,8,4,-3.347653730768198
19,B,100,8,5,-3.6464475740829045
19,B,100,8,6,-3.627737486530105
19,B,100,8,7,-3.675868130631267
19,B,100,8,8,-3.804728376518069
19,B,100,8,9,-3.5037152982785087
19,B,100,9,0,3.255366902423001
19,B,100,9,1,3.1973281813621934
19,B,100,9,2,3.0635778042462887
19,B,100,9,3,1.6686698192315461
19,B,100,9,4,4.070421909170987
19,B,100,9,5,3.101971177527159
19,B,100,9,6,2.4335707610169326
19,B,100,9,7,4.00986223223936
19,B,100,9,8,2.6837574246621356
19,B,100,9,9,2.9174183434162897
20,A,0.05,0,0,-1.1881745314964436
20,A,0.05,0,1,-1.2820634099156945
20,A,0.05,0,2,-1.112794416437271
20,A,0.05,0,3,-1.247701589577977
20,A,0.05,0,4,-0.9370009229833552
20,A,0.05,0,5,-1.1574615354704776
20,A,0.05,0,6,-1.198050294805857
20,A,0.05,0,7,-1.2036078231799163
20,A,0.05,0,8,-1.0064547701779032
20,A,0.05,0,9,-1.2217783799126973
20,A,0.05,1,0,-0.06867764725474218
20,A,0.05,1,1,0.3031323444314663
20,A,0.05,1,2,0.24882174479454633
20,A,0.05,1,3,0.10939872137105046
20,A,0.05,1,4,0.2035449187277863
20,A,0.05,1,5,0.2797101777740924
20,A,0.05,1,6,0.15825891217393878
20,A,0.05,1,7,0.02890201390599461
20,A,0.05,1,8,-0.050154537629435614
20,A,0.05,1,9,0.3489995303475409
20,A,0.05,2,0,-0.3599898372980368
20,A,0.05,2,1,-0.4659097750163273
20,A,0.05,2,2,-0.2381905055114468
20,A,0.05,2,3,-0.006375993267277425
20,A,0.05,2,4,-0.04445193046152115
20,A,0.05,2,5,-0.09970564335648019
20,A,0.05,2,6,-0.0562288061067564
20,A,0.05,2,7,-0.06365309488197023
20,A,0.05,2,8,-0.05260764407037379
20,A,0.05,2,9,-0.2943076057312404
20,A,0.05,3,0,-1.0101162823381995
20,A,0.05,3,1,-1.0525023438962677
20,A,0.05,3,2,-0.9104761092560835
20,A,0.05,3,3,-1.1608975681598708
20,A,0.05,3,4,-1.0596126984377707
20,A,0.05,3,5,-1.1133989426543303
20,A,0.05,3,6,-1.0610244566769769
20,A,0.05,3,7,-1.045627405019809
20,A,0.05,3,8,-1.0453265414148052
20,A,0.05,3,9,-0.9350079775575889
20,A,0.05,4,0,0.7506009179518179
20,A,0.05,4,1,0.5270847001838254
20,A,0.05,4,2,0.3405223625020903
20,A,0.05,4,3,0.33470292689987335
20,A,0.05,4,4,0.2724108848675089
20,A,0.05,4,5,0.46217646075631635
20,A,0.05,4,6,0.3062524819279292
20,A,0.05,4,7,0.6261180689310846
20,A,0.05,4,8,0.7677881564218967
20,A,0.05,4,9,1.005082946267322
20,A,0.05,5,0,-2.59456905093624
20,A,0.05,5,1,-2.497690190040232
20,A,0.05,5,2,-2.2578164515203065
20,A,0.05,5,3,-2.288480256611233
20,A,0.05,5,4,-2.643372497853409
20,A,0.05,5,5,-2.478305721580296
20,A,0.05,5,6,-2.497001427684451
20,A,0.05,5,7,-2.4854730917479575
20,A,0.05,5,8,-2.4998353136075453
20,A,0.05,5,9,-2.2286491563235784
20,A,0.05,6,0,0.17427776056624272
20,A,0.05,6,1,0.5276995741735261
20,A,0.05,6,2,0.5119565595159602
20,A,0.05,6,3,0.5387882479182473
20,A,0.05,6,4,0.5198745816833076
20,A,0.05,6,5,0.5969698528708304
20,A,0.05,6,6,0.606390303294832
20,A,0.05,6,7,0.4739530300093096
20,A,0.05,6,8,0.32206192245332876
20,A,0.05,6,9,0.6483268700396343
20,A,0.05,7,0,1.208370871422457
20,A,0.05,7,1,1.0748918640982066
20,A,0.05,7,2,1.5295178869070005
20,A,0.05,7,3,1.6815396807120488
20,A,0.05,7,4,0.7148062929483711
20,A,0.05,7,5,1.6534049978023686
20,A,0.05,7,6,1.6804042566248245
20,A,0.05,7,7,1.8514747054578287
20,A,0.05,7,8,1.3527634080109003
20,A,0.05,7,9,1.388768709706813
20,A,0.05,8,0,0.34129400695486267
20,A,0.05,8,1,-0.3857756393370675
20,A,0.05,8,2,0.00211661943527558
20,A,0.05,8,3,-0.22738529895850382
20,A,0.05,8,4,-0.3592051162067022
20,A,0.05,8,5,-0.16138236662982575
20,A,0.05,8,6,0.24329828187708888
20,A,0.05,8,7,-0.13226060494819425
20,A,0.05,8,8,0.28898870187250103
20,A,0.05,8,9,-0.48238479254343264
20,A,0.05,9,0,0.46305640865304226
20,A,0.05,9,1,1.3835840702888222
20,A,0.05,9,2,1.5203031859467935
20,A,0.05,9,3,1.2129350642835242
20,A,0.05,9,4,1.9010337978657652
20,A,0.05,9,5,0.9469644681451912
20,A,0.05,9,6,1.1129715006490974
20,A,0.05,9,7,0.7790009166560927
20,A,0.05,9,8,0.946585406680037
20,A,0.05,9,9,0.2526487974124982
20,B,100,0,0,-1.2106097209434905
20,B,100,0,1,-0.13949240796648366
20,B,100,0,2,-0.6413320687440844
20,B,100,0,3,0.25102393938131995
20,B,100,0,4,-0.2326009888667202
20,B,100,0,5,-0.283504009502819
20,B,100,0,6,0.08162422308776081
20,B,100,0,7,-0.9032267643904335
20,B,100,0,8,-0.42523185729065105
20,B,100,0,9,-1.0570962861158955
20,B,100,1,0,-0.8011340201065907
20,B,100,1,1,-0.6026061836234862
20,B,100,1,2,-0.8347297842969562
20,B,100,1,3,-0.4362553055618192
20,B,100,1,4,-1.2932724211618443
20,B,100,1,5,-0.8071701791629812
20,B,100,1,6,-0.9191430607706059
20,B,100,1,7,-0.999175429013719
20,B,100,1,8,-1.1277245559053768
20,B,100,1,9,-0.995710778034735
20,B,100,2,0,-0.9364746456344323
20,B,100,2,1,-0.7854959546576313
20,B,100,2,2,-0.6305937333939949
20,B,100,2,3,-0.07962771681201201
20,B,100,2,4,-0.442030241022926
20,B,100,2,5,-0.5084198312508914
20,B,100,2,6,-0.024403010886158517
20,B,100,2,7,-0.2886350710241933
20,B,100,2,8,-1.1649247277828918
20,B,100,2,9,-0.13855136767098722
20,B,100,3,0,1.6110801260085381
20,B,100,3,1,1.7657396797970777
20,B,100,3,2,2.284854476617084
20,B,100,3,3,1.6201333565472054
20,B,100,3,4,1.6073585563058752
20,B,100,3,5,1.4843516693916348
20,B,100,3,6,2.395367752830934
20,B,100,3,7,2.3708679158433053
20,B,100,3,8,1.8321712610146217
20,B,100,3,9,0.9994497404470708
20,B,100,4,0,0.43008502031074225
20,B,100,4,1,0.493497876915342
20,B,100,4,2,0.42588411623341405
20,B,100,4,3,0.07204877685199523
20,B,100,4,4,0.1613527075556932
20,B,100,4,5,0.3633671950894157
20,B,100,4,6,-0.1785877565131861
20,B,100,4,7,0.3880198733565321
20,B,100,4,8,-0.019547283984314975
20,B,100,4,9,0.06208701374123762
20,B,100,5,0,-0.37859964081960057
20,B,100,5,1,-0.9573437740742016
20,B,100,5,2,-0.3468443666781291
20,B,100,5,3,-0.872826105972209
20,B,100,5,4,-0.4309913519454667
20,B,100,5,5,-1.092919176184965
20,B,100,5,6,-0.7530516918402889
20,B,100,5,7,-0.3108392790015836
20,B,100,5,8,-0.5057466504372489
20,B,100,5,9,-0.6969023389433606
20,B,100,6,0,-0.4950069597633806
20,B,100,6,1,-0.12027430289777265
20,B,100,6,2,-0.19827553730900668
20,B,100,6,3,-0.3371056316598334
20,B,100,6,4,-0.09785350319436134
20,B,100,6,5,0.0026010627841242867
20,B,100,6,6,-0.10064797720756057
20,B,100,6,7,-0.03267891297608604
20,B,100,6,8,-0.09435554642250389
20,B,100,6,9,-0.10820336588246393
20,B,100,7,0,-0.3176251282260172
20,B,100,7,1,-0.1561839763101981
20,B,100,7,2,-0.13671599295935544
20,B,100,7,3,-0.038606940493032295
20,B,100,7,4,-0.1685525204832933
20,B,100,7,5,-0.16087350779477919
20,B,100,7,6,-0.12069156063094291
20,B,100,7,7,-0.19226976119997177
20,B,100,7,8,-0.12015257468431377
20,B,100,7,9,-0.1480131247148458
20,B,100,8,0,1.738345694233314
20,B,100,8,1,1.204115190819352
20,B,100,8,2,1.681972686996079
20,B,100,8,3,2.0855296094631535
20,B,100,8,4,2.1599704267878983
20,B,100,8,5,2.4955540135745453
20,B,100,8,6,2.5458138736070626
20,B,100,8,7,2.268732133515402
20,B,100,8,8,2.5475266708040065
20,B,100,8,9,1.7063795193365876
20,B,100,9,0,1.152825502204643
20,B,100,9,1,0.9127884249234601
20,B,100,9,2,0.7366013457513354
20,B,100,9,3,1.056630749824046
20,B,100,9,4,1.1909168502088063
20,B,100,9,5,0.6789539890197828
20,B,100,9,6,0.8758699911248969
20,B,100,9,7,0.9280129927797056
20,B,100,9,8,0.9956888659186932
20,B,100,9,9,1.129232998015099
21,A,0.05,0,0,0.22970679033224936
21,A,0.05,0,1,0.0967871824424736
21,A,0.05,0,2,0.25335650211561306
21,A,0.05,0,3,0.5124303515227369
21,A,0.05,0,4,0.6511050051567108
21,A,0.05,0,5,0.3327603748382802
21,A,0.05,0,6,0.554384986642661
21,A,0.05,0,7,0.38772308472013334
21,A,0.05,0,8,0.49917794129018905
21,A,0.05,0,9,0.6640197141174994
21,A,0.05,1,0,1.4451372057240643
21,A,0.05,1,1,1.3500436726518925
21,A,0.05,1,2,1.6370124953443288
21,A,0.05,1,3,1.335639049764497
21,A,0.05,1,4,1.289134329016191
21,A,0.05,1,5,1.2730354437020366
21,A,0.05,1,6,1.4619638737214309
21,A,0.05,1,7,1.5736676252688535
21,A,0.05,1,8,1.3398817367491593
21,A,0.05,1,9,2.2945163312567685
21,A,0.05,2,0,-0.10927901738610267
21,A,0.05,2,1,-0.3008322353492343
21,A,0.05,2,2,-0.22321741932667616
21,A,0.05,2,3,-0.7903647398699764
21,A,0.05,2,4,-0.8375219001082617
21,A,0.05,2,5,-0.5417866076194703
21,A,0.05,2,6,-0.4591407117082166
21,A,0.05,2,7,0.2430184020527128
21,A,0.05,2,8,0.032888966107432915
21,A,0.05,2,9,0.149858492966957
21,A,0.05,3,0,-0.5545414563274815
21,A,0.05,3,1,-0.2940303296496921
21,A,0.05,3,2,-0.09496472984706714
21,A,0.05,3,3,0.3563724599076548
21,A,0.05,3,4,0.11352271785587172
21,A,0.05,3,5,0.40709273234139465
21,A,0.05,3,6,-0.6064025994577609
21,A,0.05,3,7,0.5101353571302715
21,A,0.05,3,8,0.3053434478212063
21,A,0.05,3,9,0.5904853740185876
21,A,0.05,4,0,-1.2773792828966868
21,A,0.05,4,1,-1.3153056287477822
21,A,0.05,4,2,-0.8784269488889193
21,A,0.05,4,3,-0.9554106938002699
21,A,0.05,4,4,-1.0713848987196872
21,A,0.05,4,5,-1.6634831962071366
21,A,0.05,4,6,-1.0811252259975002
21,A,0.05,4,7,-0.8729795401611686
21,A,0.05,4,8,-0.7002824150101696
21,A,0.05,4,9,-1.2478189036463383
21,A,0.05,5,0,-0.27519203742208537
21,A,0.05,5,1,-0.4050548889641274
21,A,0.05,5,2,-0.6836443162358867
21,A,0.05,5,3,-0.3820148251245196
21,A,0.05,5,4,-0.37721074544649036
21,A,0.05,5,5,-0.4250760959877559
21,A,0.05,5,6,-0.4797688272890307
21,A,0.05,5,7,-0.5061835626926794
21,A,0.05,5,8,-0.5486913353270529
21,A,0.05,5,9,-0.632528099384729
21,A,0.05,6,0,-0.17203935576293
21,A,0.05,6,1,-0.1348648323494595
21,A,0.05,6,2,-0.1968301592023755
21,A,0.05,6,3,0.008544125513334142
21,A,0.05,6,4,0.1328998806097878
21,A,0.05,6,5,0.09033430751676823
21,A,0.05,6,6,-0.14525140831213293
21,A,0.05,6,7,-0.2605268080453396
21,A,0.05,6,8,-0.2242827280593663
21,A,0.05,6,9,0.6639038993991884
21,A,0.05,7,0,0.16589768580850456
21,A,0.05,7,1,0.42734750239955654
21,A,0.05,7,2,0.46533499403031103
21,A,0.05,7,3,0.242022742942801
21,A,0.05,7,4,0.14151772889315178
21,A,0.05,7,5,0.8595429776490964
21,A,0.05,7,6,-0.3807046370256716
21,A,0.05,7,7,1.0485851516405809
21,A,0.05,7,8,-0.4248980334330994
21,A,0.05,7,9,1.02922477775474
21,A,0.05,8,0,0.2742434231036331
21,A,0.05,8,1,0.5686068316859031
21,A,0.05,8,2,0.1986833937531421
21,A,0.05,8,3,0.28485037364707194
21,A,0.05,8,4,0.39854316428852493
21,A,0.05,8,5,0.6942121617452817
21,A,0.05,8,6,0.45932491547294657
21,A,0.05,8,7,0.26168819284729017
21,A,0.05,8,8,0.4166421545141966
21,A,0.05,8,9,0.8094926628275495
21,A,0.05,9,0,-0.01025810978322465
21,A,0.05,9,1,0.09836733116418674
21,A,0.05,9,2,0.0650220057966202
21,A,0.05,9,3,0.005785428198527307
21,A,0.05,9,4,0.10631721813870458
21,A,0.05,9,5,-0.1411158122161047
21,A,0.05,9,6,-0.3657925726928759
21,A,0.05,9,7,-0.2771377868234707
21,A,0.05,9,8,-0.2639790791367335
21,A,0.05,9,9,-0.010765487794959595
21,B,100,0,0,-0.5892093768979002
21,B,100,0,1,0.045856841913843135
21,B,100,0,2,0.33280071090422353
21,B,100,0,3,-0.38392412461287345
21,B,100,0,4,0.10170373647336055
21,B,100,0,5,-0.2055679728342831
21,B,100,0,6,-0.24837698269761654
21,B,100,0,7,-0.49268110194182885
21,B,100,0,8,0.12103955876715161
21,B,100,0,9,-0.15360651611278725
21,B,100,1,0,2.3416105398950786
21,B,100,1,1,2.3296559185235313
21,B,100,1,2,1.7210724774133894
21,B,100,1,3,1.4261748593316124
21,B,100,1,4,2.234230491833394
21,B,100,1,5,1.8753524276346798
21,B,100,1,6,1.937791177026151
21,B,100,1,7,1.8077711901230555
21,B,100,1,8,1.5010285274475905
21,B,100,1,9,1.219742453090456
21,B,100,2,0,0.6628625401470947
21,B,100,2,1,0.9762353738808275
21,B,100,2,2,1.1503835709142816
21,B,100,2,3,0.9368038109451765
21,B,100,2,4,0.773469223021276
21,B,100,2,5,0.7100302238743502
21,B,100,2,6,0.6342069480482918
21,B,100,2,7,-0.1281121625156441
21,B,100,2,8,0.006660337022291635
21,B,100,2,9,0.4773501235803561
21,B,100,3,0,0.10308206627830027
21,B,100,3,1,0.010235573856528837
21,B,100,3,2,0.150048410031448
21,B,100,3,3,0.15460321133319627
21,B,100,3,4,0.32977444105771053
21,B,100,3,5,-0.03313791198178733
21,B,100,3,6,-0.01750766230215819
21,B,100,3,7,0.10275269264399753
21,B,100,3,8,-0.05454957916105684
21,B,100,3,9,0.13964153323183753
21,B,100,4,0,-1.0787531203138132
21,B,100,4,1,-1.1013390239685337
21,B,100,4,2,-1.3063595332358147
21,B,100,4,3,-0.6336177959596174
21,B,100,4,4,-0.8005320347876305
21,B,100,4,5,-0.839247486429327
21,B,100,4,6,-1.421196122134211
21,B,100,4,7,-1.077938298623224
21,B,100,4,8,-0.7655847598358735
21,B,100,4,9,-0.8013775328308945
21,B,100,5,0,0.9208346203584887
21,B,100,5,1,0.9454058747094783
21,B,100,5,2,1.0768045828615824
21,B,100,5,3,0.766019542578218
21,B,100,5,4,1.1270184961612144
21,B,100,5,5,0.1629648493146997
21,B,100,5,6,0.36397203790086774
21,B,100,5,7,0.6704150024882041
21,B,100,5,8,0.2749492697327901
21,B,100,5,9,0.8907742350318403
21,B,100,6,0,-0.6544717876309505
21,B,100,6,1,-0.44115013083286203
21,B,100,6,2,-0.3212541023602942
21,B,100,6,3,-0.3821200167898955
21,B,100,6,4,-0.5809256790232349
21,B,100,6,5,-0.28235596863854556
21,B,100,6,6,-0.4452153782623676
21,B,100,6,7,-0.3219082777406832
21,B,100,6,8,-0.45439188675716957
21,B,100,6,9,-0.39958132585584155
21,B,100,7,0,0.6191732465017026
21,B,100,7,1,0.22770576465587936
21,B,100,7,2,0.48170875626182647
21,B,100,7,3,0.3539233330244666
21,B,100,7,4,0.8839135067284307
21,B,100,7,5,0.4352529696419294
21,B,100,7,6,0.5579216936496771
21,B,100,7,7,7.40275017990042e-05
21,B,100,7,8,0.5457477885908275
21,B,100,7,9,0.6990409554198124
21,B,100,8,0,0.3746411725750611
21,B,100,8,1,0.31210350671858983
21,B,100,8,2,0.4834649561686846
21,B,100,8,3,0.2541977715812908
21,B,100,8,4,0.34083136081039456
21,B,100,8,5,0.30906403815879063
21,B,100,8,6,0.3648704242715981
21,B,100,8,7,0.2143815973687013
21,B,100,8,8,0.18150239671570542
21,B,100,8,9,0.2709789161402211
21,B,100,9,0,0.4737132204769512
21,B,100,9,1,0.5955772374214472
21,B,100,9,2,0.9428342484152685
21,B,100,9,3,0.41175878094840584
21,B,100,9,4,0.6544406210320199
21,B,100,9,5,0.8064715539230166
21,B,100,9,6,0.7534414509222664
21,B,100,9,7,0.14992647076400076
21,B,100,9,8,0.41161617305104026
21,B,100,9,9,0.5709144753279006
22,A,0.05,0,0,-0.3876819271062074
22,A,0.05,0,1,-1.1139044752150582
22,A,0.05,0,2,-0.5318567859481037
22,A,0.05,0,3,-0.7517131393175918
22,A,0.05,0,4,-0.48964427214243655
22,A,0.05,0,5,-0.5786572300072328
22,A,0.05,0,6,-0.5106700077605864
22,A,0.05,0,7,-0.5218914212892263
22,A,0.05,0,8,-0.4769916015985053
22,A,0.05,0,9,-0.5284837790481507
22,A,0.05,1,0,0.6990308652299634
22,A,0.05,1,1,1.0518923965484803
22,A,0.05,1,2,1.0238734605409805
22,A,0.05,1,3,1.3578638393050475
22,A,0.05,1,4,0.8333784174783911
22,A,0.05,1,5,0.9181521403257282
22,A,0.05,1,6,1.53844332822856
22,A,0.05,1,7,1.5993876678568266
22,A,0.05,1,8,1.3297991327400838
22,A,0.05,1,9,1.6711215056273085
22,A,0.05,2,0,-0.23468568007414048
22,A,0.05,2,1,-0.34468772070456766
22,A,0.05,2,2,0.7252522070109643
22,A,0.05,2,3,-0.39090071631509926
22,A,0.05,2,4,0.12547374828673685
22,A,0.05,2,5,-0.10191588692883377
22,A,0.05,2,6,-0.2743069731587128
22,A,0.05,2,7,-0.2749310382367177
22,A,0.05,2,8,0.0287070808514105
22,A,0.05,2,9,0.43270355348264883
22,A,0.05,3,0,0.318759328141593
22,A,0.05,3,1,0.23669501798507106
22,A,0.05,3,2,0.2829666966495475
22,A,0.05,3,3,0.38740893130349496
22,A,0.05,3,4,0.9433926665141987
22,A,0.05,3,5,0.8793149118264608
22,A,0.05,3,6,0.8494583948138098
22,A,0.05,3,7,0.9727920853295885
22,A,0.05,3,8,0.851821562688877
22,A,0.05,3,9,0.8668506035188617
22,A,0.05,4,0,-2.6545502488726
22,A,0.05,4,1,-2.0181785085285586
22,A,0.05,4,2,-1.8262547505246507
22,A,0.05,4,3,-2.938244401211366
22,A,0.05,4,4,-1.5952069241604145
22,A,0.05,4,5,-2.468003038795274
22,A,0.05,4,6,-2.4150833859570686
22,A,0.05,4,7,-2.0235182902140996
22,A,0.05,4,8,-2.2928716007932395
22,A,0.05,4,9,-2.8952454299189734
22,A,0.05,5,0,0.45383054019527147
22,A,0.05,5,1,1.6572381011064754
22,A,0.05,5,2,0.6073441747283059
22,A,0.05,5,3,0.9350415979495469
22,A,0.05,5,4,0.8824866938563919
22,A,0.05,5,5,2.13514642703799
22,A,0.05,5,6,2.5404025471917304
22,A,0.05,5,7,1.7535087897702337
22,A,0.05,5,8,1.5115224910763878
22,A,0.05,5,9,2.305739549831179
22,A,0.05,6,0,-0.15239182059095688
22,A,0.05,6,1,0.03687703592560681
22,A,0.05,6,2,-0.4363302205457512
22,A,0.05,6,3,-0.033554915486998696
22,A,0.05,6,4,-0.03745821099057626
22,A,0.05,6,5,-0.006762424789446174
22,A,0.05,6,6,0.10054380397877619
22,A,0.05,6,7,-0.1166579177228022
22,A,0.05,6,8,0.18230079272528596
22,A,0.05,6,9,-0.19047772684957592
22,A,0.05,7,0,0.15926516978080213
22,A,0.05,7,1,0.5386141410966202
22,A,0.05,7,2,0.7630794826148873
22,A,0.05,7,3,0.43634079837507783
22,A,0.05,7,4,0.7224502830208375
22,A,0.05,7,5,1.2075174889203864
22,A,0.05,7,6,0.9603416934963211
22,A,0.05,7,7,0.16268187920991475
22,A,0.05,7,8,1.003269453195457
22,A,0.05,7,9,0.2176263905089602
22,A,0.05,8,0,-1.4985782458777097
22,A,0.05,8,1,-1.4295164157188969
22,A,0.05,8,2,-1.921257241489705
22,A,0.05,8,3,-1.7385374138548493
22,A,0.05,8,4,-1.7905287314187985
22,A,0.05,8,5,-1.184352722402568
22,A,0.05,8,6,-1.647273179922181
22,A,0.05,8,7,-1.7364088397397706
22,A,0.05,8,8,-1.6961266705275382
22,A,0.05,8,9,-1.6426105972832994
22,A,0.05,9,0,-0.9049464352544815
22,A,0.05,9,1,-0.8991033352895454
22,A,0.05,9,2,-1.0125831268112093
22,A,0.05,9,3,-0.8617687312875766
22,A,0.05,9,4,-1.0370128241576235
22,A,0.05,9,5,-0.5610895712759482
22,A,0.05,9,6,-0.5978921727223864
22,A,0.05,9,7,-0.4652214339053374
22,A,0.05,9,8,-0.399766053029562
22,A,0.05,9,9,-0.5960908879843632
22,B,100,0,0,1.375216307606336
22,B,100,0,1,0.9014552783430548
22,B,100,0,2,0.4023531115666397
22,B,100,0,3,0.40534877143632486
22,B,100,0,4,1.592757353089218
22,B,100,0,5,1.6364023784355113
22,B,100,0,6,0.641662639385579
22,B,100,0,7,1.0233127228003278
22,B,100,0,8,0.9013938874038421
22,B,100,0,9,1.116588240386713
22,B,100,1,0,-0.19280086365330695
22,B,100,1,1,0.02084566578913656
22,B,100,1,2,0.37731624433944405
22,B,100,1,3,0.4577766916261626
22,B,100,1,4,-0.4905874539656507
22,B,100,1,5,-0.47182168675800223
22,B,100,1,6,-0.7137460066027037
22,B,100,1,7,-0.28643570290318804
22,B,100,1,8,-0.6147712513313411
22,B,100,1,9,-0.2465806046435842
22,B,100,2,0,-0.018479311114246857
22,B,100,2,1,0.442862911451446
22,B,100,2,2,0.6889063769456144
22,B,100,2,3,0.19353175543763917
22,B,100,2,4,0.8429001868336414
22,B,100,2,5,0.76394995419834
22,B,100,2,6,0.5307988805723743
22,B,100,2,7,0.5447772086515199
22,B,100,2,8,0.6691946209174273
22,B,100,2,9,0.3764294099398498
22,B,100,3,0,0.425030472201817
22,B,100,3,1,0.6721361307169653
22,B,100,3,2,0.3643115893598599
22,B,100,3,3,0.49309749580678347
22,B,100,3,4,0.48652635184618687
22,B,100,3,5,-0.0007020136413357968
22,B,100,3,6,0.4940825737779954
22,B,100,3,7,0.5941380261397615
22,B,100,3,8,0.28325852862085277
22,B,100,3,9,0.5892970773641943
22,B,100,4,0,-0.7287596548658231
22,B,100,4,1,-0.3938419034984552
22,B,100,4,2,-0.700879133017387
22,B,100,4,3,-0.742274403449702
22,B,100,4,4,0.2237304035988892
22,B,100,4,5,0.19563236417208596
22,B,100,4,6,-0.5790120238040052
22,B,100,4,7,-0.7247108177668278
22,B,100,4,8,-0.7542647652521237
22,B,100,4,9,-0.530809559496857
22,B,100,5,0,-0.7951964443835297
22,B,100,5,1,-0.18488248296159893
22,B,100,5,2,-0.6313797912267928
22,B,100,5,3,0.5852141748586048
22,B,100,5,4,-0.13901096033387136
22,B,100,5,5,-1.0542362644230305
22,B,100,5,6,-0.46141451510018416
22,B,100,5,7,-0.2265303282790402
22,B,100,5,8,-0.8080639342362601
22,B,100,5,9,-0.8230035873882622
22,B,100,6,0,-1.2082149509049298
22,B,100,6,1,-1.2513244990279855
22,B,100,6,2,-1.241842296254533
22,B,100,6,3,-1.2597226143992013
22,B,100,6,4,-1.4686444241838628
22,B,100,6,5,-0.8306480024454037
22,B,100,6,6,-1.1963485606980895
22,B,100,6,7,-1.2513090876469541
22,B,100,6,8,-0.944664090657608
22,B,100,6,9,-1.395025679127349
22,B,100,7,0,0.7721142715241617
22,B,100,7,1,1.4041636926079049
22,B,100,7,2,1.14507598137831
22,B,100,7,3,1.0703269909598971
22,B,100,7,4,0.9788080246051853
22,B,100,7,5,0.7768817737067494
22,B,100,7,6,1.0598375197836263
22,B,100,7,7,0.6078741722146064
22,B,100,7,8,1.0254300439752972
22,B,100,7,9,0.9808007880818572
22,B,100,8,0,-1.810641864129349
22,B,100,8,1,-2.274795464907331
22,B,100,8,2,-1.4675954627324397
22,B,100,8,3,-1.712740908477047
22,B,100,8,4,-1.8089992212383863
22,B,100,8,5,-1.2908635207654688
22,B,100,8,6,-1.1974232875291275
22,B,100,8,7,-1.0179544161466223
22,B,100,8,8,-0.9256181147959556
22,B,100,8,9,-1.2333750408719721
22,B,100,9,0,-0.6256586756956313
22,B,100,9,1,-0.6060602486983452
22,B,100,9,2,-0.5381216639256468
22,B,100,9,3,-0.992552658493658
22,B,100,9,4,-0.6958876000982482
22,B,100,9,5,-0.9013168294069571
22,B,100,9,6,-0.8113079555853843
22,B,100,9,7,-0.8812911964380482
22,B,100,9,8,-0.5012045506997846
22,B,100,9,9,-0.6002906075704482
23,A,0.05,0,0,-0.28249686247701894
23,A,0.05,0,1,-0.2863344666429971
23,A,0.05,0,2,-0.445080086791151
23,A,0.05,0,3,-0.28623891649075595
23,A,0.05,0,4,-0.210278347108575
23,A,0.05,0,5,-0.5169136312375304
23,A,0.05,0,6,-0.3539184401352973
23,A,0.05,0,7,-0.7368306088826561
23,A,0.05,0,8,-0.5369094859372131
23,A,0.05,0,9,-0.5583839292927425
23,A,0.05,1,0,0.28762667477384574
23,A,0.05,1,1,-0.20210300560058486
23,A,0.05,1,2,-0.1787764781274077
23,A,0.05,1,3,0.1554021721873025
23,A,0.05,1,4,0.7983216421077269
23,A,0.05,1,5,0.3041058357895762
23,A,0.05,1,6,0.42354526013415733
23,A,0.05,1,7,-0.05660495389023462
23,A,0.05,1,8,0.4367265206648345
23,A,0.05,1,9,0.16550399892887144
23,A,0.05,2,0,-1.841416595323937
23,A,0.05,2,1,-1.715947348324244
23,A,0.05,2,2,-1.7213933412107358
23,A,0.05,2,3,-1.6658540605847887
23,A,0.05,2,4,-1.4095333821540525
23,A,0.05,2,5,-1.5829860995991083
23,A,0.05,2,6,-1.8076877007997307
23,A,0.05,2,7,-1.5124112014651836
23,A,0.05,2,8,-1.576275814084181
23,A,0.05,2,9,-1.7310890246273651
23,A,0.05,3,0,0.1784801533185539
23,A,0.05,3,1,0.18160571939597353
23,A,0.05,3,2,1.5138765860056742
23,A,0.05,3,3,0.07338638500790287
23,A,0.05,3,4,0.2346611895743376
23,A,0.05,3,5,0.18786841409206448
23,A,0.05,3,6,0.1929332317768595
23,A,0.05,3,7,-0.5818253556031677
23,A,0.05,3,8,-0.21748166229336352
23,A,0.05,3,9,0.27663172167211925
23,A,0.05,4,0,-1.5666605678568604
23,A,0.05,4,1,-1.5241166912376167
23,A,0.05,4,2,-1.6728295464065734
23,A,0.05,4,3,-1.3698515161282352
23,A,0.05,4,4,-1.5182725294393828
23,A,0.05,4,5,-1.300504956360688
23,A,0.05,4,6,-1.3223803619854153
23,A,0.05,4,7,-1.412022334073819
23,A,0.05,4,8,-1.4289427413920082
23,A,0.05,4,9,-1.291469096768726
23,A,0.05,5,0,-1.597132529036683
23,A,0.05,5,1,-1.610916969341987
23,A,0.05,5,2,-1.6354859486950029
23,A,0.05,5,3,-1.2895565043995205
23,A,0.05,5,4,-1.2008023651947253
23,A,0.05,5,5,-1.1294815602398929
23,A,0.05,5,6,-1.4137565438234108
23,A,0.05,5,7,-1.5178572140397226
23,A,0.05,5,8,-1.253397649205101
23,A,0.05,5,9,-1.6755456120763867
23,A,0.05,6,0,0.8542624380831761
23,A,0.05,6,1,0.9100188095479258
23,A,0.05,6,2,0.772058970440481
23,A,0.05,6,3,0.885264044600803
23,A,0.05,6,4,0.6967912236652415
23,A,0.05,6,5,0.8462160312129147
23,A,0.05,6,6,0.6505807814058271
23,A,0.05,6,7,0.67203515762646
23,A,0.05,6,8,0.492078637488974
23,A,0.05,6,9,1.3295740837085863
23,A,0.05,7,0,0.7646475645528417
23,A,0.05,7,1,1.0688562405152364
23,A,0.05,7,2,1.2877718221809658
23,A,0.05,7,3,1.8062900072520724
23,A,0.05,7,4,1.6005152136188219
23,A,0.05,7,5,1.7011519088836813
23,A,0.05,7,6,1.241484872325701
23,A,0.05,7,7,1.1962728271658574
23,A,0.05,7,8,1.2845269966224255
23,A,0.05,7,9,1.610123705640979
23,A,0.05,8,0,-0.044073921775224935
23,A,0.05,8,1,-0.0807011171844346
23,A,0.05,8,2,0.2516350851217122
23,A,0.05,8,3,-0.012936639184798798
23,A,0.05,8,4,-0.22619712751043086
23,A,0.05,8,5,0.05773556450360497
23,A,0.05,8,6,-0.06756332451262419
23,A,0.05,8,7,-0.1877131501196987
23,A,0.05,8,8,-0.29806439017938763
23,A,0.05,8,9,-0.16048788883118176
23,A,0.05,9,0,0.40065592939938977
23,A,0.05,9,1,0.4789877032260927
23,A,0.05,9,2,0.6291607114578772
23,A,0.05,9,3,0.11545746806740288
23,A,0.05,9,4,0.2596429818066419
23,A,0.05,9,5,0.32255050790987966
23,A,0.05,9,6,0.6830145399103865
23,A,0.05,9,7,0.29220405400340677
23,A,0.05,9,8,0.8062243383728797
23,A,0.05,9,9,0.5821478131394952
23,B,100,0,0,-0.33551282702312746
23,B,100,0,1,-0.4250159009185187
23,B,100,0,2,-0.8356488670910323
23,B,100,0,3,-0.5824511139810892
23,B,100,0,4,-0.6535298611218066
23,B,100,0,5,-0.5499162895692118
23,B,100,0,6,-0.7499310583334203
23,B,100,0,7,-0.9980698061377663
23,B,100,0,8,-0.40214181352323347
23,B,100,0,9,-0.3365004885645509
23,B,100,1,0,0.009357754646655024
23,B,100,1,1,-0.17009659069766309
23,B,100,1,2,0.06327929130246888
23,B,100,1,3,-0.1862482042376834
23,B,100,1,4,0.3087225077741877
23,B,100,1,5,-0.23117823785373404
23,B,100,1,6,0.17071328950334408
23,B,100,1,7,-0.04573107099833893
23,B,100,1,8,0.13590099915236598
23,B,100,1,9,-0.20044386042744158
23,B,100,2,0,-2.3416571549280545
23,B,100,2,1,-2.676814753929898
23,B,100,2,2,-1.49436405503007
23,B,100,2,3,-1.1026662542154237
23,B,100,2,4,-1.0612388707922185
23,B,100,2,5,-1.8375365024611714
23,B,100,2,6,-0.3232340381635247
23,B,100,2,7,-1.2258894374807188
23,B,100,2,8,-0.911634961719774
23,B,100,2,9,-0.7416773194479427
23,B,100,3,0,-0.07882049335255419
23,B,100,3,1,-0.1919548602635723
23,B,100,3,2,-0.07070872134941618
23,B,100,3,3,0.03794894397317289
23,B,100,3,4,-0.0018276899140859603
23,B,100,3,5,0.01936798879064528
23,B,100,3,6,0.037208080056566006
23,B,100,3,7,0.08798413841290628
23,B,100,3,8,0.023498342498121307
23,B,100,3,9,-0.058244037655760084
23,B,100,4,0,-0.3510278376356898
23,B,100,4,1,0.07482887766753005
23,B,100,4,2,-0.1695315232658329
23,B,100,4,3,-0.045560491777239476
23,B,100,4,4,0.017232245994359796
23,B,100,4,5,-0.5419762488067722
23,B,100,4,6,0.01805295332369484
23,B,100,4,7,0.17115065241768135
23,B,100,4,8,0.04422375586122828
23,B,100,4,9,-0.06024563981410596
23,B,100,5,0,-0.5641697183593997
23,B,100,5,1,-0.032575610894024526
23,B,100,5,2,-0.126669591925307
23,B,100,5,3,-0.30310298274770825
23,B,100,5,4,-0.597025510367334
23,B,100,5,5,0.0067496819058584815
23,B,100,5,6,-0.5211714605772805
23,B,100,5,7,-0.27682003277204414
23,B,100,5,8,-0.41801617210900716
23,B,100,5,9,-0.3929903349700442
23,B,100,6,0,-0.826000768583699
23,B,100,6,1,-0.8135005531394207
23,B,100,6,2,-0.4713497258233514
23,B,100,6,3,-1.013320734763312
23,B,100,6,4,-0.8503086433045939
23,B,100,6,5,-0.7901447372849314
23,B,100,6,6,-0.5603162072913095
23,B,100,6,7,-1.0310554161602168
23,B,100,6,8,-0.9226229797214054
23,B,100,6,9,-0.6983346754376504
23,B,100,7,0,-0.8176243220205497
23,B,100,7,1,-0.666640188625006
23,B,100,7,2,-0.7754829848170591
23,B,100,7,3,-0.5679205963773016
23,B,100,7,4,-0.9596694451358098
23,B,100,7,5,-0.6078028545484343
23,B,100,7,6,-1.0675800563173141
23,B,100,7,7,-0.5945808253328309
23,B,100,7,8,-0.7970486953046648
23,B,100,7,9,-0.6491907364405397
23,B,100,8,0,0.22064933818748278
23,B,100,8,1,0.020615874051066282
23,B,100,8,2,-0.09307124415798822
23,B,100,8,3,0.37880896174086953
23,B,100,8,4,0.5912731297608464
23,B,100,8,5,0.2535895848663461
23,B,100,8,6,0.0951316592811508
23,B,100,8,7,-0.47803136317786377
23,B,100,8,8,-0.07276542142889618
23,B,100,8,9,0.5727162142361074
23,B,100,9,0,0.38950247080506273
23,B,100,9,1,-0.19066274071041783
23,B,100,9,2,-0.013922412240251586
23,B,100,9,3,0.4315853276054494
23,B,100,9,4,0.2633555915380578
23,B,100,9,5,0.16123086839320885
23,B,100,9,6,0.5744620212549602
23,B,100,9,7,0.3715272744258802
23,B,100,9,8,0.39942550916298225
23,B,100,9,9,0.35787215754859336
24,A,0.05,0,0,1.2619433318978346
24,A,0.05,0,1,1.0294400671475694
24,A,0.05,0,2,0.730327201975491
24,A,0.05,0,3,1.310413025899609
24,A,0.05,0,4,1.1597986193758738
24,A,0.05,0,5,1.2451775578623747
24,A,0.05,0,6,1.1433474923531453
24,A,0.05,0,7,1.159501400182283
24,A,0.05,0,8,1.5161875935421718
24,A,0.05,0,9,1.018720786977895
24,A,0.05,1,0,0.4594144344665151
24,A,0.05,1,1,0.4207232611647556
24,A,0.05,1,2,0.6225259678680766
24,A,0.05,1,3,0.6015134679708775
24,A,0.05,1,4,0.33584227814046225
24,A,0.05,1,5,0.5604618971496735
24,A,0.05,1,6,0.5138368321169818
24,A,0.05,1,7,0.5453230221570079
24,A,0.05,1,8,0.19779357051375243
24,A,0.05,1,9,0.19858626368949367
24,A,0.05,2,0,-0.13908683359123755
24,A,0.05,2,1,-0.2839132781998314
24,A,0.05,2,2,-0.35020066609642386
24,A,0.05,2,3,-0.23358128333924125
24,A,0.05,2,4,-0.3461096064303151
24,A,0.05,2,5,-0.6022258502502743
24,A,0.05,2,6,-0.3498301989284077
24,A,0.05,2,7,-0.30521056635481686
24,A,0.05,2,8,-0.27800302870210725
24,A,0.05,2,9,-0.32951590706637973
24,A,0.05,3,0,-0.1709313664077191
24,A,0.05,3,1,-0.009114007639952532
24,A,0.05,3,2,0.0752233016750469
24,A,0.05,3,3,0.31914556164570873
24,A,0.05,3,4,0.05587299184570405
24,A,0.05,3,5,-0.008152732018040305
24,A,0.05,3,6,0.1923770241973461
24,A,0.05,3,7,0.07285036558675516
24,A,0.05,3,8,0.036472394004236464
24,A,0.05,3,9,-0.08262666676014277
24,A,0.05,4,0,-0.16400674819933372
24,A,0.05,4,1,-0.10832592458594288
24,A,0.05,4,2,-0.14239218851849766
24,A,0.05,4,3,-0.09039497424528864
24,A,0.05,4,4,-0.17935735903393807
24,A,0.05,4,5,-0.1805810338644209
24,A,0.05,4,6,-0.19405891085153226
24,A,0.05,4,7,-0.12565520493327537
24,A,0.05,4,8,-0.23562814545790442
24,A,0.05,4,9,-0.31829091087668837
24,A,0.05,5,0,-0.5087210480224255
24,A,0.05,5,1,-0.49258850687546146
24,A,0.05,5,2,-0.40908835322582865
24,A,0.05,5,3,-0.5979408201948115
24,A,0.05,5,4,-0.4041857938925434
24,A,0.05,5,5,-0.30131652110718443
24,A,0.05,5,6,-0.4333908389359549
24,A,0.05,5,7,-0.6571029886784846
24,A,0.05,5,8,-0.42690400110469884
24,A,0.05,5,9,-0.45665041561068076
24,A,0.05,6,0,-0.16745046724915477
24,A,0.05,6,1,0.688911367700309
24,A,0.05,6,2,0.5714248426628636
24,A,0.05,6,3,-0.32423524095122286
24,A,0.05,6,4,1.1948685960613843
24,A,0.05,6,5,0.24916131510000292
24,A,0.05,6,6,0.9162939578855169
24,A,0.05,6,7,0.5572848249664013
24,A,0.05,6,8,0.6052745717060646
24,A,0.05,6,9,-0.6369845780765673
24,A,0.05,7,0,0.9369539243326294
24,A,0.05,7,1,0.6495099518533307
24,A,0.05,7,2,0.714591657728995
24,A,0.05,7,3,0.9342770807182128
24,A,0.05,7,4,1.042403216923317
24,A,0.05,7,5,0.7690804222453246
24,A,0.05,7,6,0.43694124210069835
24,A,0.05,7,7,0.5292484998663656
24,A,0.05,7,8,0.5083598777557858
24,A,0.05,7,9,0.5949100303878951
24,A,0.05,8,0,-0.10123851549547397
24,A,0.05,8,1,0.21514851077647712
24,A,0.05,8,2,0.3176139216934502
24,A,0.05,8,3,-0.07179303603474199
24,A,0.05,8,4,-0.3650846575594367
24,A,0.05,8,5,-0.2052232946726713
24,A,0.05,8,6,-0.17150182964664926
24,A,0.05,8,7,0.4117570359918373
24,A,0.05,8,8,0.5343331963931726
24,A,0.05,8,9,-0.2911643474691972
24,A,0.05,9,0,0.2957913036933205
24,A,0.05,9,1,0.18395279939060755
24,A,0.05,9,2,0.267610063618597
24,A,0.05,9,3,0.34287462240233985
24,A,0.05,9,4,0.07840267904578978
24,A,0.05,9,5,0.3135270698184018
24,A,0.05,9,6,0.5816352121585183
24,A,0.05,9,7,0.1465710879093396
24,A,0.05,9,8,0.40879433492168554
24,A,0.05,9,9,0.0581538979195796
24,B,100,0,0,-0.6870823291309233
24,B,100,0,1,-0.7777667371440476
24,B,100,0,2,-1.0853745260900312
24,B,100,0,3,-0.3489313388979677
24,B,100,0,4,-0.22189816040060492
24,B,100,0,5,-1.2445634324739678
24,B,100,0,6,-0.6525459458875259
24,B,100,0,7,-0.8654019572407585
24,B,100,0,8,-0.801268006054604
24,B,100,0,9,-0.5166170418772006
24,B,100,1,0,-0.6971266099629563
24,B,100,1,1,-0.39565318421697016
24,B,100,1,2,-0.448230990213782
24,B,100,1,3,-0.49020091106965635
24,B,100,1,4,-0.6850839745777862
24,B,100,1,5,-0.49323994062256926
24,B,100,1,6,-0.6983452360302667
24,B,100,1,7,-1.2398142292032268
24,B,100,1,8,-0.3027477260777549
24,B,100,1,9,-0.4225664351625577
24,B,100,2,0,0.6690618932458023
24,B,100,2,1,0.6448751755835214
24,B,100,2,2,0.47806566113492166
24,B,100,2,3,0.29745717615174966
24,B,100,2,4,0.7204783276753799
24,B,100,2,5,0.6479270395438729
24,B,100,2,6,0.665343284716834
24,B,100,2,7,0.4791473265454005
24,B,100,2,8,0.5716610114061473
24,B,100,2,9,0.6969751305214228
24,B,100,3,0,2.1344575895946476
24,B,100,3,1,1.3264855345935118
24,B,100,3,2,2.3522786286412867
24,B,100,3,3,1.9330577092722703
24,B,100,3,4,1.9472585474803057
24,B,100,3,5,2.2180609746202493
24,B,100,3,6,1.6912859280081654
24,B,100,3,7,0.9546508054758202
24,B,100,3,8,2.1692822925571504
24,B,100,3,9,2.0705635625322727
24,B,100,4,0,0.14766933966229712
24,B,100,4,1,-0.012716873544616224
24,B,100,4,2,-0.210902729516611
24,B,100,4,3,-0.10810437105064422
24,B,100,4,4,0.24249349987746235
24,B,100,4,5,0.2777159400223577
24,B,100,4,6,-0.06835777215364569
24,B,100,4,7,-0.18733621663795405
24,B,100,4,8,0.126740474605197
24,B,100,4,9,0.01350900370085675
24,B,100,5,0,-1.7412339276043696
24,B,100,5,1,-0.9620572511557075
24,B,100,5,2,-0.31309733172710535
24,B,100,5,3,-0.22041190092068821
24,B,100,5,4,-0.31523287197134053
24,B,100,5,5,-0.24747022520397463
24,B,100,5,6,-0.2969453939609359
24,B,100,5,7,-0.3102316129664416
24,B,100,5,8,-1.2485626129032676
24,B,100,5,9,-1.6227802004728944
24,B,100,6,0,1.0352897209577083
24,B,100,6,1,0.6838704434681879
24,B,100,6,2,0.7175958627227593
24,B,100,6,3,0.7341479594181434
24,B,100,6,4,0.2953647347302865
24,B,100,6,5,0.479119321977798
24,B,100,6,6,0.2740866781626983
24,B,100,6,7,0.06327001920327566
24,B,100,6,8,0.8817830701313925
24,B,100,6,9,0.5388063295754457
24,B,100,7,0,0.7230890098001732
24,B,100,7,1,1.3693030175744978
24,B,100,7,2,1.3666022033121188
24,B,100,7,3,0.28283194303865183
24,B,100,7,4,1.4930425960149902
24,B,100,7,5,0.3609965972037377
24,B,100,7,6,0.16700425798029916
24,B,100,7,7,1.5714459226483712
24,B,100,7,8,0.9639177541411645
24,B,100,7,9,1.827083989079427
24,B,100,8,0,0.7337850013335027
24,B,100,8,1,0.5665820919410537
24,B,100,8,2,0.3526870875123362
24,B,100,8,3,0.5108963243295077
24,B,100,8,4,0.9151828318257906
24,B,100,8,5,0.46412310714243415
24,B,100,8,6,0.6400120164724628
24,B,100,8,7,1.1398609024110782
24,B,100,8,8,0.8114797361157196
24,B,100,8,9,0.7752779902483486
24,B,100,9,0,-0.5496274868831125
24,B,100,9,1,-0.06037277702398437
24,B,100,9,2,-0.09995753032551062
24,B,100,9,3,-0.2972413663017321
24,B,100,9,4,-0.2530383753745595
24,B,100,9,5,0.10728985643082067
24,B,100,9,6,-0.10474122900885682
24,B,100,9,7,-0.390912179141214
24,B,100,9,8,-0.10943463628175823
24,B,100,9,9,0.06394913249162495
25,A,0.05,0,0,-1.3905345684590247
25,A,0.05,0,1,-1.4449037363158679
25,A,0.05,0,2,-1.4163251817869296
25,A,0.05,0,3,-1.6783022263238456
25,A,0.05,0,4,-1.5331364325052974
25,A,0.05,0,5,-1.4455355168311301
25,A,0.05,0,6,-1.604691248958094
25,A,0.05,0,7,-1.3168789940421037
25,A,0.05,0,8,-1.5212103535191466
25,A,0.05,0,9,-1.6623450720319317
25,A,0.05,1,0,-0.0435991013031066
25,A,0.05,1,1,-0.4716279812986912
25,A,0.05,1,2,-0.513706374483004
25,A,0.05,1,3,0.009630964004186428
25,A,0.05,1,4,-0.11160218579428206
25,A,0.05,1,5,0.2767690252749712
25,A,0.05,1,6,-0.26000827701546225
25,A,0.05,1,7,0.18397250385617325
25,A,0.05,1,8,-0.2992499569787712
25,A,0.05,1,9,-0.16991931329576979
25,A,0.05,2,0,0.890514980587817
25,A,0.05,2,1,1.241733559264458
25,A,0.05,2,2,0.8939957991091726
25,A,0.05,2,3,0.8771092923326214
25,A,0.05,2,4,1.4199918271543213
25,A,0.05,2,5,1.0116219702592268
25,A,0.05,2,6,1.0172896923984307
25,A,0.05,2,7,-0.13164145207392347
25,A,0.05,2,8,0.13642757780757908
25,A,0.05,2,9,1.433519258467524
25,A,0.05,3,0,-1.237132756785148
25,A,0.05,3,1,-1.2194336449330228
25,A,0.05,3,2,-1.2846695125784087
25,A,0.05,3,3,-1.4646011306173288
25,A,0.05,3,4,-1.0513195650719662
25,A,0.05,3,5,-0.9493611613440721
25,A,0.05,3,6,-1.1415984086395028
25,A,0.05,3,7,-0.8973320096419406
25,A,0.05,3,8,-0.7819839889406898
25,A,0.05,3,9,-0.8782834408369773
25,A,0.05,4,0,-0.018246622971997934
25,A,0.05,4,1,0.2501553644206653
25,A,0.05,4,2,0.06978426767498205
25,A,0.05,4,3,-0.43884760375614346
25,A,0.05,4,4,-0.8104474848433542
25,A,0.05,4,5,-0.03261337431444065
25,A,0.05,4,6,-0.4235996289174373
25,A,0.05,4,7,-0.3844830085248944
25,A,0.05,4,8,-0.015777509577780926
25,A,0.05,4,9,0.20805270187968566
25,A,0.05,5,0,-0.4276927238507944
25,A,0.05,5,1,-0.020964871759041673
25,A,0.05,5,2,-0.15237956006448455
25,A,0.05,5,3,0.0938475054852139
25,A,0.05,5,4,-0.10955151669001502
25,A,0.05,5,5,0.09233149804246511
25,A,0.05,5,6,-0.0042522399415980735
25,A,0.05,5,7,-0.08589208919901489
25,A,0.05,5,8,-0.2738385064264064
25,A,0.05,5,9,-0.4419259045930546
25,A,0.05,6,0,-0.2976959456614089
25,A,0.05,6,1,-0.05397733808775683
25,A,0.05,6,2,0.044803475101050434
25,A,0.05,6,3,-0.2806670041659263
25,A,0.05,6,4,-0.17006736909344386
25,A,0.05,6,5,-0.06810837563215867
25,A,0.05,6,6,-0.11395577345089355
25,A,0.05,6,7,-0.14618491755530624
25,A,0.05,6,8,-0.09693099570098826
25,A,0.05,6,9,-0.014664697631638437
25,A,0.05,7,0,0.11453717324816136
25,A,0.05,7,1,0.854585264967988
25,A,0.05,7,2,0.9285087258433692
25,A,0.05,7,3,0.5997451924259757
25,A,0.05,7,4,0.9553128603854679
25,A,0.05,7,5,-0.08251361643540334
25,A,0.05,7,6,0.7214095503187082
25,A,0.05,7,7,0.7188860368611872
25,A,0.05,7,8,0.5301067058008394
25,A,0.05,7,9,0.9176156165365627
25,A,0.05,8,0,-0.2166145994339587
25,A,0.05,8,1,-0.4339896248313098
25,A,0.05,8,2,-0.3023582608445903
25,A,0.05,8,3,-0.3031120311344849
25,A,0.05,8,4,-0.4744971357167228
25,A,0.05,8,5,-0.07490141924180176
25,A,0.05,8,6,-0.3156408392646075
25,A,0.05,8,7,-0.24147167438133446
25,A,0.05,8,8,-0.5981945271586468
25,A,0.05,8,9,-0.29025786621428595
25,A,0.05,9,0,0.22375070272514713
25,A,0.05,9,1,0.32928608689217437
25,A,0.05,9,2,0.6879386161188813
25,A,0.05,9,3,0.5133602463367876
25,A,0.05,9,4,0.5231134632317722
25,A,0.05,9,5,0.6131349764426492
25,A,0.05,9,6,0.5042348276545958
25,A,0.05,9,7,0.4076066232568823
25,A,0.05,9,8,0.5853271674464153
25,A,0.05,9,9,0.41931623484506514
25,B,100,0,0,-1.12037059479114
25,B,100,0,1,-1.4871036105877677
25,B,100,0,2,-1.4128298343818209
25,B,100,0,3,-0.9771992365513953
25,B,100,0,4,-0.9416897328781729
25,B,100,0,5,-1.1428943644516902
25,B,100,0,6,-1.4071672869984775
25,B,100,0,7,-1.3120339372521093
25,B,100,0,8,-1.2326984714850244
25,B,100,0,9,-1.0039293869072623
25,B,100,1,0,0.34996223352330735
25,B,100,1,1,0.3859333795007881
25,B,100,1,2,0.8352435544891408
25,B,100,1,3,0.20799686097000364
25,B,100,1,4,0.2746283340167704
25,B,100,1,5,0.4151935627029163
25,B,100,1,6,0.19765529757681266
25,B,100,1,7,0.7966715803502884
25,B,100,1,8,0.3976927545259994
25,B,100,1,9,0.27411051491069505
25,B,100,2,0,0.014527270590592405
25,B,100,2,1,-0.38672801173675064
25,B,100,2,2,-0.17779549164502048
25,B,100,2,3,0.2985421316431925
25,B,100,2,4,-0.0834425851448269
25,B,100,2,5,0.0028813259284144617
25,B,100,2,6,-0.3780022605253983
25,B,100,2,7,0.37135222176643345
25,B,100,2,8,0.04032868311914608
25,B,100,2,9,0.27692523451732853
25,B,100,3,0,-0.6821502576546056
25,B,100,3,1,-0.7893646804783035
25,B,100,3,2,-0.7476061958708086
25,B,100,3,3,-0.49670217127122884
25,B,100,3,4,-0.16874608041513936
25,B,100,3,5,-0.24609479278543075
25,B,100,3,6,-0.47800531212746633
25,B,100,3,7,-0.5887135830730755
25,B,100,3,8,-0.2414830651275695
25,B,100,3,9,-0.2728991790869889
25,B,100,4,0,0.08747362377563646
25,B,100,4,1,0.09317139240517383
25,B,100,4,2,0.1479275712814727
25,B,100,4,3,0.03387730208081517
25,B,100,4,4,-0.180809394834382
25,B,100,4,5,-0.25960126595797894
25,B,100,4,6,0.09490371079032094
25,B,100,4,7,0.013278644393475305
25,B,100,4,8,-0.013421133710090861
25,B,100,4,9,0.049923830512455636
25,B,100,5,0,0.14456408058630094
25,B,100,5,1,-0.11679904288059018
25,B,100,5,2,0.24753659805442194
25,B,100,5,3,0.023263393719854034
25,B,100,5,4,0.19123849576821714
25,B,100,5,5,0.1198978549773694
25,B,100,5,6,0.35713304108810606
25,B,100,5,7,0.10302036876742092
25,B,100,5,8,0.03345092546035825
25,B,100,5,9,0.1398271831328115
25,B,100,6,0,1.794297682396281
25,B,100,6,1,2.1391757608205477
25,B,100,6,2,1.678120304217532
25,B,100,6,3,2.3023196112463538
25,B,100,6,4,1.851756667292053
25,B,100,6,5,1.8333011125342584
25,B,100,6,6,1.9798955145021193
25,B,100,6,7,1.730373398795075
25,B,100,6,8,1.9685047231433204
25,B,100,6,9,1.9923771996169142
25,B,100,7,0,0.5988494857646066
25,B,100,7,1,0.41529352916474893
25,B,100,7,2,0.11528427747105112
25,B,100,7,3,0.6730476309523502
25,B,100,7,4,0.4238070831194294
25,B,100,7,5,0.5143885437368062
25,B,100,7,6,0.8666073854605678
25,B,100,7,7,0.8205082731190342
25,B,100,7,8,0.8309755581589879
25,B,100,7,9,0.8235689276883704
25,B,100,8,0,1.0589192428626717
25,B,100,8,1,1.1858445328466256
25,B,100,8,2,0.9973054525008755
25,B,100,8,3,1.3527584064700915
25,B,100,8,4,1.498422831425577
25,B,100,8,5,1.3647271692170273
25,B,100,8,6,1.312620498346485
25,B,100,8,7,1.1602514655748364
25,B,100,8,8,0.02971047248596518
25,B,100,8,9,1.2536023854004048
25,B,100,9,0,0.021471536123899706
25,B,100,9,1,0.14735163075168997
25,B,100,9,2,0.2340108291697252
25,B,100,9,3,0.2128824302924537
25,B,100,9,4,0.1496711070336425
25,B,100,9,5,0.18777482829512882
25,B,100,9,6,0.3849436015272579
25,B,100,9,7,0.14644681441040752
25,B,100,9,8,0.3422942651137101
25,B,100,9,9,0.22891367032488713
26,A,0.05,0,0,0.4460992526629269
26,A,0.05,0,1,0.2973201884645392
26,A,0.05,0,2,0.08868656494923702
26,A,0.05,0,3,0.4198805541802679
26,A,0.05,0,4,0.334001195764969
26,A,0.05,0,5,0.46112172627251596
26,A,0.05,0,6,0.20596470411288473
26,A,0.05,0,7,0.06451981401601717
26,A,0.05,0,8,0.1020934734135971
26,A,0.05,0,9,0.02319975457791638
26,A,0.05,1,0,0.9180186832769025
26,A,0.05,1,1,0.4444197036444577
26,A,0.05,1,2,0.8011421294385986
26,A,0.05,1,3,0.9744578659803969
26,A,0.05,1,4,0.8991264642422307
26,A,0.05,1,5,1.0000328847759195
26,A,0.05,1,6,1.0804865647867958
26,A,0.05,1,7,0.900742574545319
26,A,0.05,1,8,0.7766278748052022
26,A,0.05,1,9,0.56598948362256
26,A,0.05,2,0,-0.18306993021807513
26,A,0.05,2,1,-0.39964697319043463
26,A,0.05,2,2,-0.26839186661047054
26,A,0.05,2,3,-0.10303988001426656
26,A,0.05,2,4,-0.7636235992668879
26,A,0.05,2,5,-0.4648935591091961
26,A,0.05,2,6,-0.45745539120840495
26,A,0.05,2,7,-0.4754580902573007
26,A,0.05,2,8,-0.4611763833630301
26,A,0.05,2,9,-0.37271650103843973
26,A,0.05,3,0,1.2689505474886982
26,A,0.05,3,1,1.0078549540894508
26,A,0.05,3,2,0.6454557123212515
26,A,0.05,3,3,0.8529900755334361
26,A,0.05,3,4,1.1638344070999345
26,A,0.05,3,5,1.1054300399220698
26,A,0.05,3,6,-0.03874414582472966
26,A,0.05,3,7,0.4647529240806373
26,A,0.05,3,8,0.8861324624210342
26,A,0.05,3,9,1.4871317520436684
26,A,0.05,4,0,1.1728339038935065
26,A,0.05,4,1,1.8851513957507637
26,A,0.05,4,2,2.026626393729076
26,A,0.05,4,3,2.358125415479416
26,A,0.05,4,4,2.3047142601789443
26,A,0.05,4,5,1.5819202443597635
26,A,0.05,4,6,1.8952303861499546
26,A,0.05,4,7,1.90126953374067
26,A,0.05,4,8,1.3770957325344657
26,A,0.05,4,9,2.1373028019044535
26,A,0.05,5,0,-0.26677349013317314
26,A,0.05,5,1,-0.8084330052891969
26,A,0.05,5,2,-0.3027531224477166
26,A,0.05,5,3,-0.5840720351340424
26,A,0.05,5,4,-0.32515402758120937
26,A,0.05,5,5,-0.325787340747258
26,A,0.05,5,6,-0.4782467054760592
26,A,0.05,5,7,-0.35037317082968006
26,A,0.05,5,8,-0.20318259168628713
26,A,0.05,5,9,-0.26695863887627125
26,A,0.05,6,0,0.5120395467259261
26,A,0.05,6,1,0.7129819790355071
26,A,0.05,6,2,1.0738425848269213
26,A,0.05,6,3,0.500612893855283
26,A,0.05,6,4,0.39441507887615684
26,A,0.05,6,5,0.9749071107547217
26,A,0.05,6,6,0.8279808730162188
26,A,0.05,6,7,0.7451847040718116
26,A,0.05,6,8,0.007036668023470445
26,A,0.05,6,9,0.7626154806033998
26,A,0.05,7,0,0.03427297930345516
26,A,0.05,7,1,-0.1704475340503425
26,A,0.05,7,2,0.07109873128888161
26,A,0.05,7,3,-0.18896939870259677
26,A,0.05,7,4,-0.19758632452591565
26,A,0.05,7,5,0.03460018412370472
26,A,0.05,7,6,0.0177234332888325
26,A,0.05,7,7,0.07658082979668253
26,A,0.05,7,8,-0.22111901879860477
26,A,0.05,7,9,-0.2368864152590739
26,A,0.05,8,0,-0.1433107641251109
26,A,0.05,8,1,-0.4425658930651772
26,A,0.05,8,2,-0.579895551225342
26,A,0.05,8,3,-0.4770768620209881
26,A,0.05,8,4,-0.5188351348452117
26,A,0.05,8,5,-0.21153322850791406
26,A,0.05,8,6,-0.7858512255781747
26,A,0.05,8,7,-0.39621137667729966
26,A,0.05,8,8,-0.5243201798151277
26,A,0.05,8,9,-0.25088492854473665
26,A,0.05,9,0,1.1832233584372767
26,A,0.05,9,1,0.7992994277012433
26,A,0.05,9,2,0.6566416373326515
26,A,0.05,9,3,1.010011911204676
26,A,0.05,9,4,0.6677975505236448
26,A,0.05,9,5,0.5967576197462128
26,A,0.05,9,6,0.7699174113825256
26,A,0.05,9,7,1.0302904208860846
26,A,0.05,9,8,0.9868732818311594
26,A,0.05,9,9,0.3189655620317122
26,B,100,0,0,-0.31249890595212765
26,B,100,0,1,-0.33144369014939656
26,B,100,0,2,-0.18071444069444553
26,B,100,0,3,0.021494849233641197
26,B,100,0,4,0.18767030857028197
26,B,100,0,5,0.26750863073630743
26,B,100,0,6,0.4279554363763559
26,B,100,0,7,0.16970863865889568
26,B,100,0,8,0.2704574529831283
26,B,100,0,9,0.009771303287642386
26,B,100,1,0,2.379836749593939
26,B,100,1,1,2.3861425050346816
26,B,100,1,2,2.5453785994308853
26,B,100,1,3,2.123065993859766
26,B,100,1,4,3.080270429722331
26,B,100,1,5,2.7343640695105034
26,B,100,1,6,1.821092853688367
26,B,100,1,7,2.3888655696785506
26,B,100,1,8,2.76152219559549
26,B,100,1,9,2.5272469180021835
26,B,100,2,0,0.2341261561242615
26,B,100,2,1,0.2882564066003158
26,B,100,2,2,0.5288761402322515
26,B,100,2,3,0.2894247544307505
26,B,100,2,4,0.7910748117583786
26,B,100,2,5,0.39980346690704
26,B,100,2,6,-0.10379596478131124
26,B,100,2,7,0.6142023684606823
26,B,100,2,8,1.0386062485166103
26,B,100,2,9,0.2990695626013635
26,B,100,3,0,-0.09064406363439739
26,B,100,3,1,0.41445905037400443
26,B,100,3,2,0.025501054451114235
26,B,100,3,3,0.008258064788119638
26,B,100,3,4,0.008312898313820058
26,B,100,3,5,0.12011783280252919
26,B,100,3,6,0.31729086402581175
26,B,100,3,7,-0.10343065315779727
26,B,100,3,8,-0.08016060481128769
26,B,100,3,9,0.3719325877964256
26,B,100,4,0,-0.09602034843783545
26,B,100,4,1,-0.4763367458970572
26,B,100,4,2,-0.18577248051552703
26,B,100,4,3,-0.3918469490892288
26,B,100,4,4,-0.5176481339959061
26,B,100,4,5,-0.274073487035883
26,B,100,4,6,0.17935315379081893
26,B,100,4,7,-0.2132711863708227
26,B,100,4,8,0.017595820270087513
26,B,100,4,9,-0.36621646078388015
26,B,100,5,0,-0.09768890644063469
26,B,100,5,1,-0.21090885512078836
26,B,100,5,2,-0.04854530515654659
26,B,100,5,3,-0.09176200132499411
26,B,100,5,4,-0.22006073690532757
26,B,100,5,5,-0.49191568253265505
26,B,100,5,6,0.1619638497621103
26,B,100,5,7,-0.0885714469484333
26,B,100,5,8,-0.6164037382541359
26,B,100,5,9,-0.24353394852464863
26,B,100,6,0,-1.0969337902713812
26,B,100,6,1,-0.7161788535771972
26,B,100,6,2,-0.9288939778881283
26,B,100,6,3,-0.8310618483913742
26,B,100,6,4,-1.1237283322070903
26,B,100,6,5,-0.8317816191052131
26,B,100,6,6,-0.3362168210085266
26,B,100,6,7,-0.1698105067163232
26,B,100,6,8,-0.8703403038473418
26,B,100,6,9,-1.3565612030412628
26,B,100,7,0,1.23592101661385
26,B,100,7,1,1.01181153643886
26,B,100,7,2,1.8168011727021214
26,B,100,7,3,1.59293414912682
26,B,100,7,4,1.6078470374307512
26,B,100,7,5,1.6571539998367346
26,B,100,7,6,1.6477668149489406
26,B,100,7,7,1.7443790467684799
26,B,100,7,8,1.5809985270479006
26,B,100,7,9,1.2381388234108943
26,B,100,8,0,1.6282915690650366
26,B,100,8,1,1.6597201623978692
26,B,100,8,2,1.3646685914890366
26,B,100,8,3,0.8998626366800138
26,B,100,8,4,0.36753870907735514
26,B,100,8,5,0.7185704818321573
26,B,100,8,6,0.2579761567934119
26,B,100,8,7,1.9849093303748973
26,B,100,8,8,0.41698817812194744
26,B,100,8,9,1.4663623969035062
26,B,100,9,0,0.6782464069536317
26,B,100,9,1,0.8526537711346556
26,B,100,9,2,0.6282015481065499
26,B,100,9,3,0.6955502623612264
26,B,100,9,4,0.7130608845284143
26,B,100,9,5,0.5313459910955435
26,B,100,9,6,0.6991893527285828
26,B,100,9,7,0.7047820290305747
26,B,100,9,8,0.7897730247449489
26,B,100,9,9,0.35132335967713846
27,A,0.05,0,0,1.4491625866451368
27,A,0.05,0,1,0.743396056966805
27,A,0.05,0,2,0.8330071900493735
27,A,0.05,0,3,0.9202172204308371
27,A,0.05,0,4,0.42607785978367957
27,A,0.05,0,5,1.6511690924083662
27,A,0.05,0,6,0.4003427063275997
27,A,0.05,0,7,1.3546534168696542
27,A,0.05,0,8,0.3872845342950753
27,A,0.05,0,9,0.7749700890405419
27,A,0.05,1,0,-0.16130353612926698
27,A,0.05,1,1,-0.2699938415873864
27,A,0.05,1,2,-0.8053952923882155
27,A,0.05,1,3,-0.1328923394042936
27,A,0.05,1,4,-0.36974869663654086
27,A,0.05,1,5,-0.30399190739759696
27,A,0.05,1,6,-0.20973133376067887
27,A,0.05,1,7,-0.2399562088264258
27,A,0.05,1,8,0.1421687035656178
27,A,0.05,1,9,0.06579244913330912
27,A,0.05,2,0,0.2866762203048622
27,A,0.05,2,1,0.21788554295342552
27,A,0.05,2,2,0.15984724847323764
27,A,0.05,2,3,-0.09696855067556809
27,A,0.05,2,4,-0.19884929227082918
27,A,0.05,2,5,0.1484112472012485
27,A,0.05,2,6,0.4223995900298361
27,A,0.05,2,7,0.31296767842270595
27,A,0.05,2,8,-0.1884429286372317
27,A,0.05,2,9,0.09796096675338803
27,A,0.05,3,0,1.3400813619198948
27,A,0.05,3,1,0.7396268103223812
27,A,0.05,3,2,1.2281923805575279
27,A,0.05,3,3,0.7818216610613906
27,A,0.05,3,4,0.9386947278000163
27,A,0.05,3,5,0.9911375972023058
27,A,0.05,3,6,1.1367781967391093
27,A,0.05,3,7,1.5909628732234367
27,A,0.05,3,8,1.174005300542898
27,A,0.05,3,9,1.0648919352164976
27,A,0.05,4,0,-2.034853527315662
27,A,0.05,4,1,-1.8733672609305188
27,A,0.05,4,2,-2.407353708009925
27,A,0.05,4,3,-2.2229530914844284
27,A,0.05,4,4,-1.4866809332222217
27,A,0.05,4,5,-0.7523348096322731
27,A,0.05,4,6,-0.9097751154211658
27,A,0.05,4,7,-1.0695011441037
27,A,0.05,4,8,-0.2860939025981139
27,A,0.05,4,9,-0.7349429045641198
27,A,0.05,5,0,0.1193192140283371
27,A,0.05,5,1,-0.3677574154036594
27,A,0.05,5,2,-0.06522471091988827
27,A,0.05,5,3,0.01810168567759227
27,A,0.05,5,4,-0.22349972881749494
27,A,0.05,5,5,-0.04192246907484397
27,A,0.05,5,6,-0.1817015521613186
27,A,0.05,5,7,0.22347704145874103
27,A,0.05,5,8,-0.12460134012381495
27,A,0.05,5,9,0.01013577784774267
27,A,0.05,6,0,0.6137038703210794
27,A,0.05,6,1,0.6177403293956496
27,A,0.05,6,2,0.5980350354190326
27,A,0.05,6,3,0.1382808336055069
27,A,0.05,6,4,0.13464260254289814
27,A,0.05,6,5,0.11262826062855416
27,A,0.05,6,6,0.6286883240724643
27,A,0.05,6,7,0.6901062000662228
27,A,0.05,6,8,0.38309486362543704
27,A,0.05,6,9,0.6522582241091531
27,A,0.05,7,0,-2.184213244044573
27,A,0.05,7,1,-1.4572886315634082
27,A,0.05,7,2,-1.6495625905858016
27,A,0.05,7,3,-1.1417537336412251
27,A,0.05,7,4,-2.1592763588256276
27,A,0.05,7,5,-1.6656743880334504
27,A,0.05,7,6,-1.1224398954450325
27,A,0.05,7,7,-1.6924436691198723
27,A,0.05,7,8,-0.7195371006657074
27,A,0.05,7,9,-2.5504490356646836
27,A,0.05,8,0,0.46201008651177466
27,A,0.05,8,1,0.7464691397285279
27,A,0.05,8,2,0.5393098832517871
27,A,0.05,8,3,0.5890677004356228
27,A,0.05,8,4,0.40639852635864687
27,A,0.05,8,5,0.6831777909902961
27,A,0.05,8,6,0.9129444465052848
27,A,0.05,8,7,0.5739242351229178
27,A,0.05,8,8,0.6297100757359978
27,A,0.05,8,9,0.710890123149104
27,A,0.05,9,0,-0.3644176939430009
27,A,0.05,9,1,0.2114445147382168
27,A,0.05,9,2,0.1522817152632578
27,A,0.05,9,3,-0.23898206898618304
27,A,0.05,9,4,-0.7495180286788176
27,A,0.05,9,5,-0.11277512391808864
27,A,0.05,9,6,-0.6905167227075986
27,A,0.05,9,7,-0.030753978113093418
27,A,0.05,9,8,-0.31122302109440203
27,A,0.05,9,9,-0.229687114783508
27,B,100,0,0,1.1431247745348905
27,B,100,0,1,1.3720234353826206
27,B,100,0,2,1.1498924459560484
27,B,100,0,3,1.5112606794900585
27,B,100,0,4,0.8309902697711806
27,B,100,0,5,1.4801707152174812
27,B,100,0,6,1.4457546889275619
27,B,100,0,7,0.25868711209151124
27,B,100,0,8,0.40122146005772763
27,B,100,0,9,0.5886075389247701
27,B,100,1,0,-1.070000436571485
27,B,100,1,1,-1.0426449912432396
27,B,100,1,2,-0.8670696615236578
27,B,100,1,3,-1.60546206572748
27,B,100,1,4,-1.383569410126402
27,B,100,1,5,-1.0428913537076954
27,B,100,1,6,-1.2847886588319157
27,B,100,1,7,-1.1915370842518553
27,B,100,1,8,-0.6823777800210898
27,B,100,1,9,-0.9862117087810949
27,B,100,2,0,1.5453292701357877
27,B,100,2,1,2.1385769709909463
27,B,100,2,2,1.8427509453693072
27,B,100,2,3,1.547636917608493
27,B,100,2,4,2.101151266080904
27,B,100,2,5,2.141816601444899
27,B,100,2,6,1.1054626094126019
27,B,100,2,7,1.5406148601215142
27,B,100,2,8,1.9153987745999042
27,B,100,2,9,1.327601649721998
27,B,100,3,0,-0.5111194936200878
27,B,100,3,1,-0.427162546378454
27,B,100,3,2,-0.46675616890594235
27,B,100,3,3,-0.4459860915420917
27,B,100,3,4,-0.33889261605005855
27,B,100,3,5,-0.3634974380626825
27,B,100,3,6,-0.22710485249913837
27,B,100,3,7,-0.25407436128092215
27,B,100,3,8,-0.12537087409731099
27,B,100,3,9,-0.23145776177222432
27,B,100,4,0,-2.825041220930381
27,B,100,4,1,-2.5426316378578866
27,B,100,4,2,-2.294289961398124
27,B,100,4,3,-2.4958680636464248
27,B,100,4,4,-2.484662921889383
27,B,100,4,5,-2.3300430494964166
27,B,100,4,6,-2.214543628007307
27,B,100,4,7,-2.5669375333048037
27,B,100,4,8,-2.3330447339099685
27,B,100,4,9,-2.7944264348334387
27,B,100,5,0,-0.7947885893285145
27,B,100,5,1,-0.7170136169217561
27,B,100,5,2,-0.5706116797848148
27,B,100,5,3,0.3600833736956978
27,B,100,5,4,0.39141888090514415
27,B,100,5,5,0.38940246548785873
27,B,100,5,6,0.39018183473542767
27,B,100,5,7,0.3818418054873185
27,B,100,5,8,0.39194410860210854
27,B,100,5,9,0.40844773702718606
27,B,100,6,0,-0.40005826100884134
27,B,100,6,1,-0.6216541550969014
27,B,100,6,2,-0.5405922551372219
27,B,100,6,3,-0.5697510048644591
27,B,100,6,4,-0.6234770619288507
27,B,100,6,5,-0.4761079402209106
27,B,100,6,6,-1.0345446879643254
27,B,100,6,7,-0.7172857531431529
27,B,100,6,8,-0.5765443808164656
27,B,100,6,9,-0.6228653257786189
27,B,100,7,0,-0.11168027124579616
27,B,100,7,1,-0.219419895032148
27,B,100,7,2,-0.1489335399538107
27,B,100,7,3,-0.10894279112288338
27,B,100,7,4,-0.18809005369989992
27,B,100,7,5,-0.18833526561789385
27,B,100,7,6,-0.11182999089056447
27,B,100,7,7,-0.010747336557301113
27,B,100,7,8,-0.11077441118199156
27,B,100,7,9,-0.008488100123165448
27,B,100,8,0,0.829237974689927
27,B,100,8,1,1.1387344523846534
27,B,100,8,2,1.4458194114439764
27,B,100,8,3,1.3416689206990557
27,B,100,8,4,1.1594510560342015
27,B,100,8,5,1.0481039985498104
27,B,100,8,6,1.1584859127819092
27,B,100,8,7,0.3698001514153414
27,B,100,8,8,0.8825042424011349
27,B,100,8,9,0.7861258915594606
27,B,100,9,0,0.48198741505561954
27,B,100,9,1,0.06064615658890342
27,B,100,9,2,0.2583995886397318
27,B,100,9,3,0.026274882921289912
27,B,100,9,4,-0.17887558208672416
27,B,100,9,5,0.09790850459487548
27,B,100,9,6,0.11024840684802953
27,B,100,9,7,0.49947445879511415
27,B,100,9,8,0.25622138654361465
27,B,100,9,9,0.22018482207901066
28,A,0.05,0,0,-1.5969965319897523
28,A,0.05,0,1,-1.3814310338456668
28,A,0.05,0,2,-1.6955406887892626
28,A,0.05,0,3,-1.4938691384768152
28,A,0.05,0,4,-1.438846666566761
28,A,0.05,0,5,-1.658018479170315
28,A,0.05,0,6,-1.6310082046394034
28,A,0.05,0,7,-1.818549684359111
28,A,0.05,0,8,-1.5632565881588818
28,A,0.05,0,9,-1.7398589497025965
28,A,0.05,1,0,-0.3000647772516638
28,A,0.05,1,1,-0.2722505291729615
28,A,0.05,1,2,-0.3804713292180796
28,A,0.05,1,3,-0.38312470007387234
28,A,0.05,1,4,-0.19403940378085002
28,A,0.05,1,5,-0.3781889148049125
28,A,0.05,1,6,-0.16963969249398397
28,A,0.05,1,7,-0.49128919032931323
28,A,0.05,1,8,-0.13634496399008547
28,A,0.05,1,9,-0.307279936269267
28,A,0.05,2,0,0.679020191252626
28,A,0.05,2,1,0.8417588155811618
28,A,0.05,2,2,0.5355450043529071
28,A,0.05,2,3,0.8264693350154851
28,A,0.05,2,4,0.6128366593346938
28,A,0.05,2,5,0.8121545033556691
28,A,0.05,2,6,0.9746420803991974
28,A,0.05,2,7,0.958509149011662
28,A,0.05,2,8,1.3127568001891086
28,A,0.05,2,9,0.8640862865584824
28,A,0.05,3,0,-0.319631217379107
28,A,0.05,3,1,-0.4705591855080954
28,A,0.05,3,2,-0.2229909002697822
28,A,0.05,3,3,-0.13533653233812085
28,A,0.05,3,4,-0.27725158117541115
28,A,0.05,3,5,-0.058652369571024134
28,A,0.05,3,6,-0.28581490155347355
28,A,0.05,3,7,-0.1479359110606748
28,A,0.05,3,8,-0.23106301203173168
28,A,0.05,3,9,-0.6213923830441029
28,A,0.05,4,0,-0.2566472675810324
28,A,0.05,4,1,-0.2586340238173149
28,A,0.05,4,2,-0.5955020594488053
28,A,0.05,4,3,-0.281741847534859
28,A,0.05,4,4,-0.26443024864582587
28,A,0.05,4,5,-0.15147838308360698
28,A,0.05,4,6,-0.28070854654875216
28,A,0.05,4,7,-0.14642952299282525
28,A,0.05,4,8,-0.467476576851607
28,A,0.05,4,9,-0.30892984078906965
28,A,0.05,5,0,-0.2805922574632173
28,A,0.05,5,1,-0.29368759833628527
28,A,0.05,5,2,-0.03431056847471447
28,A,0.05,5,3,-0.45100399269863656
28,A,0.05,5,4,-0.46612372880329633
28,A,0.05,5,5,-0.8644202690031894
28,A,0.05,5,6,-0.8192066459736224
28,A,0.05,5,7,-0.6044455622762647
28,A,0.05,5,8,-0.3455293831896564
28,A,0.05,5,9,-0.3855604918628216
28,A,0.05,6,0,-3.414882454034063
28,A,0.05,6,1,-2.1039639272987594
28,A,0.05,6,2,-3.150271892068579
28,A,0.05,6,3,-2.9365657785580255
28,A,0.05,6,4,-2.325940168314839
28,A,0.05,6,5,-3.4980945180102294
28,A,0.05,6,6,-2.8172307174740507
28,A,0.05,6,7,-2.505457849737428
28,A,0.05,6,8,-3.272604648507863
28,A,0.05,6,9,-2.988160588293876
28,A,0.05,7,0,2.2649611991846905
28,A,0.05,7,1,2.3163866305608236
28,A,0.05,7,2,2.058758013517853
28,A,0.05,7,3,1.6701629135896667
28,A,0.05,7,4,1.7744646992317397
28,A,0.05,7,5,1.652913918451742
28,A,0.05,7,6,2.052265484889132
28,A,0.05,7,7,2.470104592905254
28,A,0.05,7,8,1.586295601051057
28,A,0.05,7,9,2.236093338087401
28,A,0.05,8,0,0.14024667599621252
28,A,0.05,8,1,-0.02576631334122204
28,A,0.05,8,2,-0.17935319230548516
28,A,0.05,8,3,-0.09591183816841543
28,A,0.05,8,4,0.49096307866384975
28,A,0.05,8,5,-0.30082523651808685
28,A,0.05,8,6,0.1325319607645711
28,A,0.05,8,7,-0.4565781409811161
28,A,0.05,8,8,-0.10955622352284258
28,A,0.05,8,9,-0.05403607744604029
28,A,0.05,9,0,1.8669237057650279
28,A,0.05,9,1,1.2936350536330508
28,A,0.05,9,2,0.705325036291955
28,A,0.05,9,3,1.526969245030405
28,A,0.05,9,4,1.6805106077361132
28,A,0.05,9,5,1.6509717566562614
28,A,0.05,9,6,1.2689004661225796
28,A,0.05,9,7,1.042676370840563
28,A,0.05,9,8,1.7119095339893642
28,A,0.05,9,9,1.7899162693264823
28,B,100,0,0,0.37818766410321963
28,B,100,0,1,-0.17513939908530674
28,B,100,0,2,0.37984932980203273
28,B,100,0,3,0.26454401789929805
28,B,100,0,4,-0.14292074269400035
28,B,100,0,5,0.6648460457966531
28,B,100,0,6,0.42415417489119067
28,B,100,0,7,0.220037752774603
28,B,100,0,8,0.6259609097698612
28,B,100,0,9,0.4000939458192007
28,B,100,1,0,-0.09984101182227949
28,B,100,1,1,-0.10737837555698661
28,B,100,1,2,-0.15251851130230581
28,B,100,1,3,-0.09441507678692386
28,B,100,1,4,-0.014669211778258674
28,B,100,1,5,-0.14367473898263305
28,B,100,1,6,0.06378633725747906
28,B,100,1,7,0.15530786754178197
28,B,100,1,8,-0.05509266117888396
28,B,100,1,9,-0.20839672195832495
28,B,100,2,0,0.016628132335459494
28,B,100,2,1,0.037589716322719735
28,B,100,2,2,0.1013767779850958
28,B,100,2,3,0.133300205002627
28,B,100,2,4,0.09053318412469914
28,B,100,2,5,0.08962956752609491
28,B,100,2,6,-0.03089517741529832
28,B,100,2,7,-0.01093869678964629
28,B,100,2,8,-0.23318743919005802
28,B,100,2,9,-0.0655783401002281
28,B,100,3,0,0.8206378657727749
28,B,100,3,1,1.226641546266954
28,B,100,3,2,-0.37521136535116506
28,B,100,3,3,1.7483469943788668
28,B,100,3,4,1.337089506191229
28,B,100,3,5,1.547043043663793
28,B,100,3,6,0.1844445549539294
28,B,100,3,7,1.378191666160136
28,B,100,3,8,1.1956022803688013
28,B,100,3,9,-0.08857263796517875
28,B,100,4,0,2.23840786035529
28,B,100,4,1,2.2024515547725074
28,B,100,4,2,2.008825092698106
28,B,100,4,3,2.2346435444960657
28,B,100,4,4,1.5985812600857652
28,B,100,4,5,2.0810432336379883
28,B,100,4,6,1.6577109937420458
28,B,100,4,7,2.228939446822955
28,B,100,4,8,2.073479077626744
28,B,100,4,9,1.839866168663425
28,B,100,5,0,-0.7254435008954682
28,B,100,5,1,-0.09259080491201875
28,B,100,5,2,-0.1931673468082528
28,B,100,5,3,-0.11766385068250716
28,B,100,5,4,-0.46436474776317116
28,B,100,5,5,-0.1719971108771482
28,B,100,5,6,0.13121518001127813
28,B,100,5,7,0.2165213107475096
28,B,100,5,8,-0.5409429385819078
28,B,100,5,9,0.23549928519150845
28,B,100,6,0,-0.703253519061053
28,B,100,6,1,-0.9516322918697101
28,B,100,6,2,-1.0888433134467772
28,B,100,6,3,-0.8841117621381404
28,B,100,6,4,-1.1156008011291543
28,B,100,6,5,-1.0034009034453506
28,B,100,6,6,-0.8214525891127425
28,B,100,6,7,-1.3622575492706586
28,B,100,6,8,-0.4998057401917662
28,B,100,6,9,-0.6505902761838882
28,B,100,7,0,0.48917163979024864
28,B,100,7,1,0.8716540797834019
28,B,100,7,2,0.6236536540476958
28,B,100,7,3,0.6509153250953023
28,B,100,7,4,0.4594248536265972
28,B,100,7,5,0.7888879616922344
28,B,100,7,6,0.879611732300475
28,B,100,7,7,0.7074137516759594
28,B,100,7,8,0.6103190003580665
28,B,100,7,9,0.79431897073417
28,B,100,8,0,1.306486771166965
28,B,100,8,1,1.0940581642227942
28,B,100,8,2,1.5313551385920459
28,B,100,8,3,0.5162033599163667
28,B,100,8,4,1.0785741523075292
28,B,100,8,5,0.6267707571687062
28,B,100,8,6,0.9285626316848563
28,B,100,8,7,1.104662928790859
28,B,100,8,8,1.0318892753876645
28,B,100,8,9,0.9808901326847669
28,B,100,9,0,-0.8299817357894097
28,B,100,9,1,-0.1152008181325696
28,B,100,9,2,-0.3412509775932609
28,B,100,9,3,-0.7026560220968264
28,B,100,9,4,-0.13825400305207264
28,B,100,9,5,-0.06792453871596198
28,B,100,9,6,-0.18709436429557602
28,B,100,9,7,-0.2739174527520633
28,B,100,9,8,-0.35651848096927863
28,B,100,9,9,0.03132494867740017
29,A,0.05,0,0,1.0544514215539411
29,A,0.05,0,1,1.4943593289296386
29,A,0.05,0,2,1.2690004971468183
29,A,0.05,0,3,1.2060563986226456
29,A,0.05,0,4,0.9178692130557132
29,A,0.05,0,5,1.2325564822041577
29,A,0.05,0,6,1.5346112126818594
29,A,0.05,0,7,1.0877650411584463
29,A,0.05,0,8,1.424884608957912
29,A,0.05,0,9,1.3764538337980137
29,A,0.05,1,0,0.3459887628178439
29,A,0.05,1,1,-0.19137118095309136
29,A,0.05,1,2,-0.2778924767333402
29,A,0.05,1,3,-0.06736229847614467
29,A,0.05,1,4,0.8773536779085311
29,A,0.05,1,5,0.09854255330012746
29,A,0.05,1,6,0.6485420834634223
29,A,0.05,1,7,-0.20273005902239424
29,A,0.05,1,8,-0.36993008074472133
29,A,0.05,1,9,0.30422349166253976
29,A,0.05,2,0,0.3875469860972698
29,A,0.05,2,1,0.3546279069065084
29,A,0.05,2,2,0.5980479497000519
29,A,0.05,2,3,0.48816182970873356
29,A,0.05,2,4,0.3797713224080679
29,A,0.05,2,5,0.6265966169114197
29,A,0.05,2,6,0.6283577422798483
29,A,0.05,2,7,0.7069008873368768
29,A,0.05,2,8,0.9179850652337865
29,A,0.05,2,9,0.24083358638923902
29,A,0.05,3,0,-0.0337587140515375
29,A,0.05,3,1,0.2750444119033119
29,A,0.05,3,2,0.07377942805033476
29,A,0.05,3,3,0.34740996993693646
29,A,0.05,3,4,-0.22261223051694368
29,A,0.05,3,5,0.10753216113479205
29,A,0.05,3,6,0.07815010467638293
29,A,0.05,3,7,-0.018213106830119327
29,A,0.05,3,8,0.020771127111329595
29,A,0.05,3,9,-0.25809973855437385
29,A,0.05,4,0,0.4019445823992535
29,A,0.05,4,1,0.07451922926027947
29,A,0.05,4,2,0.19767921965665247
29,A,0.05,4,3,0.2805952136409182
29,A,0.05,4,4,0.35757620994609285
29,A,0.05,4,5,0.4111785852926533
29,A,0.05,4,6,0.3852871571643784
29,A,0.05,4,7,0.30851418767163996
29,A,0.05,4,8,0.20806317983399172
29,A,0.05,4,9,0.41079222269147236
29,A,0.05,5,0,0.3535960752245365
29,A,0.05,5,1,0.09043936710576
29,A,0.05,5,2,-0.1279479579003413
29,A,0.05,5,3,0.22325405098269058
29,A,0.05,5,4,0.09293272504970963
29,A,0.05,5,5,0.24263513821000027
29,A,0.05,5,6,0.24273990675487067
29,A,0.05,5,7,0.281142582948196
29,A,0.05,5,8,0.15820874092521675
29,A,0.05,5,9,0.0977741879096741
29,A,0.05,6,0,-1.073934337049188
29,A,0.05,6,1,-0.8455020042697331
29,A,0.05,6,2,-0.483351572917325
29,A,0.05,6,3,-0.8002633974231758
29,A,0.05,6,4,-0.4332886847247444
29,A,0.05,6,5,-1.0115682663585477
29,A,0.05,6,6,-0.9730358846208849
29,A,0.05,6,7,-1.0035453266103878
29,A,0.05,6,8,-0.777003921779874
29,A,0.05,6,9,-0.9547259790660272
29,A,0.05,7,0,0.3567656325603694
29,A,0.05,7,1,0.2640743259762768
29,A,0.05,7,2,0.7827239039569518
29,A,0.05,7,3,0.04273622118085855
29,A,0.05,7,4,0.5745824277085805
29,A,0.05,7,5,0.7513727916568511
29,A,0.05,7,6,0.3080933055331877
29,A,0.05,7,7,0.1814907392643789
29,A,0.05,7,8,1.0534539765353672
29,A,0.05,7,9,0.36267743776989214
29,A,0.05,8,0,0.5556079856149256
29,A,0.05,8,1,0.0730743176782845
29,A,0.05,8,2,-0.007702749869243589
29,A,0.05,8,3,0.43703172544995367
29,A,0.05,8,4,0.269989549191207
29,A,0.05,8,5,0.2573077423483483
29,A,0.05,8,6,1.0883262385646693
29,A,0.05,8,7,0.9248253065061329
29,A,0.05,8,8,0.9925435489255837
29,A,0.05,8,9,1.0300001848778073
29,A,0.05,9,0,0.7550969893896079
29,A,0.05,9,1,0.571722748381534
29,A,0.05,9,2,0.7622805300316721
29,A,0.05,9,3,0.25740059038369395
29,A,0.05,9,4,0.7455711619714842
29,A,0.05,9,5,0.7563098975395769
29,A,0.05,9,6,0.7947788792311488
29,A,0.05,9,7,0.8303040072050611
29,A,0.05,9,8,0.5458131776803645
29,A,0.05,9,9,0.8882959895187149
29,B,100,0,0,0.5639654078479982
29,B,100,0,1,1.1358348604961344
29,B,100,0,2,0.6464736131548665
29,B,100,0,3,0.5343328340027989
29,B,100,0,4,0.6827645784943794
29,B,100,0,5,0.5639169289840944
29,B,100,0,6,0.17752358176669716
29,B,100,0,7,0.7015743708495658
29,B,100,0,8,0.5270609370228259
29,B,100,0,9,0.5403030416088276
29,B,100,1,0,0.06422178698170047
29,B,100,1,1,0.06984348978608212
29,B,100,1,2,0.07038701445475512
29,B,100,1,3,0.07562776832778559
29,B,100,1,4,0.07614263477109118
29,B,100,1,5,0.062357984124682
29,B,100,1,6,0.022642371004045
29,B,100,1,7,0.06765658626331018
29,B,100,1,8,-0.17207303227000234
29,B,100,1,9,0.10630187267560343
29,B,100,2,0,1.6773020568118433
29,B,100,2,1,2.0687594342436455
29,B,100,2,2,1.9975678308792897
29,B,100,2,3,1.8207284147634106
29,B,100,2,4,1.7585175488186935
29,B,100,2,5,2.362152786860918
29,B,100,2,6,1.8563333478711013
29,B,100,2,7,2.2159548944058387
29,B,100,2,8,1.481407053264474
29,B,100,2,9,1.6414920012701322
29,B,100,3,0,0.6290666085072172
29,B,100,3,1,0.5569285208861867
29,B,100,3,2,0.6806261031868226
29,B,100,3,3,1.1205214271260158
29,B,100,3,4,0.4845927243950557
29,B,100,3,5,0.3236876688595871
29,B,100,3,6,0.6511405452966227
29,B,100,3,7,0.049438095277013344
29,B,100,3,8,0.5132543270225073
29,B,100,3,9,0.3842034569324581
29,B,100,4,0,-1.4825339242980202
29,B,100,4,1,-1.175829973463166
29,B,100,4,2,-1.5794880693610358
29,B,100,4,3,-1.2093203082703223
29,B,100,4,4,-1.2710372336050153
29,B,100,4,5,-0.7735682940267143
29,B,100,4,6,-0.9798452884792249
29,B,100,4,7,-1.4121206652108254
29,B,100,4,8,-0.8794088828499705
29,B,100,4,9,-1.0868009381225125
29,B,100,5,0,0.7262375890829159
29,B,100,5,1,0.379769455922719
29,B,100,5,2,0.8487880153495908
29,B,100,5,3,0.914121960656017
29,B,100,5,4,0.852712927509806
29,B,100,5,5,1.1035889771718452
29,B,100,5,6,0.04013134757491268
29,B,100,5,7,0.24245973969349244
29,B,100,5,8,1.033592860909621
29,B,100,5,9,0.6556321638431877
29,B,100,6,0,-0.1828664991089021
29,B,100,6,1,-0.05188814526344026
29,B,100,6,2,-0.0405398649718508
29,B,100,6,3,0.1290787921655146
29,B,100,6,4,-0.13410983007921218
29,B,100,6,5,-0.13686800107132382
29,B,100,6,6,-0.3561262034662154
29,B,100,6,7,-0.1269144388623625
29,B,100,6,8,0.07750061306791911
29,B,100,6,9,0.2232897680167715
29,B,100,7,0,-0.8909762062289717
29,B,100,7,1,-0.6179580277832524
29,B,100,7,2,-0.26237607207158786
29,B,100,7,3,-0.9336052372539329
29,B,100,7,4,-0.45224504483223704
29,B,100,7,5,0.0649896317672345
29,B,100,7,6,0.02435972414807781
29,B,100,7,7,0.24879734555408656
29,B,100,7,8,0.11515501568224526
29,B,100,7,9,0.0012453612653765215
29,B,100,8,0,-1.3325411649378247
29,B,100,8,1,-0.9871036854439066
29,B,100,8,2,-0.5776575681777364
29,B,100,8,3,-0.9582365883725164
29,B,100,8,4,-0.7373176697774461
29,B,100,8,5,-0.9932042638947363
29,B,100,8,6,-1.0974594166780787
29,B,100,8,7,-0.5978663515563756
29,B,100,8,8,-1.169723139342283
29,B,100,8,9,-1.7863931766498378
29,B,100,9,0,-0.5317604191316221
29,B,100,9,1,-0.4932474807159865
29,B,100,9,2,-0.3445770898994148
29,B,100,9,3,-0.6372233455029823
29,B,100,9,4,-0.5694481472582875
29,B,100,9,5,-0.34788683201570086
29,B,100,9,6,-0.5296611929256958
29,B,100,9,7,-0.6918744238553338
29,B,100,9,8,-0.5678057479192522
29,B,100,9,9,-0.586192693722347
30,A,0.05,0,0,-0.7082901599939124
30,A,0.05,0,1,-0.5970899786831869
30,A,0.05,0,2,0.38967063047504846
30,A,0.05,0,3,-0.9656325606803832
30,A,0.05,0,4,-0.6747922015503867
30,A,0.05,0,5,-0.9981736396391149
30,A,0.05,0,6,0.053705660778234764
30,A,0.05,0,7,-2.172828764402677
30,A,0.05,0,8,-0.12296550369442293
30,A,0.05,0,9,-1.3191601445761036
30,A,0.05,1,0,-0.5811126314101179
30,A,0.05,1,1,-0.5052100943873626
30,A,0.05,1,2,-0.7930606205463216
30,A,0.05,1,3,-0.5979693812123406
30,A,0.05,1,4,-0.630467311909455
30,A,0.05,1,5,-0.6212491201505427
30,A,0.05,1,6,-0.6706110996917497
30,A,0.05,1,7,-0.4426649647889777
30,A,0.05,1,8,-0.567894632238506
30,A,0.05,1,9,-0.779877737674476
30,A,0.05,2,0,0.7930187340531372
30,A,0.05,2,1,1.0743133515076535
30,A,0.05,2,2,0.9856803875024097
30,A,0.05,2,3,0.8556834996560377
30,A,0.05,2,4,0.6064857796033885
30,A,0.05,2,5,1.4471567330614077
30,A,0.05,2,6,-0.3174664617028121
30,A,0.05,2,7,0.5922950416761682
30,A,0.05,2,8,0.512344172904405
30,A,0.05,2,9,0.48528251017519547
30,A,0.05,3,0,0.839370332649877
30,A,0.05,3,1,0.47890153493997245
30,A,0.05,3,2,0.7549582522157617
30,A,0.05,3,3,0.5442635819845734
30,A,0.05,3,4,0.679893875374696
30,A,0.05,3,5,0.39743204290724293
30,A,0.05,3,6,0.9413597514845622
30,A,0.05,3,7,0.4304252642486889
30,A,0.05,3,8,0.2674503394203663
30,A,0.05,3,9,1.1286131606331553
30,A,0.05,4,0,0.24915224455397061
30,A,0.05,4,1,0.36054910875454216
30,A,0.05,4,2,-0.06163680773616567
30,A,0.05,4,3,0.3996320388785805
30,A,0.05,4,4,0.14317777514277713
30,A,0.05,4,5,0.01895785430689305
30,A,0.05,4,6,0.22186142231720513
30,A,0.05,4,7,0.24012008789116115
30,A,0.05,4,8,0.05880432003781451
30,A,0.05,4,9,0.02909966642749589
30,A,0.05,5,0,0.672542247047013
30,A,0.05,5,1,0.5366142640544866
30,A,0.05,5,2,0.8243587541051841
30,A,0.05,5,3,0.9597250582328306
30,A,0.05,5,4,0.7160522329127239
30,A,0.05,5,5,0.5892120054716903
30,A,0.05,5,6,0.46142608827905474
30,A,0.05,5,7,0.9129486032253792
30,A,0.05,5,8,0.7165718635259852
30,A,0.05,5,9,0.886495174477949
30,A,0.05,6,0,-0.9597814940488506
30,A,0.05,6,1,-1.0926909331665022
30,A,0.05,6,2,-0.9811169981596338
30,A,0.05,6,3,-0.6777614277364554
30,A,0.05,6,4,-1.2466807081974094
30,A,0.05,6,5,-0.6442127116878822
30,A,0.05,6,6,-0.9239019092066286
30,A,0.05,6,7,-1.141028774877199
30,A,0.05,6,8,-1.3153279488411442
30,A,0.05,6,9,-0.8941506064444582
30,A,0.05,7,0,-0.789762829639729
30,A,0.05,7,1,-0.5149494968087548
30,A,0.05,7,2,-0.8619047757090855
30,A,0.05,7,3,-0.4538934591610084
30,A,0.05,7,4,-0.41409153463427595
30,A,0.05,7,5,-0.38711118822163604
30,A,0.05,7,6,-0.2750327840312218
30,A,0.05,7,7,0.09725218239556019
30,A,0.05,7,8,-0.32265087929039277
30,A,0.05,7,9,-0.33468033847238604
30,A,0.05,8,0,-0.33886676939725097
30,A,0.05,8,1,-0.0719880957349468
30,A,0.05,8,2,-0.4801962475732008
30,A,0.05,8,3,-0.03431644315634017
30,A,0.05,8,4,-0.609282101874012
30,A,0.05,8,5,-0.5942468813994782
30,A,0.05,8,6,-0.5459566998473424
30,A,0.05,8,7,-0.6250316730792581
30,A,0.05,8,8,-0.42768124722347095
30,A,0.05,8,9,-0.8110753689008215
30,A,0.05,9,0,-1.632988523544425
30,A,0.05,9,1,-1.6372500302893191
30,A,0.05,9,2,-1.5929011915761522
30,A,0.05,9,3,-1.221223268030006
30,A,0.05,9,4,-1.1988999971838792
30,A,0.05,9,5,-1.05425712549626
30,A,0.05,9,6,-1.0082380581014436
30,A,0.05,9,7,-1.4280398718056182
30,A,0.05,9,8,-1.20701800524998
30,A,0.05,9,9,-1.4478113890553974
30,B,100,0,0,-0.6856470911756184
30,B,100,0,1,-0.9100926347539455
30,B,100,0,2,-0.6145256666234257
30,B,100,0,3,-0.6775062997348991
30,B,100,0,4,-0.8438219849840114
30,B,100,0,5,-0.7101072533520099
30,B,100,0,6,-0.8894262147194696
30,B,100,0,7,-0.7982093527613517
30,B,100,0,8,-0.6630668095837353
30,B,100,0,9,-0.7168738239074899
30,B,100,1,0,2.4524717490708867
30,B,100,1,1,2.5405039763763537
30,B,100,1,2,2.255203912405325
30,B,100,1,3,2.0758696047163343
30,B,100,1,4,1.6378119652056498
30,B,100,1,5,2.1031586679270786
30,B,100,1,6,2.4909699980976123
30,B,100,1,7,2.8907245685838374
30,B,100,1,8,2.1351103067249397
30,B,100,1,9,2.4139612068281915
30,B,100,2,0,1.3183603696391775
30,B,100,2,1,1.1276610604531898
30,B,100,2,2,1.2886294457865934
30,B,100,2,3,1.4067681150707552
30,B,100,2,4,1.4962426803844178
30,B,100,2,5,1.438831637477242
30,B,100,2,6,0.8165349480063655
30,B,100,2,7,0.929559399793001
30,B,100,2,8,1.0649494237227395
30,B,100,2,9,0.8453428683855854
30,B,100,3,0,-0.10675017339793778
30,B,100,3,1,-0.40250555545510475
30,B,100,3,2,-0.6638260758092435
30,B,100,3,3,-0.05650960416840814
30,B,100,3,4,-0.3150229306467002
30,B,100,3,5,-0.1338455467450732
30,B,100,3,6,-0.3400286397405245
30,B,100,3,7,-0.43382314514079623
30,B,100,3,8,-0.12104922220332578
30,B,100,3,9,-0.030611253966210387
30,B,100,4,0,0.1514195816171792
30,B,100,4,1,-0.44077745300761023
30,B,100,4,2,-0.32897439895166236
30,B,100,4,3,0.11244928775066669
30,B,100,4,4,-0.022517354181825024
30,B,100,4,5,0.032775557596936046
30,B,100,4,6,-0.574470622067548
30,B,100,4,7,-0.29678494553646045
30,B,100,4,8,-0.5537882026365639
30,B,100,4,9,0.08121003090581402
30,B,100,5,0,0.5834241960721243
30,B,100,5,1,0.9034652312894523
30,B,100,5,2,0.870959134493171
30,B,100,5,3,0.7808145982618702
30,B,100,5,4,1.1325888947439824
30,B,100,5,5,1.1029273870680985
30,B,100,5,6,0.6404378154561817
30,B,100,5,7,0.4209442356846422
30,B,100,5,8,0.5889599127922047
30,B,100,5,9,1.2492507523919998
30,B,100,6,0,0.03145502986112303
30,B,100,6,1,0.45091677315366663
30,B,100,6,2,0.38134776918469593
30,B,100,6,3,0.3483456669808882
30,B,100,6,4,0.23459951914425967
30,B,100,6,5,0.25024426401517136
30,B,100,6,6,0.4315370191928733
30,B,100,6,7,0.10142872535121071
30,B,100,6,8,-0.009033551395700579
30,B,100,6,9,0.35437523351677663
30,B,100,7,0,-1.070912855756713
30,B,100,7,1,-1.080801540994638
30,B,100,7,2,-1.184507178427966
30,B,100,7,3,-1.3158901176330782
30,B,100,7,4,-1.0648859817123923
30,B,100,7,5,-1.3873614833016636
30,B,100,7,6,-1.3926088058218484
30,B,100,7,7,-1.257000520901312
30,B,100,7,8,-1.4252213192208951
30,B,100,7,9,-1.2558850133245636
30,B,100,8,0,-0.3433805916485281
30,B,100,8,1,-0.2938414996646823
30,B,100,8,2,-0.4910225927751338
30,B,100,8,3,-0.7188813341806174
30,B,100,8,4,-0.34313380707619784
30,B,100,8,5,-0.5197097155565316
30,B,100,8,6,-0.2556705276739066
30,B,100,8,7,-0.16018358273540698
30,B,100,8,8,-0.6857446795924592
30,B,100,8,9,-0.9442481778145996
30,B,100,9,0,-0.5078769082360977
30,B,100,9,1,0.1841650338589497
30,B,100,9,2,0.25629215836935537
30,B,100,9,3,-0.932288964785279
30,B,100,9,4,-0.6384569697369483
30,B,100,9,5,-1.327877029297817
30,B,100,9,6,-1.119104164794252
30,B,100,9,7,-1.1661351492372254
30,B,100,9,8,0.014848164734321021
30,B,100,9,9,-0.612069797285742
31,A,0.05,0,0,0.6385619523581875
31,A,0.05,0,1,0.44641372738052726
31,A,0.05,0,2,0.38960872601997887
31,A,0.05,0,3,0.3843940322269908
31,A,0.05,0,4,0.3718388576438106
31,A,0.05,0,5,0.4273142628437664
31,A,0.05,0,6,0.6638343991756047
31,A,0.05,0,7,0.7447987209018005
31,A,0.05,0,8,0.4307897393701568
31,A,0.05,0,9,0.4111020592035588
31,A,0.05,1,0,0.9073746520827212
31,A,0.05,1,1,1.0640633362584013
31,A,0.05,1,2,0.819540209718286
31,A,0.05,1,3,0.266560617711681
31,A,0.05,1,4,1.1345024172821845
31,A,0.05,1,5,0.630724410941741
31,A,0.05,1,6,0.7848799499648114
31,A,0.05,1,7,0.7678874052053384
31,A,0.05,1,8,0.904491782714236
31,A,0.05,1,9,0.8831769521876855
31,A,0.05,2,0,0.2264360797315159
31,A,0.05,2,1,0.023147787889252164
31,A,0.05,2,2,0.013248508660448471
31,A,0.05,2,3,0.05591225472620569
31,A,0.05,2,4,-0.20569984203338432
31,A,0.05,2,5,-0.41757400655016896
31,A,0.05,2,6,-0.04925091219045224
31,A,0.05,2,7,0.22108525945141852
31,A,0.05,2,8,-0.08838541408950763
31,A,0.05,2,9,-0.09124847162374498
31,A,0.05,3,0,1.2750649400463878
31,A,0.05,3,1,1.0819037615125997
31,A,0.05,3,2,0.7832069354848666
31,A,0.05,3,3,1.3672324848327908
31,A,0.05,3,4,1.5638485344135868
31,A,0.05,3,5,1.4180869468337507
31,A,0.05,3,6,1.0567057167632583
31,A,0.05,3,7,0.818242622480576
31,A,0.05,3,8,1.5127152734826044
31,A,0.05,3,9,1.2988412615545875
31,A,0.05,4,0,0.10894141120626039
31,A,0.05,4,1,-0.22957735344141475
31,A,0.05,4,2,-0.3441752867382429
31,A,0.05,4,3,-0.34658303010772407
31,A,0.05,4,4,-0.09957292099224825
31,A,0.05,4,5,-0.5892413432723105
31,A,0.05,4,6,-0.16419533277632103
31,A,0.05,4,7,-0.47702455774776464
31,A,0.05,4,8,-0.23759693777572308
31,A,0.05,4,9,-0.43549137558308865
31,A,0.05,5,0,0.39155960850703553
31,A,0.05,5,1,0.7525483304278394
31,A,0.05,5,2,0.3798421723608454
31,A,0.05,5,3,0.3371894122555729
31,A,0.05,5,4,0.6978227054628893
31,A,0.05,5,5,0.6654143160528455
31,A,0.05,5,6,0.48775923384237274
31,A,0.05,5,7,0.46827111652989933
31,A,0.05,5,8,0.4086251732965174
31,A,0.05,5,9,0.5380060340689382
31,A,0.05,6,0,-0.5163567394108692
31,A,0.05,6,1,0.40209392107609926
31,A,0.05,6,2,0.582001598266147
31,A,0.05,6,3,0.6487554221075644
31,A,0.05,6,4,0.40543903892659555
31,A,0.05,6,5,0.34153443999837674
31,A,0.05,6,6,0.19408360249921658
31,A,0.05,6,7,0.20480916868973656
31,A,0.05,6,8,0.10808852238558514
31,A,0.05,6,9,-0.27835731490067234
31,A,0.05,7,0,0.5788314739496644
31,A,0.05,7,1,1.3002015127126851
31,A,0.05,7,2,0.5967256167416893
31,A,0.05,7,3,1.2374829125521605
31,A,0.05,7,4,0.6039254173290932
31,A,0.05,7,5,0.3792560962338284
31,A,0.05,7,6,0.12984779277317984
31,A,0.05,7,7,1.476511848563512
31,A,0.05,7,8,0.6789439677851393
31,A,0.05,7,9,0.24916133170543198
31,A,0.05,8,0,-0.13035224042742183
31,A,0.05,8,1,-0.6288180152501783
31,A,0.05,8,2,-1.2497211259041763
31,A,0.05,8,3,-0.6921805129325761
31,A,0.05,8,4,-1.0332100024173867
31,A,0.05,8,5,-0.6322457571344783
31,A,0.05,8,6,-0.523248643527976
31,A,0.05,8,7,-0.20026939975136876
31,A,0.05,8,8,0.15689416715309568
31,A,0.05,8,9,-0.5347814890136176
31,A,0.05,9,0,-0.3569495448037121
31,A,0.05,9,1,-0.1345317391105924
31,A,0.05,9,2,-0.20764646386073946
31,A,0.05,9,3,-0.047817329961974304
31,A,0.05,9,4,-0.32789528684592095
31,A,0.05,9,5,-0.10049110777010953
31,A,0.05,9,6,-0.4234691744797424
31,A,0.05,9,7,-0.19914435288462648
31,A,0.05,9,8,-0.09846131564596061
31,A,0.05,9,9,0.017635756308752165
31,B,100,0,0,2.7691447793114703
31,B,100,0,1,3.945866466031512
31,B,100,0,2,2.7697060785246976
31,B,100,0,3,3.132834721685384
31,B,100,0,4,2.3839246042277913
31,B,100,0,5,3.1465771084826857
31,B,100,0,6,2.1378224343694443
31,B,100,0,7,2.691817140810416
31,B,100,0,8,3.2317182581481565
31,B,100,0,9,3.0085579837028202
31,B,100,1,0,0.19914210501426652
31,B,100,1,1,0.5700426520596509
31,B,100,1,2,0.6058135374991869
31,B,100,1,3,0.23938462870285065
31,B,100,1,4,0.06115442142687699
31,B,100,1,5,0.07924448878427547
31,B,100,1,6,0.32457679527122085
31,B,100,1,7,0.11929216466436009
31,B,100,1,8,0.2529001167794349
31,B,100,1,9,0.18304328268071146
31,B,100,2,0,-0.048273950826343885
31,B,100,2,1,0.14769449094932932
31,B,100,2,2,-0.054396476465918636
31,B,100,2,3,0.17017517723109526
31,B,100,2,4,0.13505728381436716
31,B,100,2,5,-0.06427867321677512
31,B,100,2,6,0.3488245308443064
31,B,100,2,7,0.14101155400092236
31,B,100,2,8,0.0035640506167961094
31,B,100,2,9,0.22584686692741737
31,B,100,3,0,0.19837004626546306
31,B,100,3,1,0.40707606186448153
31,B,100,3,2,0.592394215774093
31,B,100,3,3,0.6512984592183798
31,B,100,3,4,0.8271547435266146
31,B,100,3,5,0.4823558830734652
31,B,100,3,6,0.5519513671017823
31,B,100,3,7,0.958123577101425
31,B,100,3,8,0.7800276980632895
31,B,100,3,9,0.67483368599503
31,B,100,4,0,-0.4797450834502195
31,B,100,4,1,-0.7920847984857021
31,B,100,4,2,-0.8568778246940701
31,B,100,4,3,-0.19780730225645476
31,B,100,4,4,-0.425046287376259
31,B,100,4,5,-0.3665423092402732
31,B,100,4,6,-0.3963557209331696
31,B,100,4,7,-0.3532612283974445
31,B,100,4,8,-0.45052640079873196
31,B,100,4,9,-0.40236030530725175
31,B,100,5,0,0.02730533308027739
31,B,100,5,1,0.11883277996107683
31,B,100,5,2,0.17410289490954828
31,B,100,5,3,-0.017430690492360363
31,B,100,5,4,0.21386940369711185
31,B,100,5,5,0.25874009733589576
31,B,100,5,6,-0.10093376969926057
31,B,100,5,7,0.3069604902364473
31,B,100,5,8,0.33656250138179833
31,B,100,5,9,0.5454285284044771
31,B,100,6,0,-2.3194651133474826
31,B,100,6,1,-2.0676265797462965
31,B,100,6,2,-2.799333089907569
31,B,100,6,3,-2.4970932936988137
31,B,100,6,4,-2.8892757532386146
31,B,100,6,5,-2.679625915617706
31,B,100,6,6,-2.324346914417967
31,B,100,6,7,-2.7180221049220052
31,B,100,6,8,-2.3654301331821936
31,B,100,6,9,-2.358468087795931
31,B,100,7,0,-0.07125152650194812
31,B,100,7,1,-0.033898193528829106
31,B,100,7,2,-0.014252120938701955
31,B,100,7,3,-0.01619302407940384
31,B,100,7,4,-0.007407813343851022
31,B,100,7,5,-0.02643714441521424
31,B,100,7,6,-0.05159654908733726
31,B,100,7,7,-0.2585191301656171
31,B,100,7,8,-0.2018945890440563
31,B,100,7,9,-0.018429446152356987
31,B,100,8,0,2.008701290551734
31,B,100,8,1,2.04846402425635
31,B,100,8,2,0.7769589036212904
31,B,100,8,3,1.8995345350745008
31,B,100,8,4,1.8508522973674735
31,B,100,8,5,1.774183010910847
31,B,100,8,6,2.01157625584947
31,B,100,8,7,2.148551420500434
31,B,100,8,8,1.8678722367174427
31,B,100,8,9,1.9009876400897048
31,B,100,9,0,0.18785513262429704
31,B,100,9,1,0.05879121217815008
31,B,100,9,2,-0.4261647546901886
31,B,100,9,3,0.053344739445997935
31,B,100,9,4,-0.16585958505863335
31,B,100,9,5,0.014895798381429145
31,B,100,9,6,0.037040844997888706
31,B,100,9,7,0.31141569524093915
31,B,100,9,8,0.22276055659538366
31,B,100,9,9,0.13380153057889643
32,A,0.05,0,0,0.653965045938319
32,A,0.05,0,1,1.3155624498617475
32,A,0.05,0,2,0.9632089073820432
32,A,0.05,0,3,0.9855140167787643
32,A,0.05,0,4,0.7405098071797593
32,A,0.05,0,5,0.8487834828084732
32,A,0.05,0,6,1.7549089157920306
32,A,0.05,0,7,0.7726143163701208
32,A,0.05,0,8,1.4997293084925352
32,A,0.05,0,9,0.9884574983991067
32,A,0.05,1,0,-1.4302285131010597
32,A,0.05,1,1,-1.7534672378246035
32,A,0.05,1,2,-1.8064036031683095
32,A,0.05,1,3,-1.803416619928995
32,A,0.05,1,4,-1.470783398327241
32,A,0.05,1,5,-1.464747286415069
32,A,0.05,1,6,-1.8235967614450632
32,A,0.05,1,7,-1.1772884835939255
32,A,0.05,1,8,-1.6632306962971792
32,A,0.05,1,9,-1.6403036113271405
32,A,0.05,2,0,-0.14208049996279412
32,A,0.05,2,1,-0.05769411536550785
32,A,0.05,2,2,-0.47777444265901736
32,A,0.05,2,3,-0.2964119631807316
32,A,0.05,2,4,0.16714229568678243
32,A,0.05,2,5,0.17215519047953481
32,A,0.05,2,6,0.18134324833128965
32,A,0.05,2,7,0.13295363312663244
32,A,0.05,2,8,0.1941733410555297
32,A,0.05,2,9,0.20486791075707458
32,A,0.05,3,0,-0.08993603004706086
32,A,0.05,3,1,0.36757543136207466
32,A,0.05,3,2,0.6570517048505573
32,A,0.05,3,3,0.1196747932711318
32,A,0.05,3,4,0.653619914003046
32,A,0.05,3,5,0.4088131666219578
32,A,0.05,3,6,0.5358127517626025
32,A,0.05,3,7,0.9005485634782533
32,A,0.05,3,8,-0.08633138964774303
32,A,0.05,3,9,0.24952173763826815
32,A,0.05,4,0,0.9574546141807905
32,A,0.05,4,1,1.0156051412613214
32,A,0.05,4,2,0.9970049194010959
32,A,0.05,4,3,0.9135031866613038
32,A,0.05,4,4,0.9348480639725726
32,A,0.05,4,5,0.5119666567642449
32,A,0.05,4,6,1.0401580498212102
32,A,0.05,4,7,0.5765739008674782
32,A,0.05,4,8,0.5203293364284566
32,A,0.05,4,9,1.0620437238617442
32,A,0.05,5,0,0.9151297041690887
32,A,0.05,5,1,0.998668860929018
32,A,0.05,5,2,1.1032422498648489
32,A,0.05,5,3,1.1613676399891955
32,A,0.05,5,4,1.236591040179022
32,A,0.05,5,5,1.1077724289905584
32,A,0.05,5,6,0.8565724558429514
32,A,0.05,5,7,1.1183592519434329
32,A,0.05,5,8,1.1151552411135808
32,A,0.05,5,9,1.169498320296849
32,A,0.05,6,0,1.5865666874170763
32,A,0.05,6,1,0.11865663635876021
32,A,0.05,6,2,0.745609946260839
32,A,0.05,6,3,1.4023858748291298
32,A,0.05,6,4,0.6473388637434395
32,A,0.05,6,5,1.1033442271978895
32,A,0.05,6,6,1.203961237876614
32,A,0.05,6,7,1.0045600961395136
32,A,0.05,6,8,1.7205081282868586
32,A,0.05,6,9,1.59798541806763
32,A,0.05,7,0,0.004058005876588192
32,A,0.05,7,1,0.687874483354789
32,A,0.05,7,2,0.5052667366147914
32,A,0.05,7,3,0.46149443771212334
32,A,0.05,7,4,0.6167610225070914
32,A,0.05,7,5,-0.033527623815499986
32,A,0.05,7,6,0.3319186535419597
32,A,0.05,7,7,0.43635507668341333
32,A,0.05,7,8,0.45993792248422694
32,A,0.05,7,9,0.47403290997864644
32,A,0.05,8,0,0.022624557523293672
32,A,0.05,8,1,0.4493401351461624
32,A,0.05,8,2,0.4565767919879372
32,A,0.05,8,3,0.8924676058223306
32,A,0.05,8,4,0.9601379068137635
32,A,0.05,8,5,-0.5564844529648819
32,A,0.05,8,6,1.2092965704013574
32,A,0.05,8,7,0.836777322174431
32,A,0.05,8,8,1.1623621596957878
32,A,0.05,8,9,0.7513036731275373
32,A,0.05,9,0,1.0360952770076606
32,A,0.05,9,1,1.2211294569255131
32,A,0.05,9,2,1.1464532650548331
32,A,0.05,9,3,0.6469935831274708
32,A,0.05,9,4,0.6561181215059644
32,A,0.05,9,5,1.2574025688544002
32,A,0.05,9,6,1.512939270078868
32,A,0.05,9,7,1.1815922570692756
32,A,0.05,9,8,0.6681725972817387
32,A,0.05,9,9,1.3713071296133335
32,B,100,0,0,0.619285780704995
32,B,100,0,1,1.4497279866092179
32,B,100,0,2,1.0182748419157435
32,B,100,0,3,-0.5070972844211303
32,B,100,0,4,0.5360919061397394
32,B,100,0,5,1.1617393158550435
32,B,100,0,6,0.9460362316999841
32,B,100,0,7,0.8303219536124707
32,B,100,0,8,0.29490084878062434
32,B,100,0,9,0.8951303012610962
32,B,100,1,0,0.4261702925919784
32,B,100,1,1,0.2574250393613784
32,B,100,1,2,0.2367305216689223
32,B,100,1,3,0.4159197509363099
32,B,100,1,4,-0.11594812944208023
32,B,100,1,5,0.4416371322705005
32,B,100,1,6,0.4625375442602547
32,B,100,1,7,0.4075601087343766
32,B,100,1,8,0.48853905258535
32,B,100,1,9,0.3432760362160418
32,B,100,2,0,-0.5152730640325657
32,B,100,2,1,-0.013094669515583484
32,B,100,2,2,-0.3379515557803348
32,B,100,2,3,0.014929019825308743
32,B,100,2,4,-0.5989967982794415
32,B,100,2,5,0.012398655108397933
32,B,100,2,6,-0.5255049592783941
32,B,100,2,7,0.05338266059746789
32,B,100,2,8,0.09544736844977866
32,B,100,2,9,-0.5212291110254655
32,B,100,3,0,-1.3393492914041678
32,B,100,3,1,-1.5244412668739054
32,B,100,3,2,-1.383536633161223
32,B,100,3,3,-1.7558242340069754
32,B,100,3,4,-1.421229406831293
32,B,100,3,5,-1.3355938701204921
32,B,100,3,6,-1.7607257631213458
32,B,100,3,7,-2.003648330887939
32,B,100,3,8,-2.498125292844301
32,B,100,3,9,-1.7629610242632647
32,B,100,4,0,1.3940332494562497
32,B,100,4,1,1.3484661673142295
32,B,100,4,2,1.1357170522024254
32,B,100,4,3,1.3422078007356775
32,B,100,4,4,1.2561130256628275
32,B,100,4,5,1.6822322624117456
32,B,100,4,6,1.4497717357800806
32,B,100,4,7,1.3440733627248496
32,B,100,4,8,1.0541435419236462
32,B,100,4,9,1.3625788454564451
32,B,100,5,0,0.18986090920620904
32,B,100,5,1,0.010889497109386628
32,B,100,5,2,0.48868577463581975
32,B,100,5,3,0.58873709830222
32,B,100,5,4,0.8560007695301519
32,B,100,5,5,0.6030390912262953
32,B,100,5,6,0.6423764214148118
32,B,100,5,7,0.18848896342489208
32,B,100,5,8,0.5052000756961061
32,B,100,5,9,0.33707150452395407
32,B,100,6,0,-0.318720096502247
32,B,100,6,1,-0.4748088975011073
32,B,100,6,2,-0.08952457449313471
32,B,100,6,3,0.08145889691301215
32,B,100,6,4,0.010766474958075825
32,B,100,6,5,0.07884267964764366
32,B,100,6,6,-0.1480477310608398
32,B,100,6,7,0.04838608153874814
32,B,100,6,8,-0.10383438088621362
32,B,100,6,9,-0.1601528177288991
32,B,100,7,0,0.17620434535242938
32,B,100,7,1,0.09390592125067612
32,B,100,7,2,-0.13005986593583624
32,B,100,7,3,0.563735997650958
32,B,100,7,4,0.10577452419980238
32,B,100,7,5,-0.4207710771252542
32,B,100,7,6,-0.441298546546429
32,B,100,7,7,0.34229797502189
32,B,100,7,8,-0.19043979117702228
32,B,100,7,9,0.11177185025518616
32,B,100,8,0,-0.21205879573727238
32,B,100,8,1,-0.5730537783799041
32,B,100,8,2,-0.6591332722858421
32,B,100,8,3,-0.48075427389940595
32,B,100,8,4,-0.41417367727067095
32,B,100,8,5,-0.8054624383305671
32,B,100,8,6,-0.6641074250693495
32,B,100,8,7,-1.2871047430594054
32,B,100,8,8,-0.6559094467818827
32,B,100,8,9,-0.6430216939974809
32,B,100,9,0,0.1978919536646886
32,B,100,9,1,-0.19672476601039451
32,B,100,9,2,0.40117557461198566
32,B,100,9,3,0.7273717505007014
32,B,100,9,4,0.5627585217371291
32,B,100,9,5,0.6570014472356199
32,B,100,9,6,0.192051164211903
32,B,100,9,7,0.5329963136709674
32,B,100,9,8,0.8002080943302212
32,B,100,9,9,0.13193660786020842
33,A,0.05,0,0,-0.5965092476510162
33,A,0.05,0,1,-0.3088116086546477
33,A,0.05,0,2,0.16838163025103783
33,A,0.05,0,3,0.32890937906313433
33,A,0.05,0,4,-1.1509981067081592
33,A,0.05,0,5,-0.08779361327229397
33,A,0.05,0,6,-0.3557520711073981
33,A,0.05,0,7,0.030901764456377764
33,A,0.05,0,8,0.6299078681423399
33,A,0.05,0,9,-0.03741975769116055
33,A,0.05,1,0,-0.11074880466939466
33,A,0.05,1,1,-0.006710773625374124
33,A,0.05,1,2,0.003941104827866203
33,A,0.05,1,3,-0.48845726789638716
33,A,0.05,1,4,-0.14281001222076556
33,A,0.05,1,5,0.271797493437952
33,A,0.05,1,6,-0.1830922472846529
33,A,0.05,1,7,0.14964751924075803
33,A,0.05,1,8,0.052876107440641806
33,A,0.05,1,9,0.4404198285326687
33,A,0.05,2,0,-2.318502787099603
33,A,0.05,2,1,-2.9916484031042727
33,A,0.05,2,2,-2.340387549007106
33,A,0.05,2,3,-2.3982712547852922
33,A,0.05,2,4,-2.333523386932518
33,A,0.05,2,5,-2.65974594747236
33,A,0.05,2,6,-2.9849526638200663
33,A,0.05,2,7,-2.448189256380682
33,A,0.05,2,8,-0.7141126910059123
33,A,0.05,2,9,-2.144601119911905
33,A,0.05,3,0,1.829691527784677
33,A,0.05,3,1,2.204734821739758
33,A,0.05,3,2,2.2546302835401835
33,A,0.05,3,3,2.5186113340930145
33,A,0.05,3,4,2.7984974360633372
33,A,0.05,3,5,2.576647621251241
33,A,0.05,3,6,2.8579829157197616
33,A,0.05,3,7,2.472627559849078
33,A,0.05,3,8,1.5365273828948622
33,A,0.05,3,9,1.9322260888555793
33,A,0.05,4,0,0.8100645214167371
33,A,0.05,4,1,0.9500542291133459
33,A,0.05,4,2,0.9419781982902967
33,A,0.05,4,3,0.8413565243516161
33,A,0.05,4,4,0.8892793540438241
33,A,0.05,4,5,1.0870730541147477
33,A,0.05,4,6,1.0857545952183636
33,A,0.05,4,7,0.9888934368953546
33,A,0.05,4,8,0.7354771599177924
33,A,0.05,4,9,0.7509885462706569
33,A,0.05,5,0,0.7259993718599681
33,A,0.05,5,1,0.8964533355492935
33,A,0.05,5,2,0.5363188894115911
33,A,0.05,5,3,0.536785651315604
33,A,0.05,5,4,0.5889801505641918
33,A,0.05,5,5,1.3868382281750105
33,A,0.05,5,6,1.783769409931453
33,A,0.05,5,7,1.2680811195081672
33,A,0.05,5,8,0.9927989814241158
33,A,0.05,5,9,1.5820839302179488
33,A,0.05,6,0,-0.5552833633676142
33,A,0.05,6,1,-1.0539794238540563
33,A,0.05,6,2,-0.8074902252800509
33,A,0.05,6,3,-0.8462927021029795
33,A,0.05,6,4,-1.0156508568484308
33,A,0.05,6,5,-0.9299809206953303
33,A,0.05,6,6,-1.0388542144287
33,A,0.05,6,7,-1.473619699753923
33,A,0.05,6,8,-0.825757155537626
33,A,0.05,6,9,-1.010445599614813
33,A,0.05,7,0,1.3665118451829301
33,A,0.05,7,1,1.4193604046059685
33,A,0.05,7,2,0.7096970570032545
33,A,0.05,7,3,1.3461824429381688
33,A,0.05,7,4,0.9978015051872042
33,A,0.05,7,5,1.1866743120480578
33,A,0.05,7,6,1.3111017502155744
33,A,0.05,7,7,1.2919071820340735
33,A,0.05,7,8,1.5953135767213693
33,A,0.05,7,9,0.8526306287232595
33,A,0.05,8,0,0.9537941298089014
33,A,0.05,8,1,0.8071542840320878
33,A,0.05,8,2,0.8597244990092687
33,A,0.05,8,3,0.10226162673775917
33,A,0.05,8,4,1.0171041961573415
33,A,0.05,8,5,0.6130297865056052
33,A,0.05,8,6,0.3339719510274593
33,A,0.05,8,7,0.4945835736051818
33,A,0.05,8,8,0.8092638686242343
33,A,0.05,8,9,0.5920553706146416
33,A,0.05,9,0,-1.8485155743465524
33,A,0.05,9,1,-1.2717126182532463
33,A,0.05,9,2,-1.537618906099151
33,A,0.05,9,3,-2.019561247386202
33,A,0.05,9,4,-2.2126168585455037
33,A,0.05,9,5,-1.5313908150695754
33,A,0.05,9,6,-1.344810946710993
33,A,0.05,9,7,-1.972771036908514
33,A,0.05,9,8,-2.44682185755897
33,A,0.05,9,9,-1.9528653737104384
33,B,100,0,0,-1.5572155902247424
33,B,100,0,1,-0.8491220514182697
33,B,100,0,2,-1.663653472125439
33,B,100,0,3,-0.6067978727232338
33,B,100,0,4,-1.4997581323556006
33,B,100,0,5,-1.161610904833018
33,B,100,0,6,-1.1715872509903607
33,B,100,0,7,-1.2339683273377813
33,B,100,0,8,-1.0616225609939738
33,B,100,0,9,-0.9496807977810522
33,B,100,1,0,-0.04053418069337931
33,B,100,1,1,0.3103665219749726
33,B,100,1,2,0.11304391831190627
33,B,100,1,3,0.37913834619626935
33,B,100,1,4,0.21338696329236917
33,B,100,1,5,0.3279494337922799
33,B,100,1,6,0.2369373979233027
33,B,100,1,7,0.2203619726070163
33,B,100,1,8,0.15252618344237429
33,B,100,1,9,0.1949263235964131
33,B,100,2,0,1.1129835371889054
33,B,100,2,1,1.4046116750539424
33,B,100,2,2,1.4337831462841277
33,B,100,2,3,1.1196321710686155
33,B,100,2,4,1.6027901402327092
33,B,100,2,5,-0.13161996189599326
33,B,100,2,6,1.1333887545534758
33,B,100,2,7,0.864974196278871
33,B,100,2,8,1.830515711424287
33,B,100,2,9,2.0197999071543635
33,B,100,3,0,-2.2811976526004174
33,B,100,3,1,-2.097505720930306
33,B,100,3,2,-1.9549977696372076
33,B,100,3,3,-1.9134371123268288
33,B,100,3,4,-2.0632580130761236
33,B,100,3,5,-1.9836375955464653
33,B,100,3,6,-1.9605258866763218
33,B,100,3,7,-2.17799799513535
33,B,100,3,8,-1.972269253330706
33,B,100,3,9,-2.1420485917603354
33,B,100,4,0,0.21656435104190946
33,B,100,4,1,0.24375783369281365
33,B,100,4,2,0.16988093704179166
33,B,100,4,3,0.378456008219686
33,B,100,4,4,0.6760649645449693
33,B,100,4,5,0.6083771967608685
33,B,100,4,6,0.47974563923585395
33,B,100,4,7,0.3180022926956753
33,B,100,4,8,0.3699427398972884
33,B,100,4,9,1.041129302037416
33,B,100,5,0,1.0516864315531167
33,B,100,5,1,0.7106161528067242
33,B,100,5,2,0.961683521253504
33,B,100,5,3,0.5111666715921532
33,B,100,5,4,0.8552804977653728
33,B,100,5,5,1.191035918531519
33,B,100,5,6,1.1704244956276264
33,B,100,5,7,1.3009265186358987
33,B,100,5,8,1.307959222646298
33,B,100,5,9,1.2599037057232376
33,B,100,6,0,0.5865602443740732
33,B,100,6,1,0.30240705038230037
33,B,100,6,2,0.380657820742288
33,B,100,6,3,0.1871799404568114
33,B,100,6,4,0.467700752230188
33,B,100,6,5,0.2556637600896565
33,B,100,6,6,0.26552167109546604
33,B,100,6,7,0.5795194175233663
33,B,100,6,8,-0.06973972769969956
33,B,100,6,9,0.5594589304881435
33,B,100,7,0,-0.3760639934902453
33,B,100,7,1,-0.8315749968826519
33,B,100,7,2,-0.5905997948143722
33,B,100,7,3,-0.8116224141146272
33,B,100,7,4,-0.898489779995862
33,B,100,7,5,-0.320334454286391
33,B,100,7,6,-1.2472982168299978
33,B,100,7,7,-0.3996467635735375
33,B,100,7,8,-0.14888158576704497
33,B,100,7,9,-0.2197727259951187
33,B,100,8,0,1.4084272090148915
33,B,100,8,1,1.3210752699682227
33,B,100,8,2,1.3198568002006177
33,B,100,8,3,1.1928475114917858
33,B,100,8,4,0.9697580009417179
33,B,100,8,5,1.3166988453217119
33,B,100,8,6,1.447634090158637
33,B,100,8,7,1.3617456038019642
33,B,100,8,8,1.5392110897502804
33,B,100,8,9,1.2085771929555251
33,B,100,9,0,-0.2192906058952391
33,B,100,9,1,-0.6406355539935397
33,B,100,9,2,-0.3851855820021948
33,B,100,9,3,-0.31818859640206343
33,B,100,9,4,-0.8010844151038509
33,B,100,9,5,-0.21089144007846533
33,B,100,9,6,-0.16532955100913113
33,B,100,9,7,-0.1701896619349803
33,B,100,9,8,-0.15858989201347504
33,B,100,9,9,-0.279415232339307
34,A,0.05,0,0,0.9589788117547532
34,A,0.05,0,1,1.133154222475716
34,A,0.05,0,2,0.9688988603200969
34,A,0.05,0,3,1.3158570591709982
34,A,0.05,0,4,1.3537289908547918
34,A,0.05,0,5,1.060316917136741
34,A,0.05,0,6,1.1091585911319133
34,A,0.05,0,7,1.0048008331502176
34,A,0.05,0,8,0.9060117783025047
34,A,0.05,0,9,1.3284978593137255
34,A,0.05,1,0,-0.3882984849506206
34,A,0.05,1,1,0.028579240315584252
34,A,0.05,1,2,0.17770146557233735
34,A,0.05,1,3,0.149907475668898
34,A,0.05,1,4,-0.05775966295517075
34,A,0.05,1,5,0.19937308005144522
34,A,0.05,1,6,0.007253363284928915
34,A,0.05,1,7,0.20686914050433888
34,A,0.05,1,8,0.3146216291134571
34,A,0.05,1,9,0.314840806491332
34,A,0.05,2,0,1.0052138471913563
34,A,0.05,2,1,0.7309864263820954
34,A,0.05,2,2,0.7497880019164781
34,A,0.05,2,3,1.1474872099378028
34,A,0.05,2,4,0.9430746226073548
34,A,0.05,2,5,0.7705890241856265
34,A,0.05,2,6,0.6393907558637633
34,A,0.05,2,7,1.1089393645628376
34,A,0.05,2,8,0.8072552889866887
34,A,0.05,2,9,0.8939519511590978
34,A,0.05,3,0,0.25186303808745664
34,A,0.05,3,1,0.37446678851277954
34,A,0.05,3,2,0.5025725915885846
34,A,0.05,3,3,0.6764938415950973
34,A,0.05,3,4,0.49992638048366456
34,A,0.05,3,5,0.4979875183913577
34,A,0.05,3,6,0.5029987029276998
34,A,0.05,3,7,0.4052034779492487
34,A,0.05,3,8,0.30370685132031994
34,A,0.05,3,9,0.7064939095289865
34,A,0.05,4,0,-0.03944355622586352
34,A,0.05,4,1,-0.40209367124581924
34,A,0.05,4,2,-0.14098726624726338
34,A,0.05,4,3,-0.062167718306021
34,A,0.05,4,4,-0.03389619014274917
34,A,0.05,4,5,-0.1593006360342205
34,A,0.05,4,6,-0.19524561472219387
34,A,0.05,4,7,-0.06609621601767261
34,A,0.05,4,8,-0.1087199267538303
34,A,0.05,4,9,-0.05648618744219554
34,A,0.05,5,0,-0.031846145885075325
34,A,0.05,5,1,0.14658449669182425
34,A,0.05,5,2,-0.18708500413501866
34,A,0.05,5,3,-0.5049709046188271
34,A,0.05,5,4,-0.3244194038305537
34,A,0.05,5,5,-0.15040733897019593
34,A,0.05,5,6,0.04903594387610654
34,A,0.05,5,7,-0.12677218590565265
34,A,0.05,5,8,-0.1412390959232657
34,A,0.05,5,9,-0.4202826325652113
34,A,0.05,6,0,-0.22058716251238453
34,A,0.05,6,1,-0.40497526033323356
34,A,0.05,6,2,-0.7026674156521138
34,A,0.05,6,3,-0.436306261375202
34,A,0.05,6,4,-0.8926435819502202
34,A,0.05,6,5,-0.5078120952158197
34,A,0.05,6,6,-1.9472508447337595
34,A,0.05,6,7,0.03228347952396786
34,A,0.05,6,8,-1.1803803035919114
34,A,0.05,6,9,-0.7176489544605316
34,A,0.05,7,0,0.3262078662488186
34,A,0.05,7,1,-0.2553914048214615
34,A,0.05,7,2,0.18845115228952217
34,A,0.05,7,3,0.6995025417365581
34,A,0.05,7,4,0.15679522939882629
34,A,0.05,7,5,0.6973469396775734
34,A,0.05,7,6,0.32448601572901103
34,A,0.05,7,7,0.22674569097522262
34,A,0.05,7,8,0.2851080590286177
34,A,0.05,7,9,0.29457351218147776
34,A,0.05,8,0,0.6276906650108767
34,A,0.05,8,1,0.9229691384524927
34,A,0.05,8,2,1.0698713244283775
34,A,0.05,8,3,0.8706171839184212
34,A,0.05,8,4,0.5182388399876315
34,A,0.05,8,5,0.40624274169941327
34,A,0.05,8,6,0.43128983300691065
34,A,0.05,8,7,0.49855142585599105
34,A,0.05,8,8,0.7193902044527526
34,A,0.05,8,9,0.8736514378223572
34,A,0.05,9,0,-0.8387156277248193
34,A,0.05,9,1,-0.734828813463105
34,A,0.05,9,2,-0.3246521496519938
34,A,0.05,9,3,-0.4611308469486657
34,A,0.05,9,4,-0.7951949145150097
34,A,0.05,9,5,-0.6055727210180285
34,A,0.05,9,6,-0.42822166073362505
34,A,0.05,9,7,-0.44879546071140525
34,A,0.05,9,8,-0.7788448980562835
34,A,0.05,9,9,-0.5842026961784599
34,B,100,0,0,-1.602736079636333
34,B,100,0,1,-1.479479721571497
34,B,100,0,2,-1.1643441121964373
34,B,100,0,3,-1.4154608057061677
34,B,100,0,4,-1.3431049025519763
34,B,100,0,5,-1.7044301855797492
34,B,100,0,6,-1.409395652436638
34,B,100,0,7,-1.3172685813038567
34,B,100,0,8,-1.6767449344871457
34,B,100,0,9,-1.590664109920709
34,B,100,1,0,0.46663022639852675
34,B,100,1,1,0.28197012110664454
34,B,100,1,2,1.308751822385847
34,B,100,1,3,0.2602403985888661
34,B,100,1,4,0.46500897143171116
34,B,100,1,5,0.7065123936518772
34,B,100,1,6,0.032168402018973426
34,B,100,1,7,0.3785987134257813
34,B,100,1,8,0.1893570472951575
34,B,100,1,9,0.11829933678347833
34,B,100,2,0,0.9070259145602461
34,B,100,2,1,1.0601422062667512
34,B,100,2,2,1.042172056465428
34,B,100,2,3,0.9848757803858629
34,B,100,2,4,1.1855926913192365
34,B,100,2,5,1.0408650326417386
34,B,100,2,6,1.1123704442261435
34,B,100,2,7,1.2003706714837437
34,B,100,2,8,0.7142841189234532
34,B,100,2,9,0.7787792428592778
34,B,100,3,0,-0.669558415328935
34,B,100,3,1,-0.5550592261376222
34,B,100,3,2,-0.5933423883744003
34,B,100,3,3,-1.021540000376674
34,B,100,3,4,-0.9650059407491655
34,B,100,3,5,-1.1584558976058137
34,B,100,3,6,-0.4957742751812701
34,B,100,3,7,-0.40378173534242073
34,B,100,3,8,-0.11864704376355796
34,B,100,3,9,-0.36750055958226274
34,B,100,4,0,0.16726839209579128
34,B,100,4,1,0.2640445584000932
34,B,100,4,2,0.5305570340377073
34,B,100,4,3,0.39269922655235606
34,B,100,4,4,0.16505455272974667
34,B,100,4,5,0.7512587392263056
34,B,100,4,6,0.2825949077947495
34,B,100,4,7,0.41208757810960356
34,B,100,4,8,0.3113745974620887
34,B,100,4,9,0.14516586158896194
34,B,100,5,0,-0.7124240230495155
34,B,100,5,1,-1.002671151152684
34,B,100,5,2,-1.1773628404491296
34,B,100,5,3,-0.9695578370106821
34,B,100,5,4,-1.0184129934259012
34,B,100,5,5,0.2765180234624769
34,B,100,5,6,-1.0530185975109403
34,B,100,5,7,-0.911355784627553
34,B,100,5,8,-0.8838634931473293
34,B,100,5,9,0.19172061574636778
34,B,100,6,0,0.6826689738143205
34,B,100,6,1,0.6983912576740101
34,B,100,6,2,0.4747283325324357
34,B,100,6,3,0.3843329821887415
34,B,100,6,4,0.37379146151785825
34,B,100,6,5,0.37238478298687705
34,B,100,6,6,0.3201998725605462
34,B,100,6,7,0.9275334224614014
34,B,100,6,8,0.2145532599080348
34,B,100,6,9,0.4107791014589149
34,B,100,7,0,-1.6275281782938718
34,B,100,7,1,-1.6504931736772868
34,B,100,7,2,-1.2516680790803985
34,B,100,7,3,-1.1845964498155566
34,B,100,7,4,-1.6016646258145208
34,B,100,7,5,-1.403346100740055
34,B,100,7,6,-1.161650647162554
34,B,100,7,7,-1.3512436236075838
34,B,100,7,8,-1.2508458117172856
34,B,100,7,9,-1.7940471460409912
34,B,100,8,0,1.7055842404545152
34,B,100,8,1,1.5303920139041438
34,B,100,8,2,1.8058241994466238
34,B,100,8,3,1.6164735190823891
34,B,100,8,4,1.9511125048447857
34,B,100,8,5,1.4661996858824768
34,B,100,8,6,2.539010923060687
34,B,100,8,7,1.825106983116316
34,B,100,8,8,1.8481919286317918
34,B,100,8,9,2.331282611861293
34,B,100,9,0,-0.2351172781477315
34,B,100,9,1,0.062987580574812
34,B,100,9,2,0.04709851411356305
34,B,100,9,3,0.17348362813222654
34,B,100,9,4,0.2451065106658405
34,B,100,9,5,0.16013956531446077
34,B,100,9,6,0.22186690866790704
34,B,100,9,7,0.3300538572834342
34,B,100,9,8,0.23055265641515507
34,B,100,9,9,0.043880912338960715
35,A,0.05,0,0,0.4282002203582104
35,A,0.05,0,1,0.28239886962659766
35,A,0.05,0,2,0.522915979030317
35,A,0.05,0,3,0.21408992298484777
35,A,0.05,0,4,0.5289264493345839
35,A,0.05,0,5,0.3334217315606662
35,A,0.05,0,6,0.5835605518637262
35,A,0.05,0,7,0.24512156135362984
35,A,0.05,0,8,0.09099213356797366
35,A,0.05,0,9,0.16677644276820675
35,A,0.05,1,0,-0.5399893981152499
35,A,0.05,1,1,-0.4917461441698436
35,A,0.05,1,2,-0.6999549781133515
35,A,0.05,1,3,0.3861641766373035
35,A,0.05,1,4,-0.9345306164588709
35,A,0.05,1,5,-0.5020570375337458
35,A,0.05,1,6,0.05724361988655919
35,A,0.05,1,7,-0.013147931515727547
35,A,0.05,1,8,0.7619660026653062
35,A,0.05,1,9,-1.2425393556231787
35,A,0.05,2,0,0.7153808080286648
35,A,0.05,2,1,0.6984069749940466
35,A,0.05,2,2,0.7516083981452936
35,A,0.05,2,3,0.7699300599376152
35,A,0.05,2,4,0.9048494578910743
35,A,0.05,2,5,0.6515854521526219
35,A,0.05,2,6,0.7779748942717267
35,A,0.05,2,7,0.574077540697454
35,A,0.05,2,8,0.9164714425781956
35,A,0.05,2,9,0.488956699390108
35,A,0.05,3,0,-0.2893550500384288
35,A,0.05,3,1,-0.3261018462350099
35,A,0.05,3,2,1.1375038307342984
35,A,0.05,3,3,-0.595215618068566
35,A,0.05,3,4,-0.2887827951750958
35,A,0.05,3,5,0.022483059187295006
35,A,0.05,3,6,0.41843272503966344
35,A,0.05,3,7,-0.16388237952212822
35,A,0.05,3,8,-0.2701067046803766
35,A,0.05,3,9,-0.44632676153724393
35,A,0.05,4,0,1.4529651807466903
35,A,0.05,4,1,1.1930798654274706
35,A,0.05,4,2,1.490926773563509
35,A,0.05,4,3,1.5131826983549033
35,A,0.05,4,4,1.4410498895570907
35,A,0.05,4,5,1.5220506212318923
35,A,0.05,4,6,1.6183372940319305
35,A,0.05,4,7,1.0529454101975884
35,A,0.05,4,8,1.6278640640368391
35,A,0.05,4,9,1.617596275111111
35,A,0.05,5,0,0.35126472493817573
35,A,0.05,5,1,0.14339966240338434
35,A,0.05,5,2,0.3711154367437503
35,A,0.05,5,3,0.24551054696466726
35,A,0.05,5,4,0.44022638990193097
35,A,0.05,5,5,0.3384291951263053
35,A,0.05,5,6,0.28653914534404656
35,A,0.05,5,7,0.3276703634972008
35,A,0.05,5,8,0.4356801233112605
35,A,0.05,5,9,0.3014037271686963
35,A,0.05,6,0,0.8142200692592427
35,A,0.05,6,1,0.8703231671496272
35,A,0.05,6,2,0.10442408643882699
35,A,0.05,6,3,1.0166158644863856
35,A,0.05,6,4,0.866368877412567
35,A,0.05,6,5,1.189655520559814
35,A,0.05,6,6,1.2341422755225626
35,A,0.05,6,7,1.166123461360796
35,A,0.05,6,8,0.6656216616659206
35,A,0.05,6,9,0.9547367690722788
35,A,0.05,7,0,1.3258407881006387
35,A,0.05,7,1,1.95740450774449
35,A,0.05,7,2,1.9824743228873045
35,A,0.05,7,3,1.9883694935984335
35,A,0.05,7,4,1.9991420976306136
35,A,0.05,7,5,2.3718900153135913
35,A,0.05,7,6,2.224920469706391
35,A,0.05,7,7,2.1742061356353104
35,A,0.05,7,8,2.00568833063886
35,A,0.05,7,9,2.14033306576024
35,A,0.05,8,0,0.019538750047859304
35,A,0.05,8,1,-0.009869782869194474
35,A,0.05,8,2,0.07147028917135582
35,A,0.05,8,3,0.023564916757450767
35,A,0.05,8,4,0.07219716880868587
35,A,0.05,8,5,0.039381165431283414
35,A,0.05,8,6,0.0173480286675088
35,A,0.05,8,7,0.007090333578727459
35,A,0.05,8,8,0.05122885304902776
35,A,0.05,8,9,-0.032197624909573556
35,A,0.05,9,0,-1.1230464703925385
35,A,0.05,9,1,-0.8305008664368173
35,A,0.05,9,2,-1.095656397017348
35,A,0.05,9,3,-0.6744504693823454
35,A,0.05,9,4,-0.5620562794807541
35,A,0.05,9,5,-0.8962854258076964
35,A,0.05,9,6,-0.284316970562854
35,A,0.05,9,7,-0.5634706520633938
35,A,0.05,9,8,-0.7293879318218789
35,A,0.05,9,9,-0.6698683233709568
35,B,100,0,0,0.4101822847561474
35,B,100,0,1,0.23082505256789507
35,B,100,0,2,0.32745926095458433
35,B,100,0,3,0.251459491130725
35,B,100,0,4,0.24935053603434212
35,B,100,0,5,0.23327527597016576
35,B,100,0,6,0.18863458979470493
35,B,100,0,7,0.34464997946452025
35,B,100,0,8,0.23068455022463247
35,B,100,0,9,0.28459693171912853
35,B,100,1,0,1.5567596491262186
35,B,100,1,1,1.4150352626078841
35,B,100,1,2,0.366302191162467
35,B,100,1,3,1.721415831585067
35,B,100,1,4,1.7077870031214168
35,B,100,1,5,0.2767346470491905
35,B,100,1,6,1.5164539718035346
35,B,100,1,7,1.7187184114665197
35,B,100,1,8,1.5486156722694278
35,B,100,1,9,1.5068052961232974
35,B,100,2,0,-0.28660760665522816
35,B,100,2,1,0.20231206874258395
35,B,100,2,2,0.08580880192707205
35,B,100,2,3,-0.24192689801270423
35,B,100,2,4,-0.09645846332673523
35,B,100,2,5,-0.6737511623676478
35,B,100,2,6,0.009679969030980666
35,B,100,2,7,-0.7708637567727157
35,B,100,2,8,-0.47737375966504514
35,B,100,2,9,-0.39324499953996334
35,B,100,3,0,-0.5685611740678748
35,B,100,3,1,-0.7701986763637059
35,B,100,3,2,-0.5625183024834383
35,B,100,3,3,-0.6529707855112701
35,B,100,3,4,-0.8147482678305961
35,B,100,3,5,-0.588823217689411
35,B,100,3,6,-0.3342103783121868
35,B,100,3,7,-0.6468923682533667
35,B,100,3,8,-0.4377166251263974
35,B,100,3,9,-0.420547050256173
35,B,100,4,0,-2.509679550041315
35,B,100,4,1,-1.0270945813622394
35,B,100,4,2,-1.4404944171734355
35,B,100,4,3,-2.0908724077660388
35,B,100,4,4,-2.142242937296179
35,B,100,4,5,-2.0191167054760943
35,B,100,4,6,-2.016813031198334
35,B,100,4,7,-1.9164179684078346
35,B,100,4,8,-2.540522172156564
35,B,100,4,9,-1.9116740220703727
35,B,100,5,0,0.3413463630709889
35,B,100,5,1,0.2856773132030628
35,B,100,5,2,0.9259086740864119
35,B,100,5,3,0.7060433886652381
35,B,100,5,4,1.10376105121908
35,B,100,5,5,0.5424195338033568
35,B,100,5,6,1.7312293083756338
35,B,100,5,7,1.5229013682362074
35,B,100,5,8,0.5768498371846432
35,B,100,5,9,1.7261037523636595
35,B,100,6,0,-0.12353497018050284
35,B,100,6,1,0.20548377078814684
35,B,100,6,2,0.414401308681176
35,B,100,6,3,0.21789365506501654
35,B,100,6,4,-0.06623767318340487
35,B,100,6,5,-0.15940868024722668
35,B,100,6,6,-0.2713873709788614
35,B,100,6,7,0.16031442167398308
35,B,100,6,8,0.007911227120261754
35,B,100,6,9,0.021880849940929707
35,B,100,7,0,-0.28665293312744433
35,B,100,7,1,-0.6477184373685846
35,B,100,7,2,-0.8018049940165073
35,B,100,7,3,-0.8105524008647833
35,B,100,7,4,-0.31456271954430104
35,B,100,7,5,-0.37014380276917297
35,B,100,7,6,-0.796865401827825
35,B,100,7,7,-0.47706242244227526
35,B,100,7,8,-0.3633732136615918
35,B,100,7,9,-0.9310916885421687
35,B,100,8,0,0.10082265778661975
35,B,100,8,1,-0.4270444523855451
35,B,100,8,2,-0.22641834036288092
35,B,100,8,3,-0.04120028629752913
35,B,100,8,4,0.04656037969957858
35,B,100,8,5,0.012755981189753136
35,B,100,8,6,0.0201466507358126
35,B,100,8,7,0.009346575879039273
35,B,100,8,8,-0.6578380456206376
35,B,100,8,9,0.2195890276614618
35,B,100,9,0,-0.7655484992784224
35,B,100,9,1,-1.0331205152226168
35,B,100,9,2,-0.7707583269019692
35,B,100,9,3,-0.8011887745538594
35,B,100,9,4,-0.9634310375411992
35,B,100,9,5,-0.8436507878814867
35,B,100,9,6,-0.820981820744643
35,B,100,9,7,-0.7213680735222469
35,B,100,9,8,-0.8265950599552607
35,B,100,9,9,-0.7380467233048945
36,A,0.05,0,0,-1.7680297138026189
36,A,0.05,0,1,-1.657606851473928
36,A,0.05,0,2,-1.50551098014373
36,A,0.05,0,3,-1.823245646637384
36,A,0.05,0,4,-1.6879246516047992
36,A,0.05,0,5,-1.312282060214376
36,A,0.05,0,6,-0.9597248963328797
36,A,0.05,0,7,-1.0239100332664532
36,A,0.05,0,8,-1.3182451157267883
36,A,0.05,0,9,-0.8590115496954225
36,A,0.05,1,0,0.02290240112887932
36,A,0.05,1,1,-0.02966993904805337
36,A,0.05,1,2,-0.042784163915843575
36,A,0.05,1,3,0.26955731771282676
36,A,0.05,1,4,-0.17283297989199223
36,A,0.05,1,5,-0.25509601923859665
36,A,0.05,1,6,-0.09881613311342079
36,A,0.05,1,7,0.16898982794720477
36,A,0.05,1,8,-0.1623922146199889
36,A,0.05,1,9,0.038481607901548774
36,A,0.05,2,0,0.43511935960756365
36,A,0.05,2,1,0.41782303465134424
36,A,0.05,2,2,0.19912886428833165
36,A,0.05,2,3,0.6200010951897642
36,A,0.05,2,4,0.42846963315286024
36,A,0.05,2,5,0.5134333624086442
36,A,0.05,2,6,0.28960712723118337
36,A,0.05,2,7,0.2593773560183881
36,A,0.05,2,8,0.31014068810987444
36,A,0.05,2,9,0.20086405197388604
36,A,0.05,3,0,-0.9670384967876532
36,A,0.05,3,1,-0.782635211109198
36,A,0.05,3,2,-0.8448342424430362
36,A,0.05,3,3,-0.7005310939696943
36,A,0.05,3,4,-0.8405854656339431
36,A,0.05,3,5,-1.1136001477612365
36,A,0.05,3,6,-0.8918150463887496
36,A,0.05,3,7,-1.0552252806305409
36,A,0.05,3,8,-1.0047683314190996
36,A,0.05,3,9,-1.1302682078158928
36,A,0.05,4,0,-0.17027180865398342
36,A,0.05,4,1,-0.04790017676386806
36,A,0.05,4,2,0.05289188609202982
36,A,0.05,4,3,-0.007683623876097357
36,A,0.05,4,4,0.06648731821194753
36,A,0.05,4,5,0.1859690964660422
36,A,0.05,4,6,0.1694090027380237
36,A,0.05,4,7,0.17966118658033148
36,A,0.05,4,8,0.018060804617067102
36,A,0.05,4,9,-0.004572393121855095
36,A,0.05,5,0,0.7266600728970217
36,A,0.05,5,1,1.0873110701354252
36,A,0.05,5,2,0.6258723046462475
36,A,0.05,5,3,0.8739679585248064
36,A,0.05,5,4,1.1318768043803296
36,A,0.05,5,5,0.6654476372095123
36,A,0.05,5,6,0.8907245637831295
36,A,0.05,5,7,1.1170651792608841
36,A,0.05,5,8,0.6048144550679094
36,A,0.05,5,9,1.1622373837707887
36,A,0.05,6,0,0.023713294755023796
36,A,0.05,6,1,0.1620623415822229
36,A,0.05,6,2,-0.06930239465107817
36,A,0.05,6,3,0.15800102523151294
36,A,0.05,6,4,-0.05597087339626225
36,A,0.05,6,5,0.03776556915426778
36,A,0.05,6,6,0.2638298038683205
36,A,0.05,6,7,0.131631632133959
36,A,0.05,6,8,-0.15842596034301246
36,A,0.05,6,9,0.035072186083194366
36,A,0.05,7,0,1.9037782892408457
36,A,0.05,7,1,2.152141146122174
36,A,0.05,7,2,1.6148928335855348
36,A,0.05,7,3,1.5626053249165175
36,A,0.05,7,4,1.7248485414403767
36,A,0.05,7,5,1.4776313300917687
36,A,0.05,7,6,1.475428616491281
36,A,0.05,7,7,1.5314166636154853
36,A,0.05,7,8,1.233844552083529
36,A,0.05,7,9,1.327335770600644
36,A,0.05,8,0,0.037519111002876145
36,A,0.05,8,1,0.3609443043775776
36,A,0.05,8,2,0.39466930746401124
36,A,0.05,8,3,0.17061912267628607
36,A,0.05,8,4,0.20957913517003915
36,A,0.05,8,5,0.4082110978654051
36,A,0.05,8,6,0.4354302056650399
36,A,0.05,8,7,0.13783171007967368
36,A,0.05,8,8,0.1287463882401614
36,A,0.05,8,9,-0.03505896591231488
36,A,0.05,9,0,-0.8484871438269231
36,A,0.05,9,1,-1.285821556135679
36,A,0.05,9,2,-1.2817918536708992
36,A,0.05,9,3,-1.1712596407659843
36,A,0.05,9,4,-1.0786319493319647
36,A,0.05,9,5,-0.8044658777541602
36,A,0.05,9,6,-1.2885426354617708
36,A,0.05,9,7,-1.611218078093363
36,A,0.05,9,8,-0.9075691267473416
36,A,0.05,9,9,-1.5347368368077658
36,B,100,0,0,-0.6114209845309292
36,B,100,0,1,-0.42142997296701057
36,B,100,0,2,-0.0336069690392541
36,B,100,0,3,-0.5112617323201469
36,B,100,0,4,-0.06985201615688395
36,B,100,0,5,-0.8875850196263325
36,B,100,0,6,-0.3389918815833763
36,B,100,0,7,-0.07095140880749987
36,B,100,0,8,-0.00867120598720266
36,B,100,0,9,-0.011433429062540182
36,B,100,1,0,-1.3388922673344101
36,B,100,1,1,-1.3635414323099695
36,B,100,1,2,-1.431822281540912
36,B,100,1,3,-1.3966609449911578
36,B,100,1,4,-1.7377862627419531
36,B,100,1,5,-1.6349383768166568
36,B,100,1,6,-1.2570679565351728
36,B,100,1,7,-1.5241841578000412
36,B,100,1,8,-1.6123829185510528
36,B,100,1,9,-2.0057563539426053
36,B,100,2,0,2.07336460431423
36,B,100,2,1,1.4310499002448909
36,B,100,2,2,1.3451212483985735
36,B,100,2,3,1.4767307265257863
36,B,100,2,4,1.7116120927203642
36,B,100,2,5,1.6586663960363532
36,B,100,2,6,2.1409879819871263
36,B,100,2,7,1.487257639723534
36,B,100,2,8,1.9708704429972561
36,B,100,2,9,1.4765552162238154
36,B,100,3,0,-1.0020183994801264
36,B,100,3,1,-1.0724233611719503
36,B,100,3,2,-0.6658749353179814
36,B,100,3,3,-1.0532185157952032
36,B,100,3,4,-0.5157577168554816
36,B,100,3,5,-0.6702545032233855
36,B,100,3,6,-0.7921648776529558
36,B,100,3,7,-0.4567913418638005
36,B,100,3,8,-0.3338047453805277
36,B,100,3,9,-0.7881052578212981
36,B,100,4,0,-0.045932374551525955
36,B,100,4,1,0.06585506082224847
36,B,100,4,2,0.029859929587858797
36,B,100,4,3,0.38950063647549416
36,B,100,4,4,0.0383166727900823
36,B,100,4,5,0.2219873646626423
36,B,100,4,6,0.0016224243543591249
36,B,100,4,7,0.12216679395407477
36,B,100,4,8,0.08827350451893291
36,B,100,4,9,0.264540726237923
36,B,100,5,0,-2.3916420770812827
36,B,100,5,1,-2.097459486775337
36,B,100,5,2,-3.5294988734974297
36,B,100,5,3,-2.4482491512764795
36,B,100,5,4,-2.4829751323666946
36,B,100,5,5,-3.917803080147585
36,B,100,5,6,-3.26975176753711
36,B,100,5,7,-3.259908658300658
36,B,100,5,8,-3.5679226045435644
36,B,100,5,9,-2.650102322885301
36,B,100,6,0,-1.1858778418021765
36,B,100,6,1,-1.083233066929036
36,B,100,6,2,-1.1850228240813034
36,B,100,6,3,-1.3296810677598085
36,B,100,6,4,-0.9918543354557714
36,B,100,6,5,-1.1621483729225541
36,B,100,6,6,-1.015018581632989
36,B,100,6,7,-1.3329219741821148
36,B,100,6,8,-1.0936178567489752
36,B,100,6,9,-1.2306387868219058
36,B,100,7,0,0.16850868657219012
36,B,100,7,1,0.6070093650201388
36,B,100,7,2,0.4260829935382747
36,B,100,7,3,0.38195908588943506
36,B,100,7,4,0.5344519643979516
36,B,100,7,5,0.7267368844955964
36,B,100,7,6,-0.11716509250706315
36,B,100,7,7,0.3731684428931635
36,B,100,7,8,0.6358123776808132
36,B,100,7,9,0.6311238333218134
36,B,100,8,0,-0.06984876136436516
36,B,100,8,1,0.29505440268691263
36,B,100,8,2,0.34469025148808685
36,B,100,8,3,0.3551050192303843
36,B,100,8,4,0.8202771041779521
36,B,100,8,5,0.39211181128826456
36,B,100,8,6,0.8813498870108246
36,B,100,8,7,0.3092700947674008
36,B,100,8,8,0.03473837066665475
36,B,100,8,9,0.830570827176807
36,B,100,9,0,0.09037370845635823
36,B,100,9,1,-0.10191147113019827
36,B,100,9,2,-0.1207965901658075
36,B,100,9,3,0.12295514944751532
36,B,100,9,4,0.04369232839989713
36,B,100,9,5,0.019021813150602637
36,B,100,9,6,0.014270707843431645
36,B,100,9,7,-0.4780457386995314
36,B,100,9,8,0.17083614357575727
36,B,100,9,9,-0.5756518999612801
37,A,0.05,0,0,0.4993177201056084
37,A,0.05,0,1,-0.2366259618868947
37,A,0.05,0,2,-0.07056237726103404
37,A,0.05,0,3,-0.009132704843309719
37,A,0.05,0,4,-0.48624635249875
37,A,0.05,0,5,-0.32495413596891043
37,A,0.05,0,6,-0.030031991709203006
37,A,0.05,0,7,0.07311506285204505
37,A,0.05,0,8,0.2504015380150755
37,A,0.05,0,9,-0.04368788151106595
37,A,0.05,1,0,1.1227002501832999
37,A,0.05,1,1,1.0997320022896255
37,A,0.05,1,2,1.1224396285224685
37,A,0.05,1,3,1.0429000063933482
37,A,0.05,1,4,1.220837544653029
37,A,0.05,1,5,1.1741973096993112
37,A,0.05,1,6,1.1400174182998397
37,A,0.05,1,7,1.1125287819611516
37,A,0.05,1,8,1.1383137138203039
37,A,0.05,1,9,1.092523561447968
37,A,0.05,2,0,-0.9797534097678099
37,A,0.05,2,1,-0.7712911629685335
37,A,0.05,2,2,-1.1144306671147557
37,A,0.05,2,3,-0.37318787488863586
37,A,0.05,2,4,-0.2660280075407003
37,A,0.05,2,5,-0.7347438904359406
37,A,0.05,2,6,-0.48706387518030725
37,A,0.05,2,7,-0.778418041577025
37,A,0.05,2,8,-0.2302352565730509
37,A,0.05,2,9,-0.603075479539366
37,A,0.05,3,0,-0.06414570597861825
37,A,0.05,3,1,-0.1323847402088384
37,A,0.05,3,2,0.023747642843236216
37,A,0.05,3,3,0.044176069996675955
37,A,0.05,3,4,-0.04386470844829309
37,A,0.05,3,5,-0.3144151410674587
37,A,0.05,3,6,-0.00967477946301932
37,A,0.05,3,7,-0.08450422942228819
37,A,0.05,3,8,0.04630201555514603
37,A,0.05,3,9,0.015874501143648426
37,A,0.05,4,0,0.22291697259832172
37,A,0.05,4,1,-0.09036535105215714
37,A,0.05,4,2,-0.0731531110998297
37,A,0.05,4,3,-0.06505330475976301
37,A,0.05,4,4,-0.22344371258080808
37,A,0.05,4,5,-0.025642622430138685
37,A,0.05,4,6,-0.19799277073192215
37,A,0.05,4,7,-0.03153425535156054
37,A,0.05,4,8,-0.2647398696992393
37,A,0.05,4,9,-0.08409227399444685
37,A,0.05,5,0,-0.3339296602423637
37,A,0.05,5,1,-0.3063236150981097
37,A,0.05,5,2,-0.676126466429141
37,A,0.05,5,3,-0.24328449701373006
37,A,0.05,5,4,-0.46009147275919887
37,A,0.05,5,5,-0.33879450405466727
37,A,0.05,5,6,-0.29510932714809857
37,A,0.05,5,7,-0.5586121959263703
37,A,0.05,5,8,-0.20924496518026325
37,A,0.05,5,9,-0.22132312905657792
37,A,0.05,6,0,-0.20810171655041407
37,A,0.05,6,1,-0.2091661356173131
37,A,0.05,6,2,-0.6570788431927798
37,A,0.05,6,3,-0.33491609355649166
37,A,0.05,6,4,-0.4551955502100964
37,A,0.05,6,5,0.009104608631320798
37,A,0.05,6,6,-0.24144240143487414
37,A,0.05,6,7,-0.1330673822434921
37,A,0.05,6,8,-0.447900888355427
37,A,0.05,6,9,-0.5130862791551332
37,A,0.05,7,0,-0.15549605650783083
37,A,0.05,7,1,-0.03305837232206439
37,A,0.05,7,2,0.11914279328906294
37,A,0.05,7,3,0.11438697581126446
37,A,0.05,7,4,-0.13580663033338217
37,A,0.05,7,5,0.09452630836592132
37,A,0.05,7,6,-0.03543213414508035
37,A,0.05,7,7,0.034102693993258874
37,A,0.05,7,8,-0.005082005702711915
37,A,0.05,7,9,0.24596809838083167
37,A,0.05,8,0,-0.30360945078197826
37,A,0.05,8,1,-0.4298229637888442
37,A,0.05,8,2,-0.6778223403638649
37,A,0.05,8,3,-0.39562362485732644
37,A,0.05,8,4,-0.2761190759641639
37,A,0.05,8,5,-0.2151701640790521
37,A,0.05,8,6,-0.23502814214801543
37,A,0.05,8,7,-0.23603281132574697
37,A,0.05,8,8,-0.5418664873140204
37,A,0.05,8,9,-0.7061411982779221
37,A,0.05,9,0,0.7108902181738352
37,A,0.05,9,1,0.9018000427139246
37,A,0.05,9,2,0.899154452393967
37,A,0.05,9,3,0.9930266251918111
37,A,0.05,9,4,0.7697573348990071
37,A,0.05,9,5,0.8143194503353514
37,A,0.05,9,6,0.687018738040333
37,A,0.05,9,7,0.9191288329468661
37,A,0.05,9,8,0.9797984727030593
37,A,0.05,9,9,0.9956289734891316
37,B,100,0,0,-0.05848348897886449
37,B,100,0,1,-0.21948610918959188
37,B,100,0,2,-0.15592400197870454
37,B,100,0,3,-0.2059917209954758
37,B,100,0,4,-0.13488378906634568
37,B,100,0,5,-0.19508645714153042
37,B,100,0,6,-0.24312425410376684
37,B,100,0,7,-0.08403868265360244
37,B,100,0,8,0.07667601414204675
37,B,100,0,9,0.044150477654145696
37,B,100,1,0,-0.5239980583074111
37,B,100,1,1,-0.9759465032229027
37,B,100,1,2,-0.29513228311341533
37,B,100,1,3,-0.11210486633255512
37,B,100,1,4,-0.01159888440703112
37,B,100,1,5,-0.32319991604930176
37,B,100,1,6,0.0541441246477602
37,B,100,1,7,0.11559251215241424
37,B,100,1,8,0.2502510885899251
37,B,100,1,9,-0.3248849322393501
37,B,100,2,0,1.0134129028023422
37,B,100,2,1,0.709002568262066
37,B,100,2,2,0.9719755082274111
37,B,100,2,3,0.8342824288268342
37,B,100,2,4,0.9502838297355851
37,B,100,2,5,1.0317048362623684
37,B,100,2,6,0.6972453120537476
37,B,100,2,7,1.0809895665397455
37,B,100,2,8,1.1643676991369425
37,B,100,2,9,1.7956943283847528
37,B,100,3,0,-0.771193105875437
37,B,100,3,1,-0.9206133563413169
37,B,100,3,2,-1.0593577373898273
37,B,100,3,3,-0.9260549286356794
37,B,100,3,4,-0.5964591517173014
37,B,100,3,5,-0.8848885348585945
37,B,100,3,6,-0.8015558930806893
37,B,100,3,7,-0.7030967539595798
37,B,100,3,8,-0.8607202137468878
37,B,100,3,9,-1.1282735414516574
37,B,100,4,0,0.9235379593953513
37,B,100,4,1,0.9743389147935779
37,B,100,4,2,1.0873697676725032
37,B,100,4,3,1.2567446769523665
37,B,100,4,4,0.8704528433126202
37,B,100,4,5,1.061732841145587
37,B,100,4,6,1.1116479820944503
37,B,100,4,7,0.8589259177002244
37,B,100,4,8,0.8391542781453926
37,B,100,4,9,0.5376979121748936
37,B,100,5,0,0.8947714120765525
37,B,100,5,1,0.9380961858118956
37,B,100,5,2,0.3083723295331015
37,B,100,5,3,0.21980330135751222
37,B,100,5,4,0.39529079079005897
37,B,100,5,5,0.24098853044850638
37,B,100,5,6,0.8787955555469292
37,B,100,5,7,0.35659901410818395
37,B,100,5,8,0.1409987015393395
37,B,100,5,9,0.8492857929841605
37,B,100,6,0,-0.07243754453933166
37,B,100,6,1,-0.7918284883199732
37,B,100,6,2,-0.07460398982900868
37,B,100,6,3,-0.8734007682998932
37,B,100,6,4,-0.4010296352360219
37,B,100,6,5,-0.15661042859104068
37,B,100,6,6,-0.0590163579019487
37,B,100,6,7,0.265635692401801
37,B,100,6,8,0.2696637139665147
37,B,100,6,9,0.40333952824883595
37,B,100,7,0,-0.6140698057489555
37,B,100,7,1,-1.209010345973215
37,B,100,7,2,-0.8732204008811819
37,B,100,7,3,-1.1156355065991754
37,B,100,7,4,-0.4377269972020448
37,B,100,7,5,-0.6079699779571449
37,B,100,7,6,-1.2698326650786622
37,B,100,7,7,-0.6548090124580431
37,B,100,7,8,-1.064205120437355
37,B,100,7,9,-0.7528497421401189
37,B,100,8,0,-0.2220934970861561
37,B,100,8,1,-0.5186864623980146
37,B,100,8,2,-1.3643083884680494
37,B,100,8,3,-0.29264748665423784
37,B,100,8,4,-0.6983312669474026
37,B,100,8,5,-0.4357669988136076
37,B,100,8,6,-0.543055435438637
37,B,100,8,7,-1.3281496445572003
37,B,100,8,8,-0.3827679443489658
37,B,100,8,9,-0.3336132369096005
37,B,100,9,0,-0.9287365160241859
37,B,100,9,1,-1.3223749536368796
37,B,100,9,2,-0.12249844471877715
37,B,100,9,3,-0.30892974165130416
37,B,100,9,4,-0.33632495397133544
37,B,100,9,5,-0.6407952916782956
37,B,100,9,6,-0.6893706545023295
37,B,100,9,7,-0.5741551303609443
37,B,100,9,8,-0.8072499339937805
37,B,100,9,9,-0.11249797312791136
38,A,0.05,0,0,0.2757724162340425
38,A,0.05,0,1,0.15247178358495295
38,A,0.05,0,2,0.45534966514466424
38,A,0.05,0,3,0.16040865339332117
38,A,0.05,0,4,0.3610382607578056
38,A,0.05,0,5,0.046500503855788855
38,A,0.05,0,6,0.1590198996123291
38,A,0.05,0,7,0.033259445563907024
38,A,0.05,0,8,-0.020489866490798
38,A,0.05,0,9,0.32330572648997224
38,A,0.05,1,0,-1.0028266118645448
38,A,0.05,1,1,-1.396934280528135
38,A,0.05,1,2,-1.2134729383942542
38,A,0.05,1,3,-1.5947285459893044
38,A,0.05,1,4,-1.3882420161886913
38,A,0.05,1,5,-0.5685832653902548
38,A,0.05,1,6,-1.3019173666646027
38,A,0.05,1,7,-1.69484833178349
38,A,0.05,1,8,-1.217843438829071
38,A,0.05,1,9,-0.8976207610595672
38,A,0.05,2,0,-2.074694914156612
38,A,0.05,2,1,-2.4060453191778035
38,A,0.05,2,2,-2.4042226425573143
38,A,0.05,2,3,-2.052772922838739
38,A,0.05,2,4,-2.1810038629404027
38,A,0.05,2,5,-1.9623396745206283
38,A,0.05,2,6,-2.1399972572289854
38,A,0.05,2,7,-2.519825737633752
38,A,0.05,2,8,-2.0006588989381613
38,A,0.05,2,9,-1.6977743247028192
38,A,0.05,3,0,1.0896068933206962
38,A,0.05,3,1,0.6124846293955747
38,A,0.05,3,2,0.78651139909226
38,A,0.05,3,3,0.7250171873131906
38,A,0.05,3,4,0.49959726407677435
38,A,0.05,3,5,0.8794665637190916
38,A,0.05,3,6,0.6948419070067939
38,A,0.05,3,7,0.654632017721808
38,A,0.05,3,8,0.8466754244200684
38,A,0.05,3,9,0.4390925094177469
38,A,0.05,4,0,-0.12988427178827444
38,A,0.05,4,1,-0.02873831124318228
38,A,0.05,4,2,0.10251680453876633
38,A,0.05,4,3,0.41700054920884727
38,A,0.05,4,4,0.03133536569475595
38,A,0.05,4,5,-0.035416322218315165
38,A,0.05,4,6,0.18615849606119578
38,A,0.05,4,7,0.18265981516854976
38,A,0.05,4,8,-0.06246972180450236
38,A,0.05,4,9,-0.04599644852691521
38,A,0.05,5,0,0.3124412402152973
38,A,0.05,5,1,0.5673766764053441
38,A,0.05,5,2,0.5399890609572614
38,A,0.05,5,3,-0.24183601602090812
38,A,0.05,5,4,0.42927652774724523
38,A,0.05,5,5,0.5210930952660511
38,A,0.05,5,6,0.7244701790087138
38,A,0.05,5,7,0.45587928606957134
38,A,0.05,5,8,0.45752794720563966
38,A,0.05,5,9,0.30858415153770363
38,A,0.05,6,0,-1.458280289094156
38,A,0.05,6,1,-1.5906710191361044
38,A,0.05,6,2,-1.523557008829613
38,A,0.05,6,3,-1.8400679848642851
38,A,0.05,6,4,-1.4452022510811884
38,A,0.05,6,5,-1.9505143589175336
38,A,0.05,6,6,-1.4492333043128014
38,A,0.05,6,7,-1.3591367628653466
38,A,0.05,6,8,-1.4714471810581615
38,A,0.05,6,9,-1.5134684209575369
38,A,0.05,7,0,1.1420917532679633
38,A,0.05,7,1,0.7491792055065125
38,A,0.05,7,2,1.0588631375008137
38,A,0.05,7,3,1.206510433240856
38,A,0.05,7,4,0.49724955862465564
38,A,0.05,7,5,1.196669001027537
38,A,0.05,7,6,0.4635255559680171
38,A,0.05,7,7,0.7922291226778398
38,A,0.05,7,8,0.9503663286004559
38,A,0.05,7,9,0.9407945495755735
38,A,0.05,8,0,0.24109101189438073
38,A,0.05,8,1,-0.07200466453286569
38,A,0.05,8,2,0.006781855574489866
38,A,0.05,8,3,0.02386226315314936
38,A,0.05,8,4,0.1521183449549049
38,A,0.05,8,5,-0.0006968127560585308
38,A,0.05,8,6,0.12752869968801925
38,A,0.05,8,7,0.10167061509900678
38,A,0.05,8,8,-0.10744140992436332
38,A,0.05,8,9,0.0129051916233002
38,A,0.05,9,0,0.05365515695693268
38,A,0.05,9,1,0.30363680884713495
38,A,0.05,9,2,0.07678748948911461
38,A,0.05,9,3,0.3299732051283071
38,A,0.05,9,4,0.17997648333750635
38,A,0.05,9,5,0.18388456016844598
38,A,0.05,9,6,0.3362216134670447
38,A,0.05,9,7,0.24004678034606328
38,A,0.05,9,8,0.09626927951560639
38,A,0.05,9,9,0.07316272824017461
38,B,100,0,0,0.04514891887781612
38,B,100,0,1,0.29637514286855116
38,B,100,0,2,0.12682682115470298
38,B,100,0,3,0.086008188705142
38,B,100,0,4,0.5352210458041383
38,B,100,0,5,-0.29911402670260645
38,B,100,0,6,-0.06753302610671798
38,B,100,0,7,0.029671592861109222
38,B,100,0,8,-0.04204418342439897
38,B,100,0,9,0.09400893987608011
38,B,100,1,0,-0.34801286899634387
38,B,100,1,1,0.3394876162956307
38,B,100,1,2,0.4577645967739026
38,B,100,1,3,0.7807442613122533
38,B,100,1,4,0.6114460872412878
38,B,100,1,5,0.6502064480533963
38,B,100,1,6,0.27091540624393085
38,B,100,1,7,0.5353150299746162
38,B,100,1,8,0.5096512012750082
38,B,100,1,9,-0.13679007631884513
38,B,100,2,0,-0.49873738749779106
38,B,100,2,1,-0.5874682789876865
38,B,100,2,2,-0.39175469660961937
38,B,100,2,3,-0.22392420362770105
38,B,100,2,4,-0.14702457334718608
38,B,100,2,5,-0.438150175865134
38,B,100,2,6,0.2809854351362357
38,B,100,2,7,-0.0902097364451107
38,B,100,2,8,-0.4996206817735328
38,B,100,2,9,-0.17868880060199185
38,B,100,3,0,-0.18002378689511123
38,B,100,3,1,-0.43421450233689446
38,B,100,3,2,0.06603455872339051
38,B,100,3,3,-0.5769431788463926
38,B,100,3,4,-0.36893717749503524
38,B,100,3,5,-0.5511408446572825
38,B,100,3,6,-0.6747085649650962
38,B,100,3,7,-0.21625849305196643
38,B,100,3,8,-0.761326062227276
38,B,100,3,9,-0.5385742742659612
38,B,100,4,0,-1.4964360572798283
38,B,100,4,1,-2.251549389627709
38,B,100,4,2,-2.732339223842007
38,B,100,4,3,-1.8006846330059192
38,B,100,4,4,-1.8919112645415015
38,B,100,4,5,-2.180535161361381
38,B,100,4,6,-2.535537523756252
38,B,100,4,7,-1.9504544223157263
38,B,100,4,8,-2.444598556491089
38,B,100,4,9,-1.7278626896269118
38,B,100,5,0,0.008349913507125314
38,B,100,5,1,0.08411099067944564
38,B,100,5,2,-0.35150237658187694
38,B,100,5,3,1.0734387524949716
38,B,100,5,4,0.8267094516950106
38,B,100,5,5,0.4283929445223341
38,B,100,5,6,1.0702057047253726
38,B,100,5,7,1.036335118669611
38,B,100,5,8,0.8760826654348214
38,B,100,5,9,0.4985977299847008
38,B,100,6,0,-1.126596881085168
38,B,100,6,1,-1.5656482579146787
38,B,100,6,2,-0.7213553014425571
38,B,100,6,3,-0.9168942109601022
38,B,100,6,4,-0.2909420198906319
38,B,100,6,5,-0.005057790671380806
38,B,100,6,6,-1.3339948982410537
38,B,100,6,7,-1.361548000940353
38,B,100,6,8,-0.5357772034276241
38,B,100,6,9,-0.3607260666946084
38,B,100,7,0,-1.1970830015648983
38,B,100,7,1,-0.8982519002548015
38,B,100,7,2,-0.8824190123331765
38,B,100,7,3,-0.9100605970103083
38,B,100,7,4,-0.9286095021338969
38,B,100,7,5,-1.0871133167285794
38,B,100,7,6,-0.8579347882888476
38,B,100,7,7,-1.0525327182040123
38,B,100,7,8,-0.7639395449554548
38,B,100,7,9,-0.9784302325256282
38,B,100,8,0,-0.12372939484947791
38,B,100,8,1,-0.034442940726491234
38,B,100,8,2,-0.2907474256139465
38,B,100,8,3,-0.2588142010078484
38,B,100,8,4,0.11492382057807407
38,B,100,8,5,0.07338034498336325
38,B,100,8,6,0.18138411964788825
38,B,100,8,7,0.17604253999754166
38,B,100,8,8,-0.023573558994000893
38,B,100,8,9,0.10560297327898431
38,B,100,9,0,1.6257201894850577
38,B,100,9,1,2.1729993468592794
38,B,100,9,2,2.2583849231793405
38,B,100,9,3,2.881391191894029
38,B,100,9,4,2.314113311123013
38,B,100,9,5,2.0742076192568826
38,B,100,9,6,3.061343493031269
38,B,100,9,7,2.3919482157133056
38,B,100,9,8,1.6223042711869748
38,B,100,9,9,2.55763498264385
39,A,0.05,0,0,0.10696521184772109
39,A,0.05,0,1,0.02487718709711226
39,A,0.05,0,2,0.03338290352824888
39,A,0.05,0,3,-0.011150706222741254
39,A,0.05,0,4,0.16261431350262587
39,A,0.05,0,5,-0.04555788508858834
39,A,0.05,0,6,0.038844208050050316
39,A,0.05,0,7,-0.09790261642060263
39,A,0.05,0,8,-0.4727847481884239
39,A,0.05,0,9,-0.11085664951925847
39,A,0.05,1,0,1.909338234428494
39,A,0.05,1,1,1.6159395114670223
39,A,0.05,1,2,1.8856690063754826
39,A,0.05,1,3,1.5768062241970022
39,A,0.05,1,4,1.0829989680974867
39,A,0.05,1,5,1.9665406063825392
39,A,0.05,1,6,1.2298664337076777
39,A,0.05,1,7,2.402484490551159
39,A,0.05,1,8,2.13004992404435
39,A,0.05,1,9,1.725348288257767
39,A,0.05,2,0,1.6587066501541643
39,A,0.05,2,1,1.6012543166324729
39,A,0.05,2,2,1.6305348708899896
39,A,0.05,2,3,1.6370585723422177
39,A,0.05,2,4,1.5293363895765302
39,A,0.05,2,5,1.645335116620938
39,A,0.05,2,6,1.737828406140755
39,A,0.05,2,7,1.5018516507274087
39,A,0.05,2,8,1.585536756997589
39,A,0.05,2,9,1.8491616077831203
39,A,0.05,3,0,0.3029280676581159
39,A,0.05,3,1,0.4600624794904355
39,A,0.05,3,2,0.0258866473346681
39,A,0.05,3,3,0.2564834300058651
39,A,0.05,3,4,0.5839134352089886
39,A,0.05,3,5,-0.21332351360583343
39,A,0.05,3,6,-0.08364367190758643
39,A,0.05,3,7,0.041822097192901204
39,A,0.05,3,8,-0.15370928668187148
39,A,0.05,3,9,-0.248315717677947
39,A,0.05,4,0,-0.2063971291203037
39,A,0.05,4,1,-0.16812941393284295
39,A,0.05,4,2,-0.31018194744237676
39,A,0.05,4,3,-0.30873133563201516
39,A,0.05,4,4,-0.2071211002595656
39,A,0.05,4,5,-0.3581362784892255
39,A,0.05,4,6,-0.2300628410430988
39,A,0.05,4,7,-0.301424447415865
39,A,0.05,4,8,-0.24094278478722986
39,A,0.05,4,9,-0.15975843598323672
39,A,0.05,5,0,-0.22351832251052775
39,A,0.05,5,1,-0.3845662330781773
39,A,0.05,5,2,-0.3784984978598537
39,A,0.05,5,3,-0.15764694823221748
39,A,0.05,5,4,0.13992393454229674
39,A,0.05,5,5,0.028451388913153294
39,A,0.05,5,6,-0.08071814034721429
39,A,0.05,5,7,0.22170552935939591
39,A,0.05,5,8,0.07003672119923421
39,A,0.05,5,9,-0.0818152567632707
39,A,0.05,6,0,-1.1278693628997989
39,A,0.05,6,1,-1.0213008811589117
39,A,0.05,6,2,-0.8086640386864646
39,A,0.05,6,3,-1.4266837003753996
39,A,0.05,6,4,-1.04936360373305
39,A,0.05,6,5,-1.294065105084094
39,A,0.05,6,6,-0.8285874906510409
39,A,0.05,6,7,-1.0880731168584734
39,A,0.05,6,8,-1.4169520305923822
39,A,0.05,6,9,-0.8252454053182258
39,A,0.05,7,0,0.33915902697829137
39,A,0.05,7,1,0.37632218153079255
39,A,0.05,7,2,0.4782141314352976
39,A,0.05,7,3,0.3483963426965307
39,A,0.05,7,4,0.45029388097222955
39,A,0.05,7,5,0.7897203404987776
39,A,0.05,7,6,0.7964887664084924
39,A,0.05,7,7,0.8592009102692708
39,A,0.05,7,8,0.8422168378784499
39,A,0.05,7,9,0.7723755269184269
39,A,0.05,8,0,-1.746646716595497
39,A,0.05,8,1,-1.0083170636376955
39,A,0.05,8,2,-1.3699046910135657
39,A,0.05,8,3,-1.8947328007368118
39,A,0.05,8,4,-0.9411504585947447
39,A,0.05,8,5,-1.1086976941791689
39,A,0.05,8,6,-0.6320702705414584
39,A,0.05,8,7,-0.6780363617804865
39,A,0.05,8,8,-0.620431993334532
39,A,0.05,8,9,-1.2657182716602224
39,A,0.05,9,0,-0.26280056292408766
39,A,0.05,9,1,-0.06680399052569029
39,A,0.05,9,2,-0.1972521712093769
39,A,0.05,9,3,-0.14985554836655698
39,A,0.05,9,4,-0.19299759671299074
39,A,0.05,9,5,-0.4244099940054064
39,A,0.05,9,6,-0.15170892164505248
39,A,0.05,9,7,-0.30515687240866707
39,A,0.05,9,8,-0.22995284018574427
39,A,0.05,9,9,-0.38425840888594687
39,B,100,0,0,-0.6661408459331157
39,B,100,0,1,-1.0130445821539704
39,B,100,0,2,-0.9705176041342146
39,B,100,0,3,-0.6002073664316799
39,B,100,0,4,-0.8931266032885432
39,B,100,0,5,-0.7138058785263534
39,B,100,0,6,-0.819080682160198
39,B,100,0,7,-0.7485755447464326
39,B,100,0,8,-0.3331158033259994
39,B,100,0,9,-0.958773265551617
39,B,100,1,0,-0.351914929784909
39,B,100,1,1,-0.3328808216252301
39,B,100,1,2,-0.12345513076533328
39,B,100,1,3,-0.36938758630425994
39,B,100,1,4,-0.250577730821219
39,B,100,1,5,-0.5883518922177866
39,B,100,1,6,-0.4131587554623002
39,B,100,1,7,-0.43391762668841816
39,B,100,1,8,-0.40505583544232177
39,B,100,1,9,-0.4175015122985391
39,B,100,2,0,-0.9750172312786699
39,B,100,2,1,-0.07603917532313963
39,B,100,2,2,-0.0562375839931158
39,B,100,2,3,-0.028583772035311674
39,B,100,2,4,-0.697196238955312
39,B,100,2,5,-0.12812831534698058
39,B,100,2,6,-0.609956856371858
39,B,100,2,7,0.03567832350726348
39,B,100,2,8,-0.32946532326870054
39,B,100,2,9,-0.13602419581619635
39,B,100,3,0,0.7970633850223516
39,B,100,3,1,1.158125144079605
39,B,100,3,2,0.4092849475076085
39,B,100,3,3,0.5706009605601159
39,B,100,3,4,0.5004091048873175
39,B,100,3,5,0.5676179379081375
39,B,100,3,6,0.5903017324786378
39,B,100,3,7,0.8307676314569729
39,B,100,3,8,0.84541050202761
39,B,100,3,9,0.7448439095800214
39,B,100,4,0,0.3440385606066677
39,B,100,4,1,0.3457861531061392
39,B,100,4,2,0.31561152078332655
39,B,100,4,3,0.43502227606325333
39,B,100,4,4,0.18896792454067143
39,B,100,4,5,0.5255001468963542
39,B,100,4,6,0.4682239265160198
39,B,100,4,7,0.5999978154129483
39,B,100,4,8,0.2979026893911282
39,B,100,4,9,0.7004549729725317
39,B,100,5,0,0.287912256360944
39,B,100,5,1,0.14039248936928508
39,B,100,5,2,0.12208293875992109
39,B,100,5,3,0.1730735664439351
39,B,100,5,4,-0.11988000272826735
39,B,100,5,5,-0.06259425080081006
39,B,100,5,6,-0.005608663597494835
39,B,100,5,7,0.10198288191955944
39,B,100,5,8,0.033891776385689375
39,B,100,5,9,0.11693026311618264
39,B,100,6,0,0.5234674760432972
39,B,100,6,1,0.6934765684012989
39,B,100,6,2,1.2083113714345508
39,B,100,6,3,0.9397561330647537
39,B,100,6,4,0.3891357198983831
39,B,100,6,5,1.171902747340821
39,B,100,6,6,0.5785655569630224
39,B,100,6,7,1.1174595978090767
39,B,100,6,8,0.9781308127601073
39,B,100,6,9,1.3344374082207562
39,B,100,7,0,0.2904436339619793
39,B,100,7,1,0.38829155199858684
39,B,100,7,2,0.5331831771465653
39,B,100,7,3,0.19911586511006094
39,B,100,7,4,0.6488483405595853
39,B,100,7,5,0.1842046016285212
39,B,100,7,6,0.27637991917281596
39,B,100,7,7,0.6217542774255177
39,B,100,7,8,0.42289595061327323
39,B,100,7,9,0.20373061084889368
39,B,100,8,0,-1.5940739655088891
39,B,100,8,1,-0.9028774036697675
39,B,100,8,2,-1.5889312695761106
39,B,100,8,3,-2.223863529910695
39,B,100,8,4,-3.026888476413413
39,B,100,8,5,-1.3842195257943175
39,B,100,8,6,-1.3518345328753907
39,B,100,8,7,-2.5798823232132095
39,B,100,8,8,-1.9129071238468152
39,B,100,8,9,-1.185624991315013
39,B,100,9,0,-0.03193257824512221
39,B,100,9,1,-0.2091681472453869
39,B,100,9,2,-0.06803073063240489
39,B,100,9,3,-0.2158142511240051
39,B,100,9,4,-0.04242949861751933
39,B,100,9,5,-0.08121265828642933
39,B,100,9,6,-0.23140783777619311
39,B,100,9,7,-0.17938455294912395
39,B,100,9,8,-0.03230738389419316
39,B,100,9,9,0.05972820383315121
40,A,0.05,0,0,-0.12981432393092351
40,A,0.05,0,1,-0.05675731268795903
40,A,0.05,0,2,-0.4747277675049596
40,A,0.05,0,3,-0.25570059533002804
40,A,0.05,0,4,-0.33632426031835716
40,A,0.05,0,5,-0.20453915126682495
40,A,0.05,0,6,-0.038174133553738866
40,A,0.05,0,7,-0.11179137803213644
40,A,0.05,0,8,-0.21117951729285647
40,A,0.05,0,9,-0.155696163252226
40,A,0.05,1,0,-0.005727332366727638
40,A,0.05,1,1,-0.09166149359259262
40,A,0.05,1,2,-0.04160510516185154
40,A,0.05,1,3,-0.3949871062294888
40,A,0.05,1,4,-0.5473646420459658
40,A,0.05,1,5,-0.11620144715541816
40,A,0.05,1,6,-0.03543156888095158
40,A,0.05,1,7,0.12533075075121328
40,A,0.05,1,8,-0.5597945934758582
40,A,0.05,1,9,0.06676815044887117
40,A,0.05,2,0,0.6946410145507571
40,A,0.05,2,1,0.24892212702475372
40,A,0.05,2,2,0.8172288209014564
40,A,0.05,2,3,0.5530529911980147
40,A,0.05,2,4,0.868287363878689
40,A,0.05,2,5,0.6091026485982232
40,A,0.05,2,6,1.2365233642840534
40,A,0.05,2,7,0.7706467264045025
40,A,0.05,2,8,0.7413876871647624
40,A,0.05,2,9,0.7263170517835278
40,A,0.05,3,0,0.7164374893877182
40,A,0.05,3,1,1.02206853979326
40,A,0.05,3,2,0.9443626474857377
40,A,0.05,3,3,0.5590230456659367
40,A,0.05,3,4,0.9401188966604723
40,A,0.05,3,5,0.08899700582104975
40,A,0.05,3,6,0.6485521853403644
40,A,0.05,3,7,0.3064965289152295
40,A,0.05,3,8,0.7500629557650669
40,A,0.05,3,9,0.8441656225156907
40,A,0.05,4,0,-0.3104632881596001
40,A,0.05,4,1,-0.1746806020086451
40,A,0.05,4,2,-0.011079852814272841
40,A,0.05,4,3,-0.04006326845091139
40,A,0.05,4,4,-0.03885873474715759
40,A,0.05,4,5,0.14288275191027752
40,A,0.05,4,6,0.02141487259638795
40,A,0.05,4,7,-0.6523457000194599
40,A,0.05,4,8,-0.2451769625077906
40,A,0.05,4,9,-0.21567282597924048
40,A,0.05,5,0,0.6493193036291325
40,A,0.05,5,1,0.37205564296893356
40,A,0.05,5,2,-0.022680188777776222
40,A,0.05,5,3,0.12810631016195553
40,A,0.05,5,4,0.39322526408147673
40,A,0.05,5,5,0.13664467282226753
40,A,0.05,5,6,0.10201930313729891
40,A,0.05,5,7,0.05999442240228344
40,A,0.05,5,8,1.0329801950328783
40,A,0.05,5,9,0.6641631418214146
40,A,0.05,6,0,1.626015016496006
40,A,0.05,6,1,1.982722496037587
40,A,0.05,6,2,1.1668127543252034
40,A,0.05,6,3,1.3396945338581654
40,A,0.05,6,4,0.9964280067218121
40,A,0.05,6,5,1.3910705798684508
40,A,0.05,6,6,1.8690938571944986
40,A,0.05,6,7,0.9203379400217416
40,A,0.05,6,8,1.3514074663355276
40,A,0.05,6,9,1.2312039385714062
40,A,0.05,7,0,-1.411674849266451
40,A,0.05,7,1,-1.578771917608047
40,A,0.05,7,2,-1.4351589950622392
40,A,0.05,7,3,-1.890810161647247
40,A,0.05,7,4,-1.6590877009352436
40,A,0.05,7,5,-1.5486179527309414
40,A,0.05,7,6,-1.7137962056961598
40,A,0.05,7,7,-1.5523177077363794
40,A,0.05,7,8,-1.4416012337091937
40,A,0.05,7,9,-1.6802275466808578
40,A,0.05,8,0,0.5242068129882077
40,A,0.05,8,1,0.7156978210601775
40,A,0.05,8,2,0.18470411224941946
40,A,0.05,8,3,0.8300734942733813
40,A,0.05,8,4,0.6339152052158454
40,A,0.05,8,5,0.3822120107407663
40,A,0.05,8,6,-0.1256035001194239
40,A,0.05,8,7,0.6096266067621835
40,A,0.05,8,8,0.3493281916466693
40,A,0.05,8,9,0.3383665520703074
40,A,0.05,9,0,-1.225906325028723
40,A,0.05,9,1,-1.3893878355795417
40,A,0.05,9,2,-1.7019165454490088
40,A,0.05,9,3,-0.047453410797000835
40,A,0.05,9,4,-1.72211252382081
40,A,0.05,9,5,-1.6620953502862068
40,A,0.05,9,6,-1.27084313527067
40,A,0.05,9,7,-1.6928982435989852
40,A,0.05,9,8,-1.8320396397037602
40,A,0.05,9,9,-1.6343264801348092
40,B,100,0,0,-1.1672438971277945
40,B,100,0,1,-0.9323049518784334
40,B,100,0,2,-0.9573317805676219
40,B,100,0,3,-1.2454324877469538
40,B,100,0,4,-1.3074309243996354
40,B,100,0,5,-1.0051006609814395
40,B,100,0,6,-1.1862010316062896
40,B,100,0,7,-0.9206875137981749
40,B,100,0,8,-0.7998645308404334
40,B,100,0,9,-1.425129463602188
40,B,100,1,0,-0.34740613227003053
40,B,100,1,1,-0.15219773282930907
40,B,100,1,2,0.011767234562995579
40,B,100,1,3,-0.23559853964808433
40,B,100,1,4,0.11653074788319719
40,B,100,1,5,-0.24980699774611084
40,B,100,1,6,0.054689659136986764
40,B,100,1,7,-0.16031029824893175
40,B,100,1,8,-0.030358426185889104
40,B,100,1,9,-0.09330279319408076
40,B,100,2,0,-0.3406680771271471
40,B,100,2,1,-0.1654444846117258
40,B,100,2,2,0.0037304770901920737
40,B,100,2,3,-0.11211095570370834
40,B,100,2,4,-0.008689935327462267
40,B,100,2,5,-0.24613473616577825
40,B,100,2,6,-0.0494492554458938
40,B,100,2,7,-0.47812359731101817
40,B,100,2,8,-0.04777020839527311
40,B,100,2,9,-0.20253621529084576
40,B,100,3,0,0.19721308912587268
40,B,100,3,1,0.3640945930276453
40,B,100,3,2,0.4203825822599056
40,B,100,3,3,0.44977027750130005
40,B,100,3,4,0.19702343638531852
40,B,100,3,5,0.2306593037428265
40,B,100,3,6,0.28448204224271056
40,B,100,3,7,0.5692661505670983
40,B,100,3,8,0.35341025684042027
40,B,100,3,9,0.4374426837931449
40,B,100,4,0,0.17278988564489994
40,B,100,4,1,-0.12131566478623952
40,B,100,4,2,0.2865272037716098
40,B,100,4,3,0.07694998220328174
40,B,100,4,4,0.03963444826750216
40,B,100,4,5,-0.55830040323535
40,B,100,4,6,-0.9758793487777779
40,B,100,4,7,-0.01635946858497027
40,B,100,4,8,0.6288239859179221
40,B,100,4,9,-0.14018176883703595
40,B,100,5,0,-0.013720032399030697
40,B,100,5,1,-0.18651535739291938
40,B,100,5,2,-0.040640711739350036
40,B,100,5,3,-0.290108754409731
40,B,100,5,4,-0.2121389317344698
40,B,100,5,5,-0.0918778113968965
40,B,100,5,6,-0.3814559398681448
40,B,100,5,7,-0.5455540890190497
40,B,100,5,8,-0.19148416626084142
40,B,100,5,9,-0.45340657291274494
40,B,100,6,0,0.35037376466750314
40,B,100,6,1,0.4287937191804618
40,B,100,6,2,-0.14968369560979816
40,B,100,6,3,0.02827003524963839
40,B,100,6,4,0.22062308865436592
40,B,100,6,5,0.19469106318752688
40,B,100,6,6,0.14486851256498764
40,B,100,6,7,0.098872452846797
40,B,100,6,8,0.18894178874574927
40,B,100,6,9,0.17139120014003742
40,B,100,7,0,-0.6862919972381774
40,B,100,7,1,-0.4835942792722393
40,B,100,7,2,-0.9207601968671487
40,B,100,7,3,-0.6091405563505775
40,B,100,7,4,-0.7175417336837837
40,B,100,7,5,-0.391607089373645
40,B,100,7,6,-0.5403211808976718
40,B,100,7,7,-0.12300428827590822
40,B,100,7,8,-0.6836888366685498
40,B,100,7,9,-0.47674598298461385
40,B,100,8,0,0.01536676513469141
40,B,100,8,1,0.5830208562637833
40,B,100,8,2,0.03351161606817544
40,B,100,8,3,0.7811673135717246
40,B,100,8,4,0.5265854044263646
40,B,100,8,5,0.6196494133319259
40,B,100,8,6,0.38869794877586383
40,B,100,8,7,0.4301127355082362
40,B,100,8,8,0.6999406830735908
40,B,100,8,9,0.2941797163247157
40,B,100,9,0,0.6936313584048653
40,B,100,9,1,0.5954075683125138
40,B,100,9,2,0.7507289074019989
40,B,100,9,3,1.1416007272927748
40,B,100,9,4,0.7641096442671295
40,B,100,9,5,0.9477304256751581
40,B,100,9,6,0.9100694756699311
40,B,100,9,7,0.8468406287346868
40,B,100,9,8,0.5691590391158335
40,B,100,9,9,0.2981846484718397
41,A,0.05,0,0,0.24501165352720664
41,A,0.05,0,1,0.6599208048656824
41,A,0.05,0,2,0.43394630069579343
41,A,0.05,0,3,-0.3994578781399905
41,A,0.05,0,4,0.6407250263054781
41,A,0.05,0,5,0.694685276661561
41,A,0.05,0,6,0.4361950321533175
41,A,0.05,0,7,-0.16990865586539503
41,A,0.05,0,8,-0.15781071392002408
41,A,0.05,0,9,-0.09717263615561807
41,A,0.05,1,0,1.423017123296434
41,A,0.05,1,1,0.14706774990483
41,A,0.05,1,2,1.6120781383478162
41,A,0.05,1,3,1.5898054280402172
41,A,0.05,1,4,1.3296925123768202
41,A,0.05,1,5,1.6260541021044517
41,A,0.05,1,6,0.568040331901423
41,A,0.05,1,7,0.9993903888816786
41,A,0.05,1,8,1.4351114176106912
41,A,0.05,1,9,1.7332059624306955
41,A,0.05,2,0,-0.04578839097146257
41,A,0.05,2,1,0.09944387757933905
41,A,0.05,2,2,1.5983475107507505
41,A,0.05,2,3,0.12027033486096622
41,A,0.05,2,4,-0.1440754448143345
41,A,0.05,2,5,-0.2316553328550493
41,A,0.05,2,6,-0.3491617919873414
41,A,0.05,2,7,0.21583444049428324
41,A,0.05,2,8,0.4771929328343251
41,A,0.05,2,9,-0.05590807597112667
41,A,0.05,3,0,-0.121686006447452
41,A,0.05,3,1,0.08135097902142593
41,A,0.05,3,2,-0.06999250292391376
41,A,0.05,3,3,-0.06445994663249781
41,A,0.05,3,4,0.1415883311412083
41,A,0.05,3,5,-0.13307637049837187
41,A,0.05,3,6,-0.2600754070128086
41,A,0.05,3,7,0.12559759632847317
41,A,0.05,3,8,-0.11461503297366106
41,A,0.05,3,9,0.11746137546645001
41,A,0.05,4,0,-0.61694822527409
41,A,0.05,4,1,-0.90854697062749
41,A,0.05,4,2,-0.6027369235575776
41,A,0.05,4,3,-0.4617152181153445
41,A,0.05,4,4,-0.3322051208671747
41,A,0.05,4,5,-0.5002248527114879
41,A,0.05,4,6,-0.15829963247315193
41,A,0.05,4,7,-0.643696477761587
41,A,0.05,4,8,-0.45159735897539527
41,A,0.05,4,9,-1.0562573061067757
41,A,0.05,5,0,-0.9642638168456078
41,A,0.05,5,1,-1.004567273599829
41,A,0.05,5,2,-0.7845368527274124
41,A,0.05,5,3,-0.6755719148658508
41,A,0.05,5,4,-0.5000468357709303
41,A,0.05,5,5,-0.8217143366687827
41,A,0.05,5,6,-0.6169179112386821
41,A,0.05,5,7,-0.6321425744771679
41,A,0.05,5,8,-0.8523952548286101
41,A,0.05,5,9,-0.4825381199443704
41,A,0.05,6,0,2.5092028524015206
41,A,0.05,6,1,2.5643875665056495
41,A,0.05,6,2,2.6702233188472726
41,A,0.05,6,3,2.51733243035948
41,A,0.05,6,4,2.325264452076029
41,A,0.05,6,5,2.404718036298054
41,A,0.05,6,6,2.2406503576275436
41,A,0.05,6,7,1.9853207085121671
41,A,0.05,6,8,2.645389495599264
41,A,0.05,6,9,2.6891533234431506
41,A,0.05,7,0,-0.6326149542614746
41,A,0.05,7,1,-0.015605474620887513
41,A,0.05,7,2,-0.04919774947009151
41,A,0.05,7,3,0.0001576270099474163
41,A,0.05,7,4,0.025763728059688257
41,A,0.05,7,5,0.018957220625447337
41,A,0.05,7,6,-0.01480509673736267
41,A,0.05,7,7,-0.013745906319695928
41,A,0.05,7,8,-0.017667664717579887
41,A,0.05,7,9,-0.04518806940568231
41,A,0.05,8,0,-1.0540934477759738
41,A,0.05,8,1,-1.3318766325311213
41,A,0.05,8,2,-0.7382425065200382
41,A,0.05,8,3,-1.3974788000328122
41,A,0.05,8,4,-1.4497345316439578
41,A,0.05,8,5,-1.2627997436024647
41,A,0.05,8,6,-1.5066630041316067
41,A,0.05,8,7,-1.764278201302714
41,A,0.05,8,8,-1.713598166195637
41,A,0.05,8,9,-0.8658300709808898
41,A,0.05,9,0,-0.06625214749369567
41,A,0.05,9,1,0.5315304920320368
41,A,0.05,9,2,0.2979129502928158
41,A,0.05,9,3,-0.19507917751498038
41,A,0.05,9,4,0.524898049007996
41,A,0.05,9,5,0.2218357372085851
41,A,0.05,9,6,-0.12550142879069298
41,A,0.05,9,7,-0.02699195868156563
41,A,0.05,9,8,0.18778912586908125
41,A,0.05,9,9,0.333603109487526
41,B,100,0,0,-0.5157639525720158
41,B,100,0,1,-0.21504260248320103
41,B,100,0,2,-0.4990564072444016
41,B,100,0,3,-0.46310441271341646
41,B,100,0,4,-0.34169781713106184
41,B,100,0,5,-0.5007451350994989
41,B,100,0,6,-0.509853079160719
41,B,100,0,7,-0.5510221196309782
41,B,100,0,8,-0.4529630918240323
41,B,100,0,9,-0.43098505938265846
41,B,100,1,0,-1.1594046145035646
41,B,100,1,1,-0.1550561850845619
41,B,100,1,2,-0.15275943085125904
41,B,100,1,3,-0.00031254562322481335
41,B,100,1,4,-0.13135566562280235
41,B,100,1,5,0.018525757042699344
41,B,100,1,6,-0.07659781992408746
41,B,100,1,7,0.0009315947171845018
41,B,100,1,8,-0.07281661263576236
41,B,100,1,9,0.02867682880736794
41,B,100,2,0,1.4544785185428886
41,B,100,2,1,1.3576292675275161
41,B,100,2,2,0.9754583522883779
41,B,100,2,3,1.4799321570736215
41,B,100,2,4,0.80739889194605
41,B,100,2,5,1.300347005598684
41,B,100,2,6,1.4738640247910657
41,B,100,2,7,1.5212259961449772
41,B,100,2,8,1.5146713964467744
41,B,100,2,9,1.5272878105180623
41,B,100,3,0,-0.21070455740200128
41,B,100,3,1,-0.19346342861583987
41,B,100,3,2,-0.27485422923777725
41,B,100,3,3,0.037132049570487304
41,B,100,3,4,-0.20354071464636084
41,B,100,3,5,-0.23240520817957971
41,B,100,3,6,0.08587277952403348
41,B,100,3,7,0.14094622548173655
41,B,100,3,8,-0.3393119679603994
41,B,100,3,9,-0.04304395656995185
41,B,100,4,0,0.023041900822855566
41,B,100,4,1,-0.35097899686181216
41,B,100,4,2,-1.4437215246372306
41,B,100,4,3,-0.5743815170982255
41,B,100,4,4,-0.8701124835704303
41,B,100,4,5,-0.8084398171191608
41,B,100,4,6,-0.3149981963585344
41,B,100,4,7,-0.8596998479353954
41,B,100,4,8,-0.287148311529415
41,B,100,4,9,-1.120836877117143
41,B,100,5,0,0.14111592321424235
41,B,100,5,1,0.3247312326116004
41,B,100,5,2,0.45138470423439236
41,B,100,5,3,0.32686035953505593
41,B,100,5,4,0.6766029130624752
41,B,100,5,5,0.5098052414433706
41,B,100,5,6,0.5698721246676305
41,B,100,5,7,0.11582167444154236
41,B,100,5,8,0.038455270308479166
41,B,100,5,9,0.3348431142351181
41,B,100,6,0,0.3001550744432449
41,B,100,6,1,0.5654127945026657
41,B,100,6,2,1.2713306864510254
41,B,100,6,3,0.6197152457496933
41,B,100,6,4,0.4194199902214271
41,B,100,6,5,0.4864533697422938
41,B,100,6,6,0.888312212767062
41,B,100,6,7,1.0004952929572375
41,B,100,6,8,0.0904753215429908
41,B,100,6,9,1.5842545628440226
41,B,100,7,0,-0.8960778921227724
41,B,100,7,1,-0.6919419294225174
41,B,100,7,2,-0.4664089244394868
41,B,100,7,3,-0.4880439051277515
41,B,100,7,4,-0.6815871167605906
41,B,100,7,5,-0.649528970319551
41,B,100,7,6,-0.6419728859843151
41,B,100,7,7,-0.6135957604384944
41,B,100,7,8,-0.3967147716423067
41,B,100,7,9,-0.4525345294256086
41,B,100,8,0,-0.6802533290388754
41,B,100,8,1,-0.7335676040617438
41,B,100,8,2,-0.06390509294768563
41,B,100,8,3,-0.832391610114503
41,B,100,8,4,-0.6788572934274211
41,B,100,8,5,-0.5867981812574175
41,B,100,8,6,-0.07337350280689804
41,B,100,8,7,-0.4535450102209637
41,B,100,8,8,-0.528780807014852
41,B,100,8,9,-1.0060739610902187
41,B,100,9,0,2.269760371169095
41,B,100,9,1,3.0267761605587205
41,B,100,9,2,2.1686911736514887
41,B,100,9,3,3.056696844086306
41,B,100,9,4,3.2546819904458184
41,B,100,9,5,3.1799849746988875
41,B,100,9,6,3.8981323026044654
41,B,100,9,7,3.5355566702849925
41,B,100,9,8,3.2308649720911764
41,B,100,9,9,3.1341615181001936
42,A,0.05,0,0,-0.3198438297579036
42,A,0.05,0,1,-0.4465698755908161
42,A,0.05,0,2,-0.5363961401377518
42,A,0.05,0,3,-0.36599389389168274
42,A,0.05,0,4,-0.23859778064258155
42,A,0.05,0,5,-0.4004978555825221
42,A,0.05,0,6,-0.07590414024502919
42,A,0.05,0,7,-0.2266629747806315
42,A,0.05,0,8,-0.0027936857630628874
42,A,0.05,0,9,0.1274970299658712
42,A,0.05,1,0,0.057188630071153525
42,A,0.05,1,1,0.08035784089713426
42,A,0.05,1,2,-0.017522391583395046
42,A,0.05,1,3,-0.04884538013421034
42,A,0.05,1,4,0.09318253818581484
42,A,0.05,1,5,-0.09831500987940814
42,A,0.05,1,6,-0.055536508801041405
42,A,0.05,1,7,0.012941830401869539
42,A,0.05,1,8,-0.03696725399955871
42,A,0.05,1,9,-0.06494231494015033
42,A,0.05,2,0,-0.6156418619592381
42,A,0.05,2,1,0.01998412888565948
42,A,0.05,2,2,-0.7674325141178687
42,A,0.05,2,3,-0.03045432440884577
42,A,0.05,2,4,-0.4107422444846333
42,A,0.05,2,5,-0.5760043601175532
42,A,0.05,2,6,-0.24431665402690916
42,A,0.05,2,7,-0.0343562058354541
42,A,0.05,2,8,-0.8105820691025848
42,A,0.05,2,9,-0.29532634003282854
42,A,0.05,3,0,-1.3897663620007203
42,A,0.05,3,1,-1.0764328731466921
42,A,0.05,3,2,-0.6249679745609774
42,A,0.05,3,3,-0.6372852307656889
42,A,0.05,3,4,-0.5336617924755592
42,A,0.05,3,5,-0.6242566808691604
42,A,0.05,3,6,-0.6460986740951806
42,A,0.05,3,7,-0.4412643373257146
42,A,0.05,3,8,0.2562624484502761
42,A,0.05,3,9,-0.05307864300700962
42,A,0.05,4,0,0.5567115769742145
42,A,0.05,4,1,0.13106488882563902
42,A,0.05,4,2,0.5012500476292925
42,A,0.05,4,3,0.36183112346031554
42,A,0.05,4,4,0.41214629390145946
42,A,0.05,4,5,0.6423003057391248
42,A,0.05,4,6,0.6338773376537093
42,A,0.05,4,7,0.8452107053636743
42,A,0.05,4,8,1.4313677363278197
42,A,0.05,4,9,0.8919677112619632
42,A,0.05,5,0,0.11252390745172401
42,A,0.05,5,1,0.43984644334801554
42,A,0.05,5,2,0.37160384911095545
42,A,0.05,5,3,0.4998214593990656
42,A,0.05,5,4,-0.06068454134042389
42,A,0.05,5,5,0.38613113255887205
42,A,0.05,5,6,0.4141720820965744
42,A,0.05,5,7,-0.11786200860230991
42,A,0.05,5,8,0.5522460340192596
42,A,0.05,5,9,0.005351131762907701
42,A,0.05,6,0,-0.02778748109378975
42,A,0.05,6,1,0.20123646356096198
42,A,0.05,6,2,0.5135950832697698
42,A,0.05,6,3,0.8079218973627924
42,A,0.05,6,4,0.5751733619124725
42,A,0.05,6,5,1.8073406758743862
42,A,0.05,6,6,1.7667784860699602
42,A,0.05,6,7,1.3098699937882183
42,A,0.05,6,8,1.6822913604601486
42,A,0.05,6,9,1.702527013114074
42,A,0.05,7,0,1.084411921075093
42,A,0.05,7,1,0.8403872175276018
42,A,0.05,7,2,0.9264639750089462
42,A,0.05,7,3,1.1725856601071432
42,A,0.05,7,4,0.8506347784593006
42,A,0.05,7,5,0.8953598485614253
42,A,0.05,7,6,0.7565608613108035
42,A,0.05,7,7,0.9767137669079944
42,A,0.05,7,8,0.8912692467856429
42,A,0.05,7,9,1.4770185264691809
42,A,0.05,8,0,0.903779815598609
42,A,0.05,8,1,0.9982737251272968
42,A,0.05,8,2,1.1079654887455737
42,A,0.05,8,3,0.9580427420705547
42,A,0.05,8,4,0.9930119139358117
42,A,0.05,8,5,0.6856277293630676
42,A,0.05,8,6,0.9772324308934329
42,A,0.05,8,7,0.8982468866802038
42,A,0.05,8,8,1.031705075879959
42,A,0.05,8,9,0.9298485111062168
42,A,0.05,9,0,0.4395201287902399
42,A,0.05,9,1,-0.016074453464869284
42,A,0.05,9,2,0.06616113373248236
42,A,0.05,9,3,0.3511531530849088
42,A,0.05,9,4,0.22027423451023423
42,A,0.05,9,5,0.669499334241414
42,A,0.05,9,6,0.0590091729518668
42,A,0.05,9,7,-0.047948136220055566
42,A,0.05,9,8,0.07781302889894805
42,A,0.05,9,9,0.8460644677062528
42,B,100,0,0,-0.07686423768346655
42,B,100,0,1,0.1349585607122874
42,B,100,0,2,-0.07937811049089029
42,B,100,0,3,0.8311890905932284
42,B,100,0,4,1.190086767127441
42,B,100,0,5,0.2554064638576874
42,B,100,0,6,0.8908893694910105
42,B,100,0,7,1.7019629370808442
42,B,100,0,8,1.2759088652652009
42,B,100,0,9,0.9792367983866577
42,B,100,1,0,-0.6374227244986681
42,B,100,1,1,-0.8604924819854397
42,B,100,1,2,-0.7444864746906514
42,B,100,1,3,-0.16651178528136557
42,B,100,1,4,-0.22471968773661136
42,B,100,1,5,-0.682590522462582
42,B,100,1,6,-0.3998960342014474
42,B,100,1,7,-0.13069395933659497
42,B,100,1,8,-0.18560426538057245
42,B,100,1,9,-0.14946178929580478
42,B,100,2,0,-0.33839268562095043
42,B,100,2,1,-0.07638317036399461
42,B,100,2,2,-0.5048659999543834
42,B,100,2,3,-0.47243216361044205
42,B,100,2,4,0.09211308252314668
42,B,100,2,5,-0.6855522371249406
42,B,100,2,6,-0.18530504019194113
42,B,100,2,7,-0.4642818776838837
42,B,100,2,8,-0.5924075500786873
42,B,100,2,9,0.049567446111440344
42,B,100,3,0,-0.9816329228510806
42,B,100,3,1,-0.7748446857320391
42,B,100,3,2,-0.4691112492659836
42,B,100,3,3,-0.21150605251953877
42,B,100,3,4,-0.21135201047246815
42,B,100,3,5,-0.5570718736541691
42,B,100,3,6,-0.20290309013973157
42,B,100,3,7,-0.8568562535387716
42,B,100,3,8,-0.49372692770129295
42,B,100,3,9,-1.767167843175897
42,B,100,4,0,-0.9476033167634794
42,B,100,4,1,-0.9346795238805643
42,B,100,4,2,-0.5771053213451575
42,B,100,4,3,-0.9259146723321106
42,B,100,4,4,-0.8264907444852048
42,B,100,4,5,-0.6715873586694436
42,B,100,4,6,-0.2870635425142815
42,B,100,4,7,-0.8447735023654446
42,B,100,4,8,-0.5096693178839934
42,B,100,4,9,-0.7247410175462997
42,B,100,5,0,-0.16217899396295243
42,B,100,5,1,-0.9916242051641889
42,B,100,5,2,-1.1242997799746324
42,B,100,5,3,-1.09629575723375
42,B,100,5,4,-0.04875749540747336
42,B,100,5,5,0.2179111329684074
42,B,100,5,6,-0.667505514737968
42,B,100,5,7,-0.7860775210694415
42,B,100,5,8,-0.7104664213829857
42,B,100,5,9,-0.9247736103391421
42,B,100,6,0,-0.5178338348434947
42,B,100,6,1,-0.751944603591475
42,B,100,6,2,-0.5623035869313273
42,B,100,6,3,-0.7324911364236927
42,B,100,6,4,-1.2515923506611615
42,B,100,6,5,-0.7288970810128459
42,B,100,6,6,-0.6585162099437518
42,B,100,6,7,-0.8446659436536355
42,B,100,6,8,-0.437149623361478
42,B,100,6,9,-0.8344217815391859
42,B,100,7,0,-0.31190595297415363
42,B,100,7,1,-0.5266367911301272
42,B,100,7,2,-0.3519718064473755
42,B,100,7,3,-0.35021079485594153
42,B,100,7,4,0.27824163289479104
42,B,100,7,5,-0.07725958171775096
42,B,100,7,6,0.0693529203659778
42,B,100,7,7,0.2472175384397578
42,B,100,7,8,0.1945298095691905
42,B,100,7,9,0.12343472778425653
42,B,100,8,0,0.7761456898791214
42,B,100,8,1,0.5568291837665567
42,B,100,8,2,0.8946961304821925
42,B,100,8,3,1.012921768821928
42,B,100,8,4,0.6667571092029198
42,B,100,8,5,0.9294744913050341
42,B,100,8,6,0.9123036685378547
42,B,100,8,7,0.7411513250118845
42,B,100,8,8,0.6692598027059751
42,B,100,8,9,0.7247979906657669
42,B,100,9,0,-0.0026148470503051125
42,B,100,9,1,-0.22703858869021024
42,B,100,9,2,-0.3623854827641877
42,B,100,9,3,0.07746983947982106
42,B,100,9,4,0.07540625304331103
42,B,100,9,5,-0.038749001869671645
42,B,100,9,6,-0.18355048008945454
42,B,100,9,7,0.05424457446302093
42,B,100,9,8,-0.14495424229351483
42,B,100,9,9,-0.32110300333312985
43,A,0.05,0,0,-0.21721619522302912
43,A,0.05,0,1,-0.45769826601626323
43,A,0.05,0,2,-0.9782581857579831
43,A,0.05,0,3,-0.84625075261778
43,A,0.05,0,4,0.04300122947456665
43,A,0.05,0,5,-0.18893323052671754
43,A,0.05,0,6,-0.3800202542201369
43,A,0.05,0,7,-0.15669926491305394
43,A,0.05,0,8,-1.5414697729927085
43,A,0.05,0,9,-0.09801599796728679
43,A,0.05,1,0,-1.1263945237001372
43,A,0.05,1,1,-1.2263730222598481
43,A,0.05,1,2,-1.5507223655092501
43,A,0.05,1,3,-1.1622020666240194
43,A,0.05,1,4,-1.3511593435259015
43,A,0.05,1,5,-1.1910283939410384
43,A,0.05,1,6,-1.4726782352638457
43,A,0.05,1,7,-0.7274000827729276
43,A,0.05,1,8,-1.413982297801633
43,A,0.05,1,9,-1.2016583464140844
43,A,0.05,2,0,-0.037220137997341744
43,A,0.05,2,1,-0.02988086508777843
43,A,0.05,2,2,-0.08026490113294485
43,A,0.05,2,3,-0.17501206169624942
43,A,0.05,2,4,-0.20229164819045073
43,A,0.05,2,5,-0.042816866048953385
43,A,0.05,2,6,-0.07038181682845125
43,A,0.05,2,7,-0.11871603286917472
43,A,0.05,2,8,-0.33183365261551245
43,A,0.05,2,9,0.13082893095694134
43,A,0.05,3,0,1.6910661969468666
43,A,0.05,3,1,2.0990573116344886
43,A,0.05,3,2,2.0108034033013014
43,A,0.05,3,3,1.3258809056009846
43,A,0.05,3,4,2.0134667000368096
43,A,0.05,3,5,1.7062064909709347
43,A,0.05,3,6,1.7848499676335259
43,A,0.05,3,7,1.8701002273164669
43,A,0.05,3,8,1.3190749599495133
43,A,0.05,3,9,2.0273597988452905
43,A,0.05,4,0,0.11572356537019846
43,A,0.05,4,1,-0.17738547673744381
43,A,0.05,4,2,-0.31065154445167137
43,A,0.05,4,3,-0.07427130405768072
43,A,0.05,4,4,0.057988691900601366
43,A,0.05,4,5,0.0678173786061829
43,A,0.05,4,6,0.1750483949599166
43,A,0.05,4,7,0.009750163603401616
43,A,0.05,4,8,-0.15417371483729586
43,A,0.05,4,9,-0.06611509597540788
43,A,0.05,5,0,-1.8915592286242524
43,A,0.05,5,1,-2.247349272605066
43,A,0.05,5,2,-1.7785316978963568
43,A,0.05,5,3,-2.57606233867681
43,A,0.05,5,4,-1.775846204353814
43,A,0.05,5,5,-2.387612776237614
43,A,0.05,5,6,-2.306519391082275
43,A,0.05,5,7,-2.012461036093236
43,A,0.05,5,8,-2.1663534595094847
43,A,0.05,5,9,-2.261527564920835
43,A,0.05,6,0,0.324027210358577
43,A,0.05,6,1,0.11493399776310775
43,A,0.05,6,2,0.6073518360054929
43,A,0.05,6,3,0.2025430461697418
43,A,0.05,6,4,0.3898193963986343
43,A,0.05,6,5,0.6436319402369038
43,A,0.05,6,6,0.5401084318797381
43,A,0.05,6,7,0.37355868231876854
43,A,0.05,6,8,0.5374326686961728
43,A,0.05,6,9,0.656532450575941
43,A,0.05,7,0,0.46193560460482724
43,A,0.05,7,1,1.1093949993556673
43,A,0.05,7,2,1.2708560505077475
43,A,0.05,7,3,0.39015646223450506
43,A,0.05,7,4,0.9123480923074776
43,A,0.05,7,5,0.3172103752951724
43,A,0.05,7,6,0.38839739031442394
43,A,0.05,7,7,0.6073819640436844
43,A,0.05,7,8,1.0756723989866142
43,A,0.05,7,9,1.1126662469224249
43,A,0.05,8,0,0.6291301513084968
43,A,0.05,8,1,0.6035529380048358
43,A,0.05,8,2,0.37560134272896295
43,A,0.05,8,3,0.42387776192479387
43,A,0.05,8,4,-0.3089201239788953
43,A,0.05,8,5,0.1502903674937737
43,A,0.05,8,6,-0.09701713145907098
43,A,0.05,8,7,0.1806777126419407
43,A,0.05,8,8,0.7049298856572009
43,A,0.05,8,9,0.2658405497652866
43,A,0.05,9,0,2.6969579765919347
43,A,0.05,9,1,1.9565469269812898
43,A,0.05,9,2,2.828701382615194
43,A,0.05,9,3,3.1290708547955846
43,A,0.05,9,4,3.280491485331865
43,A,0.05,9,5,2.912144790471748
43,A,0.05,9,6,3.2167104730007097
43,A,0.05,9,7,2.5667808829795202
43,A,0.05,9,8,3.4189446134974077
43,A,0.05,9,9,2.155563328770269
43,B,100,0,0,0.10472321921091317
43,B,100,0,1,0.032314833800440916
43,B,100,0,2,0.025138177272753533
43,B,100,0,3,-0.05163350696539331
43,B,100,0,4,0.032293818968497964
43,B,100,0,5,0.10143857241192623
43,B,100,0,6,0.12237419578147002
43,B,100,0,7,0.11413250362948885
43,B,100,0,8,0.08942601827106877
43,B,100,0,9,0.0910208030305852
43,B,100,1,0,0.3260907038922119
43,B,100,1,1,0.14636216050965645
43,B,100,1,2,0.9407728834424096
43,B,100,1,3,0.2639362158349439
43,B,100,1,4,0.11466842426032238
43,B,100,1,5,0.03062454596330576
43,B,100,1,6,-0.7967788074893671
43,B,100,1,7,0.31633151771371437
43,B,100,1,8,0.79576548273676
43,B,100,1,9,0.7600017962160418
43,B,100,2,0,0.025237979082289436
43,B,100,2,1,0.06375616178100721
43,B,100,2,2,0.034502738720611305
43,B,100,2,3,1.3257803204781788
43,B,100,2,4,1.4480853090326018
43,B,100,2,5,0.8542523438509634
43,B,100,2,6,1.3731524579858683
43,B,100,2,7,1.2737896399343658
43,B,100,2,8,1.343671301332029
43,B,100,2,9,1.3537488104662625
43,B,100,3,0,-0.2917727055960792
43,B,100,3,1,-0.06115134958523371
43,B,100,3,2,0.7706468827022221
43,B,100,3,3,0.2444218812027579
43,B,100,3,4,0.34504245840245107
43,B,100,3,5,0.4100663235522984
43,B,100,3,6,-0.20530693808033432
43,B,100,3,7,0.08412040647352556
43,B,100,3,8,0.7920001620672379
43,B,100,3,9,0.30927513745131746
43,B,100,4,0,0.8845991337212277
43,B,100,4,1,0.7918353926205857
43,B,100,4,2,-0.5895381745905943
43,B,100,4,3,0.20131666813826443
43,B,100,4,4,1.0420980043568926
43,B,100,4,5,1.0311996662396914
43,B,100,4,6,-0.0964226593584372
43,B,100,4,7,0.9120292580109496
43,B,100,4,8,1.1136221611465456
43,B,100,4,9,0.9699917591890219
43,B,100,5,0,1.9910678315301118
43,B,100,5,1,1.5131680172385624
43,B,100,5,2,2.0873027462086764
43,B,100,5,3,1.9568750480551804
43,B,100,5,4,2.2558395393852138
43,B,100,5,5,3.028398512344366
43,B,100,5,6,1.5005268678707286
43,B,100,5,7,1.5240652836667756
43,B,100,5,8,2.4169134850510128
43,B,100,5,9,2.912156589307025
43,B,100,6,0,-0.2618106280827266
43,B,100,6,1,-0.2636992956259114
43,B,100,6,2,0.6962957447242668
43,B,100,6,3,-0.2164843564530182
43,B,100,6,4,0.40107397614506785
43,B,100,6,5,-0.1333759455549277
43,B,100,6,6,-0.21910885071346134
43,B,100,6,7,0.08262118678639264
43,B,100,6,8,-0.3159407346578222
43,B,100,6,9,-0.3190466266796146
43,B,100,7,0,0.3726211312733298
43,B,100,7,1,0.386915387570959
43,B,100,7,2,0.46686226921564283
43,B,100,7,3,0.46614563812257076
43,B,100,7,4,0.4455377301699171
43,B,100,7,5,0.4130583006836305
43,B,100,7,6,0.9054098773762501
43,B,100,7,7,0.4664248364744833
43,B,100,7,8,1.2400752630108893
43,B,100,7,9,1.3299400482630022
43,B,100,8,0,1.2926418801237016
43,B,100,8,1,0.9456482982024778
43,B,100,8,2,1.3700360873926583
43,B,100,8,3,1.5674092285549164
43,B,100,8,4,0.8312282037158546
43,B,100,8,5,0.7119108857268309
43,B,100,8,6,0.9366897642762569
43,B,100,8,7,1.7833656192103284
43,B,100,8,8,1.3521537859552633
43,B,100,8,9,1.6992312743509452
43,B,100,9,0,0.4183665107552588
43,B,100,9,1,0.8695202853775097
43,B,100,9,2,0.7835619331731303
43,B,100,9,3,0.46240286355283583
43,B,100,9,4,1.0370213551675407
43,B,100,9,5,0.4509081791068417
43,B,100,9,6,0.4410262350088637
43,B,100,9,7,0.6285084216281943
43,B,100,9,8,0.8673425471543231
43,B,100,9,9,0.4320432976185356
44,A,0.05,0,0,0.8284855105644529
44,A,0.05,0,1,0.5645346678418953
44,A,0.05,0,2,0.24856427074044418
44,A,0.05,0,3,0.1653638867577312
44,A,0.05,0,4,0.45026345383507294
44,A,0.05,0,5,0.7436079862761805
44,A,0.05,0,6,1.051883645833632
44,A,0.05,0,7,0.7314473210413928
44,A,0.05,0,8,1.0921421364189212
44,A,0.05,0,9,0.402736934323772
44,A,0.05,1,0,-1.2919071978602052
44,A,0.05,1,1,-0.958617351197878
44,A,0.05,1,2,-0.7851708377764892
44,A,0.05,1,3,-1.091211776744155
44,A,0.05,1,4,-1.139627536748523
44,A,0.05,1,5,-0.9228959022029801
44,A,0.05,1,6,-0.783442976305465
44,A,0.05,1,7,-0.5465742974773729
44,A,0.05,1,8,-0.5795788222310799
44,A,0.05,1,9,-0.6595302049535675
44,A,0.05,2,0,-0.18288310355321308
44,A,0.05,2,1,0.1205630472209325
44,A,0.05,2,2,-0.1729690258432903
44,A,0.05,2,3,-0.071310381476875
44,A,0.05,2,4,-0.2424437363476137
44,A,0.05,2,5,-0.6488835843806756
44,A,0.05,2,6,-0.12044179768343477
44,A,0.05,2,7,-0.17489801253968898
44,A,0.05,2,8,-0.06956957841349522
44,A,0.05,2,9,-0.014170608167045004
44,A,0.05,3,0,1.2309608196392536
44,A,0.05,3,1,1.1974416905618364
44,A,0.05,3,2,1.248006546084638
44,A,0.05,3,3,1.361372203322045
44,A,0.05,3,4,0.10984014590068941
44,A,0.05,3,5,1.5461993272978733
44,A,0.05,3,6,0.788538937285892
44,A,0.05,3,7,1.3929058296489185
44,A,0.05,3,8,1.2957604618409966
44,A,0.05,3,9,0.9238110686235161
44,A,0.05,4,0,-0.08821249251736972
44,A,0.05,4,1,-0.7225961672428692
44,A,0.05,4,2,0.08903752080546454
44,A,0.05,4,3,-0.18904832631102791
44,A,0.05,4,4,-0.36972040374671633
44,A,0.05,4,5,0.27215320949077815
44,A,0.05,4,6,-0.042397296851105215
44,A,0.05,4,7,0.7285901377646024
44,A,0.05,4,8,-0.023848726653330276
44,A,0.05,4,9,0.9517425018684276
44,A,0.05,5,0,0.38558305264741694
44,A,0.05,5,1,0.33371284458422856
44,A,0.05,5,2,0.39283996020472256
44,A,0.05,5,3,0.25775147558412126
44,A,0.05,5,4,0.35238683282764194
44,A,0.05,5,5,0.1658673363169846
44,A,0.05,5,6,0.34481779607600455
44,A,0.05,5,7,0.7396489974665351
44,A,0.05,5,8,0.2477637450113636
44,A,0.05,5,9,0.6940707948946987
44,A,0.05,6,0,-0.6238503010427818
44,A,0.05,6,1,-0.26588503481095305
44,A,0.05,6,2,-0.5156246341148363
44,A,0.05,6,3,-0.5061755607424299
44,A,0.05,6,4,-0.33583785064333643
44,A,0.05,6,5,-0.3466737042208149
44,A,0.05,6,6,-0.10830939852960486
44,A,0.05,6,7,-0.15982529991252395
44,A,0.05,6,8,-0.2138788825890653
44,A,0.05,6,9,-0.17111509236200462
44,A,0.05,7,0,-0.32194300097395767
44,A,0.05,7,1,-1.0462855997801233
44,A,0.05,7,2,-0.5228065485923856
44,A,0.05,7,3,-0.825463007501759
44,A,0.05,7,4,-0.7764739870318417
44,A,0.05,7,5,-0.9494123259119354
44,A,0.05,7,6,-1.1497212825986105
44,A,0.05,7,7,-0.6976892746456643
44,A,0.05,7,8,-1.447556279137182
44,A,0.05,7,9,-1.3232956350609417
44,A,0.05,8,0,0.030848311985528974
44,A,0.05,8,1,0.3475624655417936
44,A,0.05,8,2,0.2555744656318256
44,A,0.05,8,3,0.17020913795594828
44,A,0.05,8,4,0.31501284025244175
44,A,0.05,8,5,-0.07111813349805893
44,A,0.05,8,6,0.12293735957324778
44,A,0.05,8,7,0.4820566193227216
44,A,0.05,8,8,-0.06446137635165457
44,A,0.05,8,9,0.02360470460826562
44,A,0.05,9,0,-0.8196500211449743
44,A,0.05,9,1,-1.422626897100492
44,A,0.05,9,2,-0.2562608944165811
44,A,0.05,9,3,-0.47545404387003465
44,A,0.05,9,4,-0.2470048054895023
44,A,0.05,9,5,-0.22444006472963784
44,A,0.05,9,6,-0.600743802172581
44,A,0.05,9,7,-1.1748922640876434
44,A,0.05,9,8,-0.4941721127068923
44,A,0.05,9,9,-0.4955889885040303
44,B,100,0,0,0.8151575144103472
44,B,100,0,1,0.7462816740108513
44,B,100,0,2,0.7598607370751986
44,B,100,0,3,0.7449526669552157
44,B,100,0,4,0.7605680770206028
44,B,100,0,5,0.6538819258743528
44,B,100,0,6,0.8412792971111924
44,B,100,0,7,0.7922014833722673
44,B,100,0,8,0.9073784533207485
44,B,100,0,9,0.8573572349713326
44,B,100,1,0,-0.8263189252113071
44,B,100,1,1,-0.43554288966480764
44,B,100,1,2,-0.2438443529734817
44,B,100,1,3,-0.5873639931909365
44,B,100,1,4,0.010284035143927301
44,B,100,1,5,-0.3496457323474821
44,B,100,1,6,-0.6339913034546981
44,B,100,1,7,-0.4119081566625484
44,B,100,1,8,-0.5909274953281138
44,B,100,1,9,-0.7317868490517501
44,B,100,2,0,-2.1220265633219664
44,B,100,2,1,-1.5775569669954848
44,B,100,2,2,-2.043036666011621
44,B,100,2,3,-1.8151613324565607
44,B,100,2,4,-0.426903198160219
44,B,100,2,5,-1.752656035118074
44,B,100,2,6,-1.863120869094338
44,B,100,2,7,-1.6019023198509847
44,B,100,2,8,-0.921117300007547
44,B,100,2,9,-1.9859545412754624
44,B,100,3,0,2.2047329758377248
44,B,100,3,1,3.382876998413488
44,B,100,3,2,2.4366763687037585
44,B,100,3,3,2.503930689710802
44,B,100,3,4,3.4919483825479727
44,B,100,3,5,3.0841594717926575
44,B,100,3,6,2.6744687572930053
44,B,100,3,7,3.1900345063304854
44,B,100,3,8,2.3947968655089213
44,B,100,3,9,2.942094140164911
44,B,100,4,0,-0.027651170066315487
44,B,100,4,1,-0.07301430870677719
44,B,100,4,2,0.2577553406290664
44,B,100,4,3,0.007432895831879931
44,B,100,4,4,0.008030492591121971
44,B,100,4,5,-0.035596810140006985
44,B,100,4,6,-0.01870574492381954
44,B,100,4,7,0.09674203090989464
44,B,100,4,8,0.023940930130701036
44,B,100,4,9,0.06599015780040468
44,B,100,5,0,-1.0603067198886462
44,B,100,5,1,-0.8889912499317383
44,B,100,5,2,-0.8143930121643745
44,B,100,5,3,-1.1141775961407687
44,B,100,5,4,-0.8955139154222378
44,B,100,5,5,-0.7170861620654397
44,B,100,5,6,-1.5235339116673832
44,B,100,5,7,-0.16434306997633027
44,B,100,5,8,-1.0068533961960557
44,B,100,5,9,-0.5688439947311319
44,B,100,6,0,-2.117777742108822
44,B,100,6,1,-1.5422894061088868
44,B,100,6,2,-2.0589005495299775
44,B,100,6,3,-1.0595364187619305
44,B,100,6,4,-1.440000465302714
44,B,100,6,5,-1.6786814718205152
44,B,100,6,6,-1.2726165165943926
44,B,100,6,7,-1.7964724501064153
44,B,100,6,8,-1.9954840919195158
44,B,100,6,9,-0.795570104888475
44,B,100,7,0,-0.6321738419504254
44,B,100,7,1,-0.5578912875283049
44,B,100,7,2,-1.0003048209226155
44,B,100,7,3,-0.980515210410346
44,B,100,7,4,-0.46193245271431216
44,B,100,7,5,-1.0775823346422244
44,B,100,7,6,-0.6140112988088626
44,B,100,7,7,-1.134583044563467
44,B,100,7,8,-0.3529332199637506
44,B,100,7,9,-0.7074293075112295
44,B,100,8,0,-1.3250429666318313
44,B,100,8,1,-1.2164655547590333
44,B,100,8,2,-0.7552616854337761
44,B,100,8,3,-1.1937720501772078
44,B,100,8,4,-1.0839472990045305
44,B,100,8,5,-1.2271654328245862
44,B,100,8,6,-0.8989642965783389
44,B,100,8,7,-1.0492656766500088
44,B,100,8,8,-0.9639851381146703
44,B,100,8,9,-0.608822766608025
44,B,100,9,0,2.2451535513779572
44,B,100,9,1,2.6291796011978588
44,B,100,9,2,2.879115980291351
44,B,100,9,3,2.543245119744066
44,B,100,9,4,2.259645172811646
44,B,100,9,5,2.641621875352477
44,B,100,9,6,1.948080099970299
44,B,100,9,7,2.960051339187455
44,B,100,9,8,2.8945509919970935
44,B,100,9,9,2.1478129131804837
45,A,0.05,0,0,0.40965558437318655
45,A,0.05,0,1,0.4210216207957807
45,A,0.05,0,2,0.34484848270114343
45,A,0.05,0,3,0.5702141358560104
45,A,0.05,0,4,0.39039005923151154
45,A,0.05,0,5,0.24137906801969897
45,A,0.05,0,6,0.3047198647346733
45,A,0.05,0,7,0.6229198142960864
45,A,0.05,0,8,0.6775751374993225
45,A,0.05,0,9,0.34753578539016583
45,A,0.05,1,0,2.9955131736087197
45,A,0.05,1,1,3.0624342815871195
45,A,0.05,1,2,2.338695506975443
45,A,0.05,1,3,2.8567614789602938
45,A,0.05,1,4,2.2156506228652457
45,A,0.05,1,5,3.897328034407767
45,A,0.05,1,6,2.8691721447795113
45,A,0.05,1,7,3.5918304779498325
45,A,0.05,1,8,3.1991259541121044
45,A,0.05,1,9,2.7004249919895793
45,A,0.05,2,0,-0.954556016403266
45,A,0.05,2,1,-0.8797782587260372
45,A,0.05,2,2,-1.0375592179679474
45,A,0.05,2,3,-1.1097484974115355
45,A,0.05,2,4,-1.151882679141549
45,A,0.05,2,5,-0.9827039576880625
45,A,0.05,2,6,-0.8531424485080213
45,A,0.05,2,7,-0.8773791550270894
45,A,0.05,2,8,-1.289777774623838
45,A,0.05,2,9,-0.9140847907187107
45,A,0.05,3,0,1.6165581891731833
45,A,0.05,3,1,1.6103841806873602
45,A,0.05,3,2,1.6359667223784182
45,A,0.05,3,3,1.6393587015276951
45,A,0.05,3,4,1.4868138125108066
45,A,0.05,3,5,1.3083487670196965
45,A,0.05,3,6,1.428217905722961
45,A,0.05,3,7,1.6915747165276391
45,A,0.05,3,8,1.4709378882764996
45,A,0.05,3,9,1.712701382377147
45,A,0.05,4,0,4.02790370726105
45,A,0.05,4,1,2.7815807333337985
45,A,0.05,4,2,3.0173060712717845
45,A,0.05,4,3,3.3698617293285893
45,A,0.05,4,4,4.159755205792544
45,A,0.05,4,5,3.4594651185244154
45,A,0.05,4,6,3.1566666640514645
45,A,0.05,4,7,4.3153622507621145
45,A,0.05,4,8,2.519564239687955
45,A,0.05,4,9,3.3592790433680437
45,A,0.05,5,0,0.5195888644349523
45,A,0.05,5,1,-0.0349192116420971
45,A,0.05,5,2,0.7455750780161037
45,A,0.05,5,3,0.6288482918037255
45,A,0.05,5,4,0.012385919038558875
45,A,0.05,5,5,0.3456396396489526
45,A,0.05,5,6,-0.04457013227137076
45,A,0.05,5,7,0.46301432353617555
45,A,0.05,5,8,0.3923055536510004
45,A,0.05,5,9,0.4126236186283952
45,A,0.05,6,0,-1.3678816239312486
45,A,0.05,6,1,-1.907898886948026
45,A,0.05,6,2,-1.5593880118774486
45,A,0.05,6,3,-1.5825216418197439
45,A,0.05,6,4,-1.8261728816928404
45,A,0.05,6,5,-1.6167009197827056
45,A,0.05,6,6,-1.6291543363137921
45,A,0.05,6,7,-1.6577033955032112
45,A,0.05,6,8,-1.3077771255451573
45,A,0.05,6,9,-1.4448973038162132
45,A,0.05,7,0,-0.09140718732489482
45,A,0.05,7,1,-0.021887916486977993
45,A,0.05,7,2,-0.019435467218216273
45,A,0.05,7,3,-0.006998603055364629
45,A,0.05,7,4,0.032122578311493614
45,A,0.05,7,5,0.016029943192107772
45,A,0.05,7,6,0.016732879393276567
45,A,0.05,7,7,0.01329537221610932
45,A,0.05,7,8,-0.03845662841642885
45,A,0.05,7,9,0.00403633688887568
45,A,0.05,8,0,2.0807445291900364
45,A,0.05,8,1,3.7144233811023426
45,A,0.05,8,2,2.979558087394298
45,A,0.05,8,3,3.8805353699606098
45,A,0.05,8,4,3.8985307478156352
45,A,0.05,8,5,2.4092435525572804
45,A,0.05,8,6,2.280685163450663
45,A,0.05,8,7,2.935201610570443
45,A,0.05,8,8,3.586165987852772
45,A,0.05,8,9,3.428387919751745
45,A,0.05,9,0,0.013348990518795586
45,A,0.05,9,1,-0.14470775184346166
45,A,0.05,9,2,0.07381320733849249
45,A,0.05,9,3,0.177540770844649
45,A,0.05,9,4,0.02625841170828395
45,A,0.05,9,5,-0.30548789849290936
45,A,0.05,9,6,0.07735852723508187
45,A,0.05,9,7,0.1536333557458349
45,A,0.05,9,8,-0.14980266954237043
45,A,0.05,9,9,0.09241769326416542
45,B,100,0,0,-0.16573053537700144
45,B,100,0,1,-0.24598965025037542
45,B,100,0,2,-0.0785690004824534
45,B,100,0,3,-0.11633496426640025
45,B,100,0,4,-0.12806126100650245
45,B,100,0,5,-0.02477297978418937
45,B,100,0,6,-0.46699111813536487
45,B,100,0,7,-0.043460754571152706
45,B,100,0,8,-0.27792393604101867
45,B,100,0,9,-0.27554639208183895
45,B,100,1,0,-0.1820339693147807
45,B,100,1,1,-0.30351085405034084
45,B,100,1,2,-0.34550163208947215
45,B,100,1,3,-0.2400389459271431
45,B,100,1,4,-0.33127307232566616
45,B,100,1,5,-0.03850566383384776
45,B,100,1,6,-0.3085566614755278
45,B,100,1,7,-0.988823649042056
45,B,100,1,8,-0.22481186711692513
45,B,100,1,9,-0.17793117729107585
45,B,100,2,0,1.6407604135810783
45,B,100,2,1,1.6016465271806997
45,B,100,2,2,1.8946950228803092
45,B,100,2,3,1.8870076510363907
45,B,100,2,4,1.9200528221891873
45,B,100,2,5,1.8228125139328186
45,B,100,2,6,1.8984417977423949
45,B,100,2,7,1.8525764234598412
45,B,100,2,8,1.9199583509883464
45,B,100,2,9,1.5531941945134726
45,B,100,3,0,0.2508343797771437
45,B,100,3,1,0.014201237398507097
45,B,100,3,2,-0.005263840935536996
45,B,100,3,3,0.3021650813220057
45,B,100,3,4,0.22744390982465604
45,B,100,3,5,-0.12038369870406873
45,B,100,3,6,-0.10627843707364211
45,B,100,3,7,0.17370990256178698
45,B,100,3,8,0.5614083605851687
45,B,100,3,9,0.7644393445543516
45,B,100,4,0,-1.931955728354991
45,B,100,4,1,-1.051269567278448
45,B,100,4,2,-1.1921935330358984
45,B,100,4,3,-1.4378179273819187
45,B,100,4,4,-2.182334888061399
45,B,100,4,5,-1.1713741561534676
45,B,100,4,6,-0.49713406377592945
45,B,100,4,7,-1.033559858092837
45,B,100,4,8,-1.2817027933083662
45,B,100,4,9,-0.5480853350201703
45,B,100,5,0,-0.4522714335284473
45,B,100,5,1,-0.8711781303478492
45,B,100,5,2,-1.1159225569065163
45,B,100,5,3,-0.38984600903222066
45,B,100,5,4,-0.796382783054276
45,B,100,5,5,-0.7225595496095204
45,B,100,5,6,-0.7702935462516051
45,B,100,5,7,-0.48088429300756314
45,B,100,5,8,-0.7188775534979321
45,B,100,5,9,-0.44891920209511643
45,B,100,6,0,-0.028508767730848414
45,B,100,6,1,0.032801097842325
45,B,100,6,2,-0.014934824276203337
45,B,100,6,3,0.00979335228635875
45,B,100,6,4,-0.67471778941665
45,B,100,6,5,-0.08796463828470934
45,B,100,6,6,-0.15920628284847105
45,B,100,6,7,0.009483852603585906
45,B,100,6,8,-0.015083911735701063
45,B,100,6,9,-0.01270197111448416
45,B,100,7,0,0.14661418928612785
45,B,100,7,1,1.0944930248561722
45,B,100,7,2,0.36065712638263514
45,B,100,7,3,0.9881001484842838
45,B,100,7,4,1.0038170355980471
45,B,100,7,5,0.10877790084175196
45,B,100,7,6,0.0840130308475657
45,B,100,7,7,1.04070298568359
45,B,100,7,8,0.5118516922334949
45,B,100,7,9,0.3199422481797959
45,B,100,8,0,0.5047925749626456
45,B,100,8,1,0.11186077217201808
45,B,100,8,2,0.25043778367267516
45,B,100,8,3,0.2959470090043059
45,B,100,8,4,0.9437415585835494
45,B,100,8,5,0.712154492779076
45,B,100,8,6,0.5879276445559288
45,B,100,8,7,0.7298926534129192
45,B,100,8,8,0.42865963109517535
45,B,100,8,9,0.5889753848632903
45,B,100,9,0,0.10541294036058202
45,B,100,9,1,0.43248750123390695
45,B,100,9,2,0.33427235194040394
45,B,100,9,3,0.19528289828313883
45,B,100,9,4,0.6240911469597411
45,B,100,9,5,0.5106136696206245
45,B,100,9,6,0.2790658305363884
45,B,100,9,7,0.046465397213346124
45,B,100,9,8,0.6547032549933776
45,B,100,9,9,0.6441740452821434
46,A,0.05,0,0,0.82640624313189
46,A,0.05,0,1,0.8138125820646652
46,A,0.05,0,2,0.9006124395087143
46,A,0.05,0,3,0.6761780032422724
46,A,0.05,0,4,0.5843648592837125
46,A,0.05,0,5,0.8771069642877467
46,A,0.05,0,6,0.2429404277248385
46,A,0.05,0,7,1.0226597267024902
46,A,0.05,0,8,0.73305747826201
46,A,0.05,0,9,0.4927491074068039
46,A,0.05,1,0,-0.07183865909456641
46,A,0.05,1,1,-0.2203396231411469
46,A,0.05,1,2,-0.2427413904801324
46,A,0.05,1,3,-0.1432057257773093
46,A,0.05,1,4,-0.30238559313326585
46,A,0.05,1,5,-0.21132531631145057
46,A,0.05,1,6,-0.4293333072913974
46,A,0.05,1,7,-0.1372846609525699
46,A,0.05,1,8,-0.21263114538165784
46,A,0.05,1,9,-0.2397639219405287
46,A,0.05,2,0,0.6109999694562144
46,A,0.05,2,1,0.2290439824788938
46,A,0.05,2,2,0.27133964059548793
46,A,0.05,2,3,0.08534376483264959
46,A,0.05,2,4,0.5833964702427218
46,A,0.05,2,5,0.6863789557197887
46,A,0.05,2,6,0.6164898713097218
46,A,0.05,2,7,0.4129563710989305
46,A,0.05,2,8,0.46105802908521404
46,A,0.05,2,9,0.5156018528153435
46,A,0.05,3,0,0.33168347924642166
46,A,0.05,3,1,0.48510306151985444
46,A,0.05,3,2,0.8117296877504563
46,A,0.05,3,3,-0.5888496754400412
46,A,0.05,3,4,1.5659770332582934
46,A,0.05,3,5,0.5204755306425205
46,A,0.05,3,6,0.8010276618361233
46,A,0.05,3,7,0.7194848421043295
46,A,0.05,3,8,0.0994833211358733
46,A,0.05,3,9,0.3913721224285867
46,A,0.05,4,0,-0.7185932331283866
46,A,0.05,4,1,-0.4127339901461259
46,A,0.05,4,2,-0.36022735937892253
46,A,0.05,4,3,-0.3664008717410661
46,A,0.05,4,4,-0.6188292981667832
46,A,0.05,4,5,-0.32003120965512327
46,A,0.05,4,6,-0.5671903846627977
46,A,0.05,4,7,-0.256119063402544
46,A,0.05,4,8,-0.8093064196407298
46,A,0.05,4,9,-0.3911839302041943
46,A,0.05,5,0,0.6806744007419736
46,A,0.05,5,1,0.4314208091693309
46,A,0.05,5,2,1.1118045489475998
46,A,0.05,5,3,0.7462560875445502
46,A,0.05,5,4,0.06775774574147803
46,A,0.05,5,5,1.1332407411405958
46,A,0.05,5,6,0.7663115998294818
46,A,0.05,5,7,0.6304303296425409
46,A,0.05,5,8,0.44064819315395176
46,A,0.05,5,9,0.7291887683467565
46,A,0.05,6,0,0.027326609219611248
46,A,0.05,6,1,0.03107147795426877
46,A,0.05,6,2,-0.055509971650095614
46,A,0.05,6,3,0.30624488783451553
46,A,0.05,6,4,0.1188857011049224
46,A,0.05,6,5,-0.2774471409111816
46,A,0.05,6,6,-0.10363476965360192
46,A,0.05,6,7,-0.17922878957259955
46,A,0.05,6,8,0.045817393806637144
46,A,0.05,6,9,-0.12226393197496944
46,A,0.05,7,0,-1.8964967363109286
46,A,0.05,7,1,-0.8085188054231948
46,A,0.05,7,2,-1.4224922456647762
46,A,0.05,7,3,-0.7759673620601515
46,A,0.05,7,4,-1.2306485395174114
46,A,0.05,7,5,-0.41051272747403156
46,A,0.05,7,6,-1.4823231833618213
46,A,0.05,7,7,-1.1083293381508807
46,A,0.05,7,8,-1.794561038390456
46,A,0.05,7,9,-1.3820217081227517
46,A,0.05,8,0,-1.1187033292777546
46,A,0.05,8,1,-0.9615477219831428
46,A,0.05,8,2,-0.9262578727658678
46,A,0.05,8,3,-1.1373245312718743
46,A,0.05,8,4,-0.65343196280624
46,A,0.05,8,5,-0.8235676933543088
46,A,0.05,8,6,-0.6427466100755225
46,A,0.05,8,7,-0.7096810514390748
46,A,0.05,8,8,-0.6659186398945777
46,A,0.05,8,9,-0.5203403975563492
46,A,0.05,9,0,0.6810138731475754
46,A,0.05,9,1,0.14267287763693165
46,A,0.05,9,2,-0.0952181769180888
46,A,0.05,9,3,0.22693796636888977
46,A,0.05,9,4,-0.10863932168442464
46,A,0.05,9,5,0.40289458772153103
46,A,0.05,9,6,0.8059584289295317
46,A,0.05,9,7,0.08259517665662912
46,A,0.05,9,8,-0.04237212147878293
46,A,0.05,9,9,0.659684196860137
46,B,100,0,0,0.0478278769710748
46,B,100,0,1,0.22110654617111364
46,B,100,0,2,0.11657436426759049
46,B,100,0,3,0.4947968265381162
46,B,100,0,4,0.3290524986357919
46,B,100,0,5,0.17969175744751636
46,B,100,0,6,0.4120708485968723
46,B,100,0,7,0.21123837790342598
46,B,100,0,8,0.28836342299907286
46,B,100,0,9,0.40505321858819177
46,B,100,1,0,-0.7900747422128731
46,B,100,1,1,-1.2180334872682792
46,B,100,1,2,-0.7928499060259377
46,B,100,1,3,-0.9870528738307937
46,B,100,1,4,-0.7197309474495841
46,B,100,1,5,-1.4289760018815905
46,B,100,1,6,-0.8843381433999029
46,B,100,1,7,-0.7201858766175595
46,B,100,1,8,-0.859956679475321
46,B,100,1,9,-1.0321217600712942
46,B,100,2,0,0.8788374185028259
46,B,100,2,1,1.1784069418534195
46,B,100,2,2,1.373523915455339
46,B,100,2,3,1.2991152923946814
46,B,100,2,4,1.128633341358193
46,B,100,2,5,1.5253862881857285
46,B,100,2,6,1.335100332632883
46,B,100,2,7,1.328782153184857
46,B,100,2,8,1.5436410926243072
46,B,100,2,9,1.5219396674583578
46,B,100,3,0,1.1584372635172706
46,B,100,3,1,1.1059663086581493
46,B,100,3,2,0.9354652526807556
46,B,100,3,3,1.7272791901771372
46,B,100,3,4,1.3612959164274934
46,B,100,3,5,1.3277380588782475
46,B,100,3,6,1.1662630404171517
46,B,100,3,7,1.028008956026297
46,B,100,3,8,0.9844924882247013
46,B,100,3,9,0.33424816169026267
46,B,100,4,0,0.16917303463396888
46,B,100,4,1,-0.2059877046205969
46,B,100,4,2,-0.04814252976253321
46,B,100,4,3,-0.032809819959288514
46,B,100,4,4,-0.1262557538643744
46,B,100,4,5,-0.025424590321004605
46,B,100,4,6,0.23331215640872754
46,B,100,4,7,-0.9459281856530621
46,B,100,4,8,-0.12045172915159742
46,B,100,4,9,-0.26778273570509636
46,B,100,5,0,1.2460703811457408
46,B,100,5,1,0.41985321095710193
46,B,100,5,2,0.8218968706592682
46,B,100,5,3,0.6420459258828044
46,B,100,5,4,0.40209728411064505
46,B,100,5,5,0.7423887371325044
46,B,100,5,6,1.1929330056410454
46,B,100,5,7,0.9992095067731356
46,B,100,5,8,1.2074019456384053
46,B,100,5,9,0.7581611123570395
46,B,100,6,0,1.084056866917536
46,B,100,6,1,1.0555639832598056
46,B,100,6,2,0.5867014838848621
46,B,100,6,3,0.8834455049272407
46,B,100,6,4,0.8949772435521007
46,B,100,6,5,0.8019066711489444
46,B,100,6,6,0.9942555201176704
46,B,100,6,7,0.6492815441750533
46,B,100,6,8,1.1156984516847177
46,B,100,6,9,0.7004255589038438
46,B,100,7,0,-0.5459848696491826
46,B,100,7,1,-0.19876742732687677
46,B,100,7,2,-0.37190148966534353
46,B,100,7,3,-0.9585052156970388
46,B,100,7,4,-0.6220125488543388
46,B,100,7,5,-0.3352969585675205
46,B,100,7,6,-0.8370191352055559
46,B,100,7,7,-0.4775585909475706
46,B,100,7,8,-0.5841053264523933
46,B,100,7,9,0.09555841745814761
46,B,100,8,0,-1.910060975043483
46,B,100,8,1,-2.2389956133797515
46,B,100,8,2,-2.3875172727478273
46,B,100,8,3,-2.211485329770202
46,B,100,8,4,-1.6236087728807944
46,B,100,8,5,-2.1862637945072088
46,B,100,8,6,-2.298857561980421
46,B,100,8,7,-2.3037586913334573
46,B,100,8,8,-2.3992189975421727
46,B,100,8,9,-2.2032527170681697
46,B,100,9,0,-0.28392970902482845
46,B,100,9,1,-0.16563336069730505
46,B,100,9,2,0.22592049448694074
46,B,100,9,3,-0.10084472333860318
46,B,100,9,4,0.19749872936510082
46,B,100,9,5,0.28549053840117833
46,B,100,9,6,0.2938815247496402
46,B,100,9,7,-0.04109611323202259
46,B,100,9,8,-0.2831081998188207
46,B,100,9,9,-0.05173475199225299
47,A,0.05,0,0,-0.7538956522622272
47,A,0.05,0,1,-0.9014609304828514
47,A,0.05,0,2,-0.9130130978815275
47,A,0.05,0,3,-0.12106828305423672
47,A,0.05,0,4,-1.1416717524329232
47,A,0.05,0,5,0.0070006718203434876
47,A,0.05,0,6,-1.2554681179570186
47,A,0.05,0,7,-0.8702281234121887
47,A,0.05,0,8,-0.9657870729420519
47,A,0.05,0,9,-0.013881373338798452
47,A,0.05,1,0,-0.06924312556535371
47,A,0.05,1,1,-0.597717748766299
47,A,0.05,1,2,-0.16580544503549222
47,A,0.05,1,3,0.06807004145397677
47,A,0.05,1,4,-0.023416910086188077
47,A,0.05,1,5,-0.011567241847648234
47,A,0.05,1,6,0.07903291384960745
47,A,0.05,1,7,-0.06488966613881526
47,A,0.05,1,8,0.01060010774267865
47,A,0.05,1,9,0.1257229791989133
47,A,0.05,2,0,0.13420237064176405
47,A,0.05,2,1,0.20856086269488733
47,A,0.05,2,2,0.21057085167445788
47,A,0.05,2,3,0.11428038355398157
47,A,0.05,2,4,0.14634234891738257
47,A,0.05,2,5,0.24101515522714956
47,A,0.05,2,6,0.23498739490942785
47,A,0.05,2,7,0.1854764841012987
47,A,0.05,2,8,0.17641977670617354
47,A,0.05,2,9,0.11840081153935962
47,A,0.05,3,0,0.8401757791557158
47,A,0.05,3,1,0.6939949207328842
47,A,0.05,3,2,0.5833484523015121
47,A,0.05,3,3,0.7692562333179662
47,A,0.05,3,4,0.7245244882954943
47,A,0.05,3,5,0.6600718665431092
47,A,0.05,3,6,0.8499369577585983
47,A,0.05,3,7,0.16791027630220007
47,A,0.05,3,8,0.8152868915058675
47,A,0.05,3,9,0.6971593810079562
47,A,0.05,4,0,0.15351530740823344
47,A,0.05,4,1,0.012717059384072188
47,A,0.05,4,2,-0.021316165378504708
47,A,0.05,4,3,0.07747391442583793
47,A,0.05,4,4,0.19346638828566046
47,A,0.05,4,5,0.06717303429164609
47,A,0.05,4,6,-0.820474764806654
47,A,0.05,4,7,0.413356021355451
47,A,0.05,4,8,0.3423341722045681
47,A,0.05,4,9,0.3192192616727431
47,A,0.05,5,0,3.6743854155847107
47,A,0.05,5,1,3.7330027803906405
47,A,0.05,5,2,3.0906106622573004
47,A,0.05,5,3,3.7859045715992092
47,A,0.05,5,4,3.2868823730886167
47,A,0.05,5,5,3.407019152971566
47,A,0.05,5,6,4.2812474453965805
47,A,0.05,5,7,3.774923468773157
47,A,0.05,5,8,3.864275222288097
47,A,0.05,5,9,3.7304120598483177
47,A,0.05,6,0,1.1530755604168577
47,A,0.05,6,1,1.0355648253061913
47,A,0.05,6,2,0.008453055853420191
47,A,0.05,6,3,1.1762248840791791
47,A,0.05,6,4,0.37846177733398034
47,A,0.05,6,5,0.6836348865888584
47,A,0.05,6,6,1.0173417619806997
47,A,0.05,6,7,1.2609793662492597
47,A,0.05,6,8,0.5418006594665197
47,A,0.05,6,9,0.9873798380061345
47,A,0.05,7,0,-2.5623271105937273
47,A,0.05,7,1,-1.4280128643654972
47,A,0.05,7,2,-1.6257384946116604
47,A,0.05,7,3,-1.386490255983688
47,A,0.05,7,4,-2.271989441899507
47,A,0.05,7,5,-1.403322934823126
47,A,0.05,7,6,-1.4713318328867127
47,A,0.05,7,7,-1.3315102634122842
47,A,0.05,7,8,-0.9539479749724159
47,A,0.05,7,9,-1.1660974679748757
47,A,0.05,8,0,0.1519151637512739
47,A,0.05,8,1,0.003522954413945018
47,A,0.05,8,2,-0.126869129799458
47,A,0.05,8,3,-0.34677931874544865
47,A,0.05,8,4,-0.20670783412204055
47,A,0.05,8,5,-0.6676851248751935
47,A,0.05,8,6,-0.20789423418772823
47,A,0.05,8,7,-0.39754259661212415
47,A,0.05,8,8,-0.11788685134658687
47,A,0.05,8,9,-0.3791767838300004
47,A,0.05,9,0,-0.14669062071304262
47,A,0.05,9,1,0.10564842786561836
47,A,0.05,9,2,0.00876483175507947
47,A,0.05,9,3,-0.01373688682351028
47,A,0.05,9,4,-0.24813161544215484
47,A,0.05,9,5,0.003871778613457643
47,A,0.05,9,6,0.23066332981180582
47,A,0.05,9,7,-0.05782849286767774
47,A,0.05,9,8,0.2891820575084502
47,A,0.05,9,9,0.2034004145661994
47,B,100,0,0,-1.3364885111375442
47,B,100,0,1,-1.3281066218003366
47,B,100,0,2,-1.4791299254981123
47,B,100,0,3,-0.9537422572763912
47,B,100,0,4,-1.4557804089461777
47,B,100,0,5,-1.3888993705788582
47,B,100,0,6,-1.5499196228590353
47,B,100,0,7,-0.9891852237089895
47,B,100,0,8,-1.2737691748498143
47,B,100,0,9,-1.3523167158718945
47,B,100,1,0,-1.088127015643026
47,B,100,1,1,-0.8756605281999219
47,B,100,1,2,-0.58755665671792
47,B,100,1,3,-0.5530419521442279
47,B,100,1,4,-0.2105541945778832
47,B,100,1,5,-0.14353266045898042
47,B,100,1,6,-0.6830334709944923
47,B,100,1,7,-1.6883536414148828
47,B,100,1,8,-1.2768128821447757
47,B,100,1,9,-0.8169745382103407
47,B,100,2,0,-0.22185660213937547
47,B,100,2,1,0.1288545505571078
47,B,100,2,2,0.008122807145848987
47,B,100,2,3,-0.8198349222255433
47,B,100,2,4,0.1797160622067352
47,B,100,2,5,0.149254792007017
47,B,100,2,6,-0.09615981366048812
47,B,100,2,7,-0.4793018533962541
47,B,100,2,8,0.1361156221463848
47,B,100,2,9,0.1479009100055335
47,B,100,3,0,1.1297699006405804
47,B,100,3,1,1.7230894337377498
47,B,100,3,2,1.1230029854003571
47,B,100,3,3,0.3408710983879661
47,B,100,3,4,0.1034113480070437
47,B,100,3,5,0.16258813161582752
47,B,100,3,6,1.2753857968129112
47,B,100,3,7,0.6702946389429313
47,B,100,3,8,0.41153867051758664
47,B,100,3,9,1.3124135440830633
47,B,100,4,0,2.2994129716854923
47,B,100,4,1,2.0874450063368304
47,B,100,4,2,2.373169167607569
47,B,100,4,3,1.79457095221183
47,B,100,4,4,2.004565764950667
47,B,100,4,5,2.09843472905157
47,B,100,4,6,2.24999096257291
47,B,100,4,7,2.1767750470752016
47,B,100,4,8,2.0913059014719404
47,B,100,4,9,2.0038884479744334
47,B,100,5,0,-0.08736069820108436
47,B,100,5,1,-1.096236640716359
47,B,100,5,2,-1.0295452639314844
47,B,100,5,3,-0.10189172556838852
47,B,100,5,4,-1.481410999991825
47,B,100,5,5,-0.12256232930858352
47,B,100,5,6,-0.9275857549545268
47,B,100,5,7,-1.1967791191662855
47,B,100,5,8,-0.9444015857363928
47,B,100,5,9,-0.15869699614367433
47,B,100,6,0,0.2537196855697367
47,B,100,6,1,0.38048195556550085
47,B,100,6,2,-0.11259771216045421
47,B,100,6,3,0.32741750210163073
47,B,100,6,4,0.10593671249879051
47,B,100,6,5,0.19058641046100838
47,B,100,6,6,0.35146196561914955
47,B,100,6,7,0.1928193587997251
47,B,100,6,8,-0.0221900443298405
47,B,100,6,9,0.15590809280388612
47,B,100,7,0,0.17659425614763188
47,B,100,7,1,0.3086607470355181
47,B,100,7,2,0.560858136766521
47,B,100,7,3,0.7182425253743147
47,B,100,7,4,0.11672892137834652
47,B,100,7,5,0.34353679018185074
47,B,100,7,6,0.46245102362901425
47,B,100,7,7,0.364022185998322
47,B,100,7,8,0.4722293516634164
47,B,100,7,9,0.07162313874505247
47,B,100,8,0,-0.6598813451157504
47,B,100,8,1,-0.21225119183798052
47,B,100,8,2,-0.580696749295641
47,B,100,8,3,-0.10977993229915195
47,B,100,8,4,-0.34100719724447004
47,B,100,8,5,0.9683551445795029
47,B,100,8,6,-0.09972572224459153
47,B,100,8,7,-0.19686059086039953
47,B,100,8,8,-0.016869120050541638
47,B,100,8,9,-0.1921093348333118
47,B,100,9,0,1.606896716474124
47,B,100,9,1,0.9676432057483629
47,B,100,9,2,1.0182071276596432
47,B,100,9,3,1.4691599681377663
47,B,100,9,4,0.7353692414295394
47,B,100,9,5,0.9376146136901498
47,B,100,9,6,0.5990640162036105
47,B,100,9,7,0.827324472338162
47,B,100,9,8,1.3204819203658205
47,B,100,9,9,0.39341432778216673
48,A,0.05,0,0,-0.19355123397421967
48,A,0.05,0,1,-0.14135666031055436
48,A,0.05,0,2,-0.19536402384615295
48,A,0.05,0,3,-0.159951493888444
48,A,0.05,0,4,0.081238617421641
48,A,0.05,0,5,-0.20560234975247962
48,A,0.05,0,6,-0.20241653347927765
48,A,0.05,0,7,-0.3694600783411151
48,A,0.05,0,8,-0.08171921931589286
48,A,0.05,0,9,-0.23404032199455949
48,A,0.05,1,0,0.0013563097373466603
48,A,0.05,1,1,-0.07947297345663103
48,A,0.05,1,2,-0.2245291507873983
48,A,0.05,1,3,-0.034007592182389905
48,A,0.05,1,4,1.1696225122241024
48,A,0.05,1,5,0.17808297237356246
48,A,0.05,1,6,1.9137738204585355
48,A,0.05,1,7,0.184120377509739
48,A,0.05,1,8,1.2058826572635621
48,A,0.05,1,9,0.24244860881631444
48,A,0.05,2,0,-1.706358462481263
48,A,0.05,2,1,-2.19464746173013
48,A,0.05,2,2,-1.5612928803473958
48,A,0.05,2,3,-1.4046311436715047
48,A,0.05,2,4,-1.8891386556169616
48,A,0.05,2,5,-1.2124306017798998
48,A,0.05,2,6,-1.2781701481161734
48,A,0.05,2,7,-1.8873264684908593
48,A,0.05,2,8,-1.096952391860138
48,A,0.05,2,9,-1.4773311466733787
48,A,0.05,3,0,-1.3803164968278503
48,A,0.05,3,1,-1.6141270365188616
48,A,0.05,3,2,-1.4416323473887687
48,A,0.05,3,3,-1.6704749609222054
48,A,0.05,3,4,-1.200993498937222
48,A,0.05,3,5,-1.6123379126573187
48,A,0.05,3,6,-2.2513099663878435
48,A,0.05,3,7,-1.2158438146400274
48,A,0.05,3,8,-1.4198599404161028
48,A,0.05,3,9,-1.8309592843146651
48,A,0.05,4,0,-0.9060093145410644
48,A,0.05,4,1,-0.9910886862339753
48,A,0.05,4,2,-1.3169380885712925
48,A,0.05,4,3,-0.9204424547241481
48,A,0.05,4,4,-1.062905336167303
48,A,0.05,4,5,-0.9714435078176524
48,A,0.05,4,6,0.25409806548632896
48,A,0.05,4,7,0.1152934440797961
48,A,0.05,4,8,0.05705998407148214
48,A,0.05,4,9,0.0744364160985861
48,A,0.05,5,0,-0.7588610860020424
48,A,0.05,5,1,-1.0070399859951442
48,A,0.05,5,2,-0.9548533780419591
48,A,0.05,5,3,-0.945032965284663
48,A,0.05,5,4,-0.9877905537324022
48,A,0.05,5,5,-0.9949696637565701
48,A,0.05,5,6,-0.7140200046803721
48,A,0.05,5,7,-0.769004651117012
48,A,0.05,5,8,-0.9904058117609026
48,A,0.05,5,9,-0.939822231958447
48,A,0.05,6,0,-0.5877931199252348
48,A,0.05,6,1,-0.391326525088083
48,A,0.05,6,2,-0.1366875735191671
48,A,0.05,6,3,-0.17801499811065888
48,A,0.05,6,4,-0.06918465229819463
48,A,0.05,6,5,-0.08909464010811723
48,A,0.05,6,6,-0.10759377075781419
48,A,0.05,6,7,0.023528822167471614
48,A,0.05,6,8,0.012260158182263326
48,A,0.05,6,9,-0.17077793741326844
48,A,0.05,7,0,-0.5071069793041627
48,A,0.05,7,1,-0.9730830151379936
48,A,0.05,7,2,-0.8596565245733385
48,A,0.05,7,3,-0.5526994323623927
48,A,0.05,7,4,-0.4597076606236803
48,A,0.05,7,5,-1.3488260223278858
48,A,0.05,7,6,-0.9765991902452847
48,A,0.05,7,7,-0.9557345293381011
48,A,0.05,7,8,-0.7063471616869774
48,A,0.05,7,9,-0.5738958763013366
48,A,0.05,8,0,0.5701578092036886
48,A,0.05,8,1,1.07368633585472
48,A,0.05,8,2,1.189425926656644
48,A,0.05,8,3,0.5551576020651129
48,A,0.05,8,4,1.076970509354397
48,A,0.05,8,5,1.2240316815347845
48,A,0.05,8,6,0.6791042463365339
48,A,0.05,8,7,0.31058533583064174
48,A,0.05,8,8,0.7447919026354872
48,A,0.05,8,9,1.216856534688676
48,A,0.05,9,0,0.008739999275725331
48,A,0.05,9,1,1.0026082189240628
48,A,0.05,9,2,1.3817111068834083
48,A,0.05,9,3,0.5416100673713731
48,A,0.05,9,4,1.1181053599988824
48,A,0.05,9,5,0.8906525759701673
48,A,0.05,9,6,0.7804514122598467
48,A,0.05,9,7,0.8332291353246408
48,A,0.05,9,8,0.3319911672361961
48,A,0.05,9,9,1.0068665360214548
48,B,100,0,0,0.25673676998486383
48,B,100,0,1,0.005849868570360431
48,B,100,0,2,0.8646665399070522
48,B,100,0,3,0.14812000932674463
48,B,100,0,4,1.2024383910756158
48,B,100,0,5,1.0815735438013014
48,B,100,0,6,0.7976208324538943
48,B,100,0,7,1.0438626580403207
48,B,100,0,8,0.1275963288629827
48,B,100,0,9,0.4025391731050473
48,B,100,1,0,0.7614666527432791
48,B,100,1,1,0.6764801227953928
48,B,100,1,2,0.8483458290487428
48,B,100,1,3,0.6735179850241132
48,B,100,1,4,0.6035451925962191
48,B,100,1,5,0.9104613420934397
48,B,100,1,6,0.4056089016956219
48,B,100,1,7,0.8421305926483047
48,B,100,1,8,0.6117324900581014
48,B,100,1,9,0.7499314631893015
48,B,100,2,0,-0.18592439755210918
48,B,100,2,1,0.04321297644235176
48,B,100,2,2,0.07326653372061226
48,B,100,2,3,-0.05250092489985036
48,B,100,2,4,-0.11785182934410046
48,B,100,2,5,-0.17608179233426244
48,B,100,2,6,0.07874720302645405
48,B,100,2,7,-0.33028468109962167
48,B,100,2,8,-0.14098858502398232
48,B,100,2,9,-0.06925304989970192
48,B,100,3,0,-0.6561714556501623
48,B,100,3,1,-0.46714578582607613
48,B,100,3,2,-0.4640467514022768
48,B,100,3,3,-0.5609765274428851
48,B,100,3,4,-0.8580793050755301
48,B,100,3,5,-0.3890457963122085
48,B,100,3,6,-0.753806486933242
48,B,100,3,7,-0.5407007146641875
48,B,100,3,8,-0.5363855898070523
48,B,100,3,9,-0.33405699346888107
48,B,100,4,0,-0.4631776659750768
48,B,100,4,1,-0.31859008533118754
48,B,100,4,2,-0.48120434801742945
48,B,100,4,3,-0.28957489503104955
48,B,100,4,4,-0.6626642042745229
48,B,100,4,5,-0.6022702950456673
48,B,100,4,6,-0.46187649563239125
48,B,100,4,7,-0.5613499567587066
48,B,100,4,8,-0.7354025461969637
48,B,100,4,9,-0.3627643031352267
48,B,100,5,0,0.9880707615427308
48,B,100,5,1,1.0477067934912718
48,B,100,5,2,1.1891972750620952
48,B,100,5,3,1.3575343429217692
48,B,100,5,4,1.5537571075750383
48,B,100,5,5,1.2288142214115823
48,B,100,5,6,1.353770188434365
48,B,100,5,7,1.4111872648626145
48,B,100,5,8,1.432470577912828
48,B,100,5,9,1.2185921660506687
48,B,100,6,0,-0.5843789869904473
48,B,100,6,1,-1.034601407396195
48,B,100,6,2,-0.6515447390357304
48,B,100,6,3,-0.4383811488287793
48,B,100,6,4,-0.5314582106277157
48,B,100,6,5,-0.48876786966795877
48,B,100,6,6,-0.6218118299858016
48,B,100,6,7,-0.7731597039045474
48,B,100,6,8,-0.4453925011151519
48,B,100,6,9,-0.588315865731101
48,B,100,7,0,1.4590097571764975
48,B,100,7,1,0.4764512307216899
48,B,100,7,2,0.28060736091653854
48,B,100,7,3,0.5715418151165309
48,B,100,7,4,1.0278843998082614
48,B,100,7,5,0.41069360805830873
48,B,100,7,6,1.286723566701821
48,B,100,7,7,0.686793536034119
48,B,100,7,8,0.6356050988459964
48,B,100,7,9,0.9998624762132186
48,B,100,8,0,0.44356159909824083
48,B,100,8,1,0.4597552863833403
48,B,100,8,2,0.4593086846896505
48,B,100,8,3,0.6667726511433978
48,B,100,8,4,0.52342591552331
48,B,100,8,5,0.6590462613871955
48,B,100,8,6,0.1258266833255855
48,B,100,8,7,0.3515882949651035
48,B,100,8,8,0.6564599197838845
48,B,100,8,9,0.1836464528973549
48,B,100,9,0,-0.31845865682558605
48,B,100,9,1,-0.2603791662481396
48,B,100,9,2,-0.188494164292345
48,B,100,9,3,-0.17485500598057005
48,B,100,9,4,-0.0977602290721131
48,B,100,9,5,-0.08708059877184579
48,B,100,9,6,-0.18699063680315856
48,B,100,9,7,-0.09733017720540027
48,B,100,9,8,-0.035070594782569166
48,B,100,9,9,-0.0949527208400958
49,A,0.05,0,0,-0.2212053778195273
49,A,0.05,0,1,0.1268437097801505
49,A,0.05,0,2,0.1315429126576385
49,A,0.05,0,3,0.10279772694379484
49,A,0.05,0,4,0.10034897831205115
49,A,0.05,0,5,0.10842415057912853
49,A,0.05,0,6,0.10945646740869973
49,A,0.05,0,7,0.10433897991646388
49,A,0.05,0,8,0.11978293394776526
49,A,0.05,0,9,0.11635117331305142
49,A,0.05,1,0,0.9009225657986605
49,A,0.05,1,1,0.8840553786799231
49,A,0.05,1,2,0.9001389294880886
49,A,0.05,1,3,-0.06629494469665649
49,A,0.05,1,4,0.16526119785617013
49,A,0.05,1,5,-0.6263862433490621
49,A,0.05,1,6,-0.1024269775280654
49,A,0.05,1,7,1.12078178613925
49,A,0.05,1,8,0.8171017512040115
49,A,0.05,1,9,0.3930890484678072
49,A,0.05,2,0,2.219317356829834
49,A,0.05,2,1,2.1731110362321315
49,A,0.05,2,2,2.4015858551402873
49,A,0.05,2,3,1.7192773291173804
49,A,0.05,2,4,2.3167211180363196
49,A,0.05,2,5,1.868945985556546
49,A,0.05,2,6,1.6972945595239912
49,A,0.05,2,7,1.5450847886586891
49,A,0.05,2,8,2.057075599676635
49,A,0.05,2,9,2.3412247095836376
49,A,0.05,3,0,0.4094818872025432
49,A,0.05,3,1,0.5309341919967896
49,A,0.05,3,2,0.8764290207701616
49,A,0.05,3,3,0.503130244063431
49,A,0.05,3,4,0.5960870882806735
49,A,0.05,3,5,0.8414747039707646
49,A,0.05,3,6,0.7821427751182141
49,A,0.05,3,7,0.48568269227564737
49,A,0.05,3,8,0.807783089182777
49,A,0.05,3,9,0.6895086286228866
49,A,0.05,4,0,-0.35573682926486233
49,A,0.05,4,1,-0.27073949030698424
49,A,0.05,4,2,-0.22270902540602897
49,A,0.05,4,3,-0.4146048276563527
49,A,0.05,4,4,-0.5688994496101647
49,A,0.05,4,5,-0.3412175474970146
49,A,0.05,4,6,-0.26111469057789244
49,A,0.05,4,7,-0.043067677000151815
49,A,0.05,4,8,-0.3135107989046125
49,A,0.05,4,9,0.15194955017867645
49,A,0.05,5,0,-1.6984049539219157
49,A,0.05,5,1,-1.0564416619074117
49,A,0.05,5,2,-1.5379616640967257
49,A,0.05,5,3,-1.0533624786653217
49,A,0.05,5,4,-0.8921059371947978
49,A,0.05,5,5,-1.1875975465678856
49,A,0.05,5,6,-0.984270592471991
49,A,0.05,5,7,-0.6927088285480016
49,A,0.05,5,8,-0.9277787009766384
49,A,0.05,5,9,-0.9874171205719762
49,A,0.05,6,0,-0.43695060376144695
49,A,0.05,6,1,-0.9094972731582448
49,A,0.05,6,2,-0.44220137241896956
49,A,0.05,6,3,-0.5557978347890504
49,A,0.05,6,4,-0.10609435765305508
49,A,0.05,6,5,-0.8009352547241729
49,A,0.05,6,6,-0.06087613974562786
49,A,0.05,6,7,0.06859879695896307
49,A,0.05,6,8,-0.4981729358744739
49,A,0.05,6,9,-0.4960683995075091
49,A,0.05,7,0,-1.4963408057667573
49,A,0.05,7,1,-1.170123508006634
49,A,0.05,7,2,-1.7406523244991474
49,A,0.05,7,3,-1.8396822945652749
49,A,0.05,7,4,-1.2349669845648934
49,A,0.05,7,5,-1.5606143258023386
49,A,0.05,7,6,-1.4205428102686675
49,A,0.05,7,7,-1.1029661456557647
49,A,0.05,7,8,-1.26373303845503
49,A,0.05,7,9,-1.7157106443920476
49,A,0.05,8,0,1.6140344332255707
49,A,0.05,8,1,1.7162380503816939
49,A,0.05,8,2,1.7443683188091104
49,A,0.05,8,3,1.7812947574884266
49,A,0.05,8,4,1.6914714931340702
49,A,0.05,8,5,1.9559143231424478
49,A,0.05,8,6,1.5468955373302313
49,A,0.05,8,7,1.604617149992257
49,A,0.05,8,8,1.6595307931093974
49,A,0.05,8,9,1.7965974521338808
49,A,0.05,9,0,0.07745644947013315
49,A,0.05,9,1,-0.4145398578872973
49,A,0.05,9,2,-0.24420319249816164
49,A,0.05,9,3,-0.7424940439296964
49,A,0.05,9,4,-0.7757094548710651
49,A,0.05,9,5,-0.5299088053345985
49,A,0.05,9,6,-0.553050435368279
49,A,0.05,9,7,-0.2694294837913888
49,A,0.05,9,8,-0.22122895425147884
49,A,0.05,9,9,-0.42258716299493343
49,B,100,0,0,0.2516021647273233
49,B,100,0,1,0.643454005564254
49,B,100,0,2,0.22948252654962406
49,B,100,0,3,0.4406176417903226
49,B,100,0,4,0.27921730996260896
49,B,100,0,5,0.4859658579492992
49,B,100,0,6,0.47085400769436053
49,B,100,0,7,0.10441838856822264
49,B,100,0,8,0.3629370826631142
49,B,100,0,9,0.19100712070787915
49,B,100,1,0,-1.2258671717493237
49,B,100,1,1,-1.2902614018755973
49,B,100,1,2,-1.0751941933897062
49,B,100,1,3,-1.24080302511107
49,B,100,1,4,-1.1919296715151066
49,B,100,1,5,0.2518513478420541
49,B,100,1,6,-0.28414239728129814
49,B,100,1,7,-0.31894386580803796
49,B,100,1,8,0.19446151267260556
49,B,100,1,9,-1.085508885217884
49,B,100,2,0,1.6070363519615187
49,B,100,2,1,1.4489122296965296
49,B,100,2,2,1.1763678202938563
49,B,100,2,3,0.9662207965348123
49,B,100,2,4,1.4261323679453595
49,B,100,2,5,1.6554883789509265
49,B,100,2,6,1.7704228465696614
49,B,100,2,7,1.6704048888364555
49,B,100,2,8,1.0957469441001186
49,B,100,2,9,0.8331975817079886
49,B,100,3,0,-0.4368271945948629
49,B,100,3,1,-0.7643799799700859
49,B,100,3,2,-0.5549443276158698
49,B,100,3,3,-0.800085427525747
49,B,100,3,4,-0.6569375520074866
49,B,100,3,5,-0.5779526449066168
49,B,100,3,6,-0.9145214624343398
49,B,100,3,7,0.8425227239167782
49,B,100,3,8,-0.5072329667196626
49,B,100,3,9,0.15398486244042414
49,B,100,4,0,-1.0171893268481225
49,B,100,4,1,-1.1529027614312357
49,B,100,4,2,-0.7273868307608924
49,B,100,4,3,-1.2077168254226198
49,B,100,4,4,-1.027643105981727
49,B,100,4,5,-1.0081016982315443
49,B,100,4,6,-1.4456516950095784
49,B,100,4,7,-1.162623324751873
49,B,100,4,8,-0.890439895618945
49,B,100,4,9,-1.0489495610375885
49,B,100,5,0,0.3400416578178283
49,B,100,5,1,0.3343663598550298
49,B,100,5,2,0.5964497156695979
49,B,100,5,3,0.06449528533148235
49,B,100,5,4,0.28793443753904613
49,B,100,5,5,0.6928298678811308
49,B,100,5,6,0.6267077575296678
49,B,100,5,7,0.9274202389030995
49,B,100,5,8,0.9137396895813226
49,B,100,5,9,0.9828453650378334
49,B,100,6,0,0.13902021530646305
49,B,100,6,1,-0.12026742508393522
49,B,100,6,2,-0.18100520600307785
49,B,100,6,3,-0.24247868850786986
49,B,100,6,4,0.0418667720531946
49,B,100,6,5,0.3402881889434451
49,B,100,6,6,-0.279640012289098
49,B,100,6,7,-0.32909976566596444
49,B,100,6,8,0.024361233219422206
49,B,100,6,9,-0.04112396956424968
49,B,100,7,0,-0.08429413587462499
49,B,100,7,1,-0.005399989920135811
49,B,100,7,2,-0.19029735926051386
49,B,100,7,3,0.21397860774424826
49,B,100,7,4,0.5711731694292314
49,B,100,7,5,0.11406271118713945
49,B,100,7,6,0.31959042097752155
49,B,100,7,7,0.7567329406453311
49,B,100,7,8,0.587205158631675
49,B,100,7,9,0.21142851251069403
49,B,100,8,0,0.925701426649639
49,B,100,8,1,1.1789053745266607
49,B,100,8,2,1.3648478499739851
49,B,100,8,3,0.40303341198055664
49,B,100,8,4,0.8858966328736998
49,B,100,8,5,1.1508256366170175
49,B,100,8,6,1.1243887729829816
49,B,100,8,7,1.0595383070177522
49,B,100,8,8,1.2251587133967812
49,B,100,8,9,0.9028391124564514
49,B,100,9,0,-1.7870216160892556
49,B,100,9,1,-1.8545279195704067
49,B,100,9,2,-1.5317221527333695
49,B,100,9,3,-1.241910137596121
49,B,100,9,4,-1.4927114416043346
49,B,100,9,5,-1.8523722545604826
49,B,100,9,6,-1.7907358029504092
49,B,100,9,7,-1.852179986390531
49,B,100,9,8,-1.8535772176203704
49,B,100,9,9,-1.984310910010661
50,A,0.05,0,0,-0.2597275097125193
50,A,0.05,0,1,-0.2953845678681583
50,A,0.05,0,2,0.12499775672192129
50,A,0.05,0,3,-0.0413445438772382
50,A,0.05,0,4,0.10214553129219016
50,A,0.05,0,5,-0.13417834129344627
50,A,0.05,0,6,-0.11296688326163747
50,A,0.05,0,7,-0.13071991357161195
50,A,0.05,0,8,-0.05896204272793978
50,A,0.05,0,9,-0.1088812631107561
50,A,0.05,1,0,0.3450149316539123
50,A,0.05,1,1,0.38552469743302553
50,A,0.05,1,2,0.36124361674358646
50,A,0.05,1,3,0.4457762451661928
50,A,0.05,1,4,0.32981179890647044
50,A,0.05,1,5,0.2664010695905653
50,A,0.05,1,6,0.6361575787248999
50,A,0.05,1,7,0.6777291758532991
50,A,0.05,1,8,0.5496119871948636
50,A,0.05,1,9,0.5455501967466747
50,A,0.05,2,0,1.7531905786795987
50,A,0.05,2,1,2.700388063535493
50,A,0.05,2,2,2.333855109451781
50,A,0.05,2,3,2.9082578232657803
50,A,0.05,2,4,2.5992568567360643
50,A,0.05,2,5,2.8932579861862746
50,A,0.05,2,6,1.7913792000443858
50,A,0.05,2,7,2.59222162413657
50,A,0.05,2,8,2.9280087493828297
50,A,0.05,2,9,1.667608157379155
50,A,0.05,3,0,0.5954947278880675
50,A,0.05,3,1,0.17733216215414052
50,A,0.05,3,2,0.037879288417163745
50,A,0.05,3,3,-0.020551850283964695
50,A,0.05,3,4,0.059309572995480835
50,A,0.05,3,5,0.3465289828127881
50,A,0.05,3,6,0.033949336407579
50,A,0.05,3,7,-0.22268727739057392
50,A,0.05,3,8,0.11026908460653195
50,A,0.05,3,9,0.36071992345012016
50,A,0.05,4,0,-0.2889391370415996
50,A,0.05,4,1,-0.1330979499763529
50,A,0.05,4,2,-0.227297399995876
50,A,0.05,4,3,-0.1394933940761539
50,A,0.05,4,4,-0.11419914575858846
50,A,0.05,4,5,-0.14062584701683478
50,A,0.05,4,6,-0.8462353013339389
50,A,0.05,4,7,-0.13699093664606404
50,A,0.05,4,8,-0.10803883447659438
50,A,0.05,4,9,-1.2302250492619675
50,A,0.05,5,0,0.176735008192704
50,A,0.05,5,1,0.7235040754717756
50,A,0.05,5,2,0.3487757674354528
50,A,0.05,5,3,-0.0030330751939707185
50,A,0.05,5,4,0.45724171928180446
50,A,0.05,5,5,0.2840977267065836
50,A,0.05,5,6,0.7463995092182022
50,A,0.05,5,7,0.3107818437712516
50,A,0.05,5,8,0.7837254653932979
50,A,0.05,5,9,0.0638021799274241
50,A,0.05,6,0,-0.7015885436598887
50,A,0.05,6,1,-0.5524977263170074
50,A,0.05,6,2,-0.17546322683094165
50,A,0.05,6,3,-0.13441678826914172
50,A,0.05,6,4,-0.16680805698240372
50,A,0.05,6,5,-0.061104298456896855
50,A,0.05,6,6,-0.30523067390692954
50,A,0.05,6,7,-0.1648085361803779
50,A,0.05,6,8,0.07415041625887951
50,A,0.05,6,9,0.08955368869659966
50,A,0.05,7,0,-3.766761553360696
50,A,0.05,7,1,-2.9526398357806682
50,A,0.05,7,2,-4.163160700281846
50,A,0.05,7,3,-3.3463841236929848
50,A,0.05,7,4,-3.432526667740424
50,A,0.05,7,5,-2.907107055471293
50,A,0.05,7,6,-3.6150904161049198
50,A,0.05,7,7,-3.202707264875124
50,A,0.05,7,8,-3.703233771031413
50,A,0.05,7,9,-3.1128816953889813
50,A,0.05,8,0,-0.44578767554505305
50,A,0.05,8,1,-0.5870356584635752
50,A,0.05,8,2,-0.9974976907305301
50,A,0.05,8,3,-0.44900868707128977
50,A,0.05,8,4,-1.0862083526371755
50,A,0.05,8,5,-0.6086978585188833
50,A,0.05,8,6,-0.40955571945903785
50,A,0.05,8,7,-0.3600322770576193
50,A,0.05,8,8,-0.8872336391355444
50,A,0.05,8,9,-0.746506139301182
50,A,0.05,9,0,-0.7887163160450618
50,A,0.05,9,1,0.47234205354006736
50,A,0.05,9,2,0.42457387227503035
50,A,0.05,9,3,0.43960327255277365
50,A,0.05,9,4,0.3379871850962627
50,A,0.05,9,5,0.4249982441002928
50,A,0.05,9,6,-0.6631584440735122
50,A,0.05,9,7,0.48418733758894006
50,A,0.05,9,8,0.8478185511327718
50,A,0.05,9,9,0.557064743793611
50,B,100,0,0,0.4797578833737839
50,B,100,0,1,0.5074477066209442
50,B,100,0,2,1.6945744387717103
50,B,100,0,3,1.4374253671598243
50,B,100,0,4,1.0307386549567
50,B,100,0,5,1.9240671695968594
50,B,100,0,6,1.6756883794946509
50,B,100,0,7,1.4642947825222945
50,B,100,0,8,1.5314154607303945
50,B,100,0,9,1.1369944149954878
50,B,100,1,0,-1.1980676525767244
50,B,100,1,1,-1.6147387663058164
50,B,100,1,2,-0.99260786515525
50,B,100,1,3,-0.9328246561477249
50,B,100,1,4,-1.5326252628969237
50,B,100,1,5,-1.0308416022511193
50,B,100,1,6,-1.3781987800317999
50,B,100,1,7,-1.2135391928917005
50,B,100,1,8,-1.2258321434427215
50,B,100,1,9,-1.255753541766663
50,B,100,2,0,0.016546776677599448
50,B,100,2,1,0.02048115115705515
50,B,100,2,2,0.015369913738713324
50,B,100,2,3,0.0033864937848606114
50,B,100,2,4,-0.00789343743027386
50,B,100,2,5,0.04801885654685564
50,B,100,2,6,0.47670870444923136
50,B,100,2,7,0.3647379132264593
50,B,100,2,8,0.39281833187354526
50,B,100,2,9,0.10481890237357312
50,B,100,3,0,3.8398605569732607
50,B,100,3,1,1.5752965339609535
50,B,100,3,2,0.2322145796197467
50,B,100,3,3,0.23372924355453323
50,B,100,3,4,2.102471324731141
50,B,100,3,5,2.8760845032758118
50,B,100,3,6,2.611617340144937
50,B,100,3,7,3.8395739563451405
50,B,100,3,8,2.2542146147499897
50,B,100,3,9,3.8914588019738208
50,B,100,4,0,-0.06083595180984798
50,B,100,4,1,-0.09130562388793675
50,B,100,4,2,-0.06826339513230495
50,B,100,4,3,-0.047733998704399136
50,B,100,4,4,-0.05527542318441646
50,B,100,4,5,-0.06620016418491165
50,B,100,4,6,-0.07389155468754871
50,B,100,4,7,-0.03706137319103883
50,B,100,4,8,-0.013998454194113972
50,B,100,4,9,-0.06613726562112612
50,B,100,5,0,0.6221168778948541
50,B,100,5,1,1.074556907844903
50,B,100,5,2,1.3533635088614284
50,B,100,5,3,1.3402134870080251
50,B,100,5,4,0.9013449023406905
50,B,100,5,5,1.067829638908569
50,B,100,5,6,0.5874278333220019
50,B,100,5,7,0.8708506171445956
50,B,100,5,8,0.9027176893495245
50,B,100,5,9,1.3578027687127547
50,B,100,6,0,0.3232959018064289
50,B,100,6,1,0.21420790323753666
50,B,100,6,2,0.168531431622719
50,B,100,6,3,0.6433882660038077
50,B,100,6,4,0.20081890216529993
50,B,100,6,5,0.2620264540263289
50,B,100,6,6,0.40728980269094006
50,B,100,6,7,-0.22073308813874928
50,B,100,6,8,-0.037358959173705554
50,B,100,6,9,0.4503273508620287
50,B,100,7,0,1.5818252026112836
50,B,100,7,1,1.2369503176394945
50,B,100,7,2,1.7924641184220493
50,B,100,7,3,0.8559212878714253
50,B,100,7,4,1.757302328284057
50,B,100,7,5,2.2984404916178414
50,B,100,7,6,0.9813693774055514
50,B,100,7,7,1.678860616917763
50,B,100,7,8,1.6186852696724476
50,B,100,7,9,2.1265173502737387
50,B,100,8,0,1.5106276444599145
50,B,100,8,1,1.3511938023369785
50,B,100,8,2,1.2745107284542094
50,B,100,8,3,1.6081712481445036
50,B,100,8,4,1.398575287149228
50,B,100,8,5,1.5334629030238087
50,B,100,8,6,1.6472885037408052
50,B,100,8,7,1.127065026299668
50,B,100,8,8,1.2055249986850907
50,B,100,8,9,1.4630397024086197
50,B,100,9,0,0.4910289189771198
50,B,100,9,1,0.7258832942396467
50,B,100,9,2,0.713488149757017
50,B,100,9,3,0.5804721490558817
50,B,100,9,4,0.5919360552363043
50,B,100,9,5,0.38878549591056516
50,B,100,9,6,0.2501489556959423
50,B,100,9,7,0.2704768248768663
50,B,100,9,8,0.7095225017715324
50,B,100,9,9,0.39863777352779967
51,A,0.05,0,0,2.3979276946406447
51,A,0.05,0,1,1.868640123272723
51,A,0.05,0,2,2.4425358855807797
51,A,0.05,0,3,2.4893450101326966
51,A,0.05,0,4,2.4312900683495386
51,A,0.05,0,5,2.9495511830553314
51,A,0.05,0,6,2.4323924258986476
51,A,0.05,0,7,2.590913194168151
51,A,0.05,0,8,1.8626644057403596
51,A,0.05,0,9,1.8977723501591113
51,A,0.05,1,0,-2.288552167268871
51,A,0.05,1,1,-3.0463561169032816
51,A,0.05,1,2,-2.4730446108495645
51,A,0.05,1,3,-2.163825105108641
51,A,0.05,1,4,-1.7616815002146775
51,A,0.05,1,5,-2.5090343012520133
51,A,0.05,1,6,-1.8037721723617133
51,A,0.05,1,7,-1.4680232463063572
51,A,0.05,1,8,-2.206891256680209
51,A,0.05,1,9,-1.5214782244348177
51,A,0.05,2,0,-0.1324632897977519
51,A,0.05,2,1,0.24566954900001106
51,A,0.05,2,2,-0.40761218340201555
51,A,0.05,2,3,-0.06866259179233557
51,A,0.05,2,4,-0.7254657169674454
51,A,0.05,2,5,-0.730667010333593
51,A,0.05,2,6,0.0967104080684232
51,A,0.05,2,7,-0.2737954091575682
51,A,0.05,2,8,-0.6712117526700475
51,A,0.05,2,9,-0.4113752699930161
51,A,0.05,3,0,-0.7944947611489833
51,A,0.05,3,1,-0.5000418585231053
51,A,0.05,3,2,-0.8290126940415333
51,A,0.05,3,3,-1.3918010693222878
51,A,0.05,3,4,-0.6598733565936198
51,A,0.05,3,5,-0.26539645558796376
51,A,0.05,3,6,-0.896660701329586
51,A,0.05,3,7,-0.9590559376328645
51,A,0.05,3,8,-1.364594393187855
51,A,0.05,3,9,-0.9258256470952276
51,A,0.05,4,0,0.0483937834953726
51,A,0.05,4,1,0.06688609481436585
51,A,0.05,4,2,-0.04527312501774859
51,A,0.05,4,3,-0.006392897308247605
51,A,0.05,4,4,0.11298025720201688
51,A,0.05,4,5,0.13365146703085087
51,A,0.05,4,6,-0.14983580593799933
51,A,0.05,4,7,-0.0017210807188793465
51,A,0.05,4,8,0.022798149404442927
51,A,0.05,4,9,0.03880909126201164
51,A,0.05,5,0,0.06916409024680828
51,A,0.05,5,1,-0.17576896096836175
51,A,0.05,5,2,-0.11419427917026005
51,A,0.05,5,3,-0.44322171967784263
51,A,0.05,5,4,-0.37109058383825644
51,A,0.05,5,5,-0.2689028517674719
51,A,0.05,5,6,-0.38803790987266196
51,A,0.05,5,7,0.07686122346039802
51,A,0.05,5,8,-0.02238697352704968
51,A,0.05,5,9,0.18325363189416383
51,A,0.05,6,0,-2.5473067484794356
51,A,0.05,6,1,-2.423489573074045
51,A,0.05,6,2,-2.101012241939727
51,A,0.05,6,3,-1.992977663497818
51,A,0.05,6,4,-2.1137001269940834
51,A,0.05,6,5,-1.8532497183867191
51,A,0.05,6,6,-2.001792717280341
51,A,0.05,6,7,-2.063813419558487
51,A,0.05,6,8,-1.8904541456741923
51,A,0.05,6,9,-2.512097533749799
51,A,0.05,7,0,0.4641384101524638
51,A,0.05,7,1,0.1480182644366907
51,A,0.05,7,2,0.22207470874091703
51,A,0.05,7,3,0.24131588935086934
51,A,0.05,7,4,0.028623651383401633
51,A,0.05,7,5,0.7788543519266504
51,A,0.05,7,6,0.8491261050917465
51,A,0.05,7,7,0.3431997829709065
51,A,0.05,7,8,0.19228767951810447
51,A,0.05,7,9,0.3415107646643336
51,A,0.05,8,0,0.47592381849656845
51,A,0.05,8,1,0.7539537092748522
51,A,0.05,8,2,1.2176776504256763
51,A,0.05,8,3,0.8622603839104163
51,A,0.05,8,4,0.944141944850249
51,A,0.05,8,5,0.814123135334908
51,A,0.05,8,6,1.161583049593235
51,A,0.05,8,7,0.6526872011149216
51,A,0.05,8,8,1.1304167849160913
51,A,0.05,8,9,0.9889258737572292
51,A,0.05,9,0,1.015359927733401
51,A,0.05,9,1,1.240468494451366
51,A,0.05,9,2,1.4208168216871164
51,A,0.05,9,3,0.9769178873069324
51,A,0.05,9,4,1.2627718911382642
51,A,0.05,9,5,1.2288755007694074
51,A,0.05,9,6,1.531797960129049
51,A,0.05,9,7,1.1983419653599852
51,A,0.05,9,8,1.6311498326568374
51,A,0.05,9,9,1.506193242175966
51,B,100,0,0,1.9239776431919973
51,B,100,0,1,1.7926751402855414
51,B,100,0,2,2.087565067365388
51,B,100,0,3,1.4989548954177017
51,B,100,0,4,1.5530853932338125
51,B,100,0,5,1.6815820286382606
51,B,100,0,6,1.5422410979946677
51,B,100,0,7,1.7123099006967992
51,B,100,0,8,0.7479011445072732
51,B,100,0,9,1.6534131760827298
51,B,100,1,0,-1.7237826192964658
51,B,100,1,1,-1.8485626296464248
51,B,100,1,2,-2.864785822644897
51,B,100,1,3,-2.5218702690483155
51,B,100,1,4,-2.763408009098476
51,B,100,1,5,-2.1353867392923074
51,B,100,1,6,-2.2628160236669226
51,B,100,1,7,-1.7015297914604808
51,B,100,1,8,-2.5181801032543767
51,B,100,1,9,-2.2904819183766265
51,B,100,2,0,0.5150132209677905
51,B,100,2,1,0.5124475807405288
51,B,100,2,2,0.32506507223774433
51,B,100,2,3,0.14783452629263996
51,B,100,2,4,0.7287169738510051
51,B,100,2,5,0.2781425865160593
51,B,100,2,6,0.5570413175401391
51,B,100,2,7,0.4839752174369998
51,B,100,2,8,0.7137248294645342
51,B,100,2,9,0.7970098261927264
51,B,100,3,0,0.1752986121096384
51,B,100,3,1,0.4909474398560834
51,B,100,3,2,-0.24801761172321168
51,B,100,3,3,0.40437638660435155
51,B,100,3,4,-0.2284563976309449
51,B,100,3,5,0.1064838413423458
51,B,100,3,6,0.10098872508458462
51,B,100,3,7,-0.2436999375451593
51,B,100,3,8,0.04803343022363782
51,B,100,3,9,0.1725507939324784
51,B,100,4,0,0.06288062542140785
51,B,100,4,1,-0.0608375869487445
51,B,100,4,2,0.042376304518468896
51,B,100,4,3,0.04797865965782022
51,B,100,4,4,0.13425747130844198
51,B,100,4,5,0.05140830493757596
51,B,100,4,6,-0.025910479369598196
51,B,100,4,7,-0.029030652171219494
51,B,100,4,8,-0.05386333152590203
51,B,100,4,9,-0.06708996522692308
51,B,100,5,0,-1.0524475633161006
51,B,100,5,1,-1.1668907656781031
51,B,100,5,2,-0.9542747239578084
51,B,100,5,3,-0.896432646151655
51,B,100,5,4,-0.8646871424471997
51,B,100,5,5,-0.8423541666357723
51,B,100,5,6,-0.8037054646346711
51,B,100,5,7,-1.2588352501921638
51,B,100,5,8,-0.44117098401331367
51,B,100,5,9,-0.056075273347555306
51,B,100,6,0,1.0055197549356527
51,B,100,6,1,1.2321352172651237
51,B,100,6,2,1.175896238895064
51,B,100,6,3,0.8347465078870686
51,B,100,6,4,0.9179440970081754
51,B,100,6,5,1.0333189656933104
51,B,100,6,6,1.328882631634396
51,B,100,6,7,0.9191413734422572
51,B,100,6,8,1.2146087169077737
51,B,100,6,9,0.9029150332992703
51,B,100,7,0,-0.8529470170881016
51,B,100,7,1,-0.985215125751426
51,B,100,7,2,-0.727387846250526
51,B,100,7,3,-0.7651754771531578
51,B,100,7,4,-0.93341932689318
51,B,100,7,5,-0.7284264545184002
51,B,100,7,6,-0.6426934260969028
51,B,100,7,7,-0.7680181166338805
51,B,100,7,8,-0.7450814470927032
51,B,100,7,9,-0.6407532025041246
51,B,100,8,0,-0.5372131015338952
51,B,100,8,1,-0.40146546601392913
51,B,100,8,2,-0.5732794912204274
51,B,100,8,3,-0.2923045947205466
51,B,100,8,4,0.2736486883501219
51,B,100,8,5,0.1156510166770568
51,B,100,8,6,0.25001902784433644
51,B,100,8,7,0.08301883222108325
51,B,100,8,8,0.30155643161441004
51,B,100,8,9,0.5018305110364567
51,B,100,9,0,0.9382116898708206
51,B,100,9,1,0.4467217629323066
51,B,100,9,2,0.5607855575267496
51,B,100,9,3,0.2869383475431917
51,B,100,9,4,1.1518607103394753
51,B,100,9,5,0.6722043933878501
51,B,100,9,6,0.6221422065286608
51,B,100,9,7,0.9429168135729438
51,B,100,9,8,1.5078504230141265
51,B,100,9,9,0.9859356915706126
52,A,0.05,0,0,-0.5430961347666236
52,A,0.05,0,1,-0.4198887756864422
52,A,0.05,0,2,-0.4559399192703245
52,A,0.05,0,3,-0.18753772905053673
52,A,0.05,0,4,-0.18917201574566694
52,A,0.05,0,5,-0.5408021544394842
52,A,0.05,0,6,-0.4930989324320713
52,A,0.05,0,7,-0.3419113152268982
52,A,0.05,0,8,-0.5174826856555811
52,A,0.05,0,9,-0.3506307816524013
52,A,0.05,1,0,-0.2073784711127356
52,A,0.05,1,1,0.11532056269462054
52,A,0.05,1,2,-0.27865446548103207
52,A,0.05,1,3,0.0732198219061508
52,A,0.05,1,4,-0.3636710987752842
52,A,0.05,1,5,-0.514349061781715
52,A,0.05,1,6,-0.29764344070841653
52,A,0.05,1,7,-0.34499685628002463
52,A,0.05,1,8,-0.12751780352674483
52,A,0.05,1,9,-0.2513563763873706
52,A,0.05,2,0,-1.1983565678118184
52,A,0.05,2,1,-0.8738576300732958
52,A,0.05,2,2,-0.49413312642816853
52,A,0.05,2,3,-1.394735933895209
52,A,0.05,2,4,-1.2741649866753275
52,A,0.05,2,5,-0.6233532984882458
52,A,0.05,2,6,-1.1166235068044632
52,A,0.05,2,7,-1.122671581406345
52,A,0.05,2,8,-0.8873644036164324
52,A,0.05,2,9,-0.8256915791538542
52,A,0.05,3,0,0.008279401622935886
52,A,0.05,3,1,0.4010267891632976
52,A,0.05,3,2,0.6047635337855812
52,A,0.05,3,3,0.6886003158645038
52,A,0.05,3,4,0.5947075974048263
52,A,0.05,3,5,0.7482809952756384
52,A,0.05,3,6,0.4577069610437755
52,A,0.05,3,7,0.6797706022428653
52,A,0.05,3,8,0.689397336447566
52,A,0.05,3,9,0.5061255402888659
52,A,0.05,4,0,-0.42177213259157004
52,A,0.05,4,1,-0.7851285634608904
52,A,0.05,4,2,-0.8257613508705253
52,A,0.05,4,3,-0.20834761287359127
52,A,0.05,4,4,-0.5415886775481814
52,A,0.05,4,5,-0.4836341751486064
52,A,0.05,4,6,-0.8264169975973231
52,A,0.05,4,7,-0.983441933280357
52,A,0.05,4,8,-0.5953391139554832
52,A,0.05,4,9,-0.41083059261407867
52,A,0.05,5,0,-0.08179901744884384
52,A,0.05,5,1,0.009247634436361441
52,A,0.05,5,2,0.18930527885513218
52,A,0.05,5,3,0.1655822796251778
52,A,0.05,5,4,0.06983824695416234
52,A,0.05,5,5,-0.03192107190515813
52,A,0.05,5,6,0.1861165910169328
52,A,0.05,5,7,0.05278914369868032
52,A,0.05,5,8,0.08220395470549394
52,A,0.05,5,9,0.10176588170615286
52,A,0.05,6,0,0.8179710794531806
52,A,0.05,6,1,1.097378496392428
52,A,0.05,6,2,0.8062125436567503
52,A,0.05,6,3,1.0048643884647872
52,A,0.05,6,4,0.7569320127607819
52,A,0.05,6,5,0.6478114138588521
52,A,0.05,6,6,1.2735094212036269
52,A,0.05,6,7,1.133232489549732
52,A,0.05,6,8,1.0392714794825002
52,A,0.05,6,9,1.2737441767106752
52,A,0.05,7,0,-0.25742062185488646
52,A,0.05,7,1,-0.3427599288059017
52,A,0.05,7,2,-0.1688009594885526
52,A,0.05,7,3,-0.5078574588560598
52,A,0.05,7,4,-0.0996861867541487
52,A,0.05,7,5,-0.4026590418166492
52,A,0.05,7,6,-0.21204639762252805
52,A,0.05,7,7,-0.25689934481947696
52,A,0.05,7,8,0.12379172227030254
52,A,0.05,7,9,-0.41848414405715717
52,A,0.05,8,0,0.3839911686177159
52,A,0.05,8,1,0.524658864537641
52,A,0.05,8,2,0.5601202816922952
52,A,0.05,8,3,0.8233006947711501
52,A,0.05,8,4,0.7935171453472643
52,A,0.05,8,5,0.7963928441402759
52,A,0.05,8,6,0.985088865854379
52,A,0.05,8,7,1.215899566519216
52,A,0.05,8,8,0.7777396106262817
52,A,0.05,8,9,0.6414141723367173
52,A,0.05,9,0,0.2608338969611378
52,A,0.05,9,1,0.9658560390004092
52,A,0.05,9,2,0.8060069709236971
52,A,0.05,9,3,0.9553860206834772
52,A,0.05,9,4,1.314303424592263
52,A,0.05,9,5,1.2242752787898388
52,A,0.05,9,6,0.4814538570575484
52,A,0.05,9,7,1.0320837049884082
52,A,0.05,9,8,0.8100113867014692
52,A,0.05,9,9,1.16304083661336
52,B,100,0,0,0.33266265928581606
52,B,100,0,1,0.3323775422099162
52,B,100,0,2,0.1514545080199193
52,B,100,0,3,0.4027985499850149
52,B,100,0,4,1.4884841018464339
52,B,100,0,5,0.3117296835546062
52,B,100,0,6,1.2939541386352709
52,B,100,0,7,0.8260068664264859
52,B,100,0,8,0.7649730067465832
52,B,100,0,9,0.4103549197665234
52,B,100,1,0,-0.5938150609844943
52,B,100,1,1,0.6616883778548224
52,B,100,1,2,-0.05918552654793041
52,B,100,1,3,0.24240435071716598
52,B,100,1,4,0.3260068747034964
52,B,100,1,5,0.29257595651821167
52,B,100,1,6,0.31125368661034575
52,B,100,1,7,0.2862524651069667
52,B,100,1,8,0.6704199145311336
52,B,100,1,9,-0.11288327188540564
52,B,100,2,0,1.441637619651669
52,B,100,2,1,1.2562752764951348
52,B,100,2,2,1.5990129214364257
52,B,100,2,3,1.5423755846291516
52,B,100,2,4,0.6635430584926968
52,B,100,2,5,1.3626485432012445
52,B,100,2,6,1.3282085025150145
52,B,100,2,7,1.3455334391198257
52,B,100,2,8,1.4628899891613252
52,B,100,2,9,1.4684544057344453
52,B,100,3,0,0.052682586586303995
52,B,100,3,1,-0.05046888170134291
52,B,100,3,2,0.0697472580943931
52,B,100,3,3,0.06762314473206782
52,B,100,3,4,-0.02892952177727657
52,B,100,3,5,0.06344103235105678
52,B,100,3,6,0.07897701956187443
52,B,100,3,7,0.060101071634282875
52,B,100,3,8,0.061389183264767486
52,B,100,3,9,0.04919899693256537
52,B,100,4,0,0.22225250887965756
52,B,100,4,1,0.1713433990085877
52,B,100,4,2,0.14765934558481553
52,B,100,4,3,0.13965589339772752
52,B,100,4,4,0.234040286794036
52,B,100,4,5,0.1442375922998789
52,B,100,4,6,0.16439821617367287
52,B,100,4,7,0.11748532178139261
52,B,100,4,8,-0.15541303797270317
52,B,100,4,9,0.02244144326421158
52,B,100,5,0,-0.5227981952581606
52,B,100,5,1,-0.7716470900158173
52,B,100,5,2,-1.0017069649419754
52,B,100,5,3,-0.824190842398983
52,B,100,5,4,-0.46010894139879
52,B,100,5,5,-0.938100143924439
52,B,100,5,6,-0.7634408154414661
52,B,100,5,7,-0.37233098470718423
52,B,100,5,8,-0.67339779442702
52,B,100,5,9,-0.9799597259459047
52,B,100,6,0,1.0804315298646558
52,B,100,6,1,0.9817074755289606
52,B,100,6,2,1.1570323615620206
52,B,100,6,3,1.036924285849793
52,B,100,6,4,1.2321507876996838
52,B,100,6,5,0.9603529553433663
52,B,100,6,6,1.1934460682463148
52,B,100,6,7,1.568973244182375
52,B,100,6,8,1.0012130168014426
52,B,100,6,9,1.0845105411577998
52,B,100,7,0,0.8309193366126684
52,B,100,7,1,1.3030654015436607
52,B,100,7,2,1.3959866842123863
52,B,100,7,3,1.5704282553150068
52,B,100,7,4,1.0072771365680537
52,B,100,7,5,1.851322290822725
52,B,100,7,6,1.7977611966555933
52,B,100,7,7,1.485256578256555
52,B,100,7,8,1.1076830994425029
52,B,100,7,9,1.1095383617653654
52,B,100,8,0,0.3501652387077024
52,B,100,8,1,0.47802124608227
52,B,100,8,2,0.961289826881749
52,B,100,8,3,0.13427084787810611
52,B,100,8,4,0.6017610800857031
52,B,100,8,5,-0.031155619944306896
52,B,100,8,6,0.5655203558309275
52,B,100,8,7,0.4408783023393512
52,B,100,8,8,0.13485138437930255
52,B,100,8,9,0.2953376838266247
52,B,100,9,0,0.05828990731032883
52,B,100,9,1,0.037955263192552983
52,B,100,9,2,0.05647200751798639
52,B,100,9,3,0.1534199663631277
52,B,100,9,4,-0.027393476813086026
52,B,100,9,5,0.02640118319713804
52,B,100,9,6,0.1068088880775823
52,B,100,9,7,0.06042824653620948
52,B,100,9,8,-0.007287371622463645
52,B,100,9,9,0.10352674004081464
53,A,0.05,0,0,-0.03419510751789707
53,A,0.05,0,1,-0.15582250722180338
53,A,0.05,0,2,0.15908377276753233
53,A,0.05,0,3,0.039327015069347354
53,A,0.05,0,4,0.050795707323030605
53,A,0.05,0,5,-0.03942915937605249
53,A,0.05,0,6,0.1631971465407203
53,A,0.05,0,7,0.08417146888826725
53,A,0.05,0,8,0.042870712771083445
53,A,0.05,0,9,0.21583701446685177
53,A,0.05,1,0,0.7780230575807559
53,A,0.05,1,1,0.7779518109287814
53,A,0.05,1,2,0.7730775757407397
53,A,0.05,1,3,1.0598074188189701
53,A,0.05,1,4,0.7305115684478233
53,A,0.05,1,5,0.6668340409276107
53,A,0.05,1,6,0.13582660334319538
53,A,0.05,1,7,0.6261099821659717
53,A,0.05,1,8,0.4234356709473915
53,A,0.05,1,9,0.17456983038884494
53,A,0.05,2,0,1.1322876942200375
53,A,0.05,2,1,1.2850441430116788
53,A,0.05,2,2,1.0299987514479816
53,A,0.05,2,3,1.235682151778306
53,A,0.05,2,4,1.164033617383581
53,A,0.05,2,5,1.3792256768833322
53,A,0.05,2,6,0.8308630497699364
53,A,0.05,2,7,0.974049302379508
53,A,0.05,2,8,1.3845708755243065
53,A,0.05,2,9,1.1066118514980068
53,A,0.05,3,0,0.37199313050936716
53,A,0.05,3,1,0.1547674879240309
53,A,0.05,3,2,0.660267912986955
53,A,0.05,3,3,0.6748686631611327
53,A,0.05,3,4,0.6157944557803884
53,A,0.05,3,5,1.069539553957283
53,A,0.05,3,6,0.1243990207587533
53,A,0.05,3,7,0.57117942198243
53,A,0.05,3,8,0.6492150874743282
53,A,0.05,3,9,0.5893305247551237
53,A,0.05,4,0,0.6911662639705993
53,A,0.05,4,1,0.35663173951776966
53,A,0.05,4,2,0.3217875894438969
53,A,0.05,4,3,0.4959022875000976
53,A,0.05,4,4,1.0680763083093276
53,A,0.05,4,5,0.5372883875331202
53,A,0.05,4,6,0.627018726623355
53,A,0.05,4,7,0.6536123250610225
53,A,0.05,4,8,1.1839205607553656
53,A,0.05,4,9,1.0711148757157707
53,A,0.05,5,0,1.8491223477735574
53,A,0.05,5,1,2.1524892957967596
53,A,0.05,5,2,1.9714761983396765
53,A,0.05,5,3,2.052235228290463
53,A,0.05,5,4,2.353225826118765
53,A,0.05,5,5,1.938788834309519
53,A,0.05,5,6,1.4236705902640852
53,A,0.05,5,7,2.0260034135705083
53,A,0.05,5,8,1.7149946866943973
53,A,0.05,5,9,2.4162811023186723
53,A,0.05,6,0,0.5019201685251939
53,A,0.05,6,1,0.24533924144672437
53,A,0.05,6,2,0.7672453756504846
53,A,0.05,6,3,0.5293588315475329
53,A,0.05,6,4,0.4232856451684381
53,A,0.05,6,5,0.7329313008326206
53,A,0.05,6,6,-0.04364631320813119
53,A,0.05,6,7,0.9231363983234411
53,A,0.05,6,8,0.38735755351060386
53,A,0.05,6,9,0.646756273180655
53,A,0.05,7,0,-0.7740579766622823
53,A,0.05,7,1,-0.511309156157258
53,A,0.05,7,2,-0.4202695751432174
53,A,0.05,7,3,-0.4181286075035252
53,A,0.05,7,4,-0.47387688736821976
53,A,0.05,7,5,-0.7580240423080201
53,A,0.05,7,6,-0.2402683055929506
53,A,0.05,7,7,-0.4886688856381346
53,A,0.05,7,8,-0.19737410359452834
53,A,0.05,7,9,-0.3002218983606415
53,A,0.05,8,0,-0.2667970518358655
53,A,0.05,8,1,-0.5724897895953893
53,A,0.05,8,2,-0.1293236525677688
53,A,0.05,8,3,-0.3312629302693107
53,A,0.05,8,4,-0.2902091903391849
53,A,0.05,8,5,-0.519034683506568
53,A,0.05,8,6,-0.02414336671580988
53,A,0.05,8,7,0.040884593580930044
53,A,0.05,8,8,-0.03332313871333678
53,A,0.05,8,9,-0.10016764892385335
53,A,0.05,9,0,0.6666435479047409
53,A,0.05,9,1,0.5204337371456036
53,A,0.05,9,2,0.5133975993459038
53,A,0.05,9,3,-0.08433920654353055
53,A,0.05,9,4,0.6242859523752698
53,A,0.05,9,5,0.371770648155086
53,A,0.05,9,6,0.5221360807592712
53,A,0.05,9,7,0.5779131436171122
53,A,0.05,9,8,0.41932786102059677
53,A,0.05,9,9,0.6830522823599584
53,B,100,0,0,-0.25657088112582443
53,B,100,0,1,-0.3784005202367646
53,B,100,0,2,0.102943245220423
53,B,100,0,3,-0.12956132861965275
53,B,100,0,4,-0.16134322745438845
53,B,100,0,5,0.07009456009565262
53,B,100,0,6,-0.2505278456790553
53,B,100,0,7,-0.19283220224337871
53,B,100,0,8,-0.04660405898159467
53,B,100,0,9,0.025098170312243373
53,B,100,1,0,0.38619716017542793
53,B,100,1,1,0.23915501171832287
53,B,100,1,2,0.10880155985993538
53,B,100,1,3,0.23654850245925105
53,B,100,1,4,0.38898628211914876
53,B,100,1,5,0.3809677026245867
53,B,100,1,6,0.02670369135845721
53,B,100,1,7,0.4613039528617843
53,B,100,1,8,0.29898305618154863
53,B,100,1,9,0.35729310481816734
53,B,100,2,0,0.039267859348986064
53,B,100,2,1,-0.35207913036847405
53,B,100,2,2,-0.3543243361711305
53,B,100,2,3,-0.33955659902175994
53,B,100,2,4,-0.22813040337663984
53,B,100,2,5,-0.18155237563743873
53,B,100,2,6,-0.4125701843114812
53,B,100,2,7,-0.13984513726965536
53,B,100,2,8,-0.6477066809817298
53,B,100,2,9,-0.3709072407957658
53,B,100,3,0,0.3248292843683005
53,B,100,3,1,0.4512771737323726
53,B,100,3,2,-0.028912374228807255
53,B,100,3,3,-0.16293718313212235
53,B,100,3,4,-0.16593532442173883
53,B,100,3,5,0.12689834382469087
53,B,100,3,6,0.08675527535584132
53,B,100,3,7,-0.1314432117267243
53,B,100,3,8,0.0758066645089459
53,B,100,3,9,0.04802118517463675
53,B,100,4,0,0.1764671425972852
53,B,100,4,1,-0.11033490856223546
53,B,100,4,2,0.0017202279947767588
53,B,100,4,3,0.3686476230158288
53,B,100,4,4,0.3254111185822991
53,B,100,4,5,0.2252733936163263
53,B,100,4,6,0.23448233674005636
53,B,100,4,7,-0.23068160586254358
53,B,100,4,8,0.22813701006778297
53,B,100,4,9,0.24304395676257856
53,B,100,5,0,0.1070446246825166
53,B,100,5,1,0.17441129601538488
53,B,100,5,2,0.5338262101150708
53,B,100,5,3,-0.23791141891765163
53,B,100,5,4,0.3452585304592091
53,B,100,5,5,0.6985373309281749
53,B,100,5,6,0.540016593025297
53,B,100,5,7,0.5976179880580376
53,B,100,5,8,0.5273943426999658
53,B,100,5,9,-0.058421399636074824
53,B,100,6,0,0.5646186349656598
53,B,100,6,1,0.37201383792385145
53,B,100,6,2,0.5230473717645769
53,B,100,6,3,0.6971298483446894
53,B,100,6,4,0.586473694401989
53,B,100,6,5,1.0334100300465408
53,B,100,6,6,0.5964474951871489
53,B,100,6,7,0.5917763986500435
53,B,100,6,8,0.1864891573582266
53,B,100,6,9,0.6138365300656328
53,B,100,7,0,0.4780636063414403
53,B,100,7,1,0.5144511494100183
53,B,100,7,2,0.05643433362843519
53,B,100,7,3,1.3677915612951759
53,B,100,7,4,1.0821882302870018
53,B,100,7,5,0.876261221087504
53,B,100,7,6,0.2794214629296876
53,B,100,7,7,0.054686852469443555
53,B,100,7,8,0.6473582242079015
53,B,100,7,9,1.3963772531836376
53,B,100,8,0,0.20328268490781431
53,B,100,8,1,-0.03372681317751904
53,B,100,8,2,-0.09762385675936082
53,B,100,8,3,0.007833701905564669
53,B,100,8,4,0.06552531576577413
53,B,100,8,5,-0.11843628804541526
53,B,100,8,6,-0.016934817382334953
53,B,100,8,7,0.1116153657602546
53,B,100,8,8,-0.1824721654170806
53,B,100,8,9,0.08005700199432929
53,B,100,9,0,0.6621097192946807
53,B,100,9,1,0.2971744905331319
53,B,100,9,2,0.3020607069803033
53,B,100,9,3,0.6903298840387709
53,B,100,9,4,0.8955491389730628
53,B,100,9,5,0.7034092231894776
53,B,100,9,6,0.7050277960181629
53,B,100,9,7,0.29610042598258884
53,B,100,9,8,0.1066453987459711
53,B,100,9,9,0.5114957335253205
54,A,0.05,0,0,0.6758755195625386
54,A,0.05,0,1,0.4066172309812686
54,A,0.05,0,2,0.8645997806604021
54,A,0.05,0,3,0.4952509511455521
54,A,0.05,0,4,0.5496648084361309
54,A,0.05,0,5,0.4901711795485879
54,A,0.05,0,6,0.25897654399185976
54,A,0.05,0,7,0.7817859231581098
54,A,0.05,0,8,0.5398576146829348
54,A,0.05,0,9,0.45884895722679164
54,A,0.05,1,0,0.25791141922473176
54,A,0.05,1,1,-0.18663915885836274
54,A,0.05,1,2,0.07974872498080628
54,A,0.05,1,3,0.7436375708716316
54,A,0.05,1,4,0.17149310307771898
54,A,0.05,1,5,-0.6728713061775398
54,A,0.05,1,6,0.31250783102263546
54,A,0.05,1,7,-0.09902983662039112
54,A,0.05,1,8,0.2532574996217953
54,A,0.05,1,9,0.07839509510955665
54,A,0.05,2,0,0.08287388007384432
54,A,0.05,2,1,-0.4278757684869774
54,A,0.05,2,2,-0.358340772877622
54,A,0.05,2,3,-0.502863762311439
54,A,0.05,2,4,-0.23681085838275134
54,A,0.05,2,5,-0.3900530884483913
54,A,0.05,2,6,0.018791201579823995
54,A,0.05,2,7,-0.5160194885055123
54,A,0.05,2,8,-0.37490251940886304
54,A,0.05,2,9,-0.17802176161747096
54,A,0.05,3,0,-0.5170201268703322
54,A,0.05,3,1,-0.1185120924902297
54,A,0.05,3,2,-0.10100741542364154
54,A,0.05,3,3,-0.1242190455360843
54,A,0.05,3,4,-0.17371462348136113
54,A,0.05,3,5,-0.055927256215025395
54,A,0.05,3,6,-0.2078207856935546
54,A,0.05,3,7,-0.06882312804989457
54,A,0.05,3,8,-0.17009791968170598
54,A,0.05,3,9,-0.1649141394893734
54,A,0.05,4,0,0.8161475267601794
54,A,0.05,4,1,0.6292650749121276
54,A,0.05,4,2,0.4783244514056755
54,A,0.05,4,3,0.7899050094009751
54,A,0.05,4,4,0.8773541017009355
54,A,0.05,4,5,0.894898496782692
54,A,0.05,4,6,0.8546868106341591
54,A,0.05,4,7,1.5968386704645678
54,A,0.05,4,8,1.2180895961868505
54,A,0.05,4,9,0.7938944376223167
54,A,0.05,5,0,0.4644361560069873
54,A,0.05,5,1,0.36828189893043606
54,A,0.05,5,2,-0.007700885118974879
54,A,0.05,5,3,0.17061546581765508
54,A,0.05,5,4,0.2600885327520455
54,A,0.05,5,5,0.0749065500050138
54,A,0.05,5,6,0.34998025204157274
54,A,0.05,5,7,-0.06300614612395089
54,A,0.05,5,8,0.328557578864602
54,A,0.05,5,9,0.27094302785256796
54,A,0.05,6,0,0.2780048404199678
54,A,0.05,6,1,-0.30562859869084613
54,A,0.05,6,2,0.6636105244219006
54,A,0.05,6,3,0.6318217957917294
54,A,0.05,6,4,0.25496724947286836
54,A,0.05,6,5,-0.46416860715308883
54,A,0.05,6,6,0.7938640642442155
54,A,0.05,6,7,0.3225936615742345
54,A,0.05,6,8,0.4867261626830439
54,A,0.05,6,9,-0.5758986916882213
54,A,0.05,7,0,0.2290702342266769
54,A,0.05,7,1,0.16698882415674646
54,A,0.05,7,2,0.2738869201317679
54,A,0.05,7,3,0.2199503753320377
54,A,0.05,7,4,0.2813453133076194
54,A,0.05,7,5,0.3063290731821287
54,A,0.05,7,6,-0.3406326896908709
54,A,0.05,7,7,-0.3951645709504616
54,A,0.05,7,8,-0.01651673172470607
54,A,0.05,7,9,0.2510061931889906
54,A,0.05,8,0,-0.28718405144234094
54,A,0.05,8,1,-0.3776069131159095
54,A,0.05,8,2,-0.47412659034185906
54,A,0.05,8,3,0.4798896405029669
54,A,0.05,8,4,-0.27970904658802354
54,A,0.05,8,5,-0.10238838200633957
54,A,0.05,8,6,-0.2569481481966973
54,A,0.05,8,7,-0.7918396935189324
54,A,0.05,8,8,-0.2922967867293259
54,A,0.05,8,9,-0.5343883704393513
54,A,0.05,9,0,-0.7163019914504275
54,A,0.05,9,1,-0.41845635805941483
54,A,0.05,9,2,-0.46319333922132266
54,A,0.05,9,3,-0.5563710389223734
54,A,0.05,9,4,-0.39118516886230364
54,A,0.05,9,5,-0.604386558432987
54,A,0.05,9,6,-0.3213035429685928
54,A,0.05,9,7,-0.3466675887353257
54,A,0.05,9,8,-0.24592128514602388
54,A,0.05,9,9,-0.26139279232389195
54,B,100,0,0,0.229417757114453
54,B,100,0,1,0.590596830240519
54,B,100,0,2,0.3836985208146644
54,B,100,0,3,0.5577156234538672
54,B,100,0,4,0.22428218535636352
54,B,100,0,5,0.6112053582964404
54,B,100,0,6,0.6233288375951288
54,B,100,0,7,0.6799912269621763
54,B,100,0,8,0.17098117073215688
54,B,100,0,9,0.5964284374397838
54,B,100,1,0,1.2716153373754657
54,B,100,1,1,1.0547239588472515
54,B,100,1,2,1.3447115304430948
54,B,100,1,3,1.1580617887193827
54,B,100,1,4,0.7526737844921857
54,B,100,1,5,0.9447093201924679
54,B,100,1,6,0.8488495148831281
54,B,100,1,7,0.6599698056348526
54,B,100,1,8,0.9617479189533359
54,B,100,1,9,0.9360324427824279
54,B,100,2,0,-1.3347196497147114
54,B,100,2,1,-1.3414264141596817
54,B,100,2,2,-1.4058830471515504
54,B,100,2,3,-1.7488331333595257
54,B,100,2,4,-1.3508506225426689
54,B,100,2,5,-1.4534178990331823
54,B,100,2,6,-0.974626760256953
54,B,100,2,7,-1.149435676984227
54,B,100,2,8,-1.122302604375612
54,B,100,2,9,-1.0943969995165959
54,B,100,3,0,-0.3824737690491636
54,B,100,3,1,-0.09106903744613117
54,B,100,3,2,-0.61524359654274
54,B,100,3,3,-0.35887607370535085
54,B,100,3,4,-0.9541644174003813
54,B,100,3,5,-0.43651215403369087
54,B,100,3,6,-0.49426128072226255
54,B,100,3,7,-0.449474817303877
54,B,100,3,8,-0.43881026750481106
54,B,100,3,9,-1.1562111512782678
54,B,100,4,0,-0.7066904681070456
54,B,100,4,1,-0.09378668845083384
54,B,100,4,2,-0.06989576428674844
54,B,100,4,3,-0.4377398093967021
54,B,100,4,4,0.23107578752844748
54,B,100,4,5,0.06648218855018022
54,B,100,4,6,0.10867797401589031
54,B,100,4,7,-0.19200180157784097
54,B,100,4,8,0.03188300036668159
54,B,100,4,9,-0.08065545277066838
54,B,100,5,0,-2.086554824592015
54,B,100,5,1,-2.137888584984976
54,B,100,5,2,-2.8424347856322734
54,B,100,5,3,-2.1971714388287062
54,B,100,5,4,-2.4581119991761735
54,B,100,5,5,-2.4857401946456847
54,B,100,5,6,-2.1244504552128047
54,B,100,5,7,-2.5049277221152098
54,B,100,5,8,-1.6013419115508756
54,B,100,5,9,-2.628920120359277
54,B,100,6,0,-0.5420458338524637
54,B,100,6,1,-0.5904936985995564
54,B,100,6,2,-0.7617929139932492
54,B,100,6,3,-0.31986559974340945
54,B,100,6,4,-0.8500440371708393
54,B,100,6,5,-0.760936052998269
54,B,100,6,6,-0.6807765520881646
54,B,100,6,7,-1.1057280382015813
54,B,100,6,8,-0.6259838046491093
54,B,100,6,9,-0.6349469745279447
54,B,100,7,0,-1.0221300522788852
54,B,100,7,1,-0.7754602420442906
54,B,100,7,2,-0.7651054511125055
54,B,100,7,3,-0.46262104674225235
54,B,100,7,4,-0.8594867966265634
54,B,100,7,5,-0.8812295860384998
54,B,100,7,6,-0.8308033656818417
54,B,100,7,7,0.07702406097674007
54,B,100,7,8,-0.7830056090497969
54,B,100,7,9,-1.140405319389388
54,B,100,8,0,0.26064105966995355
54,B,100,8,1,-0.056671994687233176
54,B,100,8,2,0.18700116288858984
54,B,100,8,3,0.041651368733634495
54,B,100,8,4,-0.4772986877004341
54,B,100,8,5,0.23681635704377638
54,B,100,8,6,-0.09958226887501594
54,B,100,8,7,-0.2040353293965162
54,B,100,8,8,0.09737940432011152
54,B,100,8,9,-0.2583600837621414
54,B,100,9,0,1.7753941344941955
54,B,100,9,1,1.75834860361479
54,B,100,9,2,1.69855999211466
54,B,100,9,3,1.561213108719301
54,B,100,9,4,1.4236090119154128
54,B,100,9,5,1.0167999603408424
54,B,100,9,6,1.0661228540656973
54,B,100,9,7,1.6363945293250575
54,B,100,9,8,1.2167930001593323
54,B,100,9,9,1.0898621484120832
55,A,0.05,0,0,-0.4618091172643881
55,A,0.05,0,1,-0.1037034918351922
55,A,0.05,0,2,-0.044738644572672875
55,A,0.05,0,3,-0.3030405869967342
55,A,0.05,0,4,-0.06552285379134588
55,A,0.05,0,5,-0.07736323475942616
55,A,0.05,0,6,-0.04615972054141474
55,A,0.05,0,7,-0.3431148282417865
55,A,0.05,0,8,-0.03951838293883955
55,A,0.05,0,9,-0.04373185150093127
55,A,0.05,1,0,1.3083831993699986
55,A,0.05,1,1,1.089384278568722
55,A,0.05,1,2,1.0762223194387475
55,A,0.05,1,3,0.7255809611140507
55,A,0.05,1,4,0.9085750639728224
55,A,0.05,1,5,0.9729199941643712
55,A,0.05,1,6,0.8460452812546416
55,A,0.05,1,7,0.8818390047437333
55,A,0.05,1,8,0.8413947673607826
55,A,0.05,1,9,0.9920996442139587
55,A,0.05,2,0,1.3167076241796578
55,A,0.05,2,1,1.2846444248610378
55,A,0.05,2,2,1.2823518407231098
55,A,0.05,2,3,1.0479022514543714
55,A,0.05,2,4,0.9167707511089641
55,A,0.05,2,5,1.8371216722453048
55,A,0.05,2,6,1.915357976251753
55,A,0.05,2,7,2.060313407138318
55,A,0.05,2,8,1.7223946639556207
55,A,0.05,2,9,1.4640882121329826
55,A,0.05,3,0,0.060047254944317646
55,A,0.05,3,1,-0.23679872299444074
55,A,0.05,3,2,-0.20586618218375355
55,A,0.05,3,3,-0.04238506855974596
55,A,0.05,3,4,0.027824405264926938
55,A,0.05,3,5,-0.3925608465169205
55,A,0.05,3,6,-0.29517830482505303
55,A,0.05,3,7,-0.1730027745139685
55,A,0.05,3,8,-0.2862656899804808
55,A,0.05,3,9,-0.41693571389788714
55,A,0.05,4,0,-0.48255340196657687
55,A,0.05,4,1,-0.25441305851904966
55,A,0.05,4,2,-0.24014240207278723
55,A,0.05,4,3,-0.1552739110902874
55,A,0.05,4,4,0.06393071169374497
55,A,0.05,4,5,0.024939192737774823
55,A,0.05,4,6,-0.02832879266022645
55,A,0.05,4,7,0.10051800625188094
55,A,0.05,4,8,-0.38656968831786226
55,A,0.05,4,9,-0.05144952422137355
55,A,0.05,5,0,0.34557092977952986
55,A,0.05,5,1,-0.09227132659775147
55,A,0.05,5,2,-0.0918542664087727
55,A,0.05,5,3,-0.4164106318027725
55,A,0.05,5,4,-0.08158636581153213
55,A,0.05,5,5,-0.5413416184534692
55,A,0.05,5,6,0.522519612221425
55,A,0.05,5,7,0.041771355527338704
55,A,0.05,5,8,0.2863710541891623
55,A,0.05,5,9,-0.08012912958255251
55,A,0.05,6,0,1.2513522138067639
55,A,0.05,6,1,1.393034131118537
55,A,0.05,6,2,1.6026225886916963
55,A,0.05,6,3,1.4772764826098779
55,A,0.05,6,4,1.0954259564363327
55,A,0.05,6,5,1.7972199123622077
55,A,0.05,6,6,0.8612910539036985
55,A,0.05,6,7,1.3090157724730795
55,A,0.05,6,8,1.575076731642503
55,A,0.05,6,9,2.1485880870919885
55,A,0.05,7,0,0.38384314423951404
55,A,0.05,7,1,0.1926406320679108
55,A,0.05,7,2,-0.48583649443668153
55,A,0.05,7,3,0.2209589504278644
55,A,0.05,7,4,0.10610220710696021
55,A,0.05,7,5,0.26222058137619986
55,A,0.05,7,6,0.22425583140192829
55,A,0.05,7,7,0.3071124838455722
55,A,0.05,7,8,0.20521424276346012
55,A,0.05,7,9,0.6442947902607319
55,A,0.05,8,0,1.1451632610344729
55,A,0.05,8,1,0.7998427989486296
55,A,0.05,8,2,0.7987113989684083
55,A,0.05,8,3,1.057884792838421
55,A,0.05,8,4,0.7781858254192754
55,A,0.05,8,5,1.095122780540342
55,A,0.05,8,6,0.9533930415239416
55,A,0.05,8,7,1.7874416999930003
55,A,0.05,8,8,0.8518375679243912
55,A,0.05,8,9,0.937458801141876
55,A,0.05,9,0,0.8351101897173602
55,A,0.05,9,1,1.2394171642799658
55,A,0.05,9,2,0.36604407013545615
55,A,0.05,9,3,0.1086804746386023
55,A,0.05,9,4,1.1321632803133332
55,A,0.05,9,5,0.6401263277369591
55,A,0.05,9,6,0.9612011072428203
55,A,0.05,9,7,0.5563119480088919
55,A,0.05,9,8,0.48686402152502256
55,A,0.05,9,9,-0.05847758283721201
55,B,100,0,0,-0.13712684507507703
55,B,100,0,1,0.41836679640576674
55,B,100,0,2,0.30449468931223594
55,B,100,0,3,0.3627837537238949
55,B,100,0,4,0.6882627718474242
55,B,100,0,5,-0.34140345137995615
55,B,100,0,6,0.16926279106429024
55,B,100,0,7,0.501258819174943
55,B,100,0,8,0.3061205468109372
55,B,100,0,9,0.41763509096556356
55,B,100,1,0,-0.8949663431282172
55,B,100,1,1,-0.8261363019122742
55,B,100,1,2,-0.647661362096857
55,B,100,1,3,-0.41196949859232496
55,B,100,1,4,-0.821691433065182
55,B,100,1,5,-0.6947843611120784
55,B,100,1,6,-0.996976991024504
55,B,100,1,7,-0.7823613329382323
55,B,100,1,8,-0.7803214107486754
55,B,100,1,9,-0.6358496185954651
55,B,100,2,0,0.6924114529479047
55,B,100,2,1,0.6435540451332572
55,B,100,2,2,0.06836295344492979
55,B,100,2,3,0.573831886343548
55,B,100,2,4,0.30872972080916683
55,B,100,2,5,0.790301164846971
55,B,100,2,6,0.8127542828414412
55,B,100,2,7,0.8068367149813954
55,B,100,2,8,0.7385846888451443
55,B,100,2,9,0.7483704344820246
55,B,100,3,0,-1.0024812519295898
55,B,100,3,1,-0.5706799361284666
55,B,100,3,2,-1.0206094352837933
55,B,100,3,3,-0.7072292682445435
55,B,100,3,4,-0.8087681204350085
55,B,100,3,5,-0.6967872144358751
55,B,100,3,6,-0.81873803885824
55,B,100,3,7,-1.2434054604591176
55,B,100,3,8,-0.6001400912671421
55,B,100,3,9,-0.6518912429287547
55,B,100,4,0,0.12340048007835148
55,B,100,4,1,0.0017517660813854486
55,B,100,4,2,-0.033582139727854864
55,B,100,4,3,0.24960752860686186
55,B,100,4,4,0.11646391313357933
55,B,100,4,5,-0.015141367975390146
55,B,100,4,6,-0.006833905061530499
55,B,100,4,7,0.044264337901456466
55,B,100,4,8,-0.015770066941805796
55,B,100,4,9,-0.07944685949490193
55,B,100,5,0,-0.9826980274285374
55,B,100,5,1,-0.42518863051370676
55,B,100,5,2,0.04939648486590875
55,B,100,5,3,-0.4381103039313723
55,B,100,5,4,-0.1371740946737125
55,B,100,5,5,-0.36538799271009137
55,B,100,5,6,-0.12896863471481645
55,B,100,5,7,-0.5227089461310916
55,B,100,5,8,-1.1587392453581773
55,B,100,5,9,-0.19621356829740133
55,B,100,6,0,1.198116411777006
55,B,100,6,1,0.05096622948736834
55,B,100,6,2,0.7869718949016095
55,B,100,6,3,0.4683608357484438
55,B,100,6,4,0.338275814126403
55,B,100,6,5,0.5375756888118867
55,B,100,6,6,0.8008526765683638
55,B,100,6,7,0.18518487005389156
55,B,100,6,8,0.3359818883423658
55,B,100,6,9,0.8871328341083377
55,B,100,7,0,-0.44868828798888644
55,B,100,7,1,-0.33153703115900235
55,B,100,7,2,-0.5081842739402984
55,B,100,7,3,-0.5511460997668984
55,B,100,7,4,-0.08550008783707201
55,B,100,7,5,-0.3156752441350969
55,B,100,7,6,-0.4665449685782057
55,B,100,7,7,-0.776940000098189
55,B,100,7,8,-0.27989209683699695
55,B,100,7,9,-0.146895105598403
55,B,100,8,0,-0.6837076660213384
55,B,100,8,1,-0.42087793795727657
55,B,100,8,2,-0.2576451934638527
55,B,100,8,3,-0.5337603859137701
55,B,100,8,4,-0.24851672122152244
55,B,100,8,5,-0.2684064591119577
55,B,100,8,6,-0.2765374107054444
55,B,100,8,7,-0.48198188533829317
55,B,100,8,8,-0.465843485592961
55,B,100,8,9,-0.4352107174580157
55,B,100,9,0,-1.6838802271146986
55,B,100,9,1,-1.970076988521317
55,B,100,9,2,-1.3203146478763623
55,B,100,9,3,-1.527618699140954
55,B,100,9,4,-2.047030702556418
55,B,100,9,5,-1.386283570710996
55,B,100,9,6,-1.6671544293992613
55,B,100,9,7,-1.8293744868287796
55,B,100,9,8,-1.9634797140155669
55,B,100,9,9,-2.0538935877052786
56,A,0.05,0,0,1.2258715248004561
56,A,0.05,0,1,1.3118166387180548
56,A,0.05,0,2,0.9667049083541547
56,A,0.05,0,3,0.7536200441200548
56,A,0.05,0,4,1.3045773514437071
56,A,0.05,0,5,0.832326619390567
56,A,0.05,0,6,1.6091383602599854
56,A,0.05,0,7,1.4123988976616355
56,A,0.05,0,8,1.3709166768229546
56,A,0.05,0,9,0.9048590805292058
56,A,0.05,1,0,2.243084875497749
56,A,0.05,1,1,2.0104979810332093
56,A,0.05,1,2,1.9232334156063897
56,A,0.05,1,3,2.468624218597222
56,A,0.05,1,4,1.6775774134947916
56,A,0.05,1,5,2.437717796978147
56,A,0.05,1,6,2.2433611202166137
56,A,0.05,1,7,1.6209417191908202
56,A,0.05,1,8,2.05517273706293
56,A,0.05,1,9,2.0239009911678503
56,A,0.05,2,0,0.9407667407344908
56,A,0.05,2,1,1.7490880460809177
56,A,0.05,2,2,0.9493146555713955
56,A,0.05,2,3,1.3290872140546581
56,A,0.05,2,4,1.1297334406903927
56,A,0.05,2,5,1.5810548103709414
56,A,0.05,2,6,1.7771812891308998
56,A,0.05,2,7,1.070987054601445
56,A,0.05,2,8,1.3991226437202093
56,A,0.05,2,9,1.0963547648056742
56,A,0.05,3,0,0.5793339578904426
56,A,0.05,3,1,0.4202559612124194
56,A,0.05,3,2,1.1766463675030665
56,A,0.05,3,3,0.5064952672799153
56,A,0.05,3,4,0.4707281355893872
56,A,0.05,3,5,0.4702415847455923
56,A,0.05,3,6,0.7557093243226196
56,A,0.05,3,7,1.1073220718114676
56,A,0.05,3,8,0.6839952418225488
56,A,0.05,3,9,0.8902442226639148
56,A,0.05,4,0,-1.363693972364793
56,A,0.05,4,1,-1.3859632606578736
56,A,0.05,4,2,-1.5873706540339458
56,A,0.05,4,3,-1.719965605067388
56,A,0.05,4,4,-1.384824722995538
56,A,0.05,4,5,-1.7441361632355856
56,A,0.05,4,6,-1.9959780994705407
56,A,0.05,4,7,-1.31054299668776
56,A,0.05,4,8,-1.4888000574151143
56,A,0.05,4,9,-1.1295254259113385
56,A,0.05,5,0,1.087164883595815
56,A,0.05,5,1,0.9183255142334981
56,A,0.05,5,2,1.1136340295657028
56,A,0.05,5,3,1.6307211366367578
56,A,0.05,5,4,1.1761226666178715
56,A,0.05,5,5,1.184741947051245
56,A,0.05,5,6,1.5347850098680786
56,A,0.05,5,7,1.1502935211379919
56,A,0.05,5,8,1.4921728421088134
56,A,0.05,5,9,1.5591338546415225
56,A,0.05,6,0,1.4093464862708727
56,A,0.05,6,1,1.7955335817955131
56,A,0.05,6,2,1.311617105418172
56,A,0.05,6,3,1.1325044747495046
56,A,0.05,6,4,1.4800095557439317
56,A,0.05,6,5,1.0925679735824274
56,A,0.05,6,6,1.1106329167856954
56,A,0.05,6,7,1.0249350506958972
56,A,0.05,6,8,1.558324386829106
56,A,0.05,6,9,1.0263086465914186
56,A,0.05,7,0,1.705346310472995
56,A,0.05,7,1,2.5645785651978543
56,A,0.05,7,2,1.764666557684794
56,A,0.05,7,3,2.1099341335334745
56,A,0.05,7,4,1.837362662080941
56,A,0.05,7,5,2.1698081243664156
56,A,0.05,7,6,2.354463559651456
56,A,0.05,7,7,2.0470871904238033
56,A,0.05,7,8,1.655776848692593
56,A,0.05,7,9,2.222482555443334
56,A,0.05,8,0,0.11929685522517536
56,A,0.05,8,1,0.09092014394754265
56,A,0.05,8,2,-0.14111044514715654
56,A,0.05,8,3,0.4577507361501803
56,A,0.05,8,4,-0.03927124767129278
56,A,0.05,8,5,-0.011653691759689421
56,A,0.05,8,6,-0.1573771137669669
56,A,0.05,8,7,-0.03853748794668677
56,A,0.05,8,8,0.20623627278362097
56,A,0.05,8,9,0.25339498759069157
56,A,0.05,9,0,1.0815559915918558
56,A,0.05,9,1,1.454368334287766
56,A,0.05,9,2,1.5390535079634702
56,A,0.05,9,3,0.9989120057664398
56,A,0.05,9,4,0.7800573792429555
56,A,0.05,9,5,1.5358802023110796
56,A,0.05,9,6,1.712770214813955
56,A,0.05,9,7,0.5332496601439931
56,A,0.05,9,8,1.4785693847286345
56,A,0.05,9,9,1.606146937588845
56,B,100,0,0,-0.44694510807268617
56,B,100,0,1,-0.4722685862972744
56,B,100,0,2,-0.1740647898419102
56,B,100,0,3,-0.3541615381417592
56,B,100,0,4,-0.5449528514152806
56,B,100,0,5,-0.30701503147058956
56,B,100,0,6,-0.12249361300798411
56,B,100,0,7,-0.5666835958894051
56,B,100,0,8,0.19134408883968296
56,B,100,0,9,0.34733530531871604
56,B,100,1,0,-0.6934383851558932
56,B,100,1,1,-0.8080902651273654
56,B,100,1,2,-1.01823447007358
56,B,100,1,3,-1.1578647150581518
56,B,100,1,4,-1.0087418185994497
56,B,100,1,5,-1.2127243228848743
56,B,100,1,6,-0.42025474793898615
56,B,100,1,7,-0.8955872871648599
56,B,100,1,8,-1.144416083667034
56,B,100,1,9,-0.7885711947881044
56,B,100,2,0,1.6229964646823944
56,B,100,2,1,1.8908870345812063
56,B,100,2,2,2.305406371334747
56,B,100,2,3,2.291888256446298
56,B,100,2,4,1.9325378107858142
56,B,100,2,5,2.011306402336354
56,B,100,2,6,1.8156987989454116
56,B,100,2,7,2.1262592975793337
56,B,100,2,8,0.5691793741672871
56,B,100,2,9,2.2080261731947077
56,B,100,3,0,1.6463209504397691
56,B,100,3,1,3.7729224608680045
56,B,100,3,2,3.5423283035998536
56,B,100,3,3,1.149882767383403
56,B,100,3,4,1.56284020874979
56,B,100,3,5,2.5393089024294286
56,B,100,3,6,3.7274108616802977
56,B,100,3,7,1.9516909066467907
56,B,100,3,8,2.3765227406090212
56,B,100,3,9,1.4266804161701507
56,B,100,4,0,-2.335596911580423
56,B,100,4,1,-1.4812328546669513
56,B,100,4,2,-1.2743019918129685
56,B,100,4,3,-1.418723698899483
56,B,100,4,4,-2.1126672755071083
56,B,100,4,5,-1.4064981020265326
56,B,100,4,6,-1.5257843728200644
56,B,100,4,7,-1.8457864338748395
56,B,100,4,8,-1.4341610170638626
56,B,100,4,9,-1.5908897620520963
56,B,100,5,0,-0.11606507857305821
56,B,100,5,1,-0.7316911293513507
56,B,100,5,2,-0.05481223552457201
56,B,100,5,3,1.6515711020359491
56,B,100,5,4,1.5416681595597348
56,B,100,5,5,1.7400925851163507
56,B,100,5,6,0.0803434539139105
56,B,100,5,7,1.5413588962404872
56,B,100,5,8,0.37651634046723537
56,B,100,5,9,1.9341303547716528
56,B,100,6,0,1.4741041340043417
56,B,100,6,1,0.6071932141861559
56,B,100,6,2,1.7799296675080452
56,B,100,6,3,0.9872014687757633
56,B,100,6,4,0.42285831088714265
56,B,100,6,5,0.3316241038984937
56,B,100,6,6,1.8593841946098413
56,B,100,6,7,1.9091486537027804
56,B,100,6,8,0.43408424946354346
56,B,100,6,9,1.1230378587427579
56,B,100,7,0,-1.6246472897633026
56,B,100,7,1,-1.4651203989940602
56,B,100,7,2,-1.4862650501082264
56,B,100,7,3,-1.0293674606587218
56,B,100,7,4,-1.5590730687649206
56,B,100,7,5,-2.016413112934511
56,B,100,7,6,-1.4485621724564028
56,B,100,7,7,-1.2156923126231884
56,B,100,7,8,-1.620553735321444
56,B,100,7,9,-2.0463692872544583
56,B,100,8,0,-1.83362392042067
56,B,100,8,1,-1.9263014822568396
56,B,100,8,2,-2.1953764965484948
56,B,100,8,3,-2.2663913235531203
56,B,100,8,4,-2.3201516075108892
56,B,100,8,5,-1.7339208291846988
56,B,100,8,6,-2.4044123822109387
56,B,100,8,7,-2.2994591855924966
56,B,100,8,8,-2.2030131758712845
56,B,100,8,9,-1.6047036698466122
56,B,100,9,0,0.9834590629122606
56,B,100,9,1,0.9176131026920983
56,B,100,9,2,0.5263003917338145
56,B,100,9,3,0.9962925104215838
56,B,100,9,4,1.3296921874104928
56,B,100,9,5,1.53661286461918
56,B,100,9,6,0.9834694868230265
56,B,100,9,7,0.8666762772775916
56,B,100,9,8,0.7537988653128208
56,B,100,9,9,1.5207475885882296
57,A,0.05,0,0,0.09995368556829386
57,A,0.05,0,1,0.1102657128846226
57,A,0.05,0,2,0.04965658135960971
57,A,0.05,0,3,0.28536379744367923
57,A,0.05,0,4,-0.05081500680325278
57,A,0.05,0,5,0.40643724390680114
57,A,0.05,0,6,0.2583385012191476
57,A,0.05,0,7,0.3711147987728688
57,A,0.05,0,8,0.6338772987360648
57,A,0.05,0,9,0.5410422000915693
57,A,0.05,1,0,0.7756257209023341
57,A,0.05,1,1,0.43604872353759727
57,A,0.05,1,2,0.8394478293716462
57,A,0.05,1,3,0.5506259098362232
57,A,0.05,1,4,0.6819406195220151
57,A,0.05,1,5,1.2886839821927032
57,A,0.05,1,6,0.4836280212889815
57,A,0.05,1,7,0.5178426694123853
57,A,0.05,1,8,0.3792517574736549
57,A,0.05,1,9,0.23361743202960533
57,A,0.05,2,0,-1.503306504229138
57,A,0.05,2,1,-0.9524637399637507
57,A,0.05,2,2,-1.1591178473587305
57,A,0.05,2,3,-0.8947305490969518
57,A,0.05,2,4,-0.841460615676025
57,A,0.05,2,5,-1.1628680708025176
57,A,0.05,2,6,-1.2718310959769785
57,A,0.05,2,7,-0.4751845105076491
57,A,0.05,2,8,-0.7099628354397406
57,A,0.05,2,9,-0.619426944396968
57,A,0.05,3,0,0.006875940062931555
57,A,0.05,3,1,-0.23693751801039506
57,A,0.05,3,2,1.6372248221972916
57,A,0.05,3,3,1.5204224266543107
57,A,0.05,3,4,1.2861437580150181
57,A,0.05,3,5,1.5557001263515013
57,A,0.05,3,6,1.3044544458122174
57,A,0.05,3,7,0.08339853915248382
57,A,0.05,3,8,0.4282044519388741
57,A,0.05,3,9,0.18979393921444393
57,A,0.05,4,0,-1.7932136312954903
57,A,0.05,4,1,-1.4954699687884665
57,A,0.05,4,2,-1.9257015595484555
57,A,0.05,4,3,-2.1284429693215423
57,A,0.05,4,4,-1.750603338206033
57,A,0.05,4,5,-2.6133043601717527
57,A,0.05,4,6,-0.8955199289349133
57,A,0.05,4,7,-0.5823636070727322
57,A,0.05,4,8,-0.7510908220280411
57,A,0.05,4,9,-0.4892972230576208
57,A,0.05,5,0,-0.007451793134585019
57,A,0.05,5,1,-0.035154737550747654
57,A,0.05,5,2,0.025216029535611754
57,A,0.05,5,3,-0.0005601689379444061
57,A,0.05,5,4,-0.34648916088178255
57,A,0.05,5,5,-0.022666574342546028
57,A,0.05,5,6,-0.03428204318598401
57,A,0.05,5,7,0.01730008745739412
57,A,0.05,5,8,-0.055992882451335164
57,A,0.05,5,9,-0.13821815707343876
57,A,0.05,6,0,-1.1446391507691445
57,A,0.05,6,1,-0.9186266273779965
57,A,0.05,6,2,-1.3999387806008934
57,A,0.05,6,3,-1.0624200787615892
57,A,0.05,6,4,-1.791855122795455
57,A,0.05,6,5,-1.2047971414321756
57,A,0.05,6,6,-1.0562104345828895
57,A,0.05,6,7,-1.501967892944874
57,A,0.05,6,8,-1.0017456507148874
57,A,0.05,6,9,-0.9555103735897892
57,A,0.05,7,0,-0.15791349941224106
57,A,0.05,7,1,-0.2854336607535433
57,A,0.05,7,2,-0.03499790387432936
57,A,0.05,7,3,0.05994868846448004
57,A,0.05,7,4,-0.025963333790968695
57,A,0.05,7,5,0.0024696559086388515
57,A,0.05,7,6,-0.1920567149437481
57,A,0.05,7,7,-0.08280573898525571
57,A,0.05,7,8,-0.19849132735126565
57,A,0.05,7,9,-0.03483910885785509
57,A,0.05,8,0,0.3008494681195949
57,A,0.05,8,1,0.17483895169108526
57,A,0.05,8,2,0.2648681202326248
57,A,0.05,8,3,-0.20595703911480812
57,A,0.05,8,4,0.43960371196217185
57,A,0.05,8,5,-0.1453731203530582
57,A,0.05,8,6,0.21499709676203943
57,A,0.05,8,7,0.05194197623495993
57,A,0.05,8,8,0.17561775421134032
57,A,0.05,8,9,0.5067589088289679
57,A,0.05,9,0,-0.2820276872118243
57,A,0.05,9,1,0.2869504177466993
57,A,0.05,9,2,-0.45789267084403207
57,A,0.05,9,3,-0.18361125693737076
57,A,0.05,9,4,-0.20438243584130955
57,A,0.05,9,5,-1.0992552666728512
57,A,0.05,9,6,-0.2640661602362658
57,A,0.05,9,7,-0.7783589923212101
57,A,0.05,9,8,-0.15753325742973212
57,A,0.05,9,9,-0.48266148744022397
57,B,100,0,0,-0.12869288597573753
57,B,100,0,1,0.24959818609353907
57,B,100,0,2,0.08066599799725212
57,B,100,0,3,0.1244020593452082
57,B,100,0,4,-0.05651281954188385
57,B,100,0,5,0.17248888328480594
57,B,100,0,6,-0.22440063244677377
57,B,100,0,7,0.1729688090052643
57,B,100,0,8,-0.3489122080222641
57,B,100,0,9,-0.13697306175316037
57,B,100,1,0,0.023677609026940206
57,B,100,1,1,0.1394142812296824
57,B,100,1,2,0.33242858197518166
57,B,100,1,3,0.12145051736716715
57,B,100,1,4,0.2095813737900771
57,B,100,1,5,0.26033560736891304
57,B,100,1,6,0.11809690825526267
57,B,100,1,7,0.15317677400668334
57,B,100,1,8,0.10414195120136255
57,B,100,1,9,0.15123434531976027
57,B,100,2,0,0.1725588763358166
57,B,100,2,1,0.7014333714111486
57,B,100,2,2,0.46346837173241795
57,B,100,2,3,0.8118271622911558
57,B,100,2,4,0.8550865269328253
57,B,100,2,5,0.8862619570946693
57,B,100,2,6,0.844641775091516
57,B,100,2,7,0.9491969333021837
57,B,100,2,8,0.44242392915154743
57,B,100,2,9,0.9469044475896142
57,B,100,3,0,0.07083537790701222
57,B,100,3,1,0.2514290888764515
57,B,100,3,2,0.4618943362808408
57,B,100,3,3,0.4447785537224513
57,B,100,3,4,0.13972938302704319
57,B,100,3,5,-0.06772911380315902
57,B,100,3,6,0.45884922652868254
57,B,100,3,7,0.11951068614543914
57,B,100,3,8,0.26865920215491756
57,B,100,3,9,0.42861033639454793
57,B,100,4,0,1.2280470720841206
57,B,100,4,1,1.3343594459872667
57,B,100,4,2,0.9710579578201243
57,B,100,4,3,1.3414113494260038
57,B,100,4,4,1.0725429129079072
57,B,100,4,5,1.5568120434993429
57,B,100,4,6,1.417188756111274
57,B,100,4,7,1.2731216543573125
57,B,100,4,8,0.878934201211886
57,B,100,4,9,1.3983462385582943
57,B,100,5,0,0.49424365475034376
57,B,100,5,1,0.5785425929439685
57,B,100,5,2,0.5752518588121179
57,B,100,5,3,0.47193286390736017
57,B,100,5,4,0.3929129611880731
57,B,100,5,5,0.4033561611067933
57,B,100,5,6,0.5158283216873979
57,B,100,5,7,0.6175733916953197
57,B,100,5,8,0.7797577123979758
57,B,100,5,9,0.5875297398547228
57,B,100,6,0,1.1877776934818354
57,B,100,6,1,1.2567576270822776
57,B,100,6,2,1.2253322753078035
57,B,100,6,3,0.8773938202397112
57,B,100,6,4,1.2731070428661821
57,B,100,6,5,1.3800888484335807
57,B,100,6,6,1.0842652224061387
57,B,100,6,7,1.7478233445090057
57,B,100,6,8,1.3746860462921993
57,B,100,6,9,1.5145331802664133
57,B,100,7,0,-0.47734326408084177
57,B,100,7,1,-0.5714148652916471
57,B,100,7,2,-0.6862986293574337
57,B,100,7,3,-0.2532706151342484
57,B,100,7,4,-0.23371612906125072
57,B,100,7,5,-0.10710049208694902
57,B,100,7,6,-0.49771142597077267
57,B,100,7,7,-0.3057524940588853
57,B,100,7,8,-0.43689915260197376
57,B,100,7,9,-0.43386609345621835
57,B,100,8,0,0.5332455471802573
57,B,100,8,1,0.8552783512480996
57,B,100,8,2,0.35108139477253475
57,B,100,8,3,1.7816905545664123
57,B,100,8,4,0.5394737460898396
57,B,100,8,5,0.8229236982976219
57,B,100,8,6,0.6069916794026589
57,B,100,8,7,0.6236955557062662
57,B,100,8,8,0.5957259418240823
57,B,100,8,9,1.0742950996604965
57,B,100,9,0,0.44262076346155405
57,B,100,9,1,0.2037985886107132
57,B,100,9,2,0.21002277733781805
57,B,100,9,3,0.5773804148796273
57,B,100,9,4,0.6087942288290948
57,B,100,9,5,0.5939022239007143
57,B,100,9,6,-0.5224892586750928
57,B,100,9,7,0.351854807041621
57,B,100,9,8,0.46839373275788415
57,B,100,9,9,0.5222728643713497
58,A,0.05,0,0,-0.2586286280055199
58,A,0.05,0,1,-0.24652278519573415
58,A,0.05,0,2,-0.511667940894665
58,A,0.05,0,3,-0.17267057697197324
58,A,0.05,0,4,-0.15245715821349454
58,A,0.05,0,5,0.0752424411117458
58,A,0.05,0,6,-0.3140641043184557
58,A,0.05,0,7,-0.2646610133929056
58,A,0.05,0,8,-0.3353670663643883
58,A,0.05,0,9,-0.21553593068782295
58,A,0.05,1,0,0.4059714971462778
58,A,0.05,1,1,0.2651715906483477
58,A,0.05,1,2,0.8029449971503929
58,A,0.05,1,3,0.16070017031902586
58,A,0.05,1,4,0.8087473424541634
58,A,0.05,1,5,0.9497110835085906
58,A,0.05,1,6,0.4996356515344442
58,A,0.05,1,7,0.35735701118303165
58,A,0.05,1,8,1.0105912020759598
58,A,0.05,1,9,1.0960044310170216
58,A,0.05,2,0,-0.8166913188726022
58,A,0.05,2,1,-0.14936857804344988
58,A,0.05,2,2,-0.030806494936679096
58,A,0.05,2,3,0.36289940138267246
58,A,0.05,2,4,0.375301647392115
58,A,0.05,2,5,0.4010399623755929
58,A,0.05,2,6,0.08604799989448998
58,A,0.05,2,7,-0.09910883457463983
58,A,0.05,2,8,-0.2995693257355341
58,A,0.05,2,9,-0.11668884658876828
58,A,0.05,3,0,0.0029869358540459265
58,A,0.05,3,1,-0.3036201298656577
58,A,0.05,3,2,0.030170221353645114
58,A,0.05,3,3,0.19760689538700416
58,A,0.05,3,4,0.12795976992378155
58,A,0.05,3,5,-0.233885884959893
58,A,0.05,3,6,-0.2689210701734402
58,A,0.05,3,7,0.0956076535191691
58,A,0.05,3,8,0.06568887594417581
58,A,0.05,3,9,-0.11003032490679372
58,A,0.05,4,0,0.6766698639913985
58,A,0.05,4,1,0.022878338645206983
58,A,0.05,4,2,0.29553112556563926
58,A,0.05,4,3,0.9443793925411157
58,A,0.05,4,4,0.10980252699455674
58,A,0.05,4,5,-0.10799841651145722
58,A,0.05,4,6,0.9867234214423312
58,A,0.05,4,7,0.9216968902557839
58,A,0.05,4,8,0.28899094602332803
58,A,0.05,4,9,0.7053673081723005
58,A,0.05,5,0,0.45220181236497126
58,A,0.05,5,1,-0.013104951450482787
58,A,0.05,5,2,0.558392218270349
58,A,0.05,5,3,0.6171925522786814
58,A,0.05,5,4,0.6749151617166804
58,A,0.05,5,5,0.7405226851198623
58,A,0.05,5,6,0.4791569293047839
58,A,0.05,5,7,0.5324093686285641
58,A,0.05,5,8,0.5023213133148668
58,A,0.05,5,9,0.44948889054471924
58,A,0.05,6,0,0.06779462411556514
58,A,0.05,6,1,0.15775468145400537
58,A,0.05,6,2,0.49327811036135527
58,A,0.05,6,3,0.5339283958733397
58,A,0.05,6,4,0.43043409284480194
58,A,0.05,6,5,0.655002981451878
58,A,0.05,6,6,1.429150882265086
58,A,0.05,6,7,1.3297859473576235
58,A,0.05,6,8,0.9271528330048368
58,A,0.05,6,9,0.5068913537062966
58,A,0.05,7,0,3.4045801350064586
58,A,0.05,7,1,3.4857203489771016
58,A,0.05,7,2,3.817284617947521
58,A,0.05,7,3,3.2646436735858244
58,A,0.05,7,4,3.4501707386303604
58,A,0.05,7,5,4.271673470763663
58,A,0.05,7,6,4.248281679867539
58,A,0.05,7,7,3.667973212179502
58,A,0.05,7,8,4.082487873068746
58,A,0.05,7,9,3.725364847183863
58,A,0.05,8,0,-2.0582081988499388
58,A,0.05,8,1,-2.1652041046776755
58,A,0.05,8,2,-2.443463101203437
58,A,0.05,8,3,-1.8732430615984688
58,A,0.05,8,4,-1.9163679988717375
58,A,0.05,8,5,-2.070102783206236
58,A,0.05,8,6,-2.084046048481522
58,A,0.05,8,7,-2.1058335353366973
58,A,0.05,8,8,-1.8893616751554738
58,A,0.05,8,9,-2.0704550428915125
58,A,0.05,9,0,1.0109528402169903
58,A,0.05,9,1,1.2971116670725957
58,A,0.05,9,2,0.6527476043040733
58,A,0.05,9,3,1.7501584410762328
58,A,0.05,9,4,1.167195750782262
58,A,0.05,9,5,1.133599857381832
58,A,0.05,9,6,0.5119579561554489
58,A,0.05,9,7,0.420943066758364
58,A,0.05,9,8,1.0889392523019248
58,A,0.05,9,9,0.8897341624859468
58,B,100,0,0,0.5291126222383516
58,B,100,0,1,0.774072881350886
58,B,100,0,2,0.4484685468418283
58,B,100,0,3,0.7310714425301148
58,B,100,0,4,0.8153354026666549
58,B,100,0,5,0.6236259184523902
58,B,100,0,6,0.7093610742954105
58,B,100,0,7,-0.00822152889254446
58,B,100,0,8,0.5905624771066109
58,B,100,0,9,-0.033099142000904615
58,B,100,1,0,-0.21306735242136843
58,B,100,1,1,-0.39029709820831676
58,B,100,1,2,-0.3015582383717211
58,B,100,1,3,-0.3266162220668074
58,B,100,1,4,-0.6700430588453171
58,B,100,1,5,-0.36196862670160623
58,B,100,1,6,-0.24541548358261575
58,B,100,1,7,-0.301440097733135
58,B,100,1,8,-0.5920060876789739
58,B,100,1,9,-0.27989030249577895
58,B,100,2,0,-1.985606474287873
58,B,100,2,1,-0.5257283630647382
58,B,100,2,2,-1.3578371075656281
58,B,100,2,3,-1.3194689703775524
58,B,100,2,4,-0.1987027065523582
58,B,100,2,5,-0.38221113146465624
58,B,100,2,6,-1.3371830865624896
58,B,100,2,7,-1.5515185474949864
58,B,100,2,8,-1.6801488574345502
58,B,100,2,9,-0.6390946183654364
58,B,100,3,0,-0.07194176033691882
58,B,100,3,1,0.047444149401039276
58,B,100,3,2,0.16494461752678244
58,B,100,3,3,0.14318389023734784
58,B,100,3,4,0.13977238445122966
58,B,100,3,5,0.04111943036098637
58,B,100,3,6,0.2458526235744842
58,B,100,3,7,0.10848104355349156
58,B,100,3,8,-0.1881812159088446
58,B,100,3,9,0.06808608641440647
58,B,100,4,0,-0.20131096579211735
58,B,100,4,1,-0.38031688194018104
58,B,100,4,2,-0.14238784758030776
58,B,100,4,3,-0.34800702320611415
58,B,100,4,4,-0.018538783317469443
58,B,100,4,5,-0.06832774188379612
58,B,100,4,6,0.17715459904993353
58,B,100,4,7,-0.8402837625620301
58,B,100,4,8,0.19649591786789214
58,B,100,4,9,0.01308122320802816
58,B,100,5,0,1.5165772683171315
58,B,100,5,1,1.4091480494882294
58,B,100,5,2,1.5570986827704376
58,B,100,5,3,1.5618356681839205
58,B,100,5,4,0.5099254009886212
58,B,100,5,5,1.5281764979464307
58,B,100,5,6,1.2676983164267124
58,B,100,5,7,1.6512468692049742
58,B,100,5,8,1.02017936291236
58,B,100,5,9,1.524800636950214
58,B,100,6,0,0.9636775225913515
58,B,100,6,1,1.4889750172911695
58,B,100,6,2,1.337564679505052
58,B,100,6,3,1.199458803507227
58,B,100,6,4,0.9866489687021128
58,B,100,6,5,1.4661466776766008
58,B,100,6,6,0.651278220176596
58,B,100,6,7,1.816835227317713
58,B,100,6,8,1.543818913841167
58,B,100,6,9,1.0693272808369385
58,B,100,7,0,0.35195052949880995
58,B,100,7,1,0.3931359950376098
58,B,100,7,2,0.30896322774005724
58,B,100,7,3,0.03813621874951194
58,B,100,7,4,0.4127456096443889
58,B,100,7,5,0.05990058052608316
58,B,100,7,6,0.3103483259317697
58,B,100,7,7,0.11701044957630038
58,B,100,7,8,0.3966115505307232
58,B,100,7,9,0.21009602160151472
58,B,100,8,0,0.0037916805415882243
58,B,100,8,1,0.48264391530526396
58,B,100,8,2,0.5028470405149587
58,B,100,8,3,0.590339720257373
58,B,100,8,4,0.6948305174460179
58,B,100,8,5,0.6960112011340838
58,B,100,8,6,0.2382428246266516
58,B,100,8,7,0.3885663268629007
58,B,100,8,8,0.5987266226878477
58,B,100,8,9,0.5709010758387016
58,B,100,9,0,0.9682451794594721
58,B,100,9,1,0.9313205928194112
58,B,100,9,2,1.442592225061676
58,B,100,9,3,1.31616061354227
58,B,100,9,4,1.1201194694173973
58,B,100,9,5,1.0905532600050483
58,B,100,9,6,1.0753837362315808
58,B,100,9,7,0.6887175965392437
58,B,100,9,8,0.9806258167912992
58,B,100,9,9,0.8737790767524911
59,A,0.05,0,0,0.24530306235586452
59,A,0.05,0,1,-0.07285629951917867
59,A,0.05,0,2,0.16746204087108077
59,A,0.05,0,3,-0.12047911250734147
59,A,0.05,0,4,0.007755425445452373
59,A,0.05,0,5,0.2879805694036588
59,A,0.05,0,6,-0.0223317398650077
59,A,0.05,0,7,-0.024711693974516585
59,A,0.05,0,8,0.05871242766020775
59,A,0.05,0,9,0.38229886429274207
59,A,0.05,1,0,-1.2773522431117372
59,A,0.05,1,1,-1.4824907160727043
59,A,0.05,1,2,-1.5711343792639167
59,A,0.05,1,3,-1.5097855772503568
59,A,0.05,1,4,-1.609205195369029
59,A,0.05,1,5,-1.3662815010138698
59,A,0.05,1,6,-0.5967424846287952
59,A,0.05,1,7,-0.7309269274512844
59,A,0.05,1,8,-1.6263076734419821
59,A,0.05,1,9,-0.5300587484100897
59,A,0.05,2,0,0.901581912549997
59,A,0.05,2,1,1.47756660402372
59,A,0.05,2,2,1.1042557363567436
59,A,0.05,2,3,0.1636042273431943
59,A,0.05,2,4,0.059185693685764186
59,A,0.05,2,5,0.662805270089574
59,A,0.05,2,6,1.3365276023892088
59,A,0.05,2,7,0.11525533088844671
59,A,0.05,2,8,0.9850814609692086
59,A,0.05,2,9,0.5847806068337498
59,A,0.05,3,0,0.30500189361056396
59,A,0.05,3,1,0.032171041446907515
59,A,0.05,3,2,-0.0790209395545406
59,A,0.05,3,3,0.2568056498663021
59,A,0.05,3,4,0.08881488253089094
59,A,0.05,3,5,0.18698721475764038
59,A,0.05,3,6,0.4275150123542392
59,A,0.05,3,7,-0.41839514402627004
59,A,0.05,3,8,0.4144442762651287
59,A,0.05,3,9,-0.11288380539990403
59,A,0.05,4,0,1.9762133810030165
59,A,0.05,4,1,2.691047982628818
59,A,0.05,4,2,2.509251203513175
59,A,0.05,4,3,3.031605860118234
59,A,0.05,4,4,2.4324421090214856
59,A,0.05,4,5,2.3138348138931804
59,A,0.05,4,6,2.717712134775136
59,A,0.05,4,7,2.5327187086386025
59,A,0.05,4,8,1.8046002843751416
59,A,0.05,4,9,3.0580983881619614
59,A,0.05,5,0,1.2031180144273268
59,A,0.05,5,1,1.0837316110988868
59,A,0.05,5,2,1.325463709545332
59,A,0.05,5,3,0.9507168823456043
59,A,0.05,5,4,1.2923248029055974
59,A,0.05,5,5,1.5058700576589328
59,A,0.05,5,6,1.4834166964249254
59,A,0.05,5,7,1.4591375321546718
59,A,0.05,5,8,1.5738021405782219
59,A,0.05,5,9,0.7407739359532518
59,A,0.05,6,0,-0.20148215289812008
59,A,0.05,6,1,-0.4467182911496067
59,A,0.05,6,2,-0.47523853963882
59,A,0.05,6,3,-0.6114073248911429
59,A,0.05,6,4,-0.16855330543398264
59,A,0.05,6,5,-0.10625616177443932
59,A,0.05,6,6,-0.6166716522928125
59,A,0.05,6,7,-0.5061800895681925
59,A,0.05,6,8,-0.4879625428246611
59,A,0.05,6,9,-0.6102510187559728
59,A,0.05,7,0,-0.32351443511413797
59,A,0.05,7,1,-0.49129051545461505
59,A,0.05,7,2,-0.25558502502309527
59,A,0.05,7,3,-0.43590859288444883
59,A,0.05,7,4,-0.512348948735233
59,A,0.05,7,5,-0.2187824790803947
59,A,0.05,7,6,0.00555584116164429
59,A,0.05,7,7,-0.5958732253133971
59,A,0.05,7,8,0.29791072056963175
59,A,0.05,7,9,-0.2837077376903702
59,A,0.05,8,0,-0.061000080462316364
59,A,0.05,8,1,-0.3420104465241786
59,A,0.05,8,2,0.03272499635485985
59,A,0.05,8,3,-0.03670581979574155
59,A,0.05,8,4,-0.01613538474875744
59,A,0.05,8,5,-0.1337141507431963
59,A,0.05,8,6,-0.11047670294612828
59,A,0.05,8,7,0.03065702572898723
59,A,0.05,8,8,0.011060432487070287
59,A,0.05,8,9,-0.034993456948421445
59,A,0.05,9,0,-0.504490414626783
59,A,0.05,9,1,-0.6439804318203247
59,A,0.05,9,2,-1.1934348048529433
59,A,0.05,9,3,-0.6190730324767556
59,A,0.05,9,4,-1.0811241241715082
59,A,0.05,9,5,-1.4597429366015775
59,A,0.05,9,6,-0.8103452309866177
59,A,0.05,9,7,-0.7824015314051391
59,A,0.05,9,8,-1.0158066672551174
59,A,0.05,9,9,-1.0500497643117659
59,B,100,0,0,-0.40857139301334533
59,B,100,0,1,-0.5675308116585887
59,B,100,0,2,-0.4030728411973799
59,B,100,0,3,-0.2605658615833809
59,B,100,0,4,-0.18449240688979754
59,B,100,0,5,-0.31110945907097104
59,B,100,0,6,-0.19552836592606757
59,B,100,0,7,-0.07257346436309642
59,B,100,0,8,-0.4742762133241316
59,B,100,0,9,-0.36526276855029166
59,B,100,1,0,-1.082132173240878
59,B,100,1,1,-1.812030010754744
59,B,100,1,2,-0.2857644353831499
59,B,100,1,3,-0.6256539310467296
59,B,100,1,4,-0.1451034752261799
59,B,100,1,5,-0.07051886654996464
59,B,100,1,6,0.39360886502641385
59,B,100,1,7,-0.16621543605300312
59,B,100,1,8,-0.2146056769178539
59,B,100,1,9,-1.15979513641828
59,B,100,2,0,-1.0432237968014428
59,B,100,2,1,-0.952061402659041
59,B,100,2,2,-0.7647292815925425
59,B,100,2,3,-0.8550123915274893
59,B,100,2,4,-1.077435642958006
59,B,100,2,5,-1.0386063000842125
59,B,100,2,6,-0.7915038173145338
59,B,100,2,7,-1.403692015589998
59,B,100,2,8,-1.1171630588387158
59,B,100,2,9,-0.7728958505377467
59,B,100,3,0,2.961480516840209
59,B,100,3,1,2.676188209634073
59,B,100,3,2,2.7402980735886024
59,B,100,3,3,2.7507046576639254
59,B,100,3,4,2.860132375620002
59,B,100,3,5,3.3105630875967216
59,B,100,3,6,3.114163295214295
59,B,100,3,7,2.797982074863122
59,B,100,3,8,2.944501439749383
59,B,100,3,9,2.934197264901452
59,B,100,4,0,0.5411705521049863
59,B,100,4,1,0.5899034653255399
59,B,100,4,2,0.49991675729353857
59,B,100,4,3,0.4573368720783556
59,B,100,4,4,0.37973711065441573
59,B,100,4,5,0.670327882131576
59,B,100,4,6,0.4726874807479195
59,B,100,4,7,0.611441174511979
59,B,100,4,8,0.4845644786062002
59,B,100,4,9,0.4923390164864224
59,B,100,5,0,-0.011879587385467223
59,B,100,5,1,0.1154625890058188
59,B,100,5,2,-0.01118593178359361
59,B,100,5,3,-0.03151176569958659
59,B,100,5,4,-0.005177429773226212
59,B,100,5,5,0.09724702441803923
59,B,100,5,6,0.13418285365021393
59,B,100,5,7,0.046901147436349155
59,B,100,5,8,0.1272210617562551
59,B,100,5,9,0.015531433800579544
59,B,100,6,0,-1.932219425108945
59,B,100,6,1,-1.7572698591191431
59,B,100,6,2,-2.0721055588798936
59,B,100,6,3,-1.7004596495165043
59,B,100,6,4,-1.9773923201738695
59,B,100,6,5,-1.8333212337363842
59,B,100,6,6,-1.6209115506787872
59,B,100,6,7,-1.702699150144403
59,B,100,6,8,-2.2273917865236674
59,B,100,6,9,-2.2228422436476873
59,B,100,7,0,0.08014821610241112
59,B,100,7,1,0.3232708822953125
59,B,100,7,2,0.2692021415170617
59,B,100,7,3,0.21179711041254706
59,B,100,7,4,0.27353851429683584
59,B,100,7,5,0.2554423470729237
59,B,100,7,6,0.5269944303832041
59,B,100,7,7,0.31572094021698455
59,B,100,7,8,0.14206189676376332
59,B,100,7,9,0.3448825143982646
59,B,100,8,0,-0.5031643478273028
59,B,100,8,1,-0.7095904101615285
59,B,100,8,2,-0.702217318827881
59,B,100,8,3,-0.42727946990588633
59,B,100,8,4,-0.6131830271073301
59,B,100,8,5,-0.8321243988095985
59,B,100,8,6,-0.6405065056368339
59,B,100,8,7,-0.5369544119481745
59,B,100,8,8,-0.612307265500895
59,B,100,8,9,-0.5671445766312665
59,B,100,9,0,-0.24937734925609206
59,B,100,9,1,-0.026766572758820908
59,B,100,9,2,-0.1711251406644802
59,B,100,9,3,0.018190800213426447
59,B,100,9,4,0.09397778049705165
59,B,100,9,5,-0.03197316888221166
59,B,100,9,6,-0.05486065470684005
59,B,100,9,7,-0.5130744301596991
59,B,100,9,8,0.03909381074086175
59,B,100,9,9,-0.24937235306371913
60,A,0.05,0,0,-0.23932051696845313
60,A,0.05,0,1,-0.3290043244407922
60,A,0.05,0,2,-0.263678005618876
60,A,0.05,0,3,-0.16104666722145344
60,A,0.05,0,4,-0.7579902498400062
60,A,0.05,0,5,-0.3273547249175684
60,A,0.05,0,6,-0.3278490876030777
60,A,0.05,0,7,0.08732745077411935
60,A,0.05,0,8,0.1565149967108541
60,A,0.05,0,9,-0.006649888444223663
60,A,0.05,1,0,0.8839121354813001
60,A,0.05,1,1,0.6851394680599544
60,A,0.05,1,2,0.05785063979162171
60,A,0.05,1,3,0.6422842267588766
60,A,0.05,1,4,-0.040623696622044535
60,A,0.05,1,5,0.8535357636040782
60,A,0.05,1,6,1.0372164807200663
60,A,0.05,1,7,0.5684781070074904
60,A,0.05,1,8,0.8131309000397624
60,A,0.05,1,9,1.3148173382661956
60,A,0.05,2,0,-0.525051201782367
60,A,0.05,2,1,-0.478242065581668
60,A,0.05,2,2,0.18313015611505915
60,A,0.05,2,3,-0.17269751884791976
60,A,0.05,2,4,-0.573499430193306
60,A,0.05,2,5,-0.298654494292224
60,A,0.05,2,6,-0.8231998323407685
60,A,0.05,2,7,-0.29538229804795874
60,A,0.05,2,8,-0.4778898467528159
60,A,0.05,2,9,-0.5264016124931885
60,A,0.05,3,0,-0.6777349340862687
60,A,0.05,3,1,-0.6072225823813143
60,A,0.05,3,2,-0.3185970014997678
60,A,0.05,3,3,0.16256208292791838
60,A,0.05,3,4,0.2891178081540719
60,A,0.05,3,5,0.23428147761195836
60,A,0.05,3,6,0.039007258450994405
60,A,0.05,3,7,-0.4722058318837757
60,A,0.05,3,8,-0.45435483595220627
60,A,0.05,3,9,-0.18423727207556762
60,A,0.05,4,0,-0.06219797966859311
60,A,0.05,4,1,-0.12975797208018192
60,A,0.05,4,2,-0.07098864714331424
60,A,0.05,4,3,0.07807377836065604
60,A,0.05,4,4,0.05989826846820485
60,A,0.05,4,5,-0.022434646736399527
60,A,0.05,4,6,0.021180051708462357
60,A,0.05,4,7,-0.09058040591862655
60,A,0.05,4,8,0.14413800494398502
60,A,0.05,4,9,-0.013356796883729115
60,A,0.05,5,0,0.4844347688112387
60,A,0.05,5,1,1.091201927610809
60,A,0.05,5,2,0.5993637187766059
60,A,0.05,5,3,0.2164270134267149
60,A,0.05,5,4,0.363837568584275
60,A,0.05,5,5,0.19872847856434578
60,A,0.05,5,6,0.5391435247159672
60,A,0.05,5,7,0.6450487882361596
60,A,0.05,5,8,0.6148651894615755
60,A,0.05,5,9,0.18858677288047568
60,A,0.05,6,0,1.7644986981055157
60,A,0.05,6,1,0.8722667548713632
60,A,0.05,6,2,2.510361123282787
60,A,0.05,6,3,2.0861855651806986
60,A,0.05,6,4,2.0680786351332494
60,A,0.05,6,5,2.4851121215590677
60,A,0.05,6,6,2.153227918258353
60,A,0.05,6,7,1.5288479797640933
60,A,0.05,6,8,3.123714586769728
60,A,0.05,6,9,2.4471818154683103
60,A,0.05,7,0,0.5502973668192866
60,A,0.05,7,1,0.911351823567003
60,A,0.05,7,2,0.46620473913697263
60,A,0.05,7,3,0.04189422628748448
60,A,0.05,7,4,0.4318709739614058
60,A,0.05,7,5,-0.0033389656625723713
60,A,0.05,7,6,0.3331699377239754
60,A,0.05,7,7,0.7646174544560179
60,A,0.05,7,8,0.4326500294969572
60,A,0.05,7,9,0.7291220769778334
60,A,0.05,8,0,-0.4304559891920232
60,A,0.05,8,1,-0.6550699282029729
60,A,0.05,8,2,-0.8316347236466742
60,A,0.05,8,3,-0.7601354302165505
60,A,0.05,8,4,-1.031116701084605
60,A,0.05,8,5,-0.859585148624695
60,A,0.05,8,6,-0.9570742188796113
60,A,0.05,8,7,-1.038206632061114
60,A,0.05,8,8,-0.8832108380321486
60,A,0.05,8,9,-0.056987983158292926
60,A,0.05,9,0,0.16860357096447734
60,A,0.05,9,1,0.07736711126994561
60,A,0.05,9,2,0.0046227761392429335
60,A,0.05,9,3,0.006390566535419849
60,A,0.05,9,4,-0.12863213517406574
60,A,0.05,9,5,0.0987251843079293
60,A,0.05,9,6,0.0019839293818456247
60,A,0.05,9,7,-0.011507004296583996
60,A,0.05,9,8,0.04791259512631128
60,A,0.05,9,9,0.10837157671721276
60,B,100,0,0,-1.2461064888998408
60,B,100,0,1,-1.1749812433696383
60,B,100,0,2,-0.8672100761107381
60,B,100,0,3,-0.4928925787498047
60,B,100,0,4,-0.3514270659609
60,B,100,0,5,-0.6130373174799154
60,B,100,0,6,-0.4267209278617689
60,B,100,0,7,-0.49237468410175433
60,B,100,0,8,-0.7786114575188295
60,B,100,0,9,-0.20570194980896436
60,B,100,1,0,-0.1389141648290895
60,B,100,1,1,0.3863682222350897
60,B,100,1,2,-0.47965357230794853
60,B,100,1,3,0.618055474397921
60,B,100,1,4,0.46533679018047774
60,B,100,1,5,0.22200762140638128
60,B,100,1,6,0.15949474558241974
60,B,100,1,7,-0.23868371765517585
60,B,100,1,8,0.4775410157237222
60,B,100,1,9,0.844924544525353
60,B,100,2,0,0.24141177108996753
60,B,100,2,1,0.009051598123712689
60,B,100,2,2,-0.47227405322580646
60,B,100,2,3,0.14440170386888365
60,B,100,2,4,0.08412327813662408
60,B,100,2,5,-0.5117308666861188
60,B,100,2,6,-0.2760581496305236
60,B,100,2,7,-0.09904819649360229
60,B,100,2,8,0.24827962657501632
60,B,100,2,9,0.061051046739592496
60,B,100,3,0,0.22645573398106333
60,B,100,3,1,0.11390068407872572
60,B,100,3,2,-0.020296503585910824
60,B,100,3,3,-0.011988841059598876
60,B,100,3,4,0.09541633776669851
60,B,100,3,5,-0.09497449509199916
60,B,100,3,6,0.10120276832934803
60,B,100,3,7,0.24636217485312095
60,B,100,3,8,0.2815261914080092
60,B,100,3,9,-0.04557494477772201
60,B,100,4,0,-1.8234080635063101
60,B,100,4,1,-1.461231191237105
60,B,100,4,2,-1.2616540703014134
60,B,100,4,3,-1.7683420069429652
60,B,100,4,4,-1.3940230429103344
60,B,100,4,5,-1.5465677975584626
60,B,100,4,6,-1.6175408907442115
60,B,100,4,7,-1.0215708604385796
60,B,100,4,8,-1.4646623630958773
60,B,100,4,9,-1.235685095065099
60,B,100,5,0,-1.186204155694804
60,B,100,5,1,-0.46155813408562435
60,B,100,5,2,-0.6679380598933142
60,B,100,5,3,-1.140050818602235
60,B,100,5,4,-0.7129748550306032
60,B,100,5,5,-0.20507329781084982
60,B,100,5,6,-0.49959612453663715
60,B,100,5,7,-1.0693915163492478
60,B,100,5,8,-0.10091992178137286
60,B,100,5,9,-0.24716108080998128
60,B,100,6,0,1.3230199800080131
60,B,100,6,1,0.5802550463909791
60,B,100,6,2,0.9967507976649504
60,B,100,6,3,0.8727849863469256
60,B,100,6,4,0.876710427158814
60,B,100,6,5,1.289513749827165
60,B,100,6,6,1.258107020035121
60,B,100,6,7,1.306072568615818
60,B,100,6,8,1.2985682868298176
60,B,100,6,9,0.6746794732504015
60,B,100,7,0,1.3438693609018078
60,B,100,7,1,-0.026204935648125906
60,B,100,7,2,0.043665788387196
60,B,100,7,3,1.3195346842323867
60,B,100,7,4,0.7864253217673096
60,B,100,7,5,0.1065961320673334
60,B,100,7,6,0.08481152262886933
60,B,100,7,7,0.020627108890416204
60,B,100,7,8,0.052424424160077844
60,B,100,7,9,0.18939663622690023
60,B,100,8,0,-0.5622380237048867
60,B,100,8,1,-0.49259975703076625
60,B,100,8,2,0.16608634333352346
60,B,100,8,3,-0.4261936529698303
60,B,100,8,4,-0.537026738634474
60,B,100,8,5,-0.43085480997416753
60,B,100,8,6,-0.8136266283654926
60,B,100,8,7,-0.609156603803717
60,B,100,8,8,-0.5367172098456785
60,B,100,8,9,-0.6286891718601003
60,B,100,9,0,-0.1358670660294437
60,B,100,9,1,-0.466392196303039
60,B,100,9,2,-0.2827678714302115
60,B,100,9,3,-0.25081978759878953
60,B,100,9,4,-1.146589195402271
60,B,100,9,5,-0.9938999793770096
60,B,100,9,6,-0.8367053776199772
60,B,100,9,7,0.2180062010939516
60,B,100,9,8,-1.2182102913687145
60,B,100,9,9,-0.16698135391342017
61,A,0.05,0,0,-1.055424265635897
61,A,0.05,0,1,-1.2686026668705666
61,A,0.05,0,2,-1.6111679736412277
61,A,0.05,0,3,-1.3138857463790679
61,A,0.05,0,4,-1.11671635164019
61,A,0.05,0,5,-1.5767732698769297
61,A,0.05,0,6,-1.53444564488057
61,A,0.05,0,7,-1.6412878356327663
61,A,0.05,0,8,-1.6347514588048944
61,A,0.05,0,9,-1.3694697005096328
61,A,0.05,1,0,-0.25649039958606834
61,A,0.05,1,1,-0.058343682915706616
61,A,0.05,1,2,-0.2784907571078677
61,A,0.05,1,3,0.1090796168884107
61,A,0.05,1,4,-0.23886559657523332
61,A,0.05,1,5,-0.14229142074989465
61,A,0.05,1,6,-0.06792490296897075
61,A,0.05,1,7,-0.0005292809335386514
61,A,0.05,1,8,0.3055923143048352
61,A,0.05,1,9,0.06936068712157423
61,A,0.05,2,0,0.023171297284823863
61,A,0.05,2,1,0.16334322207878524
61,A,0.05,2,2,0.19864777130229336
61,A,0.05,2,3,0.26532497746034045
61,A,0.05,2,4,0.24525806450762438
61,A,0.05,2,5,0.2177926974135004
61,A,0.05,2,6,0.1525214475268937
61,A,0.05,2,7,0.42630804914443554
61,A,0.05,2,8,0.16791238029840572
61,A,0.05,2,9,0.31191483031217415
61,A,0.05,3,0,0.03560471612493947
61,A,0.05,3,1,0.08940739986458247
61,A,0.05,3,2,0.025376634183195072
61,A,0.05,3,3,0.28338873656000935
61,A,0.05,3,4,0.2697275310457884
61,A,0.05,3,5,0.2056329835432631
61,A,0.05,3,6,0.3925893557867349
61,A,0.05,3,7,0.4114059942813668
61,A,0.05,3,8,0.37767488622800666
61,A,0.05,3,9,0.37361829540995495
61,A,0.05,4,0,-0.2474715083327689
61,A,0.05,4,1,-0.24563498564672906
61,A,0.05,4,2,0.07510338603085864
61,A,0.05,4,3,-0.6890519047497567
61,A,0.05,4,4,-0.4743559155853669
61,A,0.05,4,5,-0.8409310346445218
61,A,0.05,4,6,-0.3395693039617189
61,A,0.05,4,7,-0.3682742102398304
61,A,0.05,4,8,-0.21457246490810086
61,A,0.05,4,9,-0.35241925795342804
61,A,0.05,5,0,-0.5138614765257439
61,A,0.05,5,1,-1.0282245369511862
61,A,0.05,5,2,-1.3822935243908183
61,A,0.05,5,3,-0.8993321584101917
61,A,0.05,5,4,-1.0924219202890866
61,A,0.05,5,5,-0.5675980937863819
61,A,0.05,5,6,-0.9783321598670834
61,A,0.05,5,7,-1.2138147982418586
61,A,0.05,5,8,-0.3562141464487076
61,A,0.05,5,9,-1.2182409739368627
61,A,0.05,6,0,-3.780275074428299
61,A,0.05,6,1,-2.6282153567731976
61,A,0.05,6,2,-2.516400289272366
61,A,0.05,6,3,-3.7297927299040223
61,A,0.05,6,4,-3.9398619695076227
61,A,0.05,6,5,-3.2497342984351385
61,A,0.05,6,6,-2.2900788305501814
61,A,0.05,6,7,-2.5492861084841416
61,A,0.05,6,8,-3.967076862486775
61,A,0.05,6,9,-2.7823697342615046
61,A,0.05,7,0,-0.3902468726938658
61,A,0.05,7,1,-0.3408704319395521
61,A,0.05,7,2,-0.6581811802585344
61,A,0.05,7,3,-0.2901188947769889
61,A,0.05,7,4,-0.4367760501518721
61,A,0.05,7,5,-0.48626902126627847
61,A,0.05,7,6,-0.6075965947460179
61,A,0.05,7,7,-0.06963109248572094
61,A,0.05,7,8,-0.011173084963014387
61,A,0.05,7,9,-0.37073442908995563
61,A,0.05,8,0,-0.179586326199006
61,A,0.05,8,1,-0.12844067887419564
61,A,0.05,8,2,-0.11371000694134788
61,A,0.05,8,3,-0.12610615054623783
61,A,0.05,8,4,-0.5723428341238747
61,A,0.05,8,5,-0.09789640069038587
61,A,0.05,8,6,-0.4581404422902626
61,A,0.05,8,7,-0.5407776252372214
61,A,0.05,8,8,-0.3638627021642764
61,A,0.05,8,9,-0.0899270616123872
61,A,0.05,9,0,0.07780589081149036
61,A,0.05,9,1,-0.16653645669734227
61,A,0.05,9,2,0.23100829176995552
61,A,0.05,9,3,0.07112110031312968
61,A,0.05,9,4,0.3284515296787253
61,A,0.05,9,5,0.050131919581051135
61,A,0.05,9,6,0.473866533130612
61,A,0.05,9,7,0.2617146140014201
61,A,0.05,9,8,0.3417427964467703
61,A,0.05,9,9,0.5038101556130078
61,B,100,0,0,-0.02585158336073967
61,B,100,0,1,-0.03799147216286699
61,B,100,0,2,0.11822720747417899
61,B,100,0,3,0.5597696541325231
61,B,100,0,4,0.12504673773463268
61,B,100,0,5,0.05129618687788784
61,B,100,0,6,-0.005001265794370326
61,B,100,0,7,0.04185408117027523
61,B,100,0,8,0.8768631327810619
61,B,100,0,9,-0.002692051659405892
61,B,100,1,0,-0.5058575455542945
61,B,100,1,1,-0.10035178066780504
61,B,100,1,2,-0.21040804681917533
61,B,100,1,3,-0.16483871773588496
61,B,100,1,4,-0.47826099171438546
61,B,100,1,5,0.027204677409722197
61,B,100,1,6,-0.08468732838699797
61,B,100,1,7,-0.14866629829971192
61,B,100,1,8,0.001275022038702256
61,B,100,1,9,-0.14328956355295108
61,B,100,2,0,-0.200981229667106
61,B,100,2,1,0.2846856986388558
61,B,100,2,2,0.011771791525576773
61,B,100,2,3,0.12269295934019628
61,B,100,2,4,-0.16252061795738898
61,B,100,2,5,0.1506712879664959
61,B,100,2,6,0.07205193187033877
61,B,100,2,7,0.012849478613989608
61,B,100,2,8,-0.060830684041807165
61,B,100,2,9,-0.2890904538474208
61,B,100,3,0,-0.05175163552853984
61,B,100,3,1,-0.05371080522964616
61,B,100,3,2,-0.12101507255084082
61,B,100,3,3,-0.007659847723185752
61,B,100,3,4,0.011500054640373738
61,B,100,3,5,-0.04220750669623124
61,B,100,3,6,0.028723102413561272
61,B,100,3,7,-0.2144629546878997
61,B,100,3,8,-0.02865383017746228
61,B,100,3,9,-0.046962279710546145
61,B,100,4,0,-1.7599252629235866
61,B,100,4,1,-1.6912374869202877
61,B,100,4,2,-1.417443452841022
61,B,100,4,3,-1.500424431888483
61,B,100,4,4,-1.4470067480616047
61,B,100,4,5,-1.3998319529255503
61,B,100,4,6,-1.4663639172593521
61,B,100,4,7,-1.4110047455372707
61,B,100,4,8,-1.1982045856692825
61,B,100,4,9,-1.7066661358719426
61,B,100,5,0,0.89368095041408
61,B,100,5,1,0.8028916904369722
61,B,100,5,2,0.9107068361451534
61,B,100,5,3,1.4382771778590435
61,B,100,5,4,0.6835199226664492
61,B,100,5,5,1.2085659796693047
61,B,100,5,6,0.935604053380479
61,B,100,5,7,1.2530575696067467
61,B,100,5,8,0.8641365543170298
61,B,100,5,9,1.7869753914916782
61,B,100,6,0,0.16453806592602332
61,B,100,6,1,0.36243699561927106
61,B,100,6,2,0.23780883957036653
61,B,100,6,3,0.09866172987455905
61,B,100,6,4,0.8792763763929466
61,B,100,6,5,-0.14235690311278656
61,B,100,6,6,-0.08473807149549466
61,B,100,6,7,0.22516975007293885
61,B,100,6,8,-0.20773033894532425
61,B,100,6,9,-0.27287308460488224
61,B,100,7,0,0.8997766260940893
61,B,100,7,1,0.5593470091733442
61,B,100,7,2,0.03830218784008249
61,B,100,7,3,0.2619449075400872
61,B,100,7,4,0.30611128611236815
61,B,100,7,5,1.3513578993309836
61,B,100,7,6,0.342862452163254
61,B,100,7,7,0.22454895226002916
61,B,100,7,8,0.28452721786961627
61,B,100,7,9,0.2921513006692373
61,B,100,8,0,0.14067142257492926
61,B,100,8,1,0.0817719401895976
61,B,100,8,2,0.09794239362981397
61,B,100,8,3,0.02128312248968269
61,B,100,8,4,0.11678969011663684
61,B,100,8,5,-0.06827783292725685
61,B,100,8,6,-0.1331767137246029
61,B,100,8,7,-0.19539396241162937
61,B,100,8,8,0.34845121035344473
61,B,100,8,9,0.12115680661040377
61,B,100,9,0,0.7135327577422982
61,B,100,9,1,0.21930315914522536
61,B,100,9,2,0.1784080371283917
61,B,100,9,3,-0.028440019497874634
61,B,100,9,4,0.6680476606045898
61,B,100,9,5,0.20932706064565462
61,B,100,9,6,0.06739388936224654
61,B,100,9,7,0.16594649069893747
61,B,100,9,8,-0.020337034278838893
61,B,100,9,9,0.014208659947058751
62,A,0.05,0,0,1.4950711483139487
62,A,0.05,0,1,1.3510017489430801
62,A,0.05,0,2,1.021337101157634
62,A,0.05,0,3,0.9616576213210934
62,A,0.05,0,4,1.3326770002507986
62,A,0.05,0,5,1.1973496536814632
62,A,0.05,0,6,0.8428361797808692
62,A,0.05,0,7,1.0473281213041878
62,A,0.05,0,8,0.8540235328689147
62,A,0.05,0,9,1.0853809225094464
62,A,0.05,1,0,-0.6935821252751632
62,A,0.05,1,1,-0.6700339226130256
62,A,0.05,1,2,-0.2931303823013742
62,A,0.05,1,3,-0.5727162124708207
62,A,0.05,1,4,-0.46751267883292336
62,A,0.05,1,5,-0.631454661759397
62,A,0.05,1,6,-0.4696155575432942
62,A,0.05,1,7,-0.5438248538040041
62,A,0.05,1,8,-0.6524545344864823
62,A,0.05,1,9,-0.4734498132612203
62,A,0.05,2,0,-0.5591420816781125
62,A,0.05,2,1,-0.9618145254454797
62,A,0.05,2,2,-0.7904165508672975
62,A,0.05,2,3,-0.31208713002472666
62,A,0.05,2,4,-0.1930107536912956
62,A,0.05,2,5,-0.2905449160363812
62,A,0.05,2,6,-0.1573424975484133
62,A,0.05,2,7,-0.5197983779444378
62,A,0.05,2,8,-0.5818766188284552
62,A,0.05,2,9,-0.9850762930747194
62,A,0.05,3,0,0.1434549586122364
62,A,0.05,3,1,0.2683697833893641
62,A,0.05,3,2,-0.06067018494352917
62,A,0.05,3,3,0.09417901262272256
62,A,0.05,3,4,0.05321759241318286
62,A,0.05,3,5,0.1575783967859533
62,A,0.05,3,6,0.28412579321833115
62,A,0.05,3,7,0.12146082322127033
62,A,0.05,3,8,0.1484460211512325
62,A,0.05,3,9,0.14992506210902426
62,A,0.05,4,0,0.513079163125435
62,A,0.05,4,1,0.5757940460479718
62,A,0.05,4,2,0.5470474928541632
62,A,0.05,4,3,0.5425983016539683
62,A,0.05,4,4,0.5087833811872305
62,A,0.05,4,5,0.9728006709267915
62,A,0.05,4,6,0.4374938691032597
62,A,0.05,4,7,0.7243312972521951
62,A,0.05,4,8,0.8063706736101847
62,A,0.05,4,9,0.6547725923909775
62,A,0.05,5,0,0.455304901281389
62,A,0.05,5,1,0.7280134957774006
62,A,0.05,5,2,0.675253390910629
62,A,0.05,5,3,0.5768788228367118
62,A,0.05,5,4,0.6854861691067435
62,A,0.05,5,5,0.739734875446191
62,A,0.05,5,6,0.6770293647359266
62,A,0.05,5,7,0.6522660119283755
62,A,0.05,5,8,0.7238902816432033
62,A,0.05,5,9,0.9112114205844669
62,A,0.05,6,0,0.8630173046158138
62,A,0.05,6,1,0.7262159452796231
62,A,0.05,6,2,0.7552043351340222
62,A,0.05,6,3,0.9343602924160175
62,A,0.05,6,4,1.1590273142463354
62,A,0.05,6,5,1.1814325452204293
62,A,0.05,6,6,0.9068459464770184
62,A,0.05,6,7,1.0547473956370215
62,A,0.05,6,8,1.2072417650583658
62,A,0.05,6,9,0.7974107881389653
62,A,0.05,7,0,0.5835168491554102
62,A,0.05,7,1,0.3832629206703249
62,A,0.05,7,2,0.49075325737608244
62,A,0.05,7,3,0.6695500206980454
62,A,0.05,7,4,0.4299208252837463
62,A,0.05,7,5,0.170118603292263
62,A,0.05,7,6,0.5018940815297105
62,A,0.05,7,7,0.454579305008267
62,A,0.05,7,8,0.4533640049359015
62,A,0.05,7,9,0.8505540081867973
62,A,0.05,8,0,-0.9883203174196702
62,A,0.05,8,1,-0.5039065579890879
62,A,0.05,8,2,-0.34082920681401263
62,A,0.05,8,3,-0.7257936843047635
62,A,0.05,8,4,-0.9277395117861806
62,A,0.05,8,5,-0.9171019069681011
62,A,0.05,8,6,-0.8513618256058888
62,A,0.05,8,7,-0.8323642463180855
62,A,0.05,8,8,-0.833944698772066
62,A,0.05,8,9,-0.8031437249960839
62,A,0.05,9,0,-0.32723707072749114
62,A,0.05,9,1,0.1329372592460571
62,A,0.05,9,2,0.3219634259837705
62,A,0.05,9,3,-0.20574446277114386
62,A,0.05,9,4,0.23103125768639685
62,A,0.05,9,5,0.0283010035346864
62,A,0.05,9,6,-0.14990721096535162
62,A,0.05,9,7,0.028586399947742282
62,A,0.05,9,8,0.3032403252125009
62,A,0.05,9,9,0.27248720713893804
62,B,100,0,0,-0.09985068289396594
62,B,100,0,1,-0.17782165716880588
62,B,100,0,2,-0.19380683796303147
62,B,100,0,3,-0.30299466742747255
62,B,100,0,4,-0.16414385051811517
62,B,100,0,5,-0.06990482619305761
62,B,100,0,6,0.024625640911690515
62,B,100,0,7,-0.14510642991558437
62,B,100,0,8,0.021706811810017445
62,B,100,0,9,-0.00034771119353040785
62,B,100,1,0,-0.8750985894596278
62,B,100,1,1,-0.330352035755345
62,B,100,1,2,-0.6358717414957734
62,B,100,1,3,-0.8352240433411363
62,B,100,1,4,-0.49245094789741894
62,B,100,1,5,-0.7974552778321724
62,B,100,1,6,0.3425817372489587
62,B,100,1,7,0.04027812337540222
62,B,100,1,8,-0.6258432056518348
62,B,100,1,9,-0.8375446115930458
62,B,100,2,0,-1.6340108434065357
62,B,100,2,1,-1.01232661404342
62,B,100,2,2,-1.0953981401741182
62,B,100,2,3,-0.7399365566811605
62,B,100,2,4,-0.9041929276224022
62,B,100,2,5,-0.552622740813277
62,B,100,2,6,-0.7326065960001874
62,B,100,2,7,-1.5235169222712361
62,B,100,2,8,-0.8677675459692771
62,B,100,2,9,-0.8933513905431454
62,B,100,3,0,-0.8016760582053105
62,B,100,3,1,-0.7949151888591288
62,B,100,3,2,-0.3804677455350917
62,B,100,3,3,-0.6051526696594453
62,B,100,3,4,-0.606016824698482
62,B,100,3,5,-0.6361502569452224
62,B,100,3,6,-0.595309909260892
62,B,100,3,7,-0.6658360919811869
62,B,100,3,8,-0.8048091870349705
62,B,100,3,9,-0.6606442730559619
62,B,100,4,0,0.7158812006136327
62,B,100,4,1,0.34067569771983314
62,B,100,4,2,0.21202969667067414
62,B,100,4,3,0.5513180454816882
62,B,100,4,4,1.3217521757968536
62,B,100,4,5,0.7059186821209956
62,B,100,4,6,1.722026773580938
62,B,100,4,7,0.7743335451629932
62,B,100,4,8,1.4228691430638836
62,B,100,4,9,0.6996476108739286
62,B,100,5,0,-0.8530601695665658
62,B,100,5,1,-0.9059062279394322
62,B,100,5,2,-0.6388918353992267
62,B,100,5,3,-1.0832185822023208
62,B,100,5,4,-0.5255250566372363
62,B,100,5,5,-0.27801479232501863
62,B,100,5,6,-1.2454102523931447
62,B,100,5,7,-0.8298931412107391
62,B,100,5,8,-0.07406170730534013
62,B,100,5,9,-1.6738946953644427
62,B,100,6,0,0.10026854972305832
62,B,100,6,1,0.21216755721700237
62,B,100,6,2,0.290710489442158
62,B,100,6,3,-0.0069661315783723235
62,B,100,6,4,-0.04155334149744626
62,B,100,6,5,0.03898492952408842
62,B,100,6,6,0.21436374724273902
62,B,100,6,7,0.031193765741825478
62,B,100,6,8,0.199570905639083
62,B,100,6,9,0.1483029390239371
62,B,100,7,0,0.8365195526776373
62,B,100,7,1,1.1541568608854407
62,B,100,7,2,0.7984557415637409
62,B,100,7,3,0.8822512046954234
62,B,100,7,4,0.9190193004629253
62,B,100,7,5,0.4352177929322419
62,B,100,7,6,0.6573674336800934
62,B,100,7,7,0.7761996463352665
62,B,100,7,8,0.9666014075764109
62,B,100,7,9,0.8947350052084047
62,B,100,8,0,-0.7080361433291275
62,B,100,8,1,-0.22153330468942703
62,B,100,8,2,-0.5442230820241005
62,B,100,8,3,-0.17496673071182647
62,B,100,8,4,-0.5504067834301228
62,B,100,8,5,-0.020818051664244212
62,B,100,8,6,-0.8224984374855433
62,B,100,8,7,-0.009872961122775444
62,B,100,8,8,0.3283108993477731
62,B,100,8,9,0.1486917589265693
62,B,100,9,0,1.3370199920550898
62,B,100,9,1,1.618795972803749
62,B,100,9,2,2.3464325479721713
62,B,100,9,3,2.2742333782403206
62,B,100,9,4,2.3624738086624117
62,B,100,9,5,2.0478785903799945
62,B,100,9,6,1.1111352157084287
62,B,100,9,7,2.7585433118768674
62,B,100,9,8,1.4712795720572602
62,B,100,9,9,2.7032298591853507
63,A,0.05,0,0,0.6913703221987364
63,A,0.05,0,1,0.5419848141745005
63,A,0.05,0,2,0.804052010304859
63,A,0.05,0,3,1.0518398456207312
63,A,0.05,0,4,0.6840265709409029
63,A,0.05,0,5,0.898361058682965
63,A,0.05,0,6,0.3351735082221991
63,A,0.05,0,7,0.5015180716544569
63,A,0.05,0,8,0.844662633370941
63,A,0.05,0,9,0.7564382379629327
63,A,0.05,1,0,-0.7587607998043636
63,A,0.05,1,1,-0.1723919526967819
63,A,0.05,1,2,-0.48297814473909956
63,A,0.05,1,3,-0.5116108785726525
63,A,0.05,1,4,-0.4003985046450259
63,A,0.05,1,5,-0.4687469873821019
63,A,0.05,1,6,-0.25703418347845564
63,A,0.05,1,7,0.0028080778325492344
63,A,0.05,1,8,-0.1287195028529937
63,A,0.05,1,9,-0.1791541555461725
63,A,0.05,2,0,-2.076600016550684
63,A,0.05,2,1,-1.9527510677823126
63,A,0.05,2,2,-2.036375185071988
63,A,0.05,2,3,-2.358273738790703
63,A,0.05,2,4,-1.8485320898023618
63,A,0.05,2,5,-1.9637894424848816
63,A,0.05,2,6,-1.6490986604580529
63,A,0.05,2,7,-1.7948653105811125
63,A,0.05,2,8,-1.5376978680141915
63,A,0.05,2,9,-1.88690321182665
63,A,0.05,3,0,0.5936113005392892
63,A,0.05,3,1,0.6118478455090314
63,A,0.05,3,2,1.2824594478505529
63,A,0.05,3,3,1.1194084876647152
63,A,0.05,3,4,1.0986612835186667
63,A,0.05,3,5,2.138034912830687
63,A,0.05,3,6,0.9925531567844754
63,A,0.05,3,7,1.653573105874471
63,A,0.05,3,8,0.9740210340218529
63,A,0.05,3,9,0.8450338529314639
63,A,0.05,4,0,-1.5609650108956725
63,A,0.05,4,1,-1.4614733783918765
63,A,0.05,4,2,-0.9148854204820145
63,A,0.05,4,3,-0.8874394297000975
63,A,0.05,4,4,-0.892993717452364
63,A,0.05,4,5,-1.51612772610065
63,A,0.05,4,6,-1.6992453478039418
63,A,0.05,4,7,-0.7826627231741148
63,A,0.05,4,8,-1.1860235641931463
63,A,0.05,4,9,-1.3263856788195143
63,A,0.05,5,0,-1.4492280660600647
63,A,0.05,5,1,-0.7482154884592854
63,A,0.05,5,2,-0.5995086187840544
63,A,0.05,5,3,-1.1506074042010517
63,A,0.05,5,4,-0.39368249743011113
63,A,0.05,5,5,-0.8071562074660457
63,A,0.05,5,6,-1.0234696383830788
63,A,0.05,5,7,-1.0024536079227375
63,A,0.05,5,8,-1.885566125917852
63,A,0.05,5,9,-1.596597700509788
63,A,0.05,6,0,-0.5012975634017689
63,A,0.05,6,1,-0.2114241700933624
63,A,0.05,6,2,-0.3367363645403498
63,A,0.05,6,3,-0.4638457284476338
63,A,0.05,6,4,-0.4810812907681385
63,A,0.05,6,5,-0.21925103052520115
63,A,0.05,6,6,-0.5071277154411414
63,A,0.05,6,7,-0.3101703530888572
63,A,0.05,6,8,-0.2830460102986719
63,A,0.05,6,9,-0.4573538054611424
63,A,0.05,7,0,-0.43806480876286497
63,A,0.05,7,1,-0.5743914815180612
63,A,0.05,7,2,-0.4723523737326973
63,A,0.05,7,3,-0.4048480434064102
63,A,0.05,7,4,-0.4230811483498658
63,A,0.05,7,5,-0.5564954502233469
63,A,0.05,7,6,-0.1706819724432989
63,A,0.05,7,7,-0.5083982747126314
63,A,0.05,7,8,-0.19656220748119074
63,A,0.05,7,9,-0.3038357566545399
63,A,0.05,8,0,-0.23119141861466644
63,A,0.05,8,1,-0.4583757860202136
63,A,0.05,8,2,-0.30185372598574006
63,A,0.05,8,3,0.3926893467605823
63,A,0.05,8,4,-0.020274840187247033
63,A,0.05,8,5,0.36700083851698057
63,A,0.05,8,6,-0.2786424913413888
63,A,0.05,8,7,0.46950601749144877
63,A,0.05,8,8,-0.45500848469496724
63,A,0.05,8,9,0.29107424745256333
63,A,0.05,9,0,0.7497932032529704
63,A,0.05,9,1,0.39100737947554853
63,A,0.05,9,2,0.5835804454283592
63,A,0.05,9,3,0.18815521936407703
63,A,0.05,9,4,0.6033110687598653
63,A,0.05,9,5,0.4707544253896536
63,A,0.05,9,6,0.4482486979107477
63,A,0.05,9,7,0.6414806460356733
63,A,0.05,9,8,0.8244588615747316
63,A,0.05,9,9,0.43680846084775454
63,B,100,0,0,-0.1642350784911222
63,B,100,0,1,-0.34573829307518517
63,B,100,0,2,-1.3503790502882398
63,B,100,0,3,-0.7179155779218963
63,B,100,0,4,-0.45774514074995387
63,B,100,0,5,-0.3512576605655849
63,B,100,0,6,-0.33661752095512326
63,B,100,0,7,0.6392717802120286
63,B,100,0,8,-0.3140441370350339
63,B,100,0,9,0.18396793972865938
63,B,100,1,0,0.2601199822032269
63,B,100,1,1,-0.3160829908247094
63,B,100,1,2,-0.12788829213962394
63,B,100,1,3,0.8348083557346048
63,B,100,1,4,0.08947166936770816
63,B,100,1,5,-0.17698348494070754
63,B,100,1,6,-0.7690452663761991
63,B,100,1,7,-0.13866653041021723
63,B,100,1,8,0.18298171151440867
63,B,100,1,9,0.32361237151793204
63,B,100,2,0,0.9866619183122413
63,B,100,2,1,1.158187250675039
63,B,100,2,2,1.4979947582651734
63,B,100,2,3,0.32305284426578734
63,B,100,2,4,0.3748242179565063
63,B,100,2,5,1.005723310963681
63,B,100,2,6,1.1729288664358462
63,B,100,2,7,0.7581872472215034
63,B,100,2,8,1.1962058646387523
63,B,100,2,9,0.9399978412476402
63,B,100,3,0,-0.10949361707924929
63,B,100,3,1,-0.9227776872893257
63,B,100,3,2,-0.27763392471433285
63,B,100,3,3,-0.1710104298833921
63,B,100,3,4,-0.20061160947196152
63,B,100,3,5,-0.046210033654701076
63,B,100,3,6,0.009995995641066712
63,B,100,3,7,0.36306240885391144
63,B,100,3,8,-0.1909035804602208
63,B,100,3,9,-0.07219652882936514
63,B,100,4,0,1.7457836581005188
63,B,100,4,1,1.82601833668384
63,B,100,4,2,1.4650471788461519
63,B,100,4,3,1.6361211678440482
63,B,100,4,4,2.062477869226556
63,B,100,4,5,2.1411546261132948
63,B,100,4,6,2.324687795817545
63,B,100,4,7,2.5117524548825445
63,B,100,4,8,1.8969073944042067
63,B,100,4,9,2.220969275928166
63,B,100,5,0,0.16376543837243504
63,B,100,5,1,1.7928976206114473
63,B,100,5,2,1.5148198652805676
63,B,100,5,3,1.9774027637596905
63,B,100,5,4,0.025180440510393077
63,B,100,5,5,1.757167264077767
63,B,100,5,6,0.24034983762597548
63,B,100,5,7,-0.1121014744315606
63,B,100,5,8,0.07894506101792012
63,B,100,5,9,1.922936937830519
63,B,100,6,0,0.29310103593504355
63,B,100,6,1,-0.0027532570439724874
63,B,100,6,2,-0.0071558454086716
63,B,100,6,3,-0.13795258231105548
63,B,100,6,4,-0.011676406616514437
63,B,100,6,5,0.156643482272442
63,B,100,6,6,0.05583706556697601
63,B,100,6,7,0.21642124898839732
63,B,100,6,8,0.2956163872262054
63,B,100,6,9,0.19129532798522522
63,B,100,7,0,3.0756211685668986
63,B,100,7,1,3.1947521818635716
63,B,100,7,2,4.169481689844987
63,B,100,7,3,3.919342305513496
63,B,100,7,4,3.9678702343409946
63,B,100,7,5,3.2444256881428797
63,B,100,7,6,2.9169599803692017
63,B,100,7,7,4.202775535347826
63,B,100,7,8,3.2214199992919967
63,B,100,7,9,3.9845664178462306
63,B,100,8,0,0.8865581884093552
63,B,100,8,1,0.9901756831051008
63,B,100,8,2,1.2100380982616832
63,B,100,8,3,1.5494811079331412
63,B,100,8,4,0.9421867262397671
63,B,100,8,5,1.5430623856536339
63,B,100,8,6,1.2603857534230911
63,B,100,8,7,0.7035810880770852
63,B,100,8,8,1.8016824563605969
63,B,100,8,9,1.4362701209053421
63,B,100,9,0,-0.5291662672946092
63,B,100,9,1,0.16905043035462453
63,B,100,9,2,-0.5141992154615425
63,B,100,9,3,-0.7001581674779631
63,B,100,9,4,-0.41695948884032297
63,B,100,9,5,-0.5315221080098749
63,B,100,9,6,-0.7106114713431244
63,B,100,9,7,-0.3797867588686178
63,B,100,9,8,0.24290486833480734
63,B,100,9,9,-0.5589228665782271
64,A,0.05,0,0,0.47447059527254937
64,A,0.05,0,1,0.5171908117232333
64,A,0.05,0,2,0.4880528632824563
64,A,0.05,0,3,0.125542963472929
64,A,0.05,0,4,1.0161792076832745
64,A,0.05,0,5,1.4164751679061962
64,A,0.05,0,6,0.21963593195008246
64,A,0.05,0,7,0.697091377053008
64,A,0.05,0,8,0.9565077530377398
64,A,0.05,0,9,0.09476886236134947
64,A,0.05,1,0,0.014768641625193217
64,A,0.05,1,1,-0.1547939710630564
64,A,0.05,1,2,-0.04888215117545138
64,A,0.05,1,3,-0.26197221143853916
64,A,0.05,1,4,0.19681374080077602
64,A,0.05,1,5,-0.11441160905573523
64,A,0.05,1,6,-0.12386072321724204
64,A,0.05,1,7,-0.22386921643202787
64,A,0.05,1,8,-0.06411047471787065
64,A,0.05,1,9,-0.22188904485977134
64,A,0.05,2,0,-0.030490790211401674
64,A,0.05,2,1,0.20971365377745418
64,A,0.05,2,2,0.09897380529792835
64,A,0.05,2,3,0.02699579071035465
64,A,0.05,2,4,0.08791727846145866
64,A,0.05,2,5,0.14695038932960752
64,A,0.05,2,6,0.1390921478556242
64,A,0.05,2,7,0.19095873599767033
64,A,0.05,2,8,0.21913470043360983
64,A,0.05,2,9,0.16640117257040654
64,A,0.05,3,0,-0.7556652409897238
64,A,0.05,3,1,0.00712788446753313
64,A,0.05,3,2,-0.3339039440148558
64,A,0.05,3,3,-0.2456999704704858
64,A,0.05,3,4,0.21267243091313842
64,A,0.05,3,5,-0.06318604178274126
64,A,0.05,3,6,-0.555953463895587
64,A,0.05,3,7,-0.29885709755334344
64,A,0.05,3,8,-0.22423801597466442
64,A,0.05,3,9,-0.40379255368168565
64,A,0.05,4,0,0.166929958211567
64,A,0.05,4,1,0.4667398401835408
64,A,0.05,4,2,-1.2279300425482336
64,A,0.05,4,3,-0.39834932280282537
64,A,0.05,4,4,-0.685837903755552
64,A,0.05,4,5,-0.8068372252671513
64,A,0.05,4,6,0.0858252063824608
64,A,0.05,4,7,0.132414157753529
64,A,0.05,4,8,-0.32474064940295116
64,A,0.05,4,9,-0.11072809300898113
64,A,0.05,5,0,0.6503618164089492
64,A,0.05,5,1,0.2948794901743546
64,A,0.05,5,2,0.4827799135210588
64,A,0.05,5,3,0.6733444538092489
64,A,0.05,5,4,0.5299089677089946
64,A,0.05,5,5,1.099897185202965
64,A,0.05,5,6,0.33717314686375394
64,A,0.05,5,7,0.08367056954632375
64,A,0.05,5,8,0.7118634512893828
64,A,0.05,5,9,0.7854413249155853
64,A,0.05,6,0,2.0572466583196682
64,A,0.05,6,1,1.9189742692647098
64,A,0.05,6,2,2.882068020945444
64,A,0.05,6,3,2.578821630891301
64,A,0.05,6,4,1.3257060162723178
64,A,0.05,6,5,2.5331286351744464
64,A,0.05,6,6,2.8850444392319083
64,A,0.05,6,7,2.53527160416225
64,A,0.05,6,8,3.3837083560548975
64,A,0.05,6,9,2.491063277598643
64,A,0.05,7,0,0.49449195357280723
64,A,0.05,7,1,0.4122788941389549
64,A,0.05,7,2,0.4228526989246424
64,A,0.05,7,3,0.9764032691514195
64,A,0.05,7,4,1.434383321091898
64,A,0.05,7,5,0.9797424741908023
64,A,0.05,7,6,0.19129782008351948
64,A,0.05,7,7,0.5882646105409491
64,A,0.05,7,8,0.3931495850941382
64,A,0.05,7,9,0.7550338643729525
64,A,0.05,8,0,-0.03282771305257461
64,A,0.05,8,1,-0.22076164853184072
64,A,0.05,8,2,0.24142422479695327
64,A,0.05,8,3,-0.07244547118140486
64,A,0.05,8,4,-0.10170384401325984
64,A,0.05,8,5,-0.31846329476126206
64,A,0.05,8,6,-0.34060131034402413
64,A,0.05,8,7,0.30264707685174463
64,A,0.05,8,8,-0.25705093042996197
64,A,0.05,8,9,0.04154079208332769
64,A,0.05,9,0,-0.010229404806175223
64,A,0.05,9,1,0.30206669491617744
64,A,0.05,9,2,-0.4290464067551402
64,A,0.05,9,3,-1.2966633272223922
64,A,0.05,9,4,0.20739972509547597
64,A,0.05,9,5,0.2060052752283657
64,A,0.05,9,6,0.5632789576985325
64,A,0.05,9,7,-0.46184170349712106
64,A,0.05,9,8,-0.46101246316729283
64,A,0.05,9,9,0.12667975890922717
64,B,100,0,0,-0.3615810505954459
64,B,100,0,1,-0.494966740413342
64,B,100,0,2,-0.5212860061779866
64,B,100,0,3,0.13839379701816126
64,B,100,0,4,-0.13644475057346425
64,B,100,0,5,-0.11871846534786346
64,B,100,0,6,0.005604008393285067
64,B,100,0,7,-0.024721416746796728
64,B,100,0,8,-0.6772481909077575
64,B,100,0,9,0.3124448449956732
64,B,100,1,0,0.5806677926779606
64,B,100,1,1,0.3831781020099784
64,B,100,1,2,0.47019326840983866
64,B,100,1,3,0.7100586671724772
64,B,100,1,4,0.40653710567577567
64,B,100,1,5,0.013909465776712707
64,B,100,1,6,0.36441540367046305
64,B,100,1,7,0.29976981085452314
64,B,100,1,8,0.6279976799170399
64,B,100,1,9,0.4681694055979248
64,B,100,2,0,0.05806923170205274
64,B,100,2,1,0.09026157194337066
64,B,100,2,2,0.042314049815557996
64,B,100,2,3,0.051218698991402294
64,B,100,2,4,0.3431505287788637
64,B,100,2,5,0.04910755468320176
64,B,100,2,6,0.3355566741306683
64,B,100,2,7,0.3158612285117201
64,B,100,2,8,0.3342992806050659
64,B,100,2,9,0.09697477489118034
64,B,100,3,0,0.8807184955952688
64,B,100,3,1,1.1529200668186181
64,B,100,3,2,1.0460342159977416
64,B,100,3,3,1.168871678873578
64,B,100,3,4,0.45223480449884457
64,B,100,3,5,0.709989563301637
64,B,100,3,6,1.197939178550099
64,B,100,3,7,0.8574324756031039
64,B,100,3,8,0.10518263180115325
64,B,100,3,9,-0.21172783995658245
64,B,100,4,0,-0.026827627754095293
64,B,100,4,1,0.06954558760718021
64,B,100,4,2,-0.2700309338037843
64,B,100,4,3,-0.33057799888467326
64,B,100,4,4,0.05732032264104284
64,B,100,4,5,-0.25629214256889077
64,B,100,4,6,-0.22141318448808198
64,B,100,4,7,-0.10555545905482368
64,B,100,4,8,-0.010493243464008662
64,B,100,4,9,-0.10140455742465133
64,B,100,5,0,0.3133777637426271
64,B,100,5,1,0.7294830394590919
64,B,100,5,2,0.4372653813306766
64,B,100,5,3,0.425132713289862
64,B,100,5,4,0.4064927071886394
64,B,100,5,5,0.5077761890637252
64,B,100,5,6,0.3741244305940802
64,B,100,5,7,0.30600576812741376
64,B,100,5,8,0.665084722567225
64,B,100,5,9,0.3666422986721105
64,B,100,6,0,0.3453824159962367
64,B,100,6,1,0.3370882823553827
64,B,100,6,2,0.542504099936421
64,B,100,6,3,0.4029769349704698
64,B,100,6,4,0.21117295827140606
64,B,100,6,5,0.42978183435680434
64,B,100,6,6,0.516713464166756
64,B,100,6,7,0.23272935219724283
64,B,100,6,8,0.29532670232931857
64,B,100,6,9,0.12275315059290323
64,B,100,7,0,-0.8686972809434332
64,B,100,7,1,-0.07714934791597257
64,B,100,7,2,-0.4484180037149641
64,B,100,7,3,-0.633288568144975
64,B,100,7,4,-0.8477551314303745
64,B,100,7,5,-0.47425050007079605
64,B,100,7,6,-0.5347300445329644
64,B,100,7,7,-0.41659672138265735
64,B,100,7,8,-0.7367544039335334
64,B,100,7,9,-0.7342525739310689
64,B,100,8,0,-0.5286059937072664
64,B,100,8,1,-0.19688957559357514
64,B,100,8,2,-0.27497042799894855
64,B,100,8,3,-0.40608181647685576
64,B,100,8,4,-0.3294898845501134
64,B,100,8,5,-0.43422050586214883
64,B,100,8,6,-0.18614045827251205
64,B,100,8,7,-0.429096476620627
64,B,100,8,8,-0.30399067199022284
64,B,100,8,9,0.43858557553672745
64,B,100,9,0,-0.3337523725403761
64,B,100,9,1,0.1670397984859646
64,B,100,9,2,0.32418080673722577
64,B,100,9,3,0.2306004567548352
64,B,100,9,4,0.5200260556200252
64,B,100,9,5,0.5812408436369403
64,B,100,9,6,1.4050224026245721
64,B,100,9,7,0.6345176981742269
64,B,100,9,8,0.47609137418334446
64,B,100,9,9,0.2104721222727557
65,A,0.05,0,0,-0.12472202081128869
65,A,0.05,0,1,-0.4938358711132651
65,A,0.05,0,2,-0.4076529261017057
65,A,0.05,0,3,-0.6700467048347436
65,A,0.05,0,4,0.20673103245290378
65,A,0.05,0,5,0.12377498927428757
65,A,0.05,0,6,-0.30293547977935664
65,A,0.05,0,7,-0.4840638987550881
65,A,0.05,0,8,0.04114033129056736
65,A,0.05,0,9,0.42276265412788333
65,A,0.05,1,0,-1.0987242614571584
65,A,0.05,1,1,-1.558218413931109
65,A,0.05,1,2,-0.6022744875110448
65,A,0.05,1,3,-0.8735730621034824
65,A,0.05,1,4,-1.4344200413250967
65,A,0.05,1,5,-1.0470398183507692
65,A,0.05,1,6,-0.685189389747251
65,A,0.05,1,7,-1.406313720042283
65,A,0.05,1,8,-1.320065968474755
65,A,0.05,1,9,-0.6386770530829918
65,A,0.05,2,0,-1.277261726293489
65,A,0.05,2,1,-1.2018233211433222
65,A,0.05,2,2,-1.2295621202199611
65,A,0.05,2,3,-1.1740440903213096
65,A,0.05,2,4,-1.348066495606769
65,A,0.05,2,5,-0.9581566411348029
65,A,0.05,2,6,-1.2698379923300107
65,A,0.05,2,7,-1.211331783873134
65,A,0.05,2,8,-1.0782908663867727
65,A,0.05,2,9,-1.175336843486342
65,A,0.05,3,0,0.9395949697122353
65,A,0.05,3,1,1.0295913806751367
65,A,0.05,3,2,0.8081604734077267
65,A,0.05,3,3,0.978305644527957
65,A,0.05,3,4,1.106053509257244
65,A,0.05,3,5,0.6866448868827423
65,A,0.05,3,6,0.8562084896669311
65,A,0.05,3,7,0.7108069200623705
65,A,0.05,3,8,0.9158989136614238
65,A,0.05,3,9,1.0225525097425994
65,A,0.05,4,0,-0.739604899163868
65,A,0.05,4,1,-1.0604532925006536
65,A,0.05,4,2,-0.5250988215997423
65,A,0.05,4,3,-0.8867837403490737
65,A,0.05,4,4,-0.7415270784448423
65,A,0.05,4,5,-0.25902198986465125
65,A,0.05,4,6,-0.7479150218978258
65,A,0.05,4,7,-0.9320703341092691
65,A,0.05,4,8,-1.076306729961218
65,A,0.05,4,9,-1.0143542357800706
65,A,0.05,5,0,1.0235415697363197
65,A,0.05,5,1,0.5691537720110842
65,A,0.05,5,2,0.3875684750836029
65,A,0.05,5,3,0.36168852728645057
65,A,0.05,5,4,0.41570052266303376
65,A,0.05,5,5,0.13952568416821212
65,A,0.05,5,6,0.11060878850126439
65,A,0.05,5,7,0.6745000933435187
65,A,0.05,5,8,0.25863156863151016
65,A,0.05,5,9,0.75907500660206
65,A,0.05,6,0,0.29008682223379356
65,A,0.05,6,1,0.5726393997024448
65,A,0.05,6,2,1.4408588748012396
65,A,0.05,6,3,0.9789068434441915
65,A,0.05,6,4,0.5170720827702294
65,A,0.05,6,5,0.5670251319692032
65,A,0.05,6,6,1.6133675991657248
65,A,0.05,6,7,0.7216300988647181
65,A,0.05,6,8,0.7186066106172082
65,A,0.05,6,9,1.2489888827704392
65,A,0.05,7,0,0.06376672239047161
65,A,0.05,7,1,-0.11858527550918053
65,A,0.05,7,2,-0.11571061249617115
65,A,0.05,7,3,-0.2204828511179175
65,A,0.05,7,4,-0.14937122059109567
65,A,0.05,7,5,-0.41215150226426
65,A,0.05,7,6,-0.1264668469527791
65,A,0.05,7,7,-0.008725210666700024
65,A,0.05,7,8,-0.27207967502164837
65,A,0.05,7,9,0.16094887662201318
65,A,0.05,8,0,-0.12392252485167528
65,A,0.05,8,1,0.014482711885955341
65,A,0.05,8,2,-0.025575052299027214
65,A,0.05,8,3,0.011445279158030163
65,A,0.05,8,4,-0.45247775443736526
65,A,0.05,8,5,-0.2966854564304161
65,A,0.05,8,6,-0.010615198099318825
65,A,0.05,8,7,-0.0046002196622164674
65,A,0.05,8,8,-0.04476340035869904
65,A,0.05,8,9,0.02805568620398983
65,A,0.05,9,0,0.2419694070007653
65,A,0.05,9,1,0.5674144854618861
65,A,0.05,9,2,0.33818470637254106
65,A,0.05,9,3,0.2618726302375173
65,A,0.05,9,4,-0.2167363435060195
65,A,0.05,9,5,0.2722852577883063
65,A,0.05,9,6,0.09568486415180423
65,A,0.05,9,7,0.24619130049318572
65,A,0.05,9,8,-0.007097923575668494
65,A,0.05,9,9,0.1580461521328965
65,B,100,0,0,-0.4966999720025877
65,B,100,0,1,-0.7047222572392996
65,B,100,0,2,-0.0470655032942703
65,B,100,0,3,-0.5928852596235218
65,B,100,0,4,0.10011720049345037
65,B,100,0,5,-0.28257705671593025
65,B,100,0,6,0.005753099479726938
65,B,100,0,7,-0.042322723152857546
65,B,100,0,8,0.39250865231605625
65,B,100,0,9,0.34558584532499886
65,B,100,1,0,1.4302809331241788
65,B,100,1,1,1.791153941530327
65,B,100,1,2,2.0976172605857415
65,B,100,1,3,2.420754403921817
65,B,100,1,4,1.9721080760064778
65,B,100,1,5,1.43709390370185
65,B,100,1,6,1.480161805520893
65,B,100,1,7,1.8988556951709843
65,B,100,1,8,1.743532070903136
65,B,100,1,9,1.9247604762617447
65,B,100,2,0,-0.04359557644070917
65,B,100,2,1,0.019927689137669347
65,B,100,2,2,-0.19735407877472938
65,B,100,2,3,0.012238674082518533
65,B,100,2,4,0.04599104936460336
65,B,100,2,5,0.036511772620803976
65,B,100,2,6,-0.09579236362677133
65,B,100,2,7,0.10334761083247487
65,B,100,2,8,-0.49210739527472275
65,B,100,2,9,-0.009315739559713467
65,B,100,3,0,-0.16732048826762205
65,B,100,3,1,-0.07948962232515545
65,B,100,3,2,-0.3032645630203574
65,B,100,3,3,-0.0391018181487937
65,B,100,3,4,0.07151348419166167
65,B,100,3,5,0.5794919033551919
65,B,100,3,6,0.1060866503467821
65,B,100,3,7,0.26611541957608187
65,B,100,3,8,0.21686534406689656
65,B,100,3,9,0.5534602334352068
65,B,100,4,0,-0.5797711982100567
65,B,100,4,1,0.004993675691434179
65,B,100,4,2,-0.3640812546943491
65,B,100,4,3,0.04006349092607804
65,B,100,4,4,-0.3785974914075681
65,B,100,4,5,0.09692205072290863
65,B,100,4,6,-0.3833770602103259
65,B,100,4,7,-0.23653523730415052
65,B,100,4,8,0.17795192773608534
65,B,100,4,9,-0.3035970778491653
65,B,100,5,0,0.45653077186930685
65,B,100,5,1,0.10954818330464557
65,B,100,5,2,0.1306656599476957
65,B,100,5,3,0.4280621422466617
65,B,100,5,4,0.7243402133267782
65,B,100,5,5,-0.13239311218351035
65,B,100,5,6,0.05815643876978875
65,B,100,5,7,0.402398064675354
65,B,100,5,8,-0.13978809575569787
65,B,100,5,9,-0.1490833539308459
65,B,100,6,0,-0.07372759547208593
65,B,100,6,1,-0.282926143645783
65,B,100,6,2,-0.02562316665923826
65,B,100,6,3,-0.0324744798484317
65,B,100,6,4,-0.0801943505800353
65,B,100,6,5,-0.023130004106286982
65,B,100,6,6,0.012048492809838137
65,B,100,6,7,-0.054174304198768536
65,B,100,6,8,0.007196651917053749
65,B,100,6,9,0.08939894608297
65,B,100,7,0,0.3411364654351234
65,B,100,7,1,0.7591983188175582
65,B,100,7,2,0.5289558232733862
65,B,100,7,3,0.9925973420732841
65,B,100,7,4,0.6393831049657345
65,B,100,7,5,0.5210653194586318
65,B,100,7,6,0.4956473114036584
65,B,100,7,7,0.6960096668517007
65,B,100,7,8,0.8161822059028945
65,B,100,7,9,0.6923500642853708
65,B,100,8,0,0.6404764809522362
65,B,100,8,1,0.6924167074808033
65,B,100,8,2,0.6639109891700433
65,B,100,8,3,1.3029445348391804
65,B,100,8,4,0.921820061363254
65,B,100,8,5,1.4237000235125743
65,B,100,8,6,1.0032405901780213
65,B,100,8,7,0.5738661410240082
65,B,100,8,8,0.6056648252053823
65,B,100,8,9,0.6307240778366727
65,B,100,9,0,-0.04396959197167609
65,B,100,9,1,-0.08401259106112334
65,B,100,9,2,-0.2823105450584948
65,B,100,9,3,-0.40497889579147284
65,B,100,9,4,0.4279493025837423
65,B,100,9,5,-0.13652540519816195
65,B,100,9,6,0.37490347129724766
65,B,100,9,7,0.27823908457468244
65,B,100,9,8,0.23025655972722583
65,B,100,9,9,0.3996470907351112
66,A,0.05,0,0,-0.4483591481783199
66,A,0.05,0,1,0.7187357087628106
66,A,0.05,0,2,0.5920158879761641
66,A,0.05,0,3,0.4762404540427449
66,A,0.05,0,4,0.36882021003566456
66,A,0.05,0,5,0.4279571036349034
66,A,0.05,0,6,-0.5766277052467309
66,A,0.05,0,7,0.8353649240493176
66,A,0.05,0,8,-0.2387788370294042
66,A,0.05,0,9,-0.20295835118858307
66,A,0.05,1,0,1.2371660116088472
66,A,0.05,1,1,1.493764106620646
66,A,0.05,1,2,0.8436060581413055
66,A,0.05,1,3,1.2781144032712115
66,A,0.05,1,4,1.213168894364538
66,A,0.05,1,5,1.5081242856373924
66,A,0.05,1,6,1.1774571171046793
66,A,0.05,1,7,1.3679527836453331
66,A,0.05,1,8,0.42435569995925937
66,A,0.05,1,9,1.6109365570809144
66,A,0.05,2,0,-0.8899927813458952
66,A,0.05,2,1,0.444794260979546
66,A,0.05,2,2,0.3103153588495061
66,A,0.05,2,3,0.4281019192519567
66,A,0.05,2,4,0.6025960567621526
66,A,0.05,2,5,0.6509232712868634
66,A,0.05,2,6,0.4109561553450622
66,A,0.05,2,7,-0.17515612294393168
66,A,0.05,2,8,0.266045483577308
66,A,0.05,2,9,0.0037049075484944663
66,A,0.05,3,0,-0.714244090880575
66,A,0.05,3,1,-1.0302281979286203
66,A,0.05,3,2,-0.32254090759677745
66,A,0.05,3,3,-0.1598898349008374
66,A,0.05,3,4,-0.29076674564768723
66,A,0.05,3,5,-0.4800076472675084
66,A,0.05,3,6,-0.48634125831289843
66,A,0.05,3,7,-0.07136486936166483
66,A,0.05,3,8,-0.2590079013554578
66,A,0.05,3,9,-0.2574345457207047
66,A,0.05,4,0,0.9140949804973882
66,A,0.05,4,1,0.12544536658546057
66,A,0.05,4,2,1.0332989246657152
66,A,0.05,4,3,1.7635446018397707
66,A,0.05,4,4,1.5051447779242575
66,A,0.05,4,5,0.4103295024040813
66,A,0.05,4,6,1.4754780076646496
66,A,0.05,4,7,-0.01759257843974722
66,A,0.05,4,8,0.8110621462272299
66,A,0.05,4,9,0.12425288878546602
66,A,0.05,5,0,-0.8207277400266656
66,A,0.05,5,1,-1.0006924983396557
66,A,0.05,5,2,-0.9912615100666838
66,A,0.05,5,3,-0.7885961039713412
66,A,0.05,5,4,-1.0233949681639167
66,A,0.05,5,5,-0.6087207453723501
66,A,0.05,5,6,-0.5783960247040083
66,A,0.05,5,7,-0.664274884795703
66,A,0.05,5,8,-0.8712493661489973
66,A,0.05,5,9,-1.041863709219673
66,A,0.05,6,0,0.32985580586385405
66,A,0.05,6,1,0.2694850559602952
66,A,0.05,6,2,0.3018025370506651
66,A,0.05,6,3,0.32470627086721554
66,A,0.05,6,4,0.30590689554173156
66,A,0.05,6,5,0.36744579968837776
66,A,0.05,6,6,0.2903919343745646
66,A,0.05,6,7,0.20839372201284426
66,A,0.05,6,8,0.39253708403890786
66,A,0.05,6,9,0.36556362021750494
66,A,0.05,7,0,2.4959090559876196
66,A,0.05,7,1,3.063753930642278
66,A,0.05,7,2,2.5708767340666956
66,A,0.05,7,3,2.6354678286799595
66,A,0.05,7,4,2.2570908125166964
66,A,0.05,7,5,2.6549790618733695
66,A,0.05,7,6,2.0200528819282155
66,A,0.05,7,7,2.5172974328450795
66,A,0.05,7,8,2.475624298854632
66,A,0.05,7,9,2.7450878456497967
66,A,0.05,8,0,-0.3134748993604979
66,A,0.05,8,1,0.04157554635344764
66,A,0.05,8,2,-0.14901723366175204
66,A,0.05,8,3,0.18674314445910997
66,A,0.05,8,4,-0.40174322944035346
66,A,0.05,8,5,-0.045559151212338944
66,A,0.05,8,6,-0.13119982055557106
66,A,0.05,8,7,-0.38372175830103844
66,A,0.05,8,8,-0.014762552471167156
66,A,0.05,8,9,-0.04670608478970513
66,A,0.05,9,0,-0.011986906685543707
66,A,0.05,9,1,0.02776936949306949
66,A,0.05,9,2,0.1207955851261511
66,A,0.05,9,3,0.003967584369164269
66,A,0.05,9,4,0.009857264298690313
66,A,0.05,9,5,-0.0038742690063050607
66,A,0.05,9,6,0.09684227922007115
66,A,0.05,9,7,0.11819043282942815
66,A,0.05,9,8,0.23950080395012996
66,A,0.05,9,9,0.09795438987710106
66,B,100,0,0,0.12162408001703863
66,B,100,0,1,-0.19262957403058126
66,B,100,0,2,0.2330548114659912
66,B,100,0,3,0.1862357378329584
66,B,100,0,4,0.3794312167421312
66,B,100,0,5,0.03869179498127277
66,B,100,0,6,0.35639920719780194
66,B,100,0,7,0.2672399139387763
66,B,100,0,8,0.23634299594358174
66,B,100,0,9,0.6446169471554852
66,B,100,1,0,-0.07549220202374757
66,B,100,1,1,0.11485274144929476
66,B,100,1,2,0.03807811624816956
66,B,100,1,3,0.16950120561347118
66,B,100,1,4,-0.11912961715369595
66,B,100,1,5,0.09526539645534643
66,B,100,1,6,0.04544909569019776
66,B,100,1,7,0.02954204393086008
66,B,100,1,8,-0.09931715304101858
66,B,100,1,9,-0.10091746054928263
66,B,100,2,0,-0.6946535442921039
66,B,100,2,1,-0.3725132783647831
66,B,100,2,2,-0.10212558902621503
66,B,100,2,3,-0.37659948418856415
66,B,100,2,4,0.0025947722028043974
66,B,100,2,5,-0.4002945848481461
66,B,100,2,6,-0.42262906102825204
66,B,100,2,7,-0.278576025941023
66,B,100,2,8,-0.42540595235161216
66,B,100,2,9,-0.309495232405293
66,B,100,3,0,-1.396382512144295
66,B,100,3,1,-1.5729326495960132
66,B,100,3,2,-0.7057275982068494
66,B,100,3,3,-0.6600838505417311
66,B,100,3,4,-0.42981836146899216
66,B,100,3,5,-1.3290952373065656
66,B,100,3,6,-1.3217802020723635
66,B,100,3,7,-0.41678814770778233
66,B,100,3,8,-0.8684900087912675
66,B,100,3,9,-0.574292595736283
66,B,100,4,0,-0.30727554330297513
66,B,100,4,1,-0.5217071844003653
66,B,100,4,2,-0.29651497258433196
66,B,100,4,3,0.03147204487282564
66,B,100,4,4,-0.15420862112430836
66,B,100,4,5,-0.5131956500330268
66,B,100,4,6,0.019331228678774324
66,B,100,4,7,-0.4498875781870669
66,B,100,4,8,-0.07273138510041895
66,B,100,4,9,-0.08883000158272719
66,B,100,5,0,0.16854375701898694
66,B,100,5,1,-0.22911663098221544
66,B,100,5,2,0.3745000726989802
66,B,100,5,3,0.47563952845975227
66,B,100,5,4,0.18659804363462854
66,B,100,5,5,0.17329147664474745
66,B,100,5,6,-0.23892433629206278
66,B,100,5,7,0.4002258569102916
66,B,100,5,8,-0.27886942109825236
66,B,100,5,9,1.0438152598450596
66,B,100,6,0,-0.053847288923280556
66,B,100,6,1,-0.5082529975977994
66,B,100,6,2,0.08987305802818839
66,B,100,6,3,-0.20148007243141022
66,B,100,6,4,0.18645401340203133
66,B,100,6,5,-0.35547888890205237
66,B,100,6,6,-0.04198316907105743
66,B,100,6,7,0.14383833463405185
66,B,100,6,8,-0.6806882555861861
66,B,100,6,9,0.3378149529072887
66,B,100,7,0,0.1042597047547081
66,B,100,7,1,-0.45995202631005594
66,B,100,7,2,-0.27866894008509224
66,B,100,7,3,-0.03448998414074902
66,B,100,7,4,0.2010978807240687
66,B,100,7,5,0.22648485737836846
66,B,100,7,6,0.21577393820274837
66,B,100,7,7,-0.10936812298360533
66,B,100,7,8,-0.359256682851481
66,B,100,7,9,0.26976837012893684
66,B,100,8,0,0.4179299445899544
66,B,100,8,1,0.26870098747427545
66,B,100,8,2,0.5591803745967666
66,B,100,8,3,0.3445682284130865
66,B,100,8,4,0.4408412076016618
66,B,100,8,5,0.4789421514282065
66,B,100,8,6,0.6170758508225702
66,B,100,8,7,-0.09400731546821543
66,B,100,8,8,0.3965544418786575
66,B,100,8,9,0.49684604135300126
66,B,100,9,0,0.05118934778066272
66,B,100,9,1,0.13157506921245424
66,B,100,9,2,-0.4503987229233581
66,B,100,9,3,-0.6045377263659616
66,B,100,9,4,0.5138312346141349
66,B,100,9,5,0.3962199747519212
66,B,100,9,6,0.36310168195370784
66,B,100,9,7,0.1385641319093717
66,B,100,9,8,0.6959856987086078
66,B,100,9,9,0.5880140665611999
67,A,0.05,0,0,0.44067647194505927
67,A,0.05,0,1,0.5183739755602295
67,A,0.05,0,2,0.5958112013330847
67,A,0.05,0,3,0.38845468140938094
67,A,0.05,0,4,0.5831914043820547
67,A,0.05,0,5,0.7875488787868002
67,A,0.05,0,6,0.8427442811242006
67,A,0.05,0,7,1.0385021644023853
67,A,0.05,0,8,0.856442545610391
67,A,0.05,0,9,0.9796605390191063
67,A,0.05,1,0,2.2582110014298205
67,A,0.05,1,1,1.1409049972331773
67,A,0.05,1,2,2.771858653103761
67,A,0.05,1,3,2.668932182933314
67,A,0.05,1,4,2.8863428942414173
67,A,0.05,1,5,2.6649450010351123
67,A,0.05,1,6,2.171886633439046
67,A,0.05,1,7,2.5601011950854042
67,A,0.05,1,8,1.880235963084091
67,A,0.05,1,9,3.2191012197566815
67,A,0.05,2,0,-0.07679020623770387
67,A,0.05,2,1,0.30448899561542137
67,A,0.05,2,2,0.23003516587833278
67,A,0.05,2,3,0.41385156078419816
67,A,0.05,2,4,0.4076798056807312
67,A,0.05,2,5,0.3731295591917038
67,A,0.05,2,6,0.35430868773803287
67,A,0.05,2,7,0.3901745427108891
67,A,0.05,2,8,0.39486639437075854
67,A,0.05,2,9,0.4473408645235476
67,A,0.05,3,0,-0.4130292552435206
67,A,0.05,3,1,-0.1402118060116185
67,A,0.05,3,2,0.09838211282743939
67,A,0.05,3,3,-0.008734926442683207
67,A,0.05,3,4,-0.08273813552793279
67,A,0.05,3,5,-0.3351165893296992
67,A,0.05,3,6,-0.2472994076879224
67,A,0.05,3,7,-0.2674665172673413
67,A,0.05,3,8,-0.17921714306909312
67,A,0.05,3,9,-0.4745493909479137
67,A,0.05,4,0,-0.38761212763207364
67,A,0.05,4,1,-0.1909630118649944
67,A,0.05,4,2,-0.5913163936905028
67,A,0.05,4,3,-0.004230505389215452
67,A,0.05,4,4,-0.09911635022218128
67,A,0.05,4,5,-0.24731433617016907
67,A,0.05,4,6,-0.31249643088387496
67,A,0.05,4,7,-0.457014523127465
67,A,0.05,4,8,-0.22419878473529842
67,A,0.05,4,9,-0.09180393319281582
67,A,0.05,5,0,0.11749913779906337
67,A,0.05,5,1,0.1342972384999266
67,A,0.05,5,2,-0.24936645108251929
67,A,0.05,5,3,0.08609521754796956
67,A,0.05,5,4,0.24189249447699743
67,A,0.05,5,5,-0.1992491668197422
67,A,0.05,5,6,0.23020733674597282
67,A,0.05,5,7,0.09206527756792932
67,A,0.05,5,8,0.19139341082702707
67,A,0.05,5,9,0.5196640677756849
67,A,0.05,6,0,-0.526857087287901
67,A,0.05,6,1,-1.0429827620943912
67,A,0.05,6,2,-0.40706260552387985
67,A,0.05,6,3,-0.775629472274906
67,A,0.05,6,4,-0.418728968845809
67,A,0.05,6,5,-0.976382300424818
67,A,0.05,6,6,-0.4173080881557387
67,A,0.05,6,7,-0.5200211952435195
67,A,0.05,6,8,-1.1454921739157544
67,A,0.05,6,9,-0.7980301422512986
67,A,0.05,7,0,0.6930727497699182
67,A,0.05,7,1,0.5023407585819271
67,A,0.05,7,2,0.5164450163482648
67,A,0.05,7,3,0.5583049051929427
67,A,0.05,7,4,0.47602756440905913
67,A,0.05,7,5,0.5609796689605597
67,A,0.05,7,6,0.42439308767304607
67,A,0.05,7,7,0.32057088328361333
67,A,0.05,7,8,0.4070210505790443
67,A,0.05,7,9,0.5383781539945833
67,A,0.05,8,0,-0.004440259634763704
67,A,0.05,8,1,0.07671311259072225
67,A,0.05,8,2,0.1350322105220948
67,A,0.05,8,3,0.10736825628331059
67,A,0.05,8,4,0.13841735565907157
67,A,0.05,8,5,-0.18041899615631035
67,A,0.05,8,6,0.0726042062745107
67,A,0.05,8,7,0.09232391942025871
67,A,0.05,8,8,0.05740511566631848
67,A,0.05,8,9,0.07077057254509458
67,A,0.05,9,0,0.07450513946140197
67,A,0.05,9,1,-0.16794651444716602
67,A,0.05,9,2,-0.1539919342177393
67,A,0.05,9,3,-0.3012329598336699
67,A,0.05,9,4,-0.2139704390970319
67,A,0.05,9,5,0.9923853179046104
67,A,0.05,9,6,0.6955521027920085
67,A,0.05,9,7,0.830178525818051
67,A,0.05,9,8,0.8806390127595038
67,A,0.05,9,9,0.6648541043678755
67,B,100,0,0,0.5989510220228943
67,B,100,0,1,1.1551757029364222
67,B,100,0,2,0.8247939410988817
67,B,100,0,3,0.78826281662982
67,B,100,0,4,1.4627491774873518
67,B,100,0,5,1.1349914471016054
67,B,100,0,6,1.3168154835282222
67,B,100,0,7,1.1889431638080175
67,B,100,0,8,0.48609999392230624
67,B,100,0,9,1.5320498968921996
67,B,100,1,0,-1.0968951733908872
67,B,100,1,1,-0.9890729122802928
67,B,100,1,2,-0.527038941990786
67,B,100,1,3,-0.9618044589581888
67,B,100,1,4,-0.9818668651714964
67,B,100,1,5,-0.4157576178334271
67,B,100,1,6,-0.8093293683660749
67,B,100,1,7,-0.30823664168587495
67,B,100,1,8,-0.6376545012712905
67,B,100,1,9,-0.5522089625065806
67,B,100,2,0,0.3740364873510533
67,B,100,2,1,0.23533731154212048
67,B,100,2,2,0.18605024288054228
67,B,100,2,3,0.26829020298614437
67,B,100,2,4,0.40070204697122025
67,B,100,2,5,0.3547187853941279
67,B,100,2,6,0.3991526808466789
67,B,100,2,7,0.23603492535999598
67,B,100,2,8,0.22939661415423102
67,B,100,2,9,0.14453065390111292
67,B,100,3,0,0.27121165007166614
67,B,100,3,1,-0.07178815785063158
67,B,100,3,2,0.030701640446444974
67,B,100,3,3,0.05372613570477827
67,B,100,3,4,-0.08322582079071776
67,B,100,3,5,-0.1695651917713998
67,B,100,3,6,0.18770103314094577
67,B,100,3,7,0.02644745150945372
67,B,100,3,8,-0.041846155140780494
67,B,100,3,9,0.08600394847430194
67,B,100,4,0,-0.8210892889839367
67,B,100,4,1,-0.9130442757439649
67,B,100,4,2,-0.7715157164624254
67,B,100,4,3,-0.8803648764121894
67,B,100,4,4,-0.7065204836279448
67,B,100,4,5,-0.7707799502990166
67,B,100,4,6,-0.776241410050165
67,B,100,4,7,-0.6531771675330034
67,B,100,4,8,-0.7528555463477916
67,B,100,4,9,-0.8520933912335109
67,B,100,5,0,-0.888366721797892
67,B,100,5,1,-0.13381107127407948
67,B,100,5,2,-0.8369588665118861
67,B,100,5,3,-0.3849698956954048
67,B,100,5,4,-0.5370421162171206
67,B,100,5,5,-0.20527580565058162
67,B,100,5,6,-0.3167902625855914
67,B,100,5,7,-0.3951703584508375
67,B,100,5,8,-0.6694412341823016
67,B,100,5,9,-0.8057582321105747
67,B,100,6,0,-0.02412888475766656
67,B,100,6,1,-0.17761937755604817
67,B,100,6,2,0.03932449841722758
67,B,100,6,3,0.21007069260458208
67,B,100,6,4,0.02562507311231794
67,B,100,6,5,-0.21909284265542636
67,B,100,6,6,0.11131997254382525
67,B,100,6,7,0.42680249741627296
67,B,100,6,8,0.0360957697778922
67,B,100,6,9,0.16981628006977748
67,B,100,7,0,-0.5127695852065712
67,B,100,7,1,-1.600487230994904
67,B,100,7,2,-0.8060827377604565
67,B,100,7,3,-0.013735636738369094
67,B,100,7,4,-0.5446047777741114
67,B,100,7,5,-0.5516527837129673
67,B,100,7,6,-0.144982995448029
67,B,100,7,7,0.4585375026986972
67,B,100,7,8,-0.21879659333622925
67,B,100,7,9,-1.238801345787
67,B,100,8,0,-2.428139339598918
67,B,100,8,1,-1.5774860586717392
67,B,100,8,2,-1.8439328390355503
67,B,100,8,3,-1.6664627298423593
67,B,100,8,4,-1.901608959223013
67,B,100,8,5,-1.2251165570624358
67,B,100,8,6,-1.5250738539612385
67,B,100,8,7,-1.5977255402294244
67,B,100,8,8,-2.2827231981079406
67,B,100,8,9,-0.5055909629100089
67,B,100,9,0,-1.0372449571883544
67,B,100,9,1,-0.7579670429770637
67,B,100,9,2,-0.9251928749996015
67,B,100,9,3,-0.9811219849074682
67,B,100,9,4,-0.7327777059821915
67,B,100,9,5,-0.7234412900743685
67,B,100,9,6,-0.5361281174752551
67,B,100,9,7,-1.0319574354844903
67,B,100,9,8,-0.705002457697537
67,B,100,9,9,-0.4441976474443646
68,A,0.05,0,0,0.3381077509915283
68,A,0.05,0,1,0.1315537532149108
68,A,0.05,0,2,0.6305338776521328
68,A,0.05,0,3,0.6294801210150182
68,A,0.05,0,4,0.5379865469605022
68,A,0.05,0,5,-0.11781479905167927
68,A,0.05,0,6,-0.046728675729316
68,A,0.05,0,7,0.284939494457698
68,A,0.05,0,8,0.7674966650985617
68,A,0.05,0,9,0.5395946993428483
68,A,0.05,1,0,0.23039524156067673
68,A,0.05,1,1,0.006772006632611097
68,A,0.05,1,2,0.2132603397891201
68,A,0.05,1,3,0.04382460601955173
68,A,0.05,1,4,0.08195507211969286
68,A,0.05,1,5,0.23361834465606618
68,A,0.05,1,6,0.033540411681790595
68,A,0.05,1,7,0.055951047042735964
68,A,0.05,1,8,0.11284640340611118
68,A,0.05,1,9,0.06576766218226858
68,A,0.05,2,0,-0.9007152960777934
68,A,0.05,2,1,-1.1539342300288964
68,A,0.05,2,2,-0.7767790749874426
68,A,0.05,2,3,-0.3389158764291056
68,A,0.05,2,4,-0.8136823383401863
68,A,0.05,2,5,-0.8498068799703534
68,A,0.05,2,6,-0.6713257496026819
68,A,0.05,2,7,-1.1364982783334017
68,A,0.05,2,8,-1.09246072640437
68,A,0.05,2,9,-1.6051117342200607
68,A,0.05,3,0,1.5623644133212686
68,A,0.05,3,1,1.5179719130604576
68,A,0.05,3,2,1.7614341131690165
68,A,0.05,3,3,1.6267243794802064
68,A,0.05,3,4,1.566177900549825
68,A,0.05,3,5,1.4599434161092206
68,A,0.05,3,6,1.3687341039650804
68,A,0.05,3,7,1.2187408946695812
68,A,0.05,3,8,1.3241934407604328
68,A,0.05,3,9,1.9526085364715013
68,A,0.05,4,0,0.381789329099755
68,A,0.05,4,1,0.5488508441713501
68,A,0.05,4,2,0.20941704335693068
68,A,0.05,4,3,0.10138501536682147
68,A,0.05,4,4,0.7107626976155815
68,A,0.05,4,5,0.2976070403759894
68,A,0.05,4,6,0.45639900442940096
68,A,0.05,4,7,0.6734012972188755
68,A,0.05,4,8,0.32084501272509774
68,A,0.05,4,9,0.35754039982157276
68,A,0.05,5,0,0.02395188334364063
68,A,0.05,5,1,0.10078164158938585
68,A,0.05,5,2,-0.2446893329966954
68,A,0.05,5,3,0.42421532517355987
68,A,0.05,5,4,-0.21912297555632743
68,A,0.05,5,5,0.12904941350044669
68,A,0.05,5,6,0.08548413248125675
68,A,0.05,5,7,-0.06100538451881323
68,A,0.05,5,8,-0.302157577654581
68,A,0.05,5,9,0.26463720345477665
68,A,0.05,6,0,-0.11762153518591482
68,A,0.05,6,1,0.022294279172929105
68,A,0.05,6,2,-0.2210206140041914
68,A,0.05,6,3,-0.14420152581520077
68,A,0.05,6,4,-0.35571534072590116
68,A,0.05,6,5,0.18308342235515562
68,A,0.05,6,6,-0.37797160430750704
68,A,0.05,6,7,-0.3116927396015935
68,A,0.05,6,8,-0.19096864111729295
68,A,0.05,6,9,-0.4813912936108766
68,A,0.05,7,0,0.42595336345266366
68,A,0.05,7,1,0.28487368369960403
68,A,0.05,7,2,0.1654900335412972
68,A,0.05,7,3,0.13869969958364833
68,A,0.05,7,4,-0.13138927067937528
68,A,0.05,7,5,0.25267518079184054
68,A,0.05,7,6,0.37560782608440646
68,A,0.05,7,7,0.35988344660407195
68,A,0.05,7,8,0.4837683417547838
68,A,0.05,7,9,0.1932940748188132
68,A,0.05,8,0,-0.4298456270628015
68,A,0.05,8,1,-0.6082035295321251
68,A,0.05,8,2,-0.9599337289258915
68,A,0.05,8,3,-1.088371889199101
68,A,0.05,8,4,-0.6318590799217466
68,A,0.05,8,5,-0.8497128809980617
68,A,0.05,8,6,-0.9283851511089236
68,A,0.05,8,7,-0.834844540492384
68,A,0.05,8,8,-1.2567415277822296
68,A,0.05,8,9,-0.6768488098794825
68,A,0.05,9,0,-1.5319849392637188
68,A,0.05,9,1,-1.822369184629276
68,A,0.05,9,2,-2.0044258807865654
68,A,0.05,9,3,-1.049418484689042
68,A,0.05,9,4,-1.8541890941810923
68,A,0.05,9,5,-1.8164659264520513
68,A,0.05,9,6,-2.234042068356038
68,A,0.05,9,7,-1.9567686782324214
68,A,0.05,9,8,-1.635821291005922
68,A,0.05,9,9,-1.51578271352538
68,B,100,0,0,-1.3554118633423227
68,B,100,0,1,-0.9825688652006518
68,B,100,0,2,0.20709760065213687
68,B,100,0,3,-0.06351574501555013
68,B,100,0,4,-0.2144031697697666
68,B,100,0,5,1.021785294163177
68,B,100,0,6,-0.3237054722712453
68,B,100,0,7,-1.0035418536762337
68,B,100,0,8,0.16861659212461624
68,B,100,0,9,-0.22898604695076066
68,B,100,1,0,-0.7353434599802758
68,B,100,1,1,-0.3106775578654002
68,B,100,1,2,-1.076272511179251
68,B,100,1,3,-1.023497811378162
68,B,100,1,4,-0.8031348881006375
68,B,100,1,5,-0.601422112823381
68,B,100,1,6,-1.1554138173248012
68,B,100,1,7,-0.6934516542329727
68,B,100,1,8,-1.0665405360145206
68,B,100,1,9,-0.3688218531334873
68,B,100,2,0,-0.35860581778116984
68,B,100,2,1,-0.3518875429794322
68,B,100,2,2,0.1789629003111456
68,B,100,2,3,-0.2144446949450688
68,B,100,2,4,-0.4745801001021594
68,B,100,2,5,-0.3752637521734469
68,B,100,2,6,-0.3338866329933374
68,B,100,2,7,-0.039011452653427516
68,B,100,2,8,-0.5627849375802604
68,B,100,2,9,-0.23522039860133725
68,B,100,3,0,-2.0842399881089695
68,B,100,3,1,-1.8088278929978252
68,B,100,3,2,-1.5776735370630952
68,B,100,3,3,-1.0650475422802246
68,B,100,3,4,-2.1130090638028363
68,B,100,3,5,-1.9542296159849903
68,B,100,3,6,-1.3938704823514683
68,B,100,3,7,-2.5588540621870144
68,B,100,3,8,-1.8953158082495296
68,B,100,3,9,-2.9574937123865497
68,B,100,4,0,-0.5637412976703884
68,B,100,4,1,-0.7103592410453777
68,B,100,4,2,-0.3523278887639927
68,B,100,4,3,-0.5819902272985791
68,B,100,4,4,-0.2300696622901306
68,B,100,4,5,-0.5627015286915179
68,B,100,4,6,-0.6103442870157697
68,B,100,4,7,-1.0893827895948889
68,B,100,4,8,-0.5378721752578471
68,B,100,4,9,-0.23912212980016712
68,B,100,5,0,1.5196195540121284
68,B,100,5,1,1.9059652539847507
68,B,100,5,2,1.0763074149021947
68,B,100,5,3,1.6559326127320795
68,B,100,5,4,1.5749516645024304
68,B,100,5,5,2.1088067200589493
68,B,100,5,6,1.5229929037853387
68,B,100,5,7,1.8595404467716496
68,B,100,5,8,1.3493654891037812
68,B,100,5,9,0.9738539025206469
68,B,100,6,0,-1.986473900543891
68,B,100,6,1,-2.0833043754949183
68,B,100,6,2,-1.8430659711460988
68,B,100,6,3,-2.106183651788636
68,B,100,6,4,-2.0434586072227616
68,B,100,6,5,-2.03491111855726
68,B,100,6,6,-1.8343944118487052
68,B,100,6,7,-2.2625344828362963
68,B,100,6,8,-2.3921959970429865
68,B,100,6,9,-1.8412491438766843
68,B,100,7,0,0.013345623913723258
68,B,100,7,1,-0.033000530770390335
68,B,100,7,2,-0.043647333361904135
68,B,100,7,3,0.06822788599410042
68,B,100,7,4,0.017411425645575563
68,B,100,7,5,0.009095833394953689
68,B,100,7,6,0.019424078095362403
68,B,100,7,7,0.13166598747960545
68,B,100,7,8,0.04135692906170233
68,B,100,7,9,0.012138179583507706
68,B,100,8,0,-0.5645204380412926
68,B,100,8,1,-0.37948157836990226
68,B,100,8,2,-0.6657885222449901
68,B,100,8,3,-0.35017272186226567
68,B,100,8,4,-0.19966427074792487
68,B,100,8,5,-0.1416422095493917
68,B,100,8,6,-0.06710626962177842
68,B,100,8,7,-0.23803705664654853
68,B,100,8,8,-0.09935030927667868
68,B,100,8,9,0.2204545314295687
68,B,100,9,0,0.7834678378819429
68,B,100,9,1,0.6708214623827468
68,B,100,9,2,0.4931821249022608
68,B,100,9,3,0.7941573049947008
68,B,100,9,4,1.5114098889278702
68,B,100,9,5,0.7953866093845166
68,B,100,9,6,0.9414343149500197
68,B,100,9,7,1.06336464966827
68,B,100,9,8,1.016377736166702
68,B,100,9,9,0.8891152675145344
69,A,0.05,0,0,2.114261122390192
69,A,0.05,0,1,1.6395179748417241
69,A,0.05,0,2,2.0214783874240796
69,A,0.05,0,3,1.9290715931807818
69,A,0.05,0,4,1.4041322993269045
69,A,0.05,0,5,1.7429169214473013
69,A,0.05,0,6,1.6083852576199011
69,A,0.05,0,7,1.4626760176964932
69,A,0.05,0,8,1.6252924960527706
69,A,0.05,0,9,1.7911337906696123
69,A,0.05,1,0,0.7247218916036495
69,A,0.05,1,1,0.06477424522724258
69,A,0.05,1,2,0.3992064235711669
69,A,0.05,1,3,0.49508074628063115
69,A,0.05,1,4,0.605567043424524
69,A,0.05,1,5,0.7344774852258215
69,A,0.05,1,6,0.3031687380534042
69,A,0.05,1,7,0.22525591795278296
69,A,0.05,1,8,1.0592118191695161
69,A,0.05,1,9,0.9318927503555374
69,A,0.05,2,0,0.44166574624540206
69,A,0.05,2,1,0.5033049879437063
69,A,0.05,2,2,0.14930324480746981
69,A,0.05,2,3,0.5275818615462956
69,A,0.05,2,4,0.2618895727082027
69,A,0.05,2,5,0.4847505407457314
69,A,0.05,2,6,0.2949709784143829
69,A,0.05,2,7,0.5834150305829842
69,A,0.05,2,8,0.5508404662875234
69,A,0.05,2,9,-0.025725980902746984
69,A,0.05,3,0,-0.9392466564217745
69,A,0.05,3,1,-0.7686070300903673
69,A,0.05,3,2,-0.5715151796735058
69,A,0.05,3,3,-0.8902999294377655
69,A,0.05,3,4,-0.5316592560668078
69,A,0.05,3,5,-0.9123116252656425
69,A,0.05,3,6,-0.6359644557347965
69,A,0.05,3,7,-0.5557891757814228
69,A,0.05,3,8,-0.5844094452369759
69,A,0.05,3,9,-0.8112904526063341
69,A,0.05,4,0,0.027841555960252146
69,A,0.05,4,1,-0.19438745986421657
69,A,0.05,4,2,-0.14972325038764805
69,A,0.05,4,3,-0.8676884318350068
69,A,0.05,4,4,-0.4241196240052809
69,A,0.05,4,5,-0.4407210850503405
69,A,0.05,4,6,-1.2320656602036026
69,A,0.05,4,7,-0.22646081934974469
69,A,0.05,4,8,-0.8812768778638684
69,A,0.05,4,9,-0.5722225983307785
69,A,0.05,5,0,0.18436356328934414
69,A,0.05,5,1,0.7955332525162491
69,A,0.05,5,2,0.24835851220898728
69,A,0.05,5,3,0.8262353444271706
69,A,0.05,5,4,0.29278638479021385
69,A,0.05,5,5,0.749172178603123
69,A,0.05,5,6,0.2543344594538056
69,A,0.05,5,7,0.19773783624921562
69,A,0.05,5,8,0.8511945735278191
69,A,0.05,5,9,0.7269579464948142
69,A,0.05,6,0,-1.432647550649963
69,A,0.05,6,1,-1.3613364506537582
69,A,0.05,6,2,-1.4243919431367205
69,A,0.05,6,3,-1.165719490876208
69,A,0.05,6,4,-1.4296862897044091
69,A,0.05,6,5,-1.2215604159943552
69,A,0.05,6,6,-1.2449297168186184
69,A,0.05,6,7,-1.004226326996677
69,A,0.05,6,8,-0.87398787074729
69,A,0.05,6,9,-0.994858553888492
69,A,0.05,7,0,0.020676246300751256
69,A,0.05,7,1,0.05727222816054246
69,A,0.05,7,2,-0.010334455698083873
69,A,0.05,7,3,-0.002637196184978495
69,A,0.05,7,4,0.031342219438492885
69,A,0.05,7,5,-0.10833734439699627
69,A,0.05,7,6,0.08443051655320018
69,A,0.05,7,7,-0.013637117841830481
69,A,0.05,7,8,-0.0784100043205537
69,A,0.05,7,9,-0.017171197496571936
69,A,0.05,8,0,-0.21659713038721778
69,A,0.05,8,1,0.024816244080661378
69,A,0.05,8,2,-0.03635125362084837
69,A,0.05,8,3,-0.4426125306017303
69,A,0.05,8,4,-0.14997211141509
69,A,0.05,8,5,0.2588998926950179
69,A,0.05,8,6,0.09322021682245399
69,A,0.05,8,7,0.2628008639310007
69,A,0.05,8,8,0.36091795667981547
69,A,0.05,8,9,0.17618466913318068
69,A,0.05,9,0,-0.0637432091617379
69,A,0.05,9,1,-0.6267541381244947
69,A,0.05,9,2,-0.13734285924333609
69,A,0.05,9,3,-0.06231019094345238
69,A,0.05,9,4,-0.2662848318544162
69,A,0.05,9,5,0.09019196232978302
69,A,0.05,9,6,-0.23560238126040656
69,A,0.05,9,7,-0.16791762866520638
69,A,0.05,9,8,0.004102445310590128
69,A,0.05,9,9,-0.22108367867415765
69,B,100,0,0,-1.6699513070188252
69,B,100,0,1,-1.7951314751844756
69,B,100,0,2,-2.8041573781813627
69,B,100,0,3,-1.969456235973174
69,B,100,0,4,-1.6479202264942865
69,B,100,0,5,-1.402315115804974
69,B,100,0,6,-1.7010701164286197
69,B,100,0,7,-1.8037151560680582
69,B,100,0,8,-1.7291078759817837
69,B,100,0,9,-1.9735501745423836
69,B,100,1,0,-0.7596290236525218
69,B,100,1,1,-0.9744587087669533
69,B,100,1,2,-0.8198190108798287
69,B,100,1,3,-0.5698530330154202
69,B,100,1,4,-0.7001480982136946
69,B,100,1,5,-0.8369496084725244
69,B,100,1,6,-0.418798239722941
69,B,100,1,7,-0.4528229802441215
69,B,100,1,8,-0.8076792604475501
69,B,100,1,9,-1.505173490045573
69,B,100,2,0,0.9322548288528509
69,B,100,2,1,0.8171896526398356
69,B,100,2,2,0.45645709505541343
69,B,100,2,3,0.8352761880197401
69,B,100,2,4,0.999219891744404
69,B,100,2,5,1.1933790593685423
69,B,100,2,6,0.8324500406051173
69,B,100,2,7,1.1793563727116063
69,B,100,2,8,0.41909373253345156
69,B,100,2,9,1.4428150041397227
69,B,100,3,0,0.009430385904224958
69,B,100,3,1,0.059702013702025984
69,B,100,3,2,-0.021388594982208797
69,B,100,3,3,0.07417097594427177
69,B,100,3,4,0.1975493171477888
69,B,100,3,5,0.21560018793396085
69,B,100,3,6,0.012847343917253912
69,B,100,3,7,-0.1510468186671534
69,B,100,3,8,0.11045257048462784
69,B,100,3,9,0.011176457431138766
69,B,100,4,0,-0.15226286955870086
69,B,100,4,1,-0.03388002239906612
69,B,100,4,2,-0.13509056419316934
69,B,100,4,3,0.011375771721774708
69,B,100,4,4,0.028152343538015826
69,B,100,4,5,0.056315586876860904
69,B,100,4,6,-0.12556434791027965
69,B,100,4,7,-0.31820421889050016
69,B,100,4,8,-0.2862073488311508
69,B,100,4,9,-0.33054532573690965
69,B,100,5,0,0.0809341680983491
69,B,100,5,1,0.08234054554954205
69,B,100,5,2,0.09818759241183199
69,B,100,5,3,0.08025340287731195
69,B,100,5,4,0.519884886525193
69,B,100,5,5,0.2991259584355904
69,B,100,5,6,0.17211647924737672
69,B,100,5,7,0.39772642200705666
69,B,100,5,8,0.20834240178356672
69,B,100,5,9,0.38185476717390926
69,B,100,6,0,0.19804669421821028
69,B,100,6,1,0.3399356330213266
69,B,100,6,2,0.36115396403827615
69,B,100,6,3,0.48819168796833423
69,B,100,6,4,0.5341753153013813
69,B,100,6,5,0.33956328548158926
69,B,100,6,6,-0.4518357392545227
69,B,100,6,7,0.2356294978615508
69,B,100,6,8,0.2198418290325097
69,B,100,6,9,0.37433218401142254
69,B,100,7,0,-0.13453121974149715
69,B,100,7,1,0.814374506542826
69,B,100,7,2,2.8846259275729715
69,B,100,7,3,3.216751831170684
69,B,100,7,4,2.7288175637851717
69,B,100,7,5,1.854533834489768
69,B,100,7,6,0.9532899108913473
69,B,100,7,7,0.0798104737349389
69,B,100,7,8,1.8363989423599256
69,B,100,7,9,-0.030649897457660936
69,B,100,8,0,2.1843859211213483
69,B,100,8,1,1.252104690376887
69,B,100,8,2,1.935211583779299
69,B,100,8,3,1.580085284558118
69,B,100,8,4,1.6723021061011443
69,B,100,8,5,1.3967666749854826
69,B,100,8,6,2.046263173518166
69,B,100,8,7,1.7116013124675404
69,B,100,8,8,1.6568387525917567
69,B,100,8,9,1.5502503472825726
69,B,100,9,0,1.0026644406301342
69,B,100,9,1,0.8684262169835377
69,B,100,9,2,1.0058926879968995
69,B,100,9,3,1.147531309871153
69,B,100,9,4,1.0027690474489972
69,B,100,9,5,1.0796243817718203
69,B,100,9,6,0.3632863418976951
69,B,100,9,7,1.1564076680114108
69,B,100,9,8,1.1828566780716145
69,B,100,9,9,1.2214398786249219
70,A,0.05,0,0,-0.30763814265591627
70,A,0.05,0,1,-0.6552831915995425
70,A,0.05,0,2,-0.7626039800447377
70,A,0.05,0,3,-0.2621940023112659
70,A,0.05,0,4,-0.5513154681346851
70,A,0.05,0,5,-0.5720099695667465
70,A,0.05,0,6,-0.7556044440163163
70,A,0.05,0,7,-0.8231945506435757
70,A,0.05,0,8,-0.6645084613084843
70,A,0.05,0,9,-0.6301831399661675
70,A,0.05,1,0,1.1486144001693102
70,A,0.05,1,1,0.5740804509264942
70,A,0.05,1,2,1.2737225652903472
70,A,0.05,1,3,0.7209262852639541
70,A,0.05,1,4,0.8361076226032185
70,A,0.05,1,5,0.9742751599104881
70,A,0.05,1,6,1.0247680989721528
70,A,0.05,1,7,1.1913680293204079
70,A,0.05,1,8,0.8595649097870499
70,A,0.05,1,9,1.0784066546487763
70,A,0.05,2,0,-0.5054536513779824
70,A,0.05,2,1,-0.5238860663994664
70,A,0.05,2,2,-0.11890215233632236
70,A,0.05,2,3,-0.39480683824488133
70,A,0.05,2,4,0.024556208284283957
70,A,0.05,2,5,-0.62509987624332
70,A,0.05,2,6,-0.6770307152983519
70,A,0.05,2,7,-0.64660979717913
70,A,0.05,2,8,-0.6162854776912271
70,A,0.05,2,9,-0.629801906142863
70,A,0.05,3,0,-0.8872986525363994
70,A,0.05,3,1,-0.8284932973298275
70,A,0.05,3,2,-1.2536042829780731
70,A,0.05,3,3,-0.678376499341522
70,A,0.05,3,4,-1.0295671740547665
70,A,0.05,3,5,-0.730454663007772
70,A,0.05,3,6,-1.0324654490430023
70,A,0.05,3,7,-1.1966031516166697
70,A,0.05,3,8,-0.7241706065481351
70,A,0.05,3,9,-1.2801393934517007
70,A,0.05,4,0,-0.3407382199580915
70,A,0.05,4,1,0.05463798037233483
70,A,0.05,4,2,-0.4333470446287679
70,A,0.05,4,3,-0.5453033887979228
70,A,0.05,4,4,-0.048376427282523414
70,A,0.05,4,5,-0.5842625026336222
70,A,0.05,4,6,-0.3926708619690289
70,A,0.05,4,7,-0.5050181939253072
70,A,0.05,4,8,-0.34751698649964946
70,A,0.05,4,9,-0.27174857141506414
70,A,0.05,5,0,0.20005204384715095
70,A,0.05,5,1,0.6262282571678847
70,A,0.05,5,2,0.44291881836131747
70,A,0.05,5,3,0.15522283404655618
70,A,0.05,5,4,0.10141779877322132
70,A,0.05,5,5,0.18434571600070898
70,A,0.05,5,6,0.23161254252483393
70,A,0.05,5,7,0.20157494806616005
70,A,0.05,5,8,0.3733135917053991
70,A,0.05,5,9,0.24601107052210267
70,A,0.05,6,0,0.6549773000588651
70,A,0.05,6,1,0.2709210741500941
70,A,0.05,6,2,0.33038627981480406
70,A,0.05,6,3,0.12679769360027648
70,A,0.05,6,4,0.46226156446448624
70,A,0.05,6,5,-0.15122690016612736
70,A,0.05,6,6,0.5407769215383885
70,A,0.05,6,7,0.5669749620733624
70,A,0.05,6,8,0.7622647143774048
70,A,0.05,6,9,0.27889812866967567
70,A,0.05,7,0,1.2088116592473006
70,A,0.05,7,1,0.9806134399180384
70,A,0.05,7,2,0.5778068867152935
70,A,0.05,7,3,1.252888220989459
70,A,0.05,7,4,1.4807068933804324
70,A,0.05,7,5,0.2857074639411439
70,A,0.05,7,6,0.0936568167648564
70,A,0.05,7,7,1.3605708107846692
70,A,0.05,7,8,1.0915176811021223
70,A,0.05,7,9,0.4567405467621353
70,A,0.05,8,0,0.047776447834658474
70,A,0.05,8,1,0.2523347440356829
70,A,0.05,8,2,0.04820391658398956
70,A,0.05,8,3,0.12056597244632865
70,A,0.05,8,4,0.12421412520982789
70,A,0.05,8,5,0.3056637633768004
70,A,0.05,8,6,0.12389413208536267
70,A,0.05,8,7,0.22011282529193352
70,A,0.05,8,8,0.42594963298271205
70,A,0.05,8,9,-0.12380065200810056
70,A,0.05,9,0,0.0801378829136386
70,A,0.05,9,1,0.021000745667904514
70,A,0.05,9,2,0.050984791952297805
70,A,0.05,9,3,0.3919507882209911
70,A,0.05,9,4,0.10000103423430254
70,A,0.05,9,5,0.2360879261598444
70,A,0.05,9,6,0.09896972674517342
70,A,0.05,9,7,0.1365002911472508
70,A,0.05,9,8,0.07939018834955515
70,A,0.05,9,9,0.31585070931420856
70,B,100,0,0,-0.3497927774341128
70,B,100,0,1,0.16488508607215763
70,B,100,0,2,-0.08723315354303017
70,B,100,0,3,-0.3349594513555893
70,B,100,0,4,0.4335023785912263
70,B,100,0,5,-0.47533333044880144
70,B,100,0,6,0.16016482350844896
70,B,100,0,7,-0.7889931388299806
70,B,100,0,8,-0.7400493838260935
70,B,100,0,9,-0.05992538106166593
70,B,100,1,0,0.6763947619134812
70,B,100,1,1,1.5755143639758464
70,B,100,1,2,1.1070008931575237
70,B,100,1,3,0.7873831538482835
70,B,100,1,4,0.6722864431070085
70,B,100,1,5,0.745341902687411
70,B,100,1,6,1.4030580230620493
70,B,100,1,7,1.593427470422399
70,B,100,1,8,0.9988840474048944
70,B,100,1,9,0.6094603007677802
70,B,100,2,0,1.6413467583845869
70,B,100,2,1,1.5320588040053353
70,B,100,2,2,1.7161832245323565
70,B,100,2,3,1.8274796269943805
70,B,100,2,4,1.6971162472001102
70,B,100,2,5,1.748320682965311
70,B,100,2,6,1.4797199120569235
70,B,100,2,7,0.8142254057146127
70,B,100,2,8,1.7261037942066624
70,B,100,2,9,1.2018431390903401
70,B,100,3,0,-0.5461432972016339
70,B,100,3,1,-0.6581258317797641
70,B,100,3,2,-0.07481256291303598
70,B,100,3,3,-0.7615596982057433
70,B,100,3,4,-0.271404534754396
70,B,100,3,5,-0.004643333723202274
70,B,100,3,6,-0.799278054703811
70,B,100,3,7,0.5658953582563083
70,B,100,3,8,-0.33981383162389117
70,B,100,3,9,-0.37366622998290333
70,B,100,4,0,0.10216926029141647
70,B,100,4,1,-0.17521708037877587
70,B,100,4,2,0.19617832762214196
70,B,100,4,3,-0.09612747012819486
70,B,100,4,4,0.23573231841132336
70,B,100,4,5,0.33801303649452286
70,B,100,4,6,0.43214490837193303
70,B,100,4,7,0.14757192422972423
70,B,100,4,8,0.14171371098282096
70,B,100,4,9,-0.29737219073775606
70,B,100,5,0,-0.9092839706137068
70,B,100,5,1,-0.3989878680623154
70,B,100,5,2,-0.5416219556384445
70,B,100,5,3,-0.636415774109609
70,B,100,5,4,-0.868766152006116
70,B,100,5,5,-0.7129418631938711
70,B,100,5,6,-0.6993488588194862
70,B,100,5,7,-0.42636245076154045
70,B,100,5,8,-0.43614442786393703
70,B,100,5,9,-0.48757842614544417
70,B,100,6,0,1.1138947664868495
70,B,100,6,1,1.4482539069223523
70,B,100,6,2,0.6363074088153452
70,B,100,6,3,1.2225567833221167
70,B,100,6,4,1.257261869804229
70,B,100,6,5,1.3212361974513795
70,B,100,6,6,1.1523741938822882
70,B,100,6,7,1.3196349624237678
70,B,100,6,8,1.145430639497932
70,B,100,6,9,1.4670971362317284
70,B,100,7,0,2.7788298287939477
70,B,100,7,1,2.9236654856152526
70,B,100,7,2,3.0690524024823604
70,B,100,7,3,3.192465353007238
70,B,100,7,4,3.4257112212680556
70,B,100,7,5,3.5508523061877826
70,B,100,7,6,2.9552092641051813
70,B,100,7,7,2.39427906438582
70,B,100,7,8,3.3401564775142245
70,B,100,7,9,3.2576254167713885
70,B,100,8,0,-0.1620418938871098
70,B,100,8,1,-0.08139115484929206
70,B,100,8,2,-0.5928601207823938
70,B,100,8,3,-0.1060332819014053
70,B,100,8,4,-0.03767516020109048
70,B,100,8,5,-0.2799433163668121
70,B,100,8,6,-0.075288838170685
70,B,100,8,7,-0.04310375898489089
70,B,100,8,8,-0.35160575512203285
70,B,100,8,9,-0.3192876191126086
70,B,100,9,0,0.4929561264468319
70,B,100,9,1,0.5505025701958455
70,B,100,9,2,0.45483600552179565
70,B,100,9,3,0.5803340001964958
70,B,100,9,4,0.787012760237626
70,B,100,9,5,0.5121471542227585
70,B,100,9,6,0.6818016520864996
70,B,100,9,7,0.7446357529350213
70,B,100,9,8,0.5394987391951959
70,B,100,9,9,0.6156958129349402
71,A,0.05,0,0,0.04498002490470472
71,A,0.05,0,1,0.023518971496605978
71,A,0.05,0,2,0.26759905598992284
71,A,0.05,0,3,0.2848527371062009
71,A,0.05,0,4,0.2175155358408982
71,A,0.05,0,5,0.01845305321552697
71,A,0.05,0,6,0.15210856755702168
71,A,0.05,0,7,-0.28768430478584694
71,A,0.05,0,8,0.5067130130703092
71,A,0.05,0,9,0.29198485765450244
71,A,0.05,1,0,-0.1972050559408408
71,A,0.05,1,1,-0.5157220120146238
71,A,0.05,1,2,-0.19066605318421495
71,A,0.05,1,3,-0.42407892383950274
71,A,0.05,1,4,-0.10897543380895022
71,A,0.05,1,5,-0.34492110962598416
71,A,0.05,1,6,-0.2664792270280235
71,A,0.05,1,7,-0.41313883642324006
71,A,0.05,1,8,-0.6813494397540402
71,A,0.05,1,9,-0.39654343813049053
71,A,0.05,2,0,-1.3103069478746359
71,A,0.05,2,1,-1.2201071881364192
71,A,0.05,2,2,-1.2740964853881256
71,A,0.05,2,3,-1.2697300008408356
71,A,0.05,2,4,-1.4214601042754664
71,A,0.05,2,5,-0.990332039271636
71,A,0.05,2,6,-1.1152162022924377
71,A,0.05,2,7,-1.10394916310226
71,A,0.05,2,8,-1.1357430252073495
71,A,0.05,2,9,-0.9789863978763869
71,A,0.05,3,0,0.3831488479802052
71,A,0.05,3,1,0.4976462153134082
71,A,0.05,3,2,-0.09751329454595516
71,A,0.05,3,3,0.2522038497158493
71,A,0.05,3,4,0.5560877057921357
71,A,0.05,3,5,0.30324863810093866
71,A,0.05,3,6,0.6686693976242197
71,A,0.05,3,7,0.3551376494738344
71,A,0.05,3,8,0.27353247102291783
71,A,0.05,3,9,0.4258632516007946
71,A,0.05,4,0,-1.321465340868827
71,A,0.05,4,1,-1.7827203952401682
71,A,0.05,4,2,-1.5569205829257529
71,A,0.05,4,3,-0.9986597545563914
71,A,0.05,4,4,-0.9981868732041184
71,A,0.05,4,5,-1.1604499612916181
71,A,0.05,4,6,-0.9679898133511308
71,A,0.05,4,7,-2.497733683573106
71,A,0.05,4,8,-1.1985739582123358
71,A,0.05,4,9,-1.329204468901876
71,A,0.05,5,0,1.2915412473403667
71,A,0.05,5,1,1.7260592138591448
71,A,0.05,5,2,1.3977204621296364
71,A,0.05,5,3,1.3700096230001475
71,A,0.05,5,4,1.4472663112155901
71,A,0.05,5,5,1.391717118226444
71,A,0.05,5,6,1.2278950994064544
71,A,0.05,5,7,0.9803610293495147
71,A,0.05,5,8,1.3294192662214277
71,A,0.05,5,9,1.5248437134185868
71,A,0.05,6,0,0.5637045558399496
71,A,0.05,6,1,0.41110772468839624
71,A,0.05,6,2,0.7421672667908867
71,A,0.05,6,3,0.5926513160659534
71,A,0.05,6,4,0.3497367119210407
71,A,0.05,6,5,0.605286104609211
71,A,0.05,6,6,0.8250056029951335
71,A,0.05,6,7,1.1406034025872207
71,A,0.05,6,8,-0.11802416196769423
71,A,0.05,6,9,0.5010578550324055
71,A,0.05,7,0,-0.5669474376076621
71,A,0.05,7,1,0.186744315205474
71,A,0.05,7,2,0.30338207029010855
71,A,0.05,7,3,0.013912002726375052
71,A,0.05,7,4,0.4176039697517645
71,A,0.05,7,5,0.6248630009715442
71,A,0.05,7,6,0.40668907192058534
71,A,0.05,7,7,0.4127373852571844
71,A,0.05,7,8,0.9513751887274061
71,A,0.05,7,9,0.3304650614207536
71,A,0.05,8,0,-0.14354944561163177
71,A,0.05,8,1,-0.44681929580832114
71,A,0.05,8,2,-0.2102110760565489
71,A,0.05,8,3,-0.15492023507667377
71,A,0.05,8,4,-0.18112517781246504
71,A,0.05,8,5,-0.20694763559901633
71,A,0.05,8,6,-0.07370163109585684
71,A,0.05,8,7,0.07146316152757254
71,A,0.05,8,8,0.11034164157782728
71,A,0.05,8,9,0.22198126591883796
71,A,0.05,9,0,1.8223194303313437
71,A,0.05,9,1,1.7467331114249585
71,A,0.05,9,2,1.767195451671745
71,A,0.05,9,3,1.0943311399774525
71,A,0.05,9,4,1.7388224626361684
71,A,0.05,9,5,1.4100164343005646
71,A,0.05,9,6,2.1047817001682683
71,A,0.05,9,7,1.3503097013472565
71,A,0.05,9,8,2.3878605522131613
71,A,0.05,9,9,1.6288013168917397
71,B,100,0,0,-0.4704330576775402
71,B,100,0,1,-0.7298383745913394
71,B,100,0,2,-0.42130365151965293
71,B,100,0,3,-0.31565778951625123
71,B,100,0,4,-0.08393229418410647
71,B,100,0,5,-0.5920589764456385
71,B,100,0,6,-0.002599668789121263
71,B,100,0,7,-0.5343973176533711
71,B,100,0,8,0.025565622571919744
71,B,100,0,9,-0.5376026461078087
71,B,100,1,0,-0.12316879166843765
71,B,100,1,1,-0.01297316283362742
71,B,100,1,2,0.18644528930361118
71,B,100,1,3,0.023028833069898995
71,B,100,1,4,0.09541247782341084
71,B,100,1,5,-0.32438668549474425
71,B,100,1,6,0.027243017191030193
71,B,100,1,7,0.021257914669875384
71,B,100,1,8,-0.09464542983191437
71,B,100,1,9,0.31228188912988597
71,B,100,2,0,0.1985699519957967
71,B,100,2,1,0.11749644608763624
71,B,100,2,2,0.583830088214019
71,B,100,2,3,-0.014668569162964459
71,B,100,2,4,0.13743259226708246
71,B,100,2,5,-0.3005273669335609
71,B,100,2,6,0.09072944985148153
71,B,100,2,7,0.5322957123918384
71,B,100,2,8,0.6121758657316702
71,B,100,2,9,0.09893936805876397
71,B,100,3,0,-0.2094650467084877
71,B,100,3,1,-0.4565262501288838
71,B,100,3,2,-0.6986582518594774
71,B,100,3,3,-0.38539629777031725
71,B,100,3,4,-0.5039551027019552
71,B,100,3,5,-0.44776651307710663
71,B,100,3,6,-0.42744892637437126
71,B,100,3,7,-0.5632378919192955
71,B,100,3,8,-0.3074298940761746
71,B,100,3,9,-0.6749458217717142
71,B,100,4,0,2.622918819081656
71,B,100,4,1,2.183144831382456
71,B,100,4,2,2.1176047932626934
71,B,100,4,3,2.614442883977325
71,B,100,4,4,1.975474048394372
71,B,100,4,5,2.448025420922444
71,B,100,4,6,2.546844431752821
71,B,100,4,7,2.7024087545308775
71,B,100,4,8,2.5258849277446855
71,B,100,4,9,2.2032976454413866
71,B,100,5,0,-0.15985858150835544
71,B,100,5,1,-2.22220074789944
71,B,100,5,2,-1.0856228270326476
71,B,100,5,3,-0.9001778397557665
71,B,100,5,4,-1.2885960941818986
71,B,100,5,5,-0.86805177138114
71,B,100,5,6,-1.2364482477502794
71,B,100,5,7,-1.16570947454558
71,B,100,5,8,-0.20870390454166293
71,B,100,5,9,-1.0242644419515232
71,B,100,6,0,-2.132064140750959
71,B,100,6,1,-2.2765526797502313
71,B,100,6,2,-1.477314453793517
71,B,100,6,3,-2.0422735315807747
71,B,100,6,4,-1.89382520913997
71,B,100,6,5,-1.7818577353576937
71,B,100,6,6,-2.5541474947695346
71,B,100,6,7,-2.4782696309497214
71,B,100,6,8,-1.7663226337002742
71,B,100,6,9,-1.7889519575677926
71,B,100,7,0,-0.06134313957903471
71,B,100,7,1,-0.1497751348843819
71,B,100,7,2,-0.1005546547425747
71,B,100,7,3,0.20899959549570812
71,B,100,7,4,0.23059482891992925
71,B,100,7,5,-0.072812545152499
71,B,100,7,6,0.19970969003807942
71,B,100,7,7,-0.03195458086457281
71,B,100,7,8,0.08375958856952935
71,B,100,7,9,-0.25380281833429086
71,B,100,8,0,-0.1791686463077432
71,B,100,8,1,-0.08677840242807229
71,B,100,8,2,0.0556951130109822
71,B,100,8,3,0.2569693409755663
71,B,100,8,4,0.1641215572556502
71,B,100,8,5,-0.1514447916091048
71,B,100,8,6,-0.22671798357054398
71,B,100,8,7,-0.0639464277369809
71,B,100,8,8,-0.17896966709402737
71,B,100,8,9,0.21058673694954017
71,B,100,9,0,-0.7086187386260983
71,B,100,9,1,-0.916555680755962
71,B,100,9,2,-1.0668563968870175
71,B,100,9,3,-0.522047921467279
71,B,100,9,4,-0.8898519210589687
71,B,100,9,5,-0.7744744449436287
71,B,100,9,6,-0.7147217443064416
71,B,100,9,7,-1.023891595347275
71,B,100,9,8,-0.18727246544119372
71,B,100,9,9,-0.9757674866627425
72,A,0.05,0,0,-1.0434869506184568
72,A,0.05,0,1,-0.84837642103343
72,A,0.05,0,2,-0.761574644324718
72,A,0.05,0,3,-0.7395712617795092
72,A,0.05,0,4,-0.8939026840525129
72,A,0.05,0,5,-0.8118249633174444
72,A,0.05,0,6,-0.7150139042977062
72,A,0.05,0,7,-0.720974720645314
72,A,0.05,0,8,-0.6777240763762089
72,A,0.05,0,9,-0.815527652813996
72,A,0.05,1,0,0.8003322532362719
72,A,0.05,1,1,-0.5952749192997076
72,A,0.05,1,2,0.6266023993645873
72,A,0.05,1,3,-0.10151571729780742
72,A,0.05,1,4,0.014691153511283481
72,A,0.05,1,5,1.2011480278989037
72,A,0.05,1,6,-0.349787774271397
72,A,0.05,1,7,1.124601804178532
72,A,0.05,1,8,0.4877327931646161
72,A,0.05,1,9,1.4084156170640088
72,A,0.05,2,0,-1.2558595673590713
72,A,0.05,2,1,-0.7585902249797982
72,A,0.05,2,2,-0.8666294842785953
72,A,0.05,2,3,-0.7671028474182405
72,A,0.05,2,4,-1.1241517166954076
72,A,0.05,2,5,-1.01800551929774
72,A,0.05,2,6,-0.7295851110082474
72,A,0.05,2,7,-0.8879659098297777
72,A,0.05,2,8,-0.5431766094118841
72,A,0.05,2,9,-1.285074900233995
72,A,0.05,3,0,-1.633740913064975
72,A,0.05,3,1,-1.6358599136722254
72,A,0.05,3,2,-1.6368860382100487
72,A,0.05,3,3,-1.6651598952921896
72,A,0.05,3,4,-1.5907900673647966
72,A,0.05,3,5,-1.3031121486580346
72,A,0.05,3,6,-1.5219164121882944
72,A,0.05,3,7,-1.9186632415362666
72,A,0.05,3,8,-1.644910668069656
72,A,0.05,3,9,-1.7156861576318496
72,A,0.05,4,0,-0.7803200555484624
72,A,0.05,4,1,-0.032108399701216
72,A,0.05,4,2,0.07703082913878362
72,A,0.05,4,3,-0.09879278773634187
72,A,0.05,4,4,-0.0284587331173749
72,A,0.05,4,5,-0.5697419102449809
72,A,0.05,4,6,-0.6710634796855561
72,A,0.05,4,7,0.11635783165032534
72,A,0.05,4,8,-0.36482399004774896
72,A,0.05,4,9,-0.8793574550697908
72,A,0.05,5,0,-0.5557725569076115
72,A,0.05,5,1,-0.44566005687472954
72,A,0.05,5,2,-0.20352285372515472
72,A,0.05,5,3,-0.9025250519841509
72,A,0.05,5,4,-0.06292154503539164
72,A,0.05,5,5,-0.1327825452179832
72,A,0.05,5,6,-0.35864664507421495
72,A,0.05,5,7,-0.882941921040651
72,A,0.05,5,8,-0.6964793835568669
72,A,0.05,5,9,-0.8595450125644948
72,A,0.05,6,0,-0.31711844919304627
72,A,0.05,6,1,2.083504245307152
72,A,0.05,6,2,1.333901163452681
72,A,0.05,6,3,1.812938102339156
72,A,0.05,6,4,2.0144486154296457
72,A,0.05,6,5,1.6650297948310706
72,A,0.05,6,6,2.504820486285185
72,A,0.05,6,7,1.9669618274240404
72,A,0.05,6,8,1.9774573453222875
72,A,0.05,6,9,1.4783712632597923
72,A,0.05,7,0,-0.4376193896090293
72,A,0.05,7,1,-0.5045841167267524
72,A,0.05,7,2,-0.44235601980301004
72,A,0.05,7,3,-0.2809711492209539
72,A,0.05,7,4,-1.0655735414985188
72,A,0.05,7,5,-0.3940263208239342
72,A,0.05,7,6,-0.2031872424583564
72,A,0.05,7,7,-0.22658075993361956
72,A,0.05,7,8,-0.42786023980369065
72,A,0.05,7,9,-0.97610025950425
72,A,0.05,8,0,0.4555826804346693
72,A,0.05,8,1,0.24969862517227348
72,A,0.05,8,2,0.5733164943198706
72,A,0.05,8,3,0.6121566755097682
72,A,0.05,8,4,0.34343065043962695
72,A,0.05,8,5,0.7060952483965547
72,A,0.05,8,6,0.6280358061514428
72,A,0.05,8,7,0.26537169154110873
72,A,0.05,8,8,1.0557570479941596
72,A,0.05,8,9,0.4238169284444693
72,A,0.05,9,0,-1.1701066388383357
72,A,0.05,9,1,-1.841108074595625
72,A,0.05,9,2,-1.2972708616589492
72,A,0.05,9,3,-2.1968645872045456
72,A,0.05,9,4,-1.5015322935036621
72,A,0.05,9,5,-1.625620695932984
72,A,0.05,9,6,-1.6913672144039213
72,A,0.05,9,7,-1.6370316406678382
72,A,0.05,9,8,-1.8073145031313904
72,A,0.05,9,9,-2.1565966584216145
72,B,100,0,0,0.5545692059997708
72,B,100,0,1,1.2531687885311171
72,B,100,0,2,1.120434854972316
72,B,100,0,3,0.8239503454188073
72,B,100,0,4,0.8276539198740522
72,B,100,0,5,0.7607647411305869
72,B,100,0,6,0.7719314090145322
72,B,100,0,7,0.641367795932347
72,B,100,0,8,1.0967897389529826
72,B,100,0,9,0.5275058943481553
72,B,100,1,0,-1.0230761269698059
72,B,100,1,1,-0.6419528547088728
72,B,100,1,2,-0.3682645195920165
72,B,100,1,3,0.32701046936383127
72,B,100,1,4,-0.5669818742000344
72,B,100,1,5,-0.3805197780811239
72,B,100,1,6,0.11387914809438932
72,B,100,1,7,0.1246170694938398
72,B,100,1,8,-0.014954086855467086
72,B,100,1,9,0.24736207215314235
72,B,100,2,0,0.12465783170788
72,B,100,2,1,0.16960580386492993
72,B,100,2,2,0.7519441783101294
72,B,100,2,3,-0.08420988721127028
72,B,100,2,4,0.09385906089685522
72,B,100,2,5,-0.38765842230146774
72,B,100,2,6,0.3741307149186472
72,B,100,2,7,0.8568559031233943
72,B,100,2,8,0.4365012604157022
72,B,100,2,9,0.6123371530464204
72,B,100,3,0,0.010782826148204406
72,B,100,3,1,0.005149412187264059
72,B,100,3,2,-0.006475947193913761
72,B,100,3,3,0.018135480954212524
72,B,100,3,4,0.009724817835065201
72,B,100,3,5,0.026586329724884814
72,B,100,3,6,0.006329022913088053
72,B,100,3,7,0.02161754138287631
72,B,100,3,8,0.019820408401508317
72,B,100,3,9,0.02129951527987512
72,B,100,4,0,-0.3027056132290894
72,B,100,4,1,-0.708337027565226
72,B,100,4,2,-0.34878311282171076
72,B,100,4,3,-0.5872154767655671
72,B,100,4,4,-0.3090829267304764
72,B,100,4,5,-0.3369067229706001
72,B,100,4,6,-0.32099439690531406
72,B,100,4,7,-0.17654203928883186
72,B,100,4,8,-0.24286008319936703
72,B,100,4,9,-0.29034682760115416
72,B,100,5,0,0.42258466084859503
72,B,100,5,1,-0.37388221226716567
72,B,100,5,2,0.2411337317685662
72,B,100,5,3,-0.10171854037907685
72,B,100,5,4,0.07204864167639786
72,B,100,5,5,0.18034579595084288
72,B,100,5,6,-0.3457637704103511
72,B,100,5,7,-0.14506477404289395
72,B,100,5,8,-0.2836825979046353
72,B,100,5,9,-0.1774319887737506
72,B,100,6,0,1.2439448628873784
72,B,100,6,1,1.0097416083404607
72,B,100,6,2,1.2681654638851492
72,B,100,6,3,1.1824846319846545
72,B,100,6,4,0.6143280425360822
72,B,100,6,5,1.2748607214640386
72,B,100,6,6,0.9685572858972545
72,B,100,6,7,1.2405745170750904
72,B,100,6,8,1.157024868605179
72,B,100,6,9,1.0207765938157016
72,B,100,7,0,-0.02129601987051495
72,B,100,7,1,-0.047344085828529836
72,B,100,7,2,-0.03731952609295413
72,B,100,7,3,0.05521569079133941
72,B,100,7,4,-0.03399337486952642
72,B,100,7,5,0.14563329953983686
72,B,100,7,6,0.4275221906123988
72,B,100,7,7,0.8066678939293006
72,B,100,7,8,0.26905053572423443
72,B,100,7,9,0.10820261081960725
72,B,100,8,0,0.022928275104862398
72,B,100,8,1,-0.13258624483933054
72,B,100,8,2,-0.15878918844809795
72,B,100,8,3,0.09927882072672647
72,B,100,8,4,-0.11126972267667319
72,B,100,8,5,0.020274603989822806
72,B,100,8,6,-0.008823054502404417
72,B,100,8,7,0.0064191033186983245
72,B,100,8,8,-0.06734232188550547
72,B,100,8,9,0.017707674100636787
72,B,100,9,0,-0.152922855958936
72,B,100,9,1,-0.35098779436407906
72,B,100,9,2,-0.6078234853640654
72,B,100,9,3,-0.31167243662774724
72,B,100,9,4,-0.39714452341920337
72,B,100,9,5,-0.5040252466023823
72,B,100,9,6,-0.3047766554249939
72,B,100,9,7,-0.04737117918067758
72,B,100,9,8,-0.10875524267672847
72,B,100,9,9,-0.22645678137334013
73,A,0.05,0,0,-0.7119228293672867
73,A,0.05,0,1,-0.10136941552237871
73,A,0.05,0,2,-0.2427078182499913
73,A,0.05,0,3,-0.09799249016242695
73,A,0.05,0,4,-0.33683922271597405
73,A,0.05,0,5,-0.18494432919042983
73,A,0.05,0,6,-0.05152901016095533
73,A,0.05,0,7,-0.06996933126654002
73,A,0.05,0,8,-0.4276274590162157
73,A,0.05,0,9,-0.11815847826242275
73,A,0.05,1,0,-0.08690095861375757
73,A,0.05,1,1,0.2261247744316367
73,A,0.05,1,2,-0.11289487742182165
73,A,0.05,1,3,-0.0005442454506946681
73,A,0.05,1,4,0.1031690988951943
73,A,0.05,1,5,0.031259315060757235
73,A,0.05,1,6,-0.09291260857037764
73,A,0.05,1,7,0.1504711917283206
73,A,0.05,1,8,-0.4117021280955283
73,A,0.05,1,9,0.0736771842061588
73,A,0.05,2,0,0.019147659075226336
73,A,0.05,2,1,-0.027369763718867082
73,A,0.05,2,2,0.02691269345554826
73,A,0.05,2,3,-0.18811533765077243
73,A,0.05,2,4,0.0688816405876183
73,A,0.05,2,5,-0.07833147914090706
73,A,0.05,2,6,0.012784559872161615
73,A,0.05,2,7,0.10634927687883472
73,A,0.05,2,8,-0.050576397589655396
73,A,0.05,2,9,0.08611867675365514
73,A,0.05,3,0,-2.3425780021086355
73,A,0.05,3,1,-1.5924918617096273
73,A,0.05,3,2,-1.5591859765561695
73,A,0.05,3,3,-1.7326723423263795
73,A,0.05,3,4,-1.771863432470171
73,A,0.05,3,5,-1.5995626705073642
73,A,0.05,3,6,-2.4024307176852653
73,A,0.05,3,7,-1.8740656684454218
73,A,0.05,3,8,-1.2783743478266545
73,A,0.05,3,9,-1.2564156392328205
73,A,0.05,4,0,2.3038585933986955
73,A,0.05,4,1,2.0697385185935095
73,A,0.05,4,2,2.255192785021372
73,A,0.05,4,3,2.2292044681193155
73,A,0.05,4,4,2.1190699213351083
73,A,0.05,4,5,0.10332778074518777
73,A,0.05,4,6,2.1487036542699656
73,A,0.05,4,7,0.19340808076319446
73,A,0.05,4,8,0.5135760240944353
73,A,0.05,4,9,2.033949921549713
73,A,0.05,5,0,-0.4477492516714555
73,A,0.05,5,1,-0.19414463321656336
73,A,0.05,5,2,-0.4002489297832829
73,A,0.05,5,3,-0.6063288599622115
73,A,0.05,5,4,-0.6168254316322312
73,A,0.05,5,5,-0.0945560628120415
73,A,0.05,5,6,-0.7151771905415663
73,A,0.05,5,7,0.09246312815036321
73,A,0.05,5,8,-0.7771220464950336
73,A,0.05,5,9,-0.27331621726253563
73,A,0.05,6,0,-0.17968268959485065
73,A,0.05,6,1,-0.5297683562714652
73,A,0.05,6,2,-0.22777018102453478
73,A,0.05,6,3,-0.5982161204781108
73,A,0.05,6,4,-0.8972169122930942
73,A,0.05,6,5,-0.8526667455433884
73,A,0.05,6,6,-0.5072110941805527
73,A,0.05,6,7,-1.1032316951068561
73,A,0.05,6,8,-0.1722752032115083
73,A,0.05,6,9,-0.18904536462579052
73,A,0.05,7,0,-0.00022986911459159086
73,A,0.05,7,1,0.005896328088440747
73,A,0.05,7,2,0.02262413218146623
73,A,0.05,7,3,0.036706124657915395
73,A,0.05,7,4,-0.028546193600029284
73,A,0.05,7,5,0.007927186444276578
73,A,0.05,7,6,0.033491954644386694
73,A,0.05,7,7,0.03719563096793848
73,A,0.05,7,8,0.013183985583575676
73,A,0.05,7,9,0.03505167821392119
73,A,0.05,8,0,1.5047229106078062
73,A,0.05,8,1,0.6163908845766001
73,A,0.05,8,2,1.0358802941336118
73,A,0.05,8,3,0.7859441710450898
73,A,0.05,8,4,1.4002210200166298
73,A,0.05,8,5,0.6760276222562612
73,A,0.05,8,6,0.33977295524116335
73,A,0.05,8,7,1.392401942902028
73,A,0.05,8,8,1.1815566976401273
73,A,0.05,8,9,0.9935275391967858
73,A,0.05,9,0,0.8617831173398708
73,A,0.05,9,1,0.6526444158903173
73,A,0.05,9,2,0.40654041684975817
73,A,0.05,9,3,0.3828769345418605
73,A,0.05,9,4,0.6489201790370447
73,A,0.05,9,5,0.5454862207452683
73,A,0.05,9,6,0.6000828569011586
73,A,0.05,9,7,0.6633549598113163
73,A,0.05,9,8,0.6034245587739882
73,A,0.05,9,9,0.3026027380626253
73,B,100,0,0,0.9276268880826901
73,B,100,0,1,0.11693889640566647
73,B,100,0,2,-0.1028006914577706
73,B,100,0,3,0.5807262090635228
73,B,100,0,4,0.09315428217236318
73,B,100,0,5,0.62032293290148
73,B,100,0,6,0.14265796281903326
73,B,100,0,7,1.0530810018530006
73,B,100,0,8,0.46941005333992114
73,B,100,0,9,0.4553581893348727
73,B,100,1,0,-0.9223962314663129
73,B,100,1,1,-1.683822421751997
73,B,100,1,2,-1.4307348971914078
73,B,100,1,3,-0.9602682418008686
73,B,100,1,4,-0.5687320156215973
73,B,100,1,5,-0.6884838224935584
73,B,100,1,6,-1.486671757874249
73,B,100,1,7,-1.5565360899280583
73,B,100,1,8,-1.221737877701105
73,B,100,1,9,-1.0369774885106375
73,B,100,2,0,-0.6283699764122864
73,B,100,2,1,-0.678366191127225
73,B,100,2,2,-1.0408239930503131
73,B,100,2,3,-0.3777184706946579
73,B,100,2,4,-0.6325752803425698
73,B,100,2,5,-0.06702066630974228
73,B,100,2,6,-0.7498221405389155
73,B,100,2,7,-0.3663044304674794
73,B,100,2,8,-0.9933753917282393
73,B,100,2,9,-0.30797944118538495
73,B,100,3,0,-0.12738877425959763
73,B,100,3,1,0.23050493800944125
73,B,100,3,2,0.18653919287643594
73,B,100,3,3,0.22218954471485391
73,B,100,3,4,0.30756217390199386
73,B,100,3,5,0.380944891742877
73,B,100,3,6,0.45315573233238887
73,B,100,3,7,0.3544845106837704
73,B,100,3,8,0.3861881227311356
73,B,100,3,9,-0.09650495527569447
73,B,100,4,0,-0.5839914384442484
73,B,100,4,1,-0.6192011946559111
73,B,100,4,2,-0.7549452257745696
73,B,100,4,3,-0.6662956363497778
73,B,100,4,4,-0.9543034026976981
73,B,100,4,5,-0.9306801465835393
73,B,100,4,6,-0.76990067023759
73,B,100,4,7,-0.7702464386330837
73,B,100,4,8,-0.9658126857685393
73,B,100,4,9,-0.7111613781911712
73,B,100,5,0,-0.4755052222679821
73,B,100,5,1,-0.2355543779682321
73,B,100,5,2,-0.33116617708564333
73,B,100,5,3,-0.2112505076573722
73,B,100,5,4,0.16934759021928103
73,B,100,5,5,-0.11332161413959241
73,B,100,5,6,-0.07289159400870655
73,B,100,5,7,0.08149541625243302
73,B,100,5,8,-0.38977245755483997
73,B,100,5,9,-0.08956583597369938
73,B,100,6,0,2.6472303511358737
73,B,100,6,1,2.5359771946818963
73,B,100,6,2,3.1181744650013163
73,B,100,6,3,2.3662724025488826
73,B,100,6,4,2.925069045890375
73,B,100,6,5,2.953733762000244
73,B,100,6,6,2.4978379125082584
73,B,100,6,7,3.0923701372412182
73,B,100,6,8,3.1266717164640014
73,B,100,6,9,3.061234684148333
73,B,100,7,0,-0.6827004219646037
73,B,100,7,1,-0.6469744791673886
73,B,100,7,2,-0.6811669548090996
73,B,100,7,3,-0.5169167214158715
73,B,100,7,4,-0.7268877422194202
73,B,100,7,5,-0.45744921224714896
73,B,100,7,6,-0.35227314798470183
73,B,100,7,7,-0.6062498027049203
73,B,100,7,8,-0.46434653788701297
73,B,100,7,9,-0.6630245472792459
73,B,100,8,0,-0.19220328169562126
73,B,100,8,1,-0.4667184196371599
73,B,100,8,2,-0.5219378371997876
73,B,100,8,3,-0.13260656241586263
73,B,100,8,4,-0.7241258094718903
73,B,100,8,5,-0.7317878607222633
73,B,100,8,6,-0.8071763236682623
73,B,100,8,7,-0.28889741504170935
73,B,100,8,8,-0.2098757516065976
73,B,100,8,9,-0.21534159676151207
73,B,100,9,0,0.061493754762917754
73,B,100,9,1,0.4320373024500078
73,B,100,9,2,0.6285995052768905
73,B,100,9,3,0.5728128895907006
73,B,100,9,4,0.3655377401963957
73,B,100,9,5,0.4412625505912199
73,B,100,9,6,0.6440766017593355
73,B,100,9,7,0.8218410826050275
73,B,100,9,8,0.7759558586223082
73,B,100,9,9,0.47950902541172474
74,A,0.05,0,0,0.7879990176297899
74,A,0.05,0,1,0.5234930155333357
74,A,0.05,0,2,0.4371212871591734
74,A,0.05,0,3,0.5790631169473182
74,A,0.05,0,4,1.0875819988758018
74,A,0.05,0,5,1.1972973631986075
74,A,0.05,0,6,0.8451815284687427
74,A,0.05,0,7,0.5065630443797766
74,A,0.05,0,8,0.6307831917780609
74,A,0.05,0,9,0.6992487468157327
74,A,0.05,1,0,0.8071927583307537
74,A,0.05,1,1,0.676099275954776
74,A,0.05,1,2,1.3751123425358622
74,A,0.05,1,3,0.5030142204250009
74,A,0.05,1,4,0.7683466708028485
74,A,0.05,1,5,-0.38310408691565784
74,A,0.05,1,6,0.9962162612022992
74,A,0.05,1,7,1.3358858346036921
74,A,0.05,1,8,0.6221374521943127
74,A,0.05,1,9,0.6080923782904354
74,A,0.05,2,0,-0.0017205120650757187
74,A,0.05,2,1,-0.03198104628233554
74,A,0.05,2,2,-0.00493688798035476
74,A,0.05,2,3,0.050570045153490374
74,A,0.05,2,4,-0.05984773348389851
74,A,0.05,2,5,0.11661469604781322
74,A,0.05,2,6,-0.29345985774992817
74,A,0.05,2,7,-0.25880802237618306
74,A,0.05,2,8,-0.03656756800688625
74,A,0.05,2,9,-0.03219778210774073
74,A,0.05,3,0,-0.1751122108383746
74,A,0.05,3,1,0.1776391213678888
74,A,0.05,3,2,-0.13414586770444728
74,A,0.05,3,3,-0.1541126846731266
74,A,0.05,3,4,-0.19066522234220906
74,A,0.05,3,5,0.11900295088324608
74,A,0.05,3,6,-0.31171341670870545
74,A,0.05,3,7,0.41250074245881135
74,A,0.05,3,8,0.22776189547895184
74,A,0.05,3,9,-0.067374581894108
74,A,0.05,4,0,0.2356641104502733
74,A,0.05,4,1,0.6351778672991223
74,A,0.05,4,2,0.3553577567928109
74,A,0.05,4,3,0.351332652239033
74,A,0.05,4,4,0.3589233354715603
74,A,0.05,4,5,0.351928609803963
74,A,0.05,4,6,0.4837507494836215
74,A,0.05,4,7,0.525414577893993
74,A,0.05,4,8,0.3684310223429568
74,A,0.05,4,9,0.34260047944386285
74,A,0.05,5,0,-1.3033783437144384
74,A,0.05,5,1,-1.0186357527801275
74,A,0.05,5,2,-0.38833027799573544
74,A,0.05,5,3,-0.41030392809619226
74,A,0.05,5,4,-0.8604232580655109
74,A,0.05,5,5,-0.8595689883981055
74,A,0.05,5,6,-0.6793281646275384
74,A,0.05,5,7,-0.8644996103355665
74,A,0.05,5,8,-0.7111197310386802
74,A,0.05,5,9,-0.7249038935287266
74,A,0.05,6,0,1.211907812118823
74,A,0.05,6,1,0.821977784958281
74,A,0.05,6,2,0.7990933380875485
74,A,0.05,6,3,1.1253638631277993
74,A,0.05,6,4,1.1492352877744416
74,A,0.05,6,5,1.0314560038353113
74,A,0.05,6,6,1.0674152293343127
74,A,0.05,6,7,0.8807714207415478
74,A,0.05,6,8,0.8356242077444924
74,A,0.05,6,9,1.064450027125018
74,A,0.05,7,0,1.556078635880339
74,A,0.05,7,1,1.4143439506188815
74,A,0.05,7,2,1.3558433563486694
74,A,0.05,7,3,1.5605149741231459
74,A,0.05,7,4,1.314436239958715
74,A,0.05,7,5,1.8863450397750505
74,A,0.05,7,6,1.5990269931354042
74,A,0.05,7,7,1.5232834686732148
74,A,0.05,7,8,1.2047292806852816
74,A,0.05,7,9,1.8040841044037472
74,A,0.05,8,0,-1.424691173791244
74,A,0.05,8,1,-1.7650596521281405
74,A,0.05,8,2,-1.0267219288672866
74,A,0.05,8,3,-1.0393806629877334
74,A,0.05,8,4,-0.6995840718077652
74,A,0.05,8,5,-1.1102299440690249
74,A,0.05,8,6,-1.0113755778841076
74,A,0.05,8,7,-1.647328673340498
74,A,0.05,8,8,-1.013517143793009
74,A,0.05,8,9,-1.3181318174278083
74,A,0.05,9,0,-0.8298536198768169
74,A,0.05,9,1,-0.29507428728829366
74,A,0.05,9,2,-0.4478592585163473
74,A,0.05,9,3,-0.5116503878723283
74,A,0.05,9,4,-0.5102859820796416
74,A,0.05,9,5,0.01718249181574214
74,A,0.05,9,6,-0.2234906589558371
74,A,0.05,9,7,0.09225895564222404
74,A,0.05,9,8,-0.5548005467726047
74,A,0.05,9,9,-0.05379295612690478
74,B,100,0,0,2.018881461846812
74,B,100,0,1,2.045753085997645
74,B,100,0,2,1.9589498011913238
74,B,100,0,3,1.894241701422008
74,B,100,0,4,2.101280006290943
74,B,100,0,5,2.069555346326106
74,B,100,0,6,2.046680445085135
74,B,100,0,7,1.88228276439602
74,B,100,0,8,2.204568139879442
74,B,100,0,9,2.398781783865187
74,B,100,1,0,1.078406985226388
74,B,100,1,1,1.3930812192710702
74,B,100,1,2,1.4148358775646426
74,B,100,1,3,1.4590958759816597
74,B,100,1,4,1.227801556850027
74,B,100,1,5,-0.2476361373963605
74,B,100,1,6,1.0950346173294656
74,B,100,1,7,2.066989422060907
74,B,100,1,8,0.9458178694990509
74,B,100,1,9,1.1137351978580041
74,B,100,2,0,-0.4678414383201225
74,B,100,2,1,0.021436749351241034
74,B,100,2,2,0.04493583312088703
74,B,100,2,3,-0.5779767487585068
74,B,100,2,4,-0.37679133375811436
74,B,100,2,5,-0.07840383798678713
74,B,100,2,6,-0.125802615510535
74,B,100,2,7,0.01666155116759837
74,B,100,2,8,-0.020627684415330663
74,B,100,2,9,0.02728888678355538
74,B,100,3,0,-0.8195094342503367
74,B,100,3,1,-1.0856615522487807
74,B,100,3,2,-1.1773110837879757
74,B,100,3,3,-2.025267539387508
74,B,100,3,4,-1.3403326463861804
74,B,100,3,5,-0.6438613718887274
74,B,100,3,6,-1.5446173518030986
74,B,100,3,7,-1.1680391453521255
74,B,100,3,8,-1.8548444604541419
74,B,100,3,9,-0.3487376236806883
74,B,100,4,0,-0.05853937146562507
74,B,100,4,1,0.6508412364438816
74,B,100,4,2,0.8418323465678658
74,B,100,4,3,0.20452550734313582
74,B,100,4,4,-0.401879594514981
74,B,100,4,5,0.16262237515530686
74,B,100,4,6,0.3947312222870949
74,B,100,4,7,0.8147801009034995
74,B,100,4,8,0.6490577063460039
74,B,100,4,9,-0.03773431984933161
74,B,100,5,0,-2.474156676918358
74,B,100,5,1,-2.1630358183156098
74,B,100,5,2,-1.4171608606109078
74,B,100,5,3,-1.6347790018042572
74,B,100,5,4,-1.2974268662826565
74,B,100,5,5,-1.695110053136608
74,B,100,5,6,-1.393739046493512
74,B,100,5,7,-1.8686214662453882
74,B,100,5,8,-1.5731247373172628
74,B,100,5,9,-1.66372648891813
74,B,100,6,0,-0.32050512226282846
74,B,100,6,1,-0.30531054249044826
74,B,100,6,2,-0.2603513909924258
74,B,100,6,3,-0.09500182795738911
74,B,100,6,4,-0.40022471054174197
74,B,100,6,5,-0.2352242106218248
74,B,100,6,6,-0.37780926449034713
74,B,100,6,7,-0.35035714570515614
74,B,100,6,8,-0.28079427629907383
74,B,100,6,9,-0.08900532402053617
74,B,100,7,0,-1.01528832305423
74,B,100,7,1,-0.9349847341322848
74,B,100,7,2,-0.6641716160861031
74,B,100,7,3,-0.5299982561737648
74,B,100,7,4,-1.106997037644992
74,B,100,7,5,-0.729257674701683
74,B,100,7,6,-0.9278993099514409
74,B,100,7,7,-0.7932942379884329
74,B,100,7,8,-0.7494188366972626
74,B,100,7,9,-1.007966228229457
74,B,100,8,0,-2.484506011846561
74,B,100,8,1,-1.7240157622352585
74,B,100,8,2,-2.9888346986716208
74,B,100,8,3,-1.9338772798492982
74,B,100,8,4,-1.8329505541375517
74,B,100,8,5,-1.7262816062838946
74,B,100,8,6,-0.8356341118180035
74,B,100,8,7,-1.171267521250285
74,B,100,8,8,-2.331656202126751
74,B,100,8,9,-1.5881843573068808
74,B,100,9,0,-0.6305680009484994
74,B,100,9,1,-0.7522203078992328
74,B,100,9,2,0.030588864132900743
74,B,100,9,3,0.11562415559221409
74,B,100,9,4,-0.5001604385200872
74,B,100,9,5,-0.3493835424735599
74,B,100,9,6,0.15064909685862665
74,B,100,9,7,0.3201706649148474
74,B,100,9,8,0.4339258314072889
74,B,100,9,9,0.06615702689802859
75,A,0.05,0,0,0.18805186698475349
75,A,0.05,0,1,0.07879194834048549
75,A,0.05,0,2,0.08711978629535508
75,A,0.05,0,3,0.21600110111237228
75,A,0.05,0,4,0.06958919504273284
75,A,0.05,0,5,0.374235261347406
75,A,0.05,0,6,-0.014552190444256685
75,A,0.05,0,7,0.20997576742042376
75,A,0.05,0,8,0.14713936382653903
75,A,0.05,0,9,0.08656452919044513
75,A,0.05,1,0,0.0699048217311649
75,A,0.05,1,1,-0.13182312240275346
75,A,0.05,1,2,0.2924683435907332
75,A,0.05,1,3,0.04112619783710745
75,A,0.05,1,4,-0.07581500968415482
75,A,0.05,1,5,0.11574071590747059
75,A,0.05,1,6,-0.31663337856039697
75,A,0.05,1,7,0.005428493550294785
75,A,0.05,1,8,-0.1043874913903194
75,A,0.05,1,9,-0.10374402089619725
75,A,0.05,2,0,0.6050362363398686
75,A,0.05,2,1,-0.18171522369528023
75,A,0.05,2,2,0.47940409095827075
75,A,0.05,2,3,0.3894450278125926
75,A,0.05,2,4,0.3142033189763411
75,A,0.05,2,5,0.4615676542442979
75,A,0.05,2,6,0.38646066669742474
75,A,0.05,2,7,0.4223569868781075
75,A,0.05,2,8,0.3062972442522505
75,A,0.05,2,9,0.2379774284895176
75,A,0.05,3,0,-0.6241501210989447
75,A,0.05,3,1,-0.26743931726993325
75,A,0.05,3,2,-0.5835279430987429
75,A,0.05,3,3,-0.5754801196803937
75,A,0.05,3,4,-0.5602994430615255
75,A,0.05,3,5,-0.5709137414068532
75,A,0.05,3,6,-0.6260789101456464
75,A,0.05,3,7,-0.3943330447078611
75,A,0.05,3,8,-0.2590515034303881
75,A,0.05,3,9,-0.6703683357736955
75,A,0.05,4,0,1.0709595169243231
75,A,0.05,4,1,1.168778984414113
75,A,0.05,4,2,1.4667326155352816
75,A,0.05,4,3,1.0854342630209075
75,A,0.05,4,4,1.2928222953484185
75,A,0.05,4,5,1.2252314635828412
75,A,0.05,4,6,1.2753877981834885
75,A,0.05,4,7,1.3984016936743615
75,A,0.05,4,8,1.0425142157137648
75,A,0.05,4,9,1.1677369316758064
75,A,0.05,5,0,1.1788883447859744
75,A,0.05,5,1,1.1276610598084489
75,A,0.05,5,2,1.736183155502323
75,A,0.05,5,3,1.6565281308466884
75,A,0.05,5,4,1.5947671980886389
75,A,0.05,5,5,1.6435430080888807
75,A,0.05,5,6,1.2383089552846356
75,A,0.05,5,7,1.1298220710417706
75,A,0.05,5,8,1.3202251918802739
75,A,0.05,5,9,1.5423434843699089
75,A,0.05,6,0,0.11257803439464348
75,A,0.05,6,1,0.35958329237849
75,A,0.05,6,2,-0.04294342020668425
75,A,0.05,6,3,0.19312849775864424
75,A,0.05,6,4,0.2228273865984091
75,A,0.05,6,5,-0.04196481059267653
75,A,0.05,6,6,0.04676647123459047
75,A,0.05,6,7,0.041566459108495844
75,A,0.05,6,8,0.22203402619216087
75,A,0.05,6,9,0.5626088163799332
75,A,0.05,7,0,-0.18117013757059025
75,A,0.05,7,1,0.3329206993018591
75,A,0.05,7,2,0.16356466670111508
75,A,0.05,7,3,0.5692837979954731
75,A,0.05,7,4,0.20202609665082555
75,A,0.05,7,5,0.5343242110284493
75,A,0.05,7,6,0.47639500778704214
75,A,0.05,7,7,0.22270939415826368
75,A,0.05,7,8,0.697228091158764
75,A,0.05,7,9,0.825726782986804
75,A,0.05,8,0,-0.660099827422606
75,A,0.05,8,1,-0.7404265482161723
75,A,0.05,8,2,0.6032307711006661
75,A,0.05,8,3,-0.8236384307076197
75,A,0.05,8,4,-0.3831864863802531
75,A,0.05,8,5,-1.9479026257390992
75,A,0.05,8,6,-0.48525392437997283
75,A,0.05,8,7,-0.855497900033225
75,A,0.05,8,8,-0.3797602822909155
75,A,0.05,8,9,-0.1761333914335653
75,A,0.05,9,0,0.28047702956665344
75,A,0.05,9,1,1.308487325488116
75,A,0.05,9,2,1.1045966896097625
75,A,0.05,9,3,1.6245264116095286
75,A,0.05,9,4,1.5079955432306031
75,A,0.05,9,5,0.30483754859940815
75,A,0.05,9,6,1.6488366571516841
75,A,0.05,9,7,1.6964844822651082
75,A,0.05,9,8,1.2964956854638439
75,A,0.05,9,9,1.5636327870230478
75,B,100,0,0,0.05109082337421876
75,B,100,0,1,0.06834443693961226
75,B,100,0,2,0.08977378180394475
75,B,100,0,3,0.2020479345898467
75,B,100,0,4,0.0826040794199296
75,B,100,0,5,0.31978837384390585
75,B,100,0,6,0.2168550732521817
75,B,100,0,7,0.028350004198648228
75,B,100,0,8,0.14156368457067264
75,B,100,0,9,0.00728119463568113
75,B,100,1,0,-0.27533455558047765
75,B,100,1,1,-0.4595612105517574
75,B,100,1,2,-0.28737801373350597
75,B,100,1,3,-0.20189411393375012
75,B,100,1,4,-0.20844641565820418
75,B,100,1,5,-0.11106927278817924
75,B,100,1,6,-0.19984809142959153
75,B,100,1,7,-0.28665482053968305
75,B,100,1,8,-0.24248551868097007
75,B,100,1,9,-0.29099250620571065
75,B,100,2,0,1.216503329820235
75,B,100,2,1,1.2735792783187305
75,B,100,2,2,1.4144311212051484
75,B,100,2,3,1.440331492175327
75,B,100,2,4,1.1991728320600918
75,B,100,2,5,1.2782984383778164
75,B,100,2,6,0.8441944211484385
75,B,100,2,7,1.063187013557591
75,B,100,2,8,1.6873364826050044
75,B,100,2,9,1.495902785702152
75,B,100,3,0,1.5844007016456085
75,B,100,3,1,1.8807456852935722
75,B,100,3,2,1.610564593505485
75,B,100,3,3,1.638876019305185
75,B,100,3,4,1.593828184868055
75,B,100,3,5,1.4950471219675636
75,B,100,3,6,1.5356047402336535
75,B,100,3,7,1.4948944235955217
75,B,100,3,8,1.561640113666832
75,B,100,3,9,1.7829249443182666
75,B,100,4,0,1.097574004544606
75,B,100,4,1,1.1181944632725334
75,B,100,4,2,1.1608128368043533
75,B,100,4,3,1.0353826976620082
75,B,100,4,4,0.6982265422472432
75,B,100,4,5,0.9963423346097191
75,B,100,4,6,1.333036731492235
75,B,100,4,7,1.2729477678032257
75,B,100,4,8,1.093336126030555
75,B,100,4,9,1.1042652907715635
75,B,100,5,0,-1.2121589601007898
75,B,100,5,1,-1.4392985929291724
75,B,100,5,2,-1.104104154872998
75,B,100,5,3,-0.8530168761553055
75,B,100,5,4,-1.2131760350332295
75,B,100,5,5,-1.3001297188552536
75,B,100,5,6,-1.0284991971426618
75,B,100,5,7,-1.039049956314554
75,B,100,5,8,-1.020372137690293
75,B,100,5,9,-1.3847670212734464
75,B,100,6,0,0.37779976143481864
75,B,100,6,1,-0.04804431186982426
75,B,100,6,2,0.19396832872568182
75,B,100,6,3,0.03604734703833635
75,B,100,6,4,-0.06609986900124128
75,B,100,6,5,0.08007050589789289
75,B,100,6,6,0.32548496670016563
75,B,100,6,7,-0.3118458683221299
75,B,100,6,8,0.11453714001948612
75,B,100,6,9,0.2652655785539988
75,B,100,7,0,-1.616507873095821
75,B,100,7,1,-1.5335070564680262
75,B,100,7,2,-1.240473290839202
75,B,100,7,3,-2.080049094724697
75,B,100,7,4,-1.5377159304664787
75,B,100,7,5,-1.566644540408327
75,B,100,7,6,-1.590321895429601
75,B,100,7,7,-1.055979177879591
75,B,100,7,8,-1.6857412999225805
75,B,100,7,9,-1.7864076261082102
75,B,100,8,0,-0.006657754203405005
75,B,100,8,1,-1.0320724671916441
75,B,100,8,2,-0.6144186854915881
75,B,100,8,3,0.030046794454935768
75,B,100,8,4,0.21668596482239372
75,B,100,8,5,-1.0390856760213778
75,B,100,8,6,-0.35658801576090465
75,B,100,8,7,-0.7414945984862754
75,B,100,8,8,-0.4959525245234227
75,B,100,8,9,-0.07322081867573933
75,B,100,9,0,-0.6389545760496477
75,B,100,9,1,-0.6200662811381065
75,B,100,9,2,-0.6891622660710955
75,B,100,9,3,-0.4586345198005484
75,B,100,9,4,-0.5803767263546185
75,B,100,9,5,-0.342090885973846
75,B,100,9,6,-0.1757707939500178
75,B,100,9,7,-0.48642700830601565
75,B,100,9,8,-0.47636767732962854
75,B,100,9,9,-0.4836642803594621
76,A,0.05,0,0,-1.094112790664907
76,A,0.05,0,1,-1.1709079475782491
76,A,0.05,0,2,-0.842075685172615
76,A,0.05,0,3,-0.8894208107546342
76,A,0.05,0,4,-1.302129692970116
76,A,0.05,0,5,-1.291157393093438
76,A,0.05,0,6,-1.0518573548913208
76,A,0.05,0,7,-1.0617422627804667
76,A,0.05,0,8,-1.0025294360120998
76,A,0.05,0,9,-1.5169383518557253
76,A,0.05,1,0,0.8692217292216482
76,A,0.05,1,1,-0.0009800571474923526
76,A,0.05,1,2,0.5793232077257137
76,A,0.05,1,3,0.39843692017180565
76,A,0.05,1,4,0.4889175270413778
76,A,0.05,1,5,0.480371551665655
76,A,0.05,1,6,0.2956566044529349
76,A,0.05,1,7,0.9345802558137681
76,A,0.05,1,8,0.3145961559893383
76,A,0.05,1,9,0.25682709928389374
76,A,0.05,2,0,0.4274332341295731
76,A,0.05,2,1,0.4558914721795495
76,A,0.05,2,2,0.881718525466848
76,A,0.05,2,3,0.2657770757507354
76,A,0.05,2,4,0.8090649984098929
76,A,0.05,2,5,0.4151311421467383
76,A,0.05,2,6,0.1223255808817218
76,A,0.05,2,7,0.003741489032252289
76,A,0.05,2,8,0.37554913214632696
76,A,0.05,2,9,0.29543993522169226
76,A,0.05,3,0,1.3446469472510525
76,A,0.05,3,1,0.5968911508102888
76,A,0.05,3,2,0.6560470370960217
76,A,0.05,3,3,0.9832421833809765
76,A,0.05,3,4,0.48036225171662705
76,A,0.05,3,5,0.8902434494058318
76,A,0.05,3,6,1.2676097324502253
76,A,0.05,3,7,0.5416879178854638
76,A,0.05,3,8,1.34821612504759
76,A,0.05,3,9,-0.019790403485094823
76,A,0.05,4,0,0.5822702488553048
76,A,0.05,4,1,0.2779865371885197
76,A,0.05,4,2,0.284185426696631
76,A,0.05,4,3,0.32455206443270845
76,A,0.05,4,4,0.7094647400389001
76,A,0.05,4,5,0.44894852165090265
76,A,0.05,4,6,0.5893783254809183
76,A,0.05,4,7,0.13151329100393358
76,A,0.05,4,8,0.49896302403412696
76,A,0.05,4,9,-0.08622036765097088
76,A,0.05,5,0,1.179901894897328
76,A,0.05,5,1,1.7955893393488813
76,A,0.05,5,2,0.9807791738429117
76,A,0.05,5,3,1.3470429863158013
76,A,0.05,5,4,1.7125965819651194
76,A,0.05,5,5,1.571554927656088
76,A,0.05,5,6,0.6994403566447654
76,A,0.05,5,7,1.8232568719572895
76,A,0.05,5,8,0.47859245824014846
76,A,0.05,5,9,2.412768155926153
76,A,0.05,6,0,-0.8586671181908584
76,A,0.05,6,1,-1.253533650375733
76,A,0.05,6,2,-0.907950916496423
76,A,0.05,6,3,-1.324543263854453
76,A,0.05,6,4,-0.7983670609114618
76,A,0.05,6,5,-0.8242483812420471
76,A,0.05,6,6,-0.7818256559337445
76,A,0.05,6,7,-0.7459815647292976
76,A,0.05,6,8,-0.8095395436713394
76,A,0.05,6,9,-0.7949042101974811
76,A,0.05,7,0,-1.0788258456677615
76,A,0.05,7,1,-2.013842166608292
76,A,0.05,7,2,-1.9596261785288271
76,A,0.05,7,3,-2.276268880304437
76,A,0.05,7,4,-2.1030824258510408
76,A,0.05,7,5,-1.9979625034759168
76,A,0.05,7,6,-1.7817027543273611
76,A,0.05,7,7,-2.576468940477795
76,A,0.05,7,8,-1.4552571824025156
76,A,0.05,7,9,-1.5663313579687212
76,A,0.05,8,0,0.25645459797166387
76,A,0.05,8,1,0.4866691899788226
76,A,0.05,8,2,0.4077710239251552
76,A,0.05,8,3,-0.10239355288750947
76,A,0.05,8,4,-0.057810893268139436
76,A,0.05,8,5,0.6535712657492735
76,A,0.05,8,6,0.5783843367454553
76,A,0.05,8,7,0.971935480343758
76,A,0.05,8,8,0.11356379285174671
76,A,0.05,8,9,0.6200298057537498
76,A,0.05,9,0,0.2763547766209499
76,A,0.05,9,1,-0.7394885365669382
76,A,0.05,9,2,0.536981316606337
76,A,0.05,9,3,0.25467714965389143
76,A,0.05,9,4,0.251853566940523
76,A,0.05,9,5,0.3459420219862301
76,A,0.05,9,6,-0.5462785130514101
76,A,0.05,9,7,-0.1832064738143701
76,A,0.05,9,8,0.7834808565118956
76,A,0.05,9,9,1.5844291541800715
76,B,100,0,0,-0.1423647989627519
76,B,100,0,1,-0.14763308954090323
76,B,100,0,2,-0.5523411881124723
76,B,100,0,3,-0.19602716913596285
76,B,100,0,4,-0.5352738978623458
76,B,100,0,5,-0.6625054100244061
76,B,100,0,6,-0.6534881443265559
76,B,100,0,7,-0.16395092013075602
76,B,100,0,8,-0.4235109393379338
76,B,100,0,9,-0.638079501914248
76,B,100,1,0,3.718282213984932
76,B,100,1,1,4.261238560185139
76,B,100,1,2,3.416060708082862
76,B,100,1,3,4.652331415225719
76,B,100,1,4,3.945985702001049
76,B,100,1,5,4.008536352580481
76,B,100,1,6,3.2196445172440042
76,B,100,1,7,4.043837110252879
76,B,100,1,8,3.071917940609486
76,B,100,1,9,4.66913980441065
76,B,100,2,0,-0.9589083089461844
76,B,100,2,1,-0.7959487680491151
76,B,100,2,2,-1.3645461179969316
76,B,100,2,3,-1.6217321355214265
76,B,100,2,4,-0.8712864610880408
76,B,100,2,5,-1.0706240313917648
76,B,100,2,6,-0.639242549962767
76,B,100,2,7,-1.3114921062529845
76,B,100,2,8,-1.2452317853028132
76,B,100,2,9,-1.0059751339251044
76,B,100,3,0,0.10934772942947306
76,B,100,3,1,0.13907280395609953
76,B,100,3,2,0.2215552490362429
76,B,100,3,3,0.20426203957154734
76,B,100,3,4,0.15885556040677443
76,B,100,3,5,0.31395835224584473
76,B,100,3,6,0.13789515351424128
76,B,100,3,7,0.15968502060075387
76,B,100,3,8,0.129349095006695
76,B,100,3,9,0.18152509283329854
76,B,100,4,0,-0.435489331983479
76,B,100,4,1,-0.3955987843791083
76,B,100,4,2,-0.41301964706928634
76,B,100,4,3,-0.5402879376168488
76,B,100,4,4,-0.4261719877559863
76,B,100,4,5,-0.41341393109458074
76,B,100,4,6,-0.322782705953478
76,B,100,4,7,-0.18325086903584867
76,B,100,4,8,-0.24690021668164064
76,B,100,4,9,-0.3106616196586236
76,B,100,5,0,0.5584418831004107
76,B,100,5,1,0.5952940215646227
76,B,100,5,2,0.5753757840115389
76,B,100,5,3,0.6201664626475548
76,B,100,5,4,0.625931523565067
76,B,100,5,5,0.5244157245184344
76,B,100,5,6,0.5576014942240531
76,B,100,5,7,0.6514903651190204
76,B,100,5,8,0.16039460680591996
76,B,100,5,9,0.5727609516421077
76,B,100,6,0,-1.109006717146792
76,B,100,6,1,-0.9907354069324101
76,B,100,6,2,-0.9600410922745448
76,B,100,6,3,-1.0209882851109084
76,B,100,6,4,-1.658749590255484
76,B,100,6,5,-1.6443645948782364
76,B,100,6,6,-1.1387290498822968
76,B,100,6,7,-0.667933102898659
76,B,100,6,8,-1.3886859329585557
76,B,100,6,9,-1.1419547510956491
76,B,100,7,0,-0.842968046414502
76,B,100,7,1,-0.6656438591745987
76,B,100,7,2,-0.002914280566149442
76,B,100,7,3,-0.5849732449130325
76,B,100,7,4,-0.42791865499939197
76,B,100,7,5,-0.929314264748148
76,B,100,7,6,-0.459351654900197
76,B,100,7,7,-0.7310342420282984
76,B,100,7,8,-0.5626625121082125
76,B,100,7,9,-0.576912127037659
76,B,100,8,0,-0.42404997276654227
76,B,100,8,1,-1.7233758909110672
76,B,100,8,2,-0.6396227874769332
76,B,100,8,3,-1.2477827553520282
76,B,100,8,4,-1.034723383879556
76,B,100,8,5,-0.9652066568063515
76,B,100,8,6,-0.46249002391750116
76,B,100,8,7,-0.7009800320713293
76,B,100,8,8,-0.9048933965788919
76,B,100,8,9,-0.8309480940439642
76,B,100,9,0,0.17100188481212444
76,B,100,9,1,0.5505238762035717
76,B,100,9,2,0.49813798421215955
76,B,100,9,3,0.10493413307045794
76,B,100,9,4,0.9465715303438307
76,B,100,9,5,0.7066349417411938
76,B,100,9,6,0.359343816451394
76,B,100,9,7,1.0644254489494465
76,B,100,9,8,0.8832957175718162
76,B,100,9,9,0.9149314256521947
77,A,0.05,0,0,1.7168703894755442
77,A,0.05,0,1,1.3946679669295348
77,A,0.05,0,2,1.4122099694886614
77,A,0.05,0,3,2.334962433489645
77,A,0.05,0,4,1.3932860613682134
77,A,0.05,0,5,1.8076962855520635
77,A,0.05,0,6,1.679234100193409
77,A,0.05,0,7,2.2689646411794313
77,A,0.05,0,8,1.7116999849478867
77,A,0.05,0,9,1.247325454362238
77,A,0.05,1,0,-0.3445385138141731
77,A,0.05,1,1,-0.29836679778164843
77,A,0.05,1,2,-0.16128811227055373
77,A,0.05,1,3,-0.20861847865309377
77,A,0.05,1,4,0.2656579884924239
77,A,0.05,1,5,-0.25704325224250635
77,A,0.05,1,6,0.3142017857501747
77,A,0.05,1,7,0.08569362947270084
77,A,0.05,1,8,-0.7961498621526192
77,A,0.05,1,9,0.010670131773204045
77,A,0.05,2,0,0.6503200427171445
77,A,0.05,2,1,0.886481447322526
77,A,0.05,2,2,0.9028151313646287
77,A,0.05,2,3,0.8891885051638573
77,A,0.05,2,4,0.8174128164436474
77,A,0.05,2,5,1.0135454518527292
77,A,0.05,2,6,0.8709462034525428
77,A,0.05,2,7,1.028201973033962
77,A,0.05,2,8,0.9169559184329977
77,A,0.05,2,9,0.8271852017462927
77,A,0.05,3,0,1.6043640684848668
77,A,0.05,3,1,1.6814597464206167
77,A,0.05,3,2,1.4778988280879408
77,A,0.05,3,3,1.6545239494446466
77,A,0.05,3,4,1.6240720982960761
77,A,0.05,3,5,1.5117170393957002
77,A,0.05,3,6,1.7023355869733194
77,A,0.05,3,7,1.7870796016487094
77,A,0.05,3,8,1.9273164236252707
77,A,0.05,3,9,1.6109355584987708
77,A,0.05,4,0,0.13415062661106547
77,A,0.05,4,1,0.48965246798359385
77,A,0.05,4,2,0.07148963909856336
77,A,0.05,4,3,0.16639865183174254
77,A,0.05,4,4,0.0924525958159242
77,A,0.05,4,5,0.038813494881046386
77,A,0.05,4,6,0.5386294081742925
77,A,0.05,4,7,-0.17600709824086655
77,A,0.05,4,8,0.2927608847088537
77,A,0.05,4,9,0.3327516257121244
77,A,0.05,5,0,-0.9210026924542576
77,A,0.05,5,1,-1.0220892394049872
77,A,0.05,5,2,-0.8509760591770963
77,A,0.05,5,3,-0.7868371728659658
77,A,0.05,5,4,-0.8542397116405767
77,A,0.05,5,5,-0.7655097029481748
77,A,0.05,5,6,-0.3999496463217134
77,A,0.05,5,7,0.07868377440845624
77,A,0.05,5,8,0.08948040205051858
77,A,0.05,5,9,-0.17843742708340887
77,A,0.05,6,0,3.376623510056069
77,A,0.05,6,1,3.712459424683414
77,A,0.05,6,2,2.797319219817096
77,A,0.05,6,3,2.521612454884465
77,A,0.05,6,4,2.5763190921009254
77,A,0.05,6,5,3.48300845643044
77,A,0.05,6,6,2.7458386528897973
77,A,0.05,6,7,3.1596828496875426
77,A,0.05,6,8,2.650545555663258
77,A,0.05,6,9,3.2737054639041547
77,A,0.05,7,0,0.7214927587842519
77,A,0.05,7,1,0.9017829298830236
77,A,0.05,7,2,0.47469281849134776
77,A,0.05,7,3,0.5627686081398552
77,A,0.05,7,4,0.5652211759557868
77,A,0.05,7,5,0.9585070287785277
77,A,0.05,7,6,0.6539274118047319
77,A,0.05,7,7,0.6316629956040313
77,A,0.05,7,8,0.6375880472804052
77,A,0.05,7,9,0.6841254383753317
77,A,0.05,8,0,0.444602273393583
77,A,0.05,8,1,-0.2998014529649883
77,A,0.05,8,2,0.198865388523337
77,A,0.05,8,3,-0.1550790803807352
77,A,0.05,8,4,0.2761757695750027
77,A,0.05,8,5,-0.11539774654004326
77,A,0.05,8,6,-0.3656271819310498
77,A,0.05,8,7,0.46425496469674526
77,A,0.05,8,8,0.49259151787851524
77,A,0.05,8,9,0.5142552849855895
77,A,0.05,9,0,-0.6116280973100062
77,A,0.05,9,1,-0.624452499036805
77,A,0.05,9,2,-0.5917442123611802
77,A,0.05,9,3,-0.002524778579611794
77,A,0.05,9,4,-0.13907166730446635
77,A,0.05,9,5,-0.0736357930320612
77,A,0.05,9,6,-0.07726152232683017
77,A,0.05,9,7,0.5445102883602698
77,A,0.05,9,8,0.43877586749360914
77,A,0.05,9,9,-0.14495506323156135
77,B,100,0,0,-0.9203001392441053
77,B,100,0,1,-1.0754970542908364
77,B,100,0,2,-1.2041407737815872
77,B,100,0,3,-1.0432302820760386
77,B,100,0,4,-0.9792564232230139
77,B,100,0,5,-1.0399203275710924
77,B,100,0,6,-0.8594866301224153
77,B,100,0,7,-0.9607283400483111
77,B,100,0,8,-1.2059259365296242
77,B,100,0,9,-0.8984368342498539
77,B,100,1,0,-0.3121708486006314
77,B,100,1,1,-0.17887790975221662
77,B,100,1,2,-0.12533179516982262
77,B,100,1,3,-0.13061883645249098
77,B,100,1,4,-0.2500670023851248
77,B,100,1,5,-0.1987727046095443
77,B,100,1,6,-0.2848797269424913
77,B,100,1,7,0.01921855403179843
77,B,100,1,8,-0.8713395313594056
77,B,100,1,9,-0.237722305063785
77,B,100,2,0,2.7494113856495352
77,B,100,2,1,2.5068214548582284
77,B,100,2,2,2.2003787043254155
77,B,100,2,3,0.6736572981870463
77,B,100,2,4,1.9463080725368818
77,B,100,2,5,2.014331590133194
77,B,100,2,6,1.8172630405896928
77,B,100,2,7,2.6332402739501046
77,B,100,2,8,2.725403937243529
77,B,100,2,9,3.251452980392053
77,B,100,3,0,0.5528482969967426
77,B,100,3,1,0.8961281770907801
77,B,100,3,2,0.16282990548773174
77,B,100,3,3,0.7221561138251468
77,B,100,3,4,0.7959599334186392
77,B,100,3,5,0.5321327863092531
77,B,100,3,6,0.535562692922809
77,B,100,3,7,0.6561649223468673
77,B,100,3,8,0.7158307614427901
77,B,100,3,9,0.739097331945196
77,B,100,4,0,-0.29192682639648526
77,B,100,4,1,-0.31665251731661825
77,B,100,4,2,-0.23789212092988155
77,B,100,4,3,0.7194312565199397
77,B,100,4,4,-0.1336396792633352
77,B,100,4,5,0.3773247331417963
77,B,100,4,6,-0.2202582688725297
77,B,100,4,7,-0.348139266353524
77,B,100,4,8,0.12518794653495943
77,B,100,4,9,-0.12093245106940087
77,B,100,5,0,-0.08939098566997694
77,B,100,5,1,-0.0742745657160517
77,B,100,5,2,-0.1444830143877237
77,B,100,5,3,0.18109546964969525
77,B,100,5,4,0.2320368448716722
77,B,100,5,5,-0.28015027970549905
77,B,100,5,6,0.18550899658438877
77,B,100,5,7,0.12662478313241743
77,B,100,5,8,0.14231695216336882
77,B,100,5,9,0.0665003402973749
77,B,100,6,0,-0.284263512627948
77,B,100,6,1,-0.14014585836211757
77,B,100,6,2,-0.2917867307183981
77,B,100,6,3,0.0057808810071401
77,B,100,6,4,-0.27037933492395816
77,B,100,6,5,0.012108108013509282
77,B,100,6,6,-0.07000695539016455
77,B,100,6,7,0.2558316227271274
77,B,100,6,8,-0.3913781785616187
77,B,100,6,9,-0.17913055147374918
77,B,100,7,0,-0.03781575411829397
77,B,100,7,1,-0.043722588059071116
77,B,100,7,2,-0.23253783341700096
77,B,100,7,3,-0.17826936235278848
77,B,100,7,4,-0.028655383814826345
77,B,100,7,5,0.35460476436253363
77,B,100,7,6,0.31732117255794745
77,B,100,7,7,0.14997995918397167
77,B,100,7,8,0.3894966821478805
77,B,100,7,9,0.24897482502927318
77,B,100,8,0,0.12499794928753773
77,B,100,8,1,-0.13108383905464388
77,B,100,8,2,0.25578490982555724
77,B,100,8,3,-0.9676763743865976
77,B,100,8,4,0.11792056493431104
77,B,100,8,5,0.42315376225260537
77,B,100,8,6,-0.46474441987226617
77,B,100,8,7,-0.40983660722440407
77,B,100,8,8,-0.2083750888371412
77,B,100,8,9,-0.3467256356950525
77,B,100,9,0,-1.9317062604580917
77,B,100,9,1,-1.7656504796154124
77,B,100,9,2,-2.273652621901154
77,B,100,9,3,-2.3325451675714817
77,B,100,9,4,-1.7415616794909532
77,B,100,9,5,-2.0347873933368636
77,B,100,9,6,-1.6280870509741858
77,B,100,9,7,-1.0421821116128762
77,B,100,9,8,-1.600782187738397
77,B,100,9,9,-0.9514781615979467
78,A,0.05,0,0,-0.3143653272199994
78,A,0.05,0,1,-0.08424653542615324
78,A,0.05,0,2,-0.099792286104448
78,A,0.05,0,3,-0.12610269899588666
78,A,0.05,0,4,0.07507048755517294
78,A,0.05,0,5,-0.198195406229732
78,A,0.05,0,6,-0.24562809608848543
78,A,0.05,0,7,-0.3526619691942415
78,A,0.05,0,8,0.1759602224387289
78,A,0.05,0,9,-0.1970374593092755
78,A,0.05,1,0,1.1050149249878196
78,A,0.05,1,1,1.364015618692709
78,A,0.05,1,2,1.1384750172428355
78,A,0.05,1,3,1.5668154842618702
78,A,0.05,1,4,1.0579479639069558
78,A,0.05,1,5,1.2550477000279696
78,A,0.05,1,6,0.9290896209559201
78,A,0.05,1,7,0.9791860811870341
78,A,0.05,1,8,1.5272579901016945
78,A,0.05,1,9,1.0649281849815073
78,A,0.05,2,0,0.1275088762179444
78,A,0.05,2,1,0.3551930119980032
78,A,0.05,2,2,0.4833126750138402
78,A,0.05,2,3,0.3504347673020972
78,A,0.05,2,4,0.4555103034381836
78,A,0.05,2,5,0.5017936373761643
78,A,0.05,2,6,0.542001680634614
78,A,0.05,2,7,0.5517427799445936
78,A,0.05,2,8,-0.49601373910530405
78,A,0.05,2,9,0.5774853227475897
78,A,0.05,3,0,0.4231332778084196
78,A,0.05,3,1,0.8244260521521863
78,A,0.05,3,2,1.0557095618633316
78,A,0.05,3,3,1.0223107451958373
78,A,0.05,3,4,0.03658429348046765
78,A,0.05,3,5,-0.02756116835153128
78,A,0.05,3,6,0.8464002322625162
78,A,0.05,3,7,-0.20479105974911313
78,A,0.05,3,8,0.5550660165830613
78,A,0.05,3,9,0.7056847328938942
78,A,0.05,4,0,-0.05866314222187528
78,A,0.05,4,1,-0.0844310969335096
78,A,0.05,4,2,-0.4365355187932653
78,A,0.05,4,3,-0.058066545681885885
78,A,0.05,4,4,-0.14730702583821875
78,A,0.05,4,5,-0.3660957566529279
78,A,0.05,4,6,-0.256335255819222
78,A,0.05,4,7,-0.13729685240744782
78,A,0.05,4,8,-0.2791437198433046
78,A,0.05,4,9,-0.2404132219358875
78,A,0.05,5,0,-0.927850638921701
78,A,0.05,5,1,-0.6249840769459434
78,A,0.05,5,2,-0.39923337342052106
78,A,0.05,5,3,-0.4794123156187281
78,A,0.05,5,4,-0.33887412718826765
78,A,0.05,5,5,-0.5333870716091835
78,A,0.05,5,6,-0.36840586267564757
78,A,0.05,5,7,-0.29306799116703686
78,A,0.05,5,8,0.030408202674652548
78,A,0.05,5,9,-0.5433675684928756
78,A,0.05,6,0,0.41368009705573233
78,A,0.05,6,1,0.41623671405017854
78,A,0.05,6,2,0.8099822726240766
78,A,0.05,6,3,0.40255919882704333
78,A,0.05,6,4,0.5625668198264613
78,A,0.05,6,5,0.7911164752902636
78,A,0.05,6,6,0.668081753484444
78,A,0.05,6,7,0.7754935692828755
78,A,0.05,6,8,0.9111797673087392
78,A,0.05,6,9,0.6309044032691045
78,A,0.05,7,0,1.2346601612723118
78,A,0.05,7,1,1.0715047482360114
78,A,0.05,7,2,1.486251594730486
78,A,0.05,7,3,1.845744877367633
78,A,0.05,7,4,1.5050738834078963
78,A,0.05,7,5,1.5983405510133197
78,A,0.05,7,6,1.3675504112268941
78,A,0.05,7,7,0.8382484654365197
78,A,0.05,7,8,1.7530088324271196
78,A,0.05,7,9,1.9011082991796269
78,A,0.05,8,0,0.5464219068928796
78,A,0.05,8,1,1.1974143516096025
78,A,0.05,8,2,0.956072358396269
78,A,0.05,8,3,1.0103967543208736
78,A,0.05,8,4,1.7309345043559534
78,A,0.05,8,5,1.1599881480492145
78,A,0.05,8,6,1.3560388262173246
78,A,0.05,8,7,1.1965182499238751
78,A,0.05,8,8,0.4960912136514181
78,A,0.05,8,9,0.48822323855143995
78,A,0.05,9,0,-0.25791702545444695
78,A,0.05,9,1,-0.39426399211906205
78,A,0.05,9,2,0.43442163756663515
78,A,0.05,9,3,0.1277304768590171
78,A,0.05,9,4,0.7421180220367432
78,A,0.05,9,5,-0.5603001231226499
78,A,0.05,9,6,0.009730343046959524
78,A,0.05,9,7,0.8922375360176511
78,A,0.05,9,8,-0.8339998312027201
78,A,0.05,9,9,-0.17723716183624624
78,B,100,0,0,-0.104221969770369
78,B,100,0,1,-0.009824871348183039
78,B,100,0,2,0.3128994083233989
78,B,100,0,3,0.3300261762405871
78,B,100,0,4,0.2704382275354867
78,B,100,0,5,-0.0855585142712132
78,B,100,0,6,0.12276893308028404
78,B,100,0,7,-0.03615673123090232
78,B,100,0,8,0.04677897154656479
78,B,100,0,9,0.3271262620410853
78,B,100,1,0,-0.2828910685568365
78,B,100,1,1,-0.20416207174066917
78,B,100,1,2,-0.9260953776764891
78,B,100,1,3,-0.5650814558580257
78,B,100,1,4,-0.3927732275533797
78,B,100,1,5,-0.5739805878581152
78,B,100,1,6,-1.1104574915227339
78,B,100,1,7,-0.6571932916512477
78,B,100,1,8,-0.3149203488196875
78,B,100,1,9,-0.326434452199519
78,B,100,2,0,-0.2871833331072351
78,B,100,2,1,-0.5350260215821815
78,B,100,2,2,-0.6532081637410067
78,B,100,2,3,-0.6479110881289567
78,B,100,2,4,-0.1918308887580834
78,B,100,2,5,-0.23986969154100019
78,B,100,2,6,-0.2659382323441178
78,B,100,2,7,-0.5530302461984284
78,B,100,2,8,-0.07935988930336746
78,B,100,2,9,-0.07425015476363725
78,B,100,3,0,0.16445927647338934
78,B,100,3,1,0.11693180221006481
78,B,100,3,2,-0.43197990388387236
78,B,100,3,3,-0.273721919915822
78,B,100,3,4,-0.21698451395579157
78,B,100,3,5,0.2999389143342005
78,B,100,3,6,-0.23499074249476198
78,B,100,3,7,0.11382674271312639
78,B,100,3,8,0.21684233398793148
78,B,100,3,9,-0.2865206635442996
78,B,100,4,0,-0.5475844136395196
78,B,100,4,1,-0.4420987002694777
78,B,100,4,2,0.1564653649854856
78,B,100,4,3,-0.17749398976113284
78,B,100,4,4,-0.20512668959948097
78,B,100,4,5,0.016384426093101135
78,B,100,4,6,0.10663744153458399
78,B,100,4,7,0.03806006184190738
78,B,100,4,8,0.08149346498532652
78,B,100,4,9,-0.039152926655920545
78,B,100,5,0,-0.2575647009055951
78,B,100,5,1,-0.5421630737973845
78,B,100,5,2,-0.9568008764767617
78,B,100,5,3,-0.8386818728686385
78,B,100,5,4,-0.7105540166464684
78,B,100,5,5,-0.76583527157078
78,B,100,5,6,-0.37058419725289604
78,B,100,5,7,-0.5153821761956204
78,B,100,5,8,-0.1116718184555926
78,B,100,5,9,-0.22163730493359962
78,B,100,6,0,0.37179698454556537
78,B,100,6,1,0.7299476754119275
78,B,100,6,2,1.0713034282691738
78,B,100,6,3,0.8073859966398734
78,B,100,6,4,1.130325964740691
78,B,100,6,5,1.2432425397478655
78,B,100,6,6,0.9887820942352231
78,B,100,6,7,1.1642457257245329
78,B,100,6,8,1.1980391911823862
78,B,100,6,9,1.0791815333764678
78,B,100,7,0,-0.2224406941128493
78,B,100,7,1,-0.05199912115749926
78,B,100,7,2,-0.08199009611597083
78,B,100,7,3,-0.17571181175834974
78,B,100,7,4,-0.4512193288964802
78,B,100,7,5,-0.05032951179748995
78,B,100,7,6,0.07440322865793661
78,B,100,7,7,-0.07544654343293683
78,B,100,7,8,-0.12842434208723735
78,B,100,7,9,0.15668264261900175
78,B,100,8,0,-0.49369350519789124
78,B,100,8,1,-0.5456538506608329
78,B,100,8,2,-0.5159235999056639
78,B,100,8,3,-0.2884293701152252
78,B,100,8,4,-0.5801205076658927
78,B,100,8,5,-0.41512878773095474
78,B,100,8,6,-0.41441204300498824
78,B,100,8,7,-0.5369915973091413
78,B,100,8,8,-0.5657017556483068
78,B,100,8,9,-0.454579195107786
78,B,100,9,0,-0.6931974151252476
78,B,100,9,1,-1.1898927558832957
78,B,100,9,2,-0.961316245162577
78,B,100,9,3,-0.6415617495263949
78,B,100,9,4,-0.9566067083840135
78,B,100,9,5,-0.9664758351360628
78,B,100,9,6,-1.1070985849602093
78,B,100,9,7,-0.6740255187594911
78,B,100,9,8,-0.4324265101447269
78,B,100,9,9,-0.5715597002147352
79,A,0.05,0,0,-0.5607706972047312
79,A,0.05,0,1,-1.3715727188092066
79,A,0.05,0,2,-0.5902803401239146
79,A,0.05,0,3,-0.9291937455096207
79,A,0.05,0,4,-1.8891737543699638
79,A,0.05,0,5,-0.6931617513343815
79,A,0.05,0,6,-1.0843744423732662
79,A,0.05,0,7,-0.3037405049765276
79,A,0.05,0,8,-0.31983146032943055
79,A,0.05,0,9,-0.6035227444680791
79,A,0.05,1,0,-1.179568112784704
79,A,0.05,1,1,-1.2629502044909735
79,A,0.05,1,2,-0.800777128883729
79,A,0.05,1,3,-0.9590115914903273
79,A,0.05,1,4,-0.5789458520600752
79,A,0.05,1,5,-0.950170927548635
79,A,0.05,1,6,-0.9917668672984478
79,A,0.05,1,7,-0.8449172802372997
79,A,0.05,1,8,-0.7635403592451481
79,A,0.05,1,9,-0.5446806596879208
79,A,0.05,2,0,1.9612023114799857
79,A,0.05,2,1,1.800695603881662
79,A,0.05,2,2,2.281092803225628
79,A,0.05,2,3,1.7309757953061864
79,A,0.05,2,4,1.9589026111933836
79,A,0.05,2,5,2.1883115664868225
79,A,0.05,2,6,1.77486659847969
79,A,0.05,2,7,1.4845955495164074
79,A,0.05,2,8,2.0477019762708752
79,A,0.05,2,9,2.1669188330439666
79,A,0.05,3,0,-1.8137391871920014
79,A,0.05,3,1,-1.5647535034080724
79,A,0.05,3,2,-1.7908893405820525
79,A,0.05,3,3,-1.740395948855663
79,A,0.05,3,4,-1.5331013799854785
79,A,0.05,3,5,-1.3055731262237802
79,A,0.05,3,6,-1.3854347950864765
79,A,0.05,3,7,-1.4843805154174239
79,A,0.05,3,8,-1.0749972860865176
79,A,0.05,3,9,-1.5864132731433485
79,A,0.05,4,0,0.14109363471571737
79,A,0.05,4,1,0.02902222542823911
79,A,0.05,4,2,0.04801398062548459
79,A,0.05,4,3,0.08603234388113327
79,A,0.05,4,4,-0.09728552745994605
79,A,0.05,4,5,-0.034505651077301365
79,A,0.05,4,6,0.07622892035514259
79,A,0.05,4,7,0.15834365546338855
79,A,0.05,4,8,-0.1806449895540298
79,A,0.05,4,9,0.07412194529176137
79,A,0.05,5,0,0.0010852598674382643
79,A,0.05,5,1,-0.05544727509924108
79,A,0.05,5,2,-0.04777882277491103
79,A,0.05,5,3,-0.043450894435999705
79,A,0.05,5,4,-0.1903084034434616
79,A,0.05,5,5,-0.07225873574642275
79,A,0.05,5,6,-0.0488977232317363
79,A,0.05,5,7,-0.03974978770811979
79,A,0.05,5,8,0.09528809561414656
79,A,0.05,5,9,-0.07349974537418777
79,A,0.05,6,0,0.03328241666666018
79,A,0.05,6,1,0.04625745740798987
79,A,0.05,6,2,0.13783651716115897
79,A,0.05,6,3,0.08763768015769396
79,A,0.05,6,4,0.026246103585873728
79,A,0.05,6,5,0.10338789581219612
79,A,0.05,6,6,-0.27224828198246764
79,A,0.05,6,7,-0.49059842440892354
79,A,0.05,6,8,0.049025932972939695
79,A,0.05,6,9,-0.2621072963116214
79,A,0.05,7,0,-0.12587482823878726
79,A,0.05,7,1,-0.16383165441590142
79,A,0.05,7,2,0.4710603904249094
79,A,0.05,7,3,-0.3151919090129839
79,A,0.05,7,4,0.3288277256513725
79,A,0.05,7,5,0.2671602291297922
79,A,0.05,7,6,0.3687403704723097
79,A,0.05,7,7,0.20397274498477722
79,A,0.05,7,8,0.5135934877189642
79,A,0.05,7,9,0.5759241859484757
79,A,0.05,8,0,0.07621368094778816
79,A,0.05,8,1,0.11240714715573141
79,A,0.05,8,2,0.08292512946299421
79,A,0.05,8,3,0.47559335617196724
79,A,0.05,8,4,0.3563021412071202
79,A,0.05,8,5,0.20574964504355023
79,A,0.05,8,6,0.08490141098582261
79,A,0.05,8,7,0.44723697207817503
79,A,0.05,8,8,0.3256547719684952
79,A,0.05,8,9,0.37740853049817796
79,A,0.05,9,0,0.12628448130425066
79,A,0.05,9,1,0.2104201386853707
79,A,0.05,9,2,0.7363813690578632
79,A,0.05,9,3,0.21440225407304478
79,A,0.05,9,4,0.2396039367381721
79,A,0.05,9,5,0.4281904404611801
79,A,0.05,9,6,0.6442088603245266
79,A,0.05,9,7,0.737421515709636
79,A,0.05,9,8,-0.6898600872238477
79,A,0.05,9,9,0.6171434229057955
79,B,100,0,0,-0.042382793693117156
79,B,100,0,1,-0.05484654902357218
79,B,100,0,2,-0.013454424896352981
79,B,100,0,3,0.5740325208953003
79,B,100,0,4,0.8604483740373752
79,B,100,0,5,-0.05594403252743682
79,B,100,0,6,1.1840870859619967
79,B,100,0,7,1.2921632097385787
79,B,100,0,8,1.800005231652876
79,B,100,0,9,0.5783123370484589
79,B,100,1,0,-0.13547859856112607
79,B,100,1,1,0.5953316582988051
79,B,100,1,2,0.41557814345104993
79,B,100,1,3,1.0475487445902822
79,B,100,1,4,0.4033777511524914
79,B,100,1,5,0.2353572717114054
79,B,100,1,6,0.6065769368699656
79,B,100,1,7,0.8949048261813216
79,B,100,1,8,1.0072506273567838
79,B,100,1,9,0.7399015620219707
79,B,100,2,0,0.19082483178782972
79,B,100,2,1,0.11544652024131052
79,B,100,2,2,0.700785724582448
79,B,100,2,3,0.2682497397322235
79,B,100,2,4,0.31820233342995957
79,B,100,2,5,-0.012381806358481295
79,B,100,2,6,-0.2072288410514184
79,B,100,2,7,-0.008665192753975533
79,B,100,2,8,0.29604337207071824
79,B,100,2,9,0.02340568484497392
79,B,100,3,0,2.291895442209282
79,B,100,3,1,1.7471954040848177
79,B,100,3,2,1.8241913349899914
79,B,100,3,3,1.9569185732815386
79,B,100,3,4,1.5747636563494753
79,B,100,3,5,1.539146365083844
79,B,100,3,6,0.2958400614754331
79,B,100,3,7,2.0897994078376074
79,B,100,3,8,0.8192276720995935
79,B,100,3,9,1.6994637542888642
79,B,100,4,0,1.4874339582253895
79,B,100,4,1,1.4269963345553969
79,B,100,4,2,1.437436599254531
79,B,100,4,3,1.7346550439586197
79,B,100,4,4,1.6097978120514298
79,B,100,4,5,1.5651847515378874
79,B,100,4,6,1.990484995897773
79,B,100,4,7,1.6416914156800142
79,B,100,4,8,1.5846189176100054
79,B,100,4,9,1.1832773261410547
79,B,100,5,0,2.3478304993869172
79,B,100,5,1,2.3123080625678973
79,B,100,5,2,1.6615819472799007
79,B,100,5,3,2.3270477107412635
79,B,100,5,4,1.9732841110328843
79,B,100,5,5,1.5142642076186952
79,B,100,5,6,2.050561444460128
79,B,100,5,7,2.4155842347239918
79,B,100,5,8,2.1838304264287136
79,B,100,5,9,1.7945968879202963
79,B,100,6,0,0.14430141612916095
79,B,100,6,1,-0.15558225385660596
79,B,100,6,2,-0.06178602329430866
79,B,100,6,3,-0.04448131787432875
79,B,100,6,4,-0.059470975303508554
79,B,100,6,5,0.10038138160627708
79,B,100,6,6,0.02184145387471416
79,B,100,6,7,-0.021941464135868522
79,B,100,6,8,0.15353301822230828
79,B,100,6,9,0.07815190254697893
79,B,100,7,0,-0.3446592487100196
79,B,100,7,1,-0.7019532753784198
79,B,100,7,2,-0.7060975107653734
79,B,100,7,3,-0.5913923827532314
79,B,100,7,4,-0.11337419073503688
79,B,100,7,5,-0.3871256481495837
79,B,100,7,6,-0.12467457948115919
79,B,100,7,7,-0.13562246000711384
79,B,100,7,8,-0.23195606636618057
79,B,100,7,9,-0.1763882474758304
79,B,100,8,0,-0.1849823472769966
79,B,100,8,1,-0.13956805370928105
79,B,100,8,2,-0.07131771613512047
79,B,100,8,3,-0.13882632723058655
79,B,100,8,4,-0.08546212993498013
79,B,100,8,5,-0.22913306575415773
79,B,100,8,6,0.5977384614981206
79,B,100,8,7,0.5915237221264076
79,B,100,8,8,0.3675036848750972
79,B,100,8,9,0.5158728685229759
79,B,100,9,0,-0.29150176243896575
79,B,100,9,1,-0.4074701304009265
79,B,100,9,2,0.19532939542210484
79,B,100,9,3,-0.20265199601755146
79,B,100,9,4,0.03893614729787695
79,B,100,9,5,-0.21488754910847674
79,B,100,9,6,-0.16177956460571452
79,B,100,9,7,-0.1527645398202568
79,B,100,9,8,-0.21267532243788004
79,B,100,9,9,-0.06555964354938719
80,A,0.05,0,0,0.020822413129955
80,A,0.05,0,1,-0.004478040839138437
80,A,0.05,0,2,-0.04624958941248973
80,A,0.05,0,3,0.1306303692925361
80,A,0.05,0,4,0.12623313970902345
80,A,0.05,0,5,-0.17193774215734178
80,A,0.05,0,6,-0.01848844291117653
80,A,0.05,0,7,-0.04857669648447334
80,A,0.05,0,8,0.13135540615071375
80,A,0.05,0,9,-0.07864490315698501
80,A,0.05,1,0,0.5762610489460938
80,A,0.05,1,1,0.5357321098645118
80,A,0.05,1,2,-0.20434866067598487
80,A,0.05,1,3,0.43175930907830906
80,A,0.05,1,4,0.5496470849515184
80,A,0.05,1,5,0.06521801315637511
80,A,0.05,1,6,0.23264860468118165
80,A,0.05,1,7,-0.18044295254224602
80,A,0.05,1,8,-0.010460532883748269
80,A,0.05,1,9,0.40996761157617634
80,A,0.05,2,0,1.6558662354156954
80,A,0.05,2,1,1.4211391213020512
80,A,0.05,2,2,1.6749915098205819
80,A,0.05,2,3,1.6678015424912689
80,A,0.05,2,4,1.2501254713107761
80,A,0.05,2,5,1.7527806207056653
80,A,0.05,2,6,1.3082437077984959
80,A,0.05,2,7,1.3121890464536776
80,A,0.05,2,8,1.482131021911287
80,A,0.05,2,9,1.6283544784067947
80,A,0.05,3,0,-1.3129542889206978
80,A,0.05,3,1,-1.5113939117403177
80,A,0.05,3,2,-1.2381376429813244
80,A,0.05,3,3,-1.336169291053712
80,A,0.05,3,4,-1.3593756173363079
80,A,0.05,3,5,-1.4755014515294609
80,A,0.05,3,6,-1.4193555167089051
80,A,0.05,3,7,-1.2996209959707563
80,A,0.05,3,8,-1.2011749777647593
80,A,0.05,3,9,-1.165252919595963
80,A,0.05,4,0,-0.3041271693661098
80,A,0.05,4,1,-0.5591572807535296
80,A,0.05,4,2,-0.12355993943991511
80,A,0.05,4,3,-0.34991908234589447
80,A,0.05,4,4,-0.4980052416485099
80,A,0.05,4,5,-0.661820403876944
80,A,0.05,4,6,-0.8456603601674747
80,A,0.05,4,7,-0.08449362526714668
80,A,0.05,4,8,-0.9035408927546461
80,A,0.05,4,9,-0.3501183093698794
80,A,0.05,5,0,0.5252566916876523
80,A,0.05,5,1,0.3397265537034697
80,A,0.05,5,2,0.4308103329593574
80,A,0.05,5,3,0.9799396814412352
80,A,0.05,5,4,1.1323246218554754
80,A,0.05,5,5,0.926967990433676
80,A,0.05,5,6,0.47133752465610235
80,A,0.05,5,7,0.8186862010395114
80,A,0.05,5,8,1.0416728114395797
80,A,0.05,5,9,1.1890580229306316
80,A,0.05,6,0,0.7768091720732191
80,A,0.05,6,1,1.7842333013386449
80,A,0.05,6,2,1.674363338094881
80,A,0.05,6,3,1.2230937375032995
80,A,0.05,6,4,0.4645797788993452
80,A,0.05,6,5,1.3485748176694843
80,A,0.05,6,6,0.9333020389950447
80,A,0.05,6,7,0.9855790474251847
80,A,0.05,6,8,1.2109618987642672
80,A,0.05,6,9,1.8373226292364984
80,A,0.05,7,0,-1.3081725740993564
80,A,0.05,7,1,-0.9226368560759937
80,A,0.05,7,2,-0.8476435394384758
80,A,0.05,7,3,-0.8243153088270534
80,A,0.05,7,4,-0.8705918899095554
80,A,0.05,7,5,-1.0186197383022353
80,A,0.05,7,6,-1.0556701682797773
80,A,0.05,7,7,-0.8498395817194732
80,A,0.05,7,8,-0.8328197927999006
80,A,0.05,7,9,-0.7547392229997072
80,A,0.05,8,0,0.04023746217302133
80,A,0.05,8,1,0.09742335163840858
80,A,0.05,8,2,-0.28848042060871343
80,A,0.05,8,3,-0.5219859936954927
80,A,0.05,8,4,-0.10313727833337302
80,A,0.05,8,5,-0.23602031035205542
80,A,0.05,8,6,-0.12022779210672475
80,A,0.05,8,7,-0.15323012179366444
80,A,0.05,8,8,-0.5321892460289677
80,A,0.05,8,9,-0.12361349003300552
80,A,0.05,9,0,-1.8333029402577825
80,A,0.05,9,1,-1.2638658415295239
80,A,0.05,9,2,-1.1314806693519281
80,A,0.05,9,3,-1.1921494716765577
80,A,0.05,9,4,-1.5176735803298043
80,A,0.05,9,5,-1.60505026717938
80,A,0.05,9,6,-1.629122131697725
80,A,0.05,9,7,-1.5428909888565925
80,A,0.05,9,8,-1.184163548761033
80,A,0.05,9,9,-1.020262823683607
80,B,100,0,0,1.271326488369657
80,B,100,0,1,1.2294781543118516
80,B,100,0,2,1.2876672606443658
80,B,100,0,3,1.2018749518075342
80,B,100,0,4,0.9847715892464289
80,B,100,0,5,1.124557734792178
80,B,100,0,6,0.9261159290570145
80,B,100,0,7,1.381956507053049
80,B,100,0,8,1.3653207011330553
80,B,100,0,9,1.4291192185345698
80,B,100,1,0,-0.6204563575194988
80,B,100,1,1,-0.3184846888144791
80,B,100,1,2,-0.44274748723857227
80,B,100,1,3,-0.5305365825623382
80,B,100,1,4,0.07473580588398927
80,B,100,1,5,0.35346793484460926
80,B,100,1,6,-0.832128368464204
80,B,100,1,7,0.1348230364821636
80,B,100,1,8,-0.19398565430898343
80,B,100,1,9,-0.4504061040994537
80,B,100,2,0,-2.580395969457049
80,B,100,2,1,-2.5982713499345733
80,B,100,2,2,-2.677160733134505
80,B,100,2,3,-2.491307189727845
80,B,100,2,4,-2.587925549176867
80,B,100,2,5,-2.3771634369497217
80,B,100,2,6,-2.5045527050222485
80,B,100,2,7,-2.6843463657444873
80,B,100,2,8,-2.624120413695412
80,B,100,2,9,-2.4190349230464356
80,B,100,3,0,0.7633127718679114
80,B,100,3,1,0.6962132428846739
80,B,100,3,2,0.577384364134391
80,B,100,3,3,0.6081241647997346
80,B,100,3,4,0.564359509109757
80,B,100,3,5,0.7683284667597373
80,B,100,3,6,0.681677658674031
80,B,100,3,7,0.7772694160524597
80,B,100,3,8,0.8321344460857205
80,B,100,3,9,0.7211455888603712
80,B,100,4,0,-0.48558378283188236
80,B,100,4,1,-0.1922972712665908
80,B,100,4,2,0.0462302319331849
80,B,100,4,3,-0.43192067361436787
80,B,100,4,4,-0.012823079195098522
80,B,100,4,5,0.03124855105769315
80,B,100,4,6,-0.29427012780658274
80,B,100,4,7,0.029956586863490665
80,B,100,4,8,-0.10947489324390391
80,B,100,4,9,-0.2951058995984236
80,B,100,5,0,-0.7718568514193905
80,B,100,5,1,-1.2423250964885983
80,B,100,5,2,-0.6873923889047593
80,B,100,5,3,-1.2077764604198054
80,B,100,5,4,-1.2658833193066692
80,B,100,5,5,-0.982790445484633
80,B,100,5,6,-0.8272380502353464
80,B,100,5,7,-0.16924787098461913
80,B,100,5,8,-0.5088742143334608
80,B,100,5,9,-0.39940859638114934
80,B,100,6,0,-0.9823340002174492
80,B,100,6,1,-0.7579950934920566
80,B,100,6,2,-1.1415971258395787
80,B,100,6,3,-1.1280478399647127
80,B,100,6,4,-0.787950987362022
80,B,100,6,5,-1.0216500247704847
80,B,100,6,6,-0.6482042737728126
80,B,100,6,7,-1.1378169183018503
80,B,100,6,8,-0.7064970767767546
80,B,100,6,9,-0.8994205111926051
80,B,100,7,0,-0.6502479326391581
80,B,100,7,1,-0.6355368166609745
80,B,100,7,2,-0.23892705255798768
80,B,100,7,3,-0.20980670041561836
80,B,100,7,4,-0.6337093593689797
80,B,100,7,5,-0.1764839715713872
80,B,100,7,6,-0.7471976223636958
80,B,100,7,7,-0.5562754264125088
80,B,100,7,8,-0.4474757820589087
80,B,100,7,9,-0.6446668798912965
80,B,100,8,0,-0.12791360144234837
80,B,100,8,1,0.07051881537600121
80,B,100,8,2,0.11344233210269873
80,B,100,8,3,-0.1442605485908186
80,B,100,8,4,-0.9366047714699919
80,B,100,8,5,-0.5754182349826851
80,B,100,8,6,-0.5772277693974939
80,B,100,8,7,-0.802141928622791
80,B,100,8,8,-0.7770242985810549
80,B,100,8,9,-0.5571886904034785
80,B,100,9,0,0.3486105669026584
80,B,100,9,1,0.033450636926042845
80,B,100,9,2,0.20965695002425552
80,B,100,9,3,0.14797504979010634
80,B,100,9,4,0.5886017363883338
80,B,100,9,5,-0.07003008324680754
80,B,100,9,6,0.38487297107721097
80,B,100,9,7,0.6455364661217997
80,B,100,9,8,0.9583910072430442
80,B,100,9,9,0.38617087407995576
81,A,0.05,0,0,1.0044179840064522
81,A,0.05,0,1,1.742958325719274
81,A,0.05,0,2,2.3123899999813946
81,A,0.05,0,3,1.3807559593682186
81,A,0.05,0,4,2.1088777966349657
81,A,0.05,0,5,1.831739083592984
81,A,0.05,0,6,1.8619726244589656
81,A,0.05,0,7,2.162219465781516
81,A,0.05,0,8,2.5394414652213566
81,A,0.05,0,9,1.7412311119514838
81,A,0.05,1,0,0.9325603079959051
81,A,0.05,1,1,0.9546826246532394
81,A,0.05,1,2,0.9763855598059157
81,A,0.05,1,3,0.48603547372083195
81,A,0.05,1,4,1.0400549509521089
81,A,0.05,1,5,0.9944443326274789
81,A,0.05,1,6,0.40186837265584874
81,A,0.05,1,7,0.613923217534414
81,A,0.05,1,8,0.7428429301930758
81,A,0.05,1,9,0.5458154855149094
81,A,0.05,2,0,0.06138006921720536
81,A,0.05,2,1,-0.2012346991408738
81,A,0.05,2,2,-0.16367009611942376
81,A,0.05,2,3,-0.02611306018286728
81,A,0.05,2,4,0.02473659196012007
81,A,0.05,2,5,-0.08957271239762263
81,A,0.05,2,6,-0.08835567062063371
81,A,0.05,2,7,0.14175456186785698
81,A,0.05,2,8,0.017880445818426433
81,A,0.05,2,9,-0.08513153025971709
81,A,0.05,3,0,1.0228620431281632
81,A,0.05,3,1,1.035752820731419
81,A,0.05,3,2,0.5073765958655991
81,A,0.05,3,3,1.037059605863906
81,A,0.05,3,4,0.5453874497698779
81,A,0.05,3,5,0.5983229740482533
81,A,0.05,3,6,0.3731054735343348
81,A,0.05,3,7,0.6157437257597453
81,A,0.05,3,8,0.8335994584851605
81,A,0.05,3,9,0.3909742509800979
81,A,0.05,4,0,-1.4351738423132063
81,A,0.05,4,1,-0.2795151738447461
81,A,0.05,4,2,-0.7787408864569659
81,A,0.05,4,3,-0.26364176491126196
81,A,0.05,4,4,-0.6309499441810317
81,A,0.05,4,5,-1.2059697105724592
81,A,0.05,4,6,-0.36384891020183724
81,A,0.05,4,7,-0.20443856665548624
81,A,0.05,4,8,-0.4952611600675131
81,A,0.05,4,9,-0.15130828368192142
81,A,0.05,5,0,2.26363282048264
81,A,0.05,5,1,2.1744084475759093
81,A,0.05,5,2,2.483002734254293
81,A,0.05,5,3,2.193661043084345
81,A,0.05,5,4,2.3877310802238716
81,A,0.05,5,5,2.3742307419974322
81,A,0.05,5,6,1.8341804152638175
81,A,0.05,5,7,2.057141900828909
81,A,0.05,5,8,1.1460591932119528
81,A,0.05,5,9,1.7227603201804114
81,A,0.05,6,0,-0.4576670560195647
81,A,0.05,6,1,-0.2661338453033843
81,A,0.05,6,2,-0.27052975304283783
81,A,0.05,6,3,-0.3428358369597443
81,A,0.05,6,4,-0.27705616728734317
81,A,0.05,6,5,-0.43477431046317144
81,A,0.05,6,6,-0.28722550458423185
81,A,0.05,6,7,-0.272868262669753
81,A,0.05,6,8,-0.27095896354684434
81,A,0.05,6,9,-0.2453995073812387
81,A,0.05,7,0,0.4871779782948386
81,A,0.05,7,1,0.2572729293251591
81,A,0.05,7,2,0.4651696220570605
81,A,0.05,7,3,0.5968567139923084
81,A,0.05,7,4,0.7841839053811616
81,A,0.05,7,5,0.668146860342655
81,A,0.05,7,6,0.8921780877059285
81,A,0.05,7,7,0.3242520783132772
81,A,0.05,7,8,0.6592420260127043
81,A,0.05,7,9,0.8239600669088606
81,A,0.05,8,0,-0.11457770942538904
81,A,0.05,8,1,0.6780838593580412
81,A,0.05,8,2,1.5512086759536987
81,A,0.05,8,3,0.5574864020401598
81,A,0.05,8,4,0.7276883563242902
81,A,0.05,8,5,0.8701134202562496
81,A,0.05,8,6,0.5075610983379062
81,A,0.05,8,7,0.471041326896776
81,A,0.05,8,8,0.04963879176728447
81,A,0.05,8,9,0.2568455217898485
81,A,0.05,9,0,1.6466964199527623
81,A,0.05,9,1,0.8967230734965205
81,A,0.05,9,2,1.1935171017317059
81,A,0.05,9,3,0.5309252051033825
81,A,0.05,9,4,0.42135876357897695
81,A,0.05,9,5,0.4226435906082672
81,A,0.05,9,6,0.5633425395359435
81,A,0.05,9,7,1.7460538055482284
81,A,0.05,9,8,0.17045589150153592
81,A,0.05,9,9,-0.3817004772173601
81,B,100,0,0,0.03509100465931963
81,B,100,0,1,0.006216080029188703
81,B,100,0,2,-0.15320561891847834
81,B,100,0,3,0.07515515652849852
81,B,100,0,4,0.021765585476963403
81,B,100,0,5,-0.004863980303408422
81,B,100,0,6,-0.021600614217160093
81,B,100,0,7,-0.03486914321087511
81,B,100,0,8,-0.14748361643475214
81,B,100,0,9,-0.0356403375286281
81,B,100,1,0,-0.8775756353689884
81,B,100,1,1,-0.8721017291873299
81,B,100,1,2,-0.42122445793387975
81,B,100,1,3,-0.458430787540195
81,B,100,1,4,-0.7260684995224747
81,B,100,1,5,-0.6083700972799968
81,B,100,1,6,-0.6874300605325788
81,B,100,1,7,-0.4318139760431223
81,B,100,1,8,-0.7518955724604657
81,B,100,1,9,-0.6435576583401498
81,B,100,2,0,-0.33666536610049613
81,B,100,2,1,0.7468586717260889
81,B,100,2,2,-0.3565902212124921
81,B,100,2,3,0.6930251459604561
81,B,100,2,4,0.2834606025161446
81,B,100,2,5,0.5887419856008049
81,B,100,2,6,-0.2575774405045416
81,B,100,2,7,1.0502569025584285
81,B,100,2,8,-0.3491515319017674
81,B,100,2,9,-0.43573636851094394
81,B,100,3,0,0.5981418328961853
81,B,100,3,1,0.438128956633933
81,B,100,3,2,0.5370830308286313
81,B,100,3,3,0.8299783651779993
81,B,100,3,4,0.39910129775875486
81,B,100,3,5,0.7758608722334406
81,B,100,3,6,0.49073767185100314
81,B,100,3,7,0.14087853386370364
81,B,100,3,8,0.8462207367269503
81,B,100,3,9,0.39983840821109456
81,B,100,4,0,-4.0982888172037075
81,B,100,4,1,-4.331554574509911
81,B,100,4,2,-3.712255764543316
81,B,100,4,3,-3.8233791094981817
81,B,100,4,4,-4.639167217242879
81,B,100,4,5,-2.742644410119193
81,B,100,4,6,-3.1671524426700053
81,B,100,4,7,-3.5483030338713597
81,B,100,4,8,-3.085566850514143
81,B,100,4,9,-3.486245619573599
81,B,100,5,0,-0.7963128451014406
81,B,100,5,1,-0.9013618218398628
81,B,100,5,2,-0.565697932162064
81,B,100,5,3,-0.5440912711904997
81,B,100,5,4,-0.8006506268162863
81,B,100,5,5,-0.988662450036733
81,B,100,5,6,-1.3671326250961928
81,B,100,5,7,-1.0402238030306787
81,B,100,5,8,-1.2114647285991804
81,B,100,5,9,-0.49791557967816885
81,B,100,6,0,-2.1402289804049626
81,B,100,6,1,-2.3303569462680427
81,B,100,6,2,-2.586748515402066
81,B,100,6,3,-2.150747328800092
81,B,100,6,4,-2.48833245214603
81,B,100,6,5,-2.233957247327181
81,B,100,6,6,-2.5463836788462118
81,B,100,6,7,-2.6272845787347103
81,B,100,6,8,-1.9579321367301719
81,B,100,6,9,-2.545574859594067
81,B,100,7,0,-1.6025592729080138
81,B,100,7,1,-1.4474994064006406
81,B,100,7,2,-1.3407110880377067
81,B,100,7,3,-1.4891661360281192
81,B,100,7,4,-1.4602294096688102
81,B,100,7,5,-1.2642071637528332
81,B,100,7,6,-1.6489738160783454
81,B,100,7,7,-1.582018309335271
81,B,100,7,8,-1.676094872002795
81,B,100,7,9,-1.4577125071508927
81,B,100,8,0,-1.0267010383182424
81,B,100,8,1,-0.7153307420968873
81,B,100,8,2,-0.6861290052100829
81,B,100,8,3,0.12013201643618586
81,B,100,8,4,0.05509730880818683
81,B,100,8,5,0.10534774158970976
81,B,100,8,6,-0.07561169435501076
81,B,100,8,7,0.09852471905094008
81,B,100,8,8,-0.7560508738482327
81,B,100,8,9,-1.0548688817759877
81,B,100,9,0,-0.07346440839709084
81,B,100,9,1,0.036597298114647334
81,B,100,9,2,-0.19157008035134493
81,B,100,9,3,0.1320732363186952
81,B,100,9,4,0.0009267142811061396
81,B,100,9,5,-0.06915210929134438
81,B,100,9,6,-0.23791818878465149
81,B,100,9,7,0.08394230835433152
81,B,100,9,8,-0.15425866987406578
81,B,100,9,9,-0.12016434988111432
82,A,0.05,0,0,0.2674745303020035
82,A,0.05,0,1,1.027550158225156
82,A,0.05,0,2,1.0115744621610112
82,A,0.05,0,3,0.8073473147107112
82,A,0.05,0,4,1.2802405054539263
82,A,0.05,0,5,1.2413292235177753
82,A,0.05,0,6,1.0854697404823932
82,A,0.05,0,7,1.0802690038372746
82,A,0.05,0,8,0.12924846661676773
82,A,0.05,0,9,1.4863536329516427
82,A,0.05,1,0,-0.52881392770553
82,A,0.05,1,1,-0.5706716302585335
82,A,0.05,1,2,-0.24991143900124677
82,A,0.05,1,3,-0.1958205777159413
82,A,0.05,1,4,-0.4305211448572587
82,A,0.05,1,5,-0.5443426329071903
82,A,0.05,1,6,-0.49817968378730737
82,A,0.05,1,7,-0.5132565944642451
82,A,0.05,1,8,-0.20608624586284174
82,A,0.05,1,9,-1.0146972751509828
82,A,0.05,2,0,-0.8259295894076396
82,A,0.05,2,1,-0.9261571327398751
82,A,0.05,2,2,-1.1386813899633312
82,A,0.05,2,3,-0.7663381954979903
82,A,0.05,2,4,-0.07312717412717949
82,A,0.05,2,5,-0.1753789661377314
82,A,0.05,2,6,-0.029244636237616976
82,A,0.05,2,7,-0.5294778477766834
82,A,0.05,2,8,0.013267034973363062
82,A,0.05,2,9,-0.06877025702104726
82,A,0.05,3,0,-0.3136330142929395
82,A,0.05,3,1,-0.10606401319172148
82,A,0.05,3,2,-0.0900436391834739
82,A,0.05,3,3,-1.0174452555821982
82,A,0.05,3,4,-0.7267853742673385
82,A,0.05,3,5,-0.4971341475174653
82,A,0.05,3,6,-0.5102026063441357
82,A,0.05,3,7,-0.1731979169917819
82,A,0.05,3,8,-0.7597501663140155
82,A,0.05,3,9,-0.40048794394898296
82,A,0.05,4,0,0.721193392206719
82,A,0.05,4,1,1.263362950827812
82,A,0.05,4,2,0.8723016412674292
82,A,0.05,4,3,1.4244608283343605
82,A,0.05,4,4,0.8361388835951933
82,A,0.05,4,5,1.2698596423050401
82,A,0.05,4,6,1.070048063434362
82,A,0.05,4,7,1.589198171337106
82,A,0.05,4,8,0.91371766531988
82,A,0.05,4,9,1.1842832707499285
82,A,0.05,5,0,0.9062413456182614
82,A,0.05,5,1,0.898908949272632
82,A,0.05,5,2,0.061670193349646886
82,A,0.05,5,3,0.00398349470599982
82,A,0.05,5,4,1.0896695985755858
82,A,0.05,5,5,0.3906179686216962
82,A,0.05,5,6,1.0910660863762385
82,A,0.05,5,7,0.35064867705402936
82,A,0.05,5,8,1.142864237656554
82,A,0.05,5,9,1.087102810927149
82,A,0.05,6,0,-0.2697880710660254
82,A,0.05,6,1,-0.19467216761410858
82,A,0.05,6,2,0.12431807926722785
82,A,0.05,6,3,0.14870984209616114
82,A,0.05,6,4,-0.19623813017334443
82,A,0.05,6,5,0.09219365769666366
82,A,0.05,6,6,-0.06128910229128581
82,A,0.05,6,7,-0.29536228911476137
82,A,0.05,6,8,-0.014393697607989421
82,A,0.05,6,9,-0.22430840143761294
82,A,0.05,7,0,-0.07431567978604155
82,A,0.05,7,1,-0.013498828621155631
82,A,0.05,7,2,-0.02402189030524267
82,A,0.05,7,3,-0.06936635269094482
82,A,0.05,7,4,-0.026796919042568656
82,A,0.05,7,5,-0.02285437883005168
82,A,0.05,7,6,-0.020410887318270062
82,A,0.05,7,7,-0.05965751601458833
82,A,0.05,7,8,-0.03390407508546518
82,A,0.05,7,9,-0.14567148658444198
82,A,0.05,8,0,0.07002186404225173
82,A,0.05,8,1,0.22265645005304252
82,A,0.05,8,2,0.2620692244329518
82,A,0.05,8,3,0.22231151377193256
82,A,0.05,8,4,0.3088003148222497
82,A,0.05,8,5,0.26597925272586814
82,A,0.05,8,6,-0.0032579938713454175
82,A,0.05,8,7,0.0949478143135077
82,A,0.05,8,8,0.10348330402537544
82,A,0.05,8,9,0.2526294855024023
82,A,0.05,9,0,-0.10451662060446539
82,A,0.05,9,1,-0.6023822840646103
82,A,0.05,9,2,-0.26543430725649814
82,A,0.05,9,3,0.11190463151310369
82,A,0.05,9,4,-0.45731217889758596
82,A,0.05,9,5,0.423034500053023
82,A,0.05,9,6,0.28581918581978577
82,A,0.05,9,7,0.35955997159290726
82,A,0.05,9,8,-0.2089218409559163
82,A,0.05,9,9,-0.4422311054077299
82,B,100,0,0,-0.376472364937837
82,B,100,0,1,-0.14171648622949518
82,B,100,0,2,-0.17916315298986943
82,B,100,0,3,-0.16619783542180855
82,B,100,0,4,-0.1681419242536784
82,B,100,0,5,-0.15281114411856755
82,B,100,0,6,-0.07312625173030984
82,B,100,0,7,-0.10899064274774015
82,B,100,0,8,-0.06677502182566564
82,B,100,0,9,-0.15995757659107057
82,B,100,1,0,-2.312878821085347
82,B,100,1,1,-2.320587581621945
82,B,100,1,2,-1.980401883575063
82,B,100,1,3,-2.8329400921364676
82,B,100,1,4,-2.7980797828654387
82,B,100,1,5,-2.672669734667551
82,B,100,1,6,-1.9070095350849077
82,B,100,1,7,-2.4231395355532777
82,B,100,1,8,-2.3826749729903685
82,B,100,1,9,-2.2772656276400967
82,B,100,2,0,0.9451130038234983
82,B,100,2,1,0.25164860522057036
82,B,100,2,2,0.6279666704214714
82,B,100,2,3,0.6426479345865809
82,B,100,2,4,0.6790764042231203
82,B,100,2,5,0.38540256959857344
82,B,100,2,6,0.2787646897521562
82,B,100,2,7,0.2921008722884471
82,B,100,2,8,0.49092939480602504
82,B,100,2,9,0.6171484167365501
82,B,100,3,0,-0.0652912054699429
82,B,100,3,1,0.14345226870737537
82,B,100,3,2,0.07676272457551586
82,B,100,3,3,0.18008136211909043
82,B,100,3,4,-0.39133466862432753
82,B,100,3,5,0.5349220764246045
82,B,100,3,6,0.42975797081029626
82,B,100,3,7,0.5882037365780362
82,B,100,3,8,0.3197137329164429
82,B,100,3,9,0.40643563815683803
82,B,100,4,0,0.3012152286560411
82,B,100,4,1,0.31349791721028647
82,B,100,4,2,0.09989931634697977
82,B,100,4,3,0.10376381751910699
82,B,100,4,4,0.21597258588634008
82,B,100,4,5,0.28503146020035164
82,B,100,4,6,-0.1847084358569187
82,B,100,4,7,0.3519502221839095
82,B,100,4,8,-0.0423327050378625
82,B,100,4,9,0.030104627495103932
82,B,100,5,0,2.40585504469644
82,B,100,5,1,2.1827458916262708
82,B,100,5,2,2.157887562453215
82,B,100,5,3,1.8264424477489687
82,B,100,5,4,2.2004799442138747
82,B,100,5,5,2.2307081089459637
82,B,100,5,6,2.4593220111459457
82,B,100,5,7,1.9798313995849086
82,B,100,5,8,1.9542640109329843
82,B,100,5,9,2.427911255463773
82,B,100,6,0,-0.5362897568174348
82,B,100,6,1,-0.10774315832386475
82,B,100,6,2,-0.5004364254892476
82,B,100,6,3,-0.10167116889120446
82,B,100,6,4,-0.44978562717496157
82,B,100,6,5,0.15449386132726076
82,B,100,6,6,-0.4206250987673428
82,B,100,6,7,-0.5764776111024179
82,B,100,6,8,-0.25820794569067096
82,B,100,6,9,-0.3181701413496863
82,B,100,7,0,0.2003022403562661
82,B,100,7,1,4.026525832404745
82,B,100,7,2,1.6598446294204474
82,B,100,7,3,0.2839144357161016
82,B,100,7,4,1.9252275721275216
82,B,100,7,5,0.09192832513390244
82,B,100,7,6,-0.6232998957633552
82,B,100,7,7,1.5184136497552623
82,B,100,7,8,0.22972985859715464
82,B,100,7,9,-0.10999795185502051
82,B,100,8,0,-0.5797930831227426
82,B,100,8,1,-0.40350944785358345
82,B,100,8,2,-0.5332441122699385
82,B,100,8,3,-0.4363146629872204
82,B,100,8,4,-0.34438799503320633
82,B,100,8,5,-0.8172034373067869
82,B,100,8,6,-0.6092902688104816
82,B,100,8,7,-0.7492722794708384
82,B,100,8,8,-0.3448643230940195
82,B,100,8,9,-0.8230486894677508
82,B,100,9,0,1.6845615200128283
82,B,100,9,1,1.350086728983406
82,B,100,9,2,1.4526641199813326
82,B,100,9,3,1.3224238973134514
82,B,100,9,4,1.731774722950272
82,B,100,9,5,1.1760918365876643
82,B,100,9,6,1.259735387178079
82,B,100,9,7,1.392261048610463
82,B,100,9,8,1.4125495946220261
82,B,100,9,9,1.3260649367864015
83,A,0.05,0,0,0.9374665373623836
83,A,0.05,0,1,1.7738878390459176
83,A,0.05,0,2,2.046864790786275
83,A,0.05,0,3,2.1622659789698506
83,A,0.05,0,4,1.8555083290379366
83,A,0.05,0,5,1.705157496876035
83,A,0.05,0,6,1.7441269169331581
83,A,0.05,0,7,1.5132864020150902
83,A,0.05,0,8,0.7561829309843037
83,A,0.05,0,9,2.048853549948293
83,A,0.05,1,0,-1.229210377643631
83,A,0.05,1,1,-1.9766087417348914
83,A,0.05,1,2,-0.6210389113828054
83,A,0.05,1,3,-0.8598373853036811
83,A,0.05,1,4,-0.8810257990524054
83,A,0.05,1,5,-1.519439830654391
83,A,0.05,1,6,-0.8297645903480747
83,A,0.05,1,7,-1.6230006587246895
83,A,0.05,1,8,-1.666319004814502
83,A,0.05,1,9,-1.284800245983203
83,A,0.05,2,0,-0.742001799725847
83,A,0.05,2,1,-0.66490172882856
83,A,0.05,2,2,-0.8688948041134134
83,A,0.05,2,3,-0.847715889272008
83,A,0.05,2,4,-0.0007362526879549284
83,A,0.05,2,5,-0.408313976591798
83,A,0.05,2,6,-0.3566020313723281
83,A,0.05,2,7,-0.5282150373426941
83,A,0.05,2,8,-0.507110829656383
83,A,0.05,2,9,-0.2753887045285932
83,A,0.05,3,0,1.6564648113468194
83,A,0.05,3,1,0.8259417674208729
83,A,0.05,3,2,1.2368936509441553
83,A,0.05,3,3,2.078074739322717
83,A,0.05,3,4,2.463736979575622
83,A,0.05,3,5,1.9935165713549794
83,A,0.05,3,6,2.347964876874891
83,A,0.05,3,7,2.0767189827054486
83,A,0.05,3,8,1.6814558096010408
83,A,0.05,3,9,1.9461940298301472
83,A,0.05,4,0,0.10658040293179023
83,A,0.05,4,1,0.6415728951969154
83,A,0.05,4,2,0.5447274613495584
83,A,0.05,4,3,0.2196824783659716
83,A,0.05,4,4,1.1861534112201289
83,A,0.05,4,5,0.3527188747249742
83,A,0.05,4,6,0.4577652179768494
83,A,0.05,4,7,0.8544844850116035
83,A,0.05,4,8,0.6524063674966906
83,A,0.05,4,9,0.684785794258394
83,A,0.05,5,0,0.007478933991481299
83,A,0.05,5,1,-0.028188844474843933
83,A,0.05,5,2,-0.046111967256473395
83,A,0.05,5,3,-0.19237673248789822
83,A,0.05,5,4,-0.14321585819806334
83,A,0.05,5,5,0.020147142415293407
83,A,0.05,5,6,-0.05817777948846404
83,A,0.05,5,7,-0.07802139432180559
83,A,0.05,5,8,-0.053355708839067734
83,A,0.05,5,9,0.005515663348857396
83,A,0.05,6,0,-1.1136904967350152
83,A,0.05,6,1,-0.4628061310545421
83,A,0.05,6,2,-0.8473772102267868
83,A,0.05,6,3,-0.7238483476891372
83,A,0.05,6,4,-0.4759310470834565
83,A,0.05,6,5,-0.7862796413036091
83,A,0.05,6,6,-0.575930198614789
83,A,0.05,6,7,-0.9531490005493148
83,A,0.05,6,8,-1.3150140229691734
83,A,0.05,6,9,-0.8215761269427672
83,A,0.05,7,0,2.4039642615619026
83,A,0.05,7,1,2.5707464772768724
83,A,0.05,7,2,2.6337994257112687
83,A,0.05,7,3,2.51998257338554
83,A,0.05,7,4,2.2811694947939856
83,A,0.05,7,5,2.5880267260835885
83,A,0.05,7,6,2.583396263977231
83,A,0.05,7,7,2.4689161106508966
83,A,0.05,7,8,2.440708675499262
83,A,0.05,7,9,2.071192345955116
83,A,0.05,8,0,1.0876809675191546
83,A,0.05,8,1,-0.26738011471757916
83,A,0.05,8,2,-0.8358857308867971
83,A,0.05,8,3,-0.19611327270781637
83,A,0.05,8,4,0.5681894014473688
83,A,0.05,8,5,-0.7621973403152329
83,A,0.05,8,6,-0.4638775776090327
83,A,0.05,8,7,0.04156541984151437
83,A,0.05,8,8,-0.8562884040937909
83,A,0.05,8,9,-0.3415925049486076
83,A,0.05,9,0,-0.2645632087676904
83,A,0.05,9,1,-0.342259224533443
83,A,0.05,9,2,-0.34935047141979525
83,A,0.05,9,3,-0.287284902528305
83,A,0.05,9,4,-0.3681222367976673
83,A,0.05,9,5,-0.24875729904716987
83,A,0.05,9,6,-0.3154180158942339
83,A,0.05,9,7,-0.29545999802120554
83,A,0.05,9,8,-0.3907292089017723
83,A,0.05,9,9,-0.20596748389480743
83,B,100,0,0,-0.3968676188573867
83,B,100,0,1,-0.028112079658725662
83,B,100,0,2,-0.4289988624796503
83,B,100,0,3,-0.6715176708852167
83,B,100,0,4,0.07991175863751411
83,B,100,0,5,-0.23551036245366697
83,B,100,0,6,-0.03402042413476327
83,B,100,0,7,-0.2439864627089263
83,B,100,0,8,-0.6524755095904365
83,B,100,0,9,-0.25471556313551497
83,B,100,1,0,-1.7651815577793204
83,B,100,1,1,-0.33797362075561577
83,B,100,1,2,-0.6372679184412583
83,B,100,1,3,-0.34425100684171067
83,B,100,1,4,-0.12867221693976813
83,B,100,1,5,0.02113926469301672
83,B,100,1,6,-0.05885680640485127
83,B,100,1,7,0.09547077611456704
83,B,100,1,8,-0.3742774891070276
83,B,100,1,9,-0.05033805668094273
83,B,100,2,0,-1.2864190366615362
83,B,100,2,1,-2.0407533173828334
83,B,100,2,2,-1.686540365107025
83,B,100,2,3,-1.6061689300126933
83,B,100,2,4,-1.2059598513066005
83,B,100,2,5,-1.1719655802938322
83,B,100,2,6,-1.1071026591450719
83,B,100,2,7,-0.9584656649695367
83,B,100,2,8,-1.4596027369000324
83,B,100,2,9,-1.7673355748650474
83,B,100,3,0,-0.6688268798575681
83,B,100,3,1,-0.4914335397490081
83,B,100,3,2,-0.6764990000190192
83,B,100,3,3,-0.5453583763308006
83,B,100,3,4,-0.47119502975771577
83,B,100,3,5,-0.11561585985616751
83,B,100,3,6,-0.3822031374033279
83,B,100,3,7,-0.3804665286405341
83,B,100,3,8,-0.6007054051371086
83,B,100,3,9,-0.17518817317495833
83,B,100,4,0,2.511622570589976
83,B,100,4,1,1.3377678221393126
83,B,100,4,2,2.4012361240439293
83,B,100,4,3,2.3140645835952016
83,B,100,4,4,1.759849305490914
83,B,100,4,5,2.1465692986264817
83,B,100,4,6,1.3517605238829444
83,B,100,4,7,1.5945240124648716
83,B,100,4,8,2.1887352135342604
83,B,100,4,9,1.8277677464831905
83,B,100,5,0,1.5859006471872497
83,B,100,5,1,0.8834162443658025
83,B,100,5,2,1.5368690754814809
83,B,100,5,3,1.5272143098663036
83,B,100,5,4,1.0086253432459986
83,B,100,5,5,1.5344444592555568
83,B,100,5,6,1.1779773489560839
83,B,100,5,7,1.063583463276906
83,B,100,5,8,0.8873264909515709
83,B,100,5,9,1.726191082334655
83,B,100,6,0,-0.2661286069292427
83,B,100,6,1,-0.06246277014716791
83,B,100,6,2,-0.17642638814018655
83,B,100,6,3,-0.019434030927852026
83,B,100,6,4,-0.45988681658828107
83,B,100,6,5,-0.38795693232042616
83,B,100,6,6,0.024701782170693146
83,B,100,6,7,-0.10790780859591666
83,B,100,6,8,-0.1825520535025118
83,B,100,6,9,-0.38877228988792695
83,B,100,7,0,1.9719856867857217
83,B,100,7,1,2.038368552014339
83,B,100,7,2,1.9442515502802291
83,B,100,7,3,2.015802963739457
83,B,100,7,4,2.1663444995114407
83,B,100,7,5,1.6548260151242056
83,B,100,7,6,2.063596653946199
83,B,100,7,7,1.479114482554719
83,B,100,7,8,1.7738656354214974
83,B,100,7,9,2.179658140072262
83,B,100,8,0,1.4332854755740345
83,B,100,8,1,0.36655068272131003
83,B,100,8,2,1.0752501845049667
83,B,100,8,3,1.0920308321936316
83,B,100,8,4,0.9341065783388938
83,B,100,8,5,0.8617734322845294
83,B,100,8,6,0.5129490931619344
83,B,100,8,7,0.962319172791814
83,B,100,8,8,1.1557902183491913
83,B,100,8,9,1.071735388316909
83,B,100,9,0,-1.5881610705870461
83,B,100,9,1,-1.8023714740055243
83,B,100,9,2,-1.5185953395276017
83,B,100,9,3,-1.1558101661597544
83,B,100,9,4,-1.439397778398646
83,B,100,9,5,-1.8973384143499772
83,B,100,9,6,-1.3000994516587512
83,B,100,9,7,-1.7365604799696324
83,B,100,9,8,-2.2751915752375944
83,B,100,9,9,-1.1009520211513006
84,A,0.05,0,0,-1.6947392785508877
84,A,0.05,0,1,-0.7106309391089908
84,A,0.05,0,2,-1.022210688393393
84,A,0.05,0,3,-0.929140968107911
84,A,0.05,0,4,-1.2153365242691432
84,A,0.05,0,5,-1.2423390440299644
84,A,0.05,0,6,-1.8991448430761846
84,A,0.05,0,7,-0.9816896119517297
84,A,0.05,0,8,-0.12981555917212875
84,A,0.05,0,9,0.02468175362457493
84,A,0.05,1,0,-0.1118359640328351
84,A,0.05,1,1,0.011001336483916145
84,A,0.05,1,2,0.4382860024016143
84,A,0.05,1,3,0.2354173655825188
84,A,0.05,1,4,0.15089056797837888
84,A,0.05,1,5,0.6962216667111161
84,A,0.05,1,6,0.45028997727365694
84,A,0.05,1,7,-0.04395227127907558
84,A,0.05,1,8,0.052474067107792066
84,A,0.05,1,9,0.814764459688423
84,A,0.05,2,0,-3.9247413561403786
84,A,0.05,2,1,-3.58003987714739
84,A,0.05,2,2,-3.387096494243101
84,A,0.05,2,3,-3.226503148062217
84,A,0.05,2,4,-4.147274466176952
84,A,0.05,2,5,-3.807866626363097
84,A,0.05,2,6,-3.722858757414367
84,A,0.05,2,7,-3.0778400651178384
84,A,0.05,2,8,-4.640084082923942
84,A,0.05,2,9,-3.1537646585808523
84,A,0.05,3,0,1.8261521027713552
84,A,0.05,3,1,1.6766141436288848
84,A,0.05,3,2,1.3061974437086394
84,A,0.05,3,3,1.772889223571323
84,A,0.05,3,4,1.8656022082175794
84,A,0.05,3,5,1.7948162288747627
84,A,0.05,3,6,1.7571763988655362
84,A,0.05,3,7,1.6014281874431031
84,A,0.05,3,8,1.5931755881523064
84,A,0.05,3,9,1.7911315368887506
84,A,0.05,4,0,-0.7564397636866066
84,A,0.05,4,1,-0.44494780088904984
84,A,0.05,4,2,-0.6038829236679384
84,A,0.05,4,3,-0.48592596530585186
84,A,0.05,4,4,-0.5854719760256343
84,A,0.05,4,5,-0.5115489445639945
84,A,0.05,4,6,-0.37744051336312284
84,A,0.05,4,7,-0.7337765215047677
84,A,0.05,4,8,-0.6922442524868099
84,A,0.05,4,9,-0.5670838305404672
84,A,0.05,5,0,0.6876594478663131
84,A,0.05,5,1,0.669436214100555
84,A,0.05,5,2,1.425544616710629
84,A,0.05,5,3,1.0661007650118135
84,A,0.05,5,4,1.216435313950109
84,A,0.05,5,5,1.458262317624269
84,A,0.05,5,6,0.9096375735901481
84,A,0.05,5,7,1.6825946852818778
84,A,0.05,5,8,1.633998798491831
84,A,0.05,5,9,0.7066579710293424
84,A,0.05,6,0,1.9033189526883998
84,A,0.05,6,1,2.1994057583671554
84,A,0.05,6,2,2.579951538797911
84,A,0.05,6,3,2.390590904110357
84,A,0.05,6,4,2.27364076849496
84,A,0.05,6,5,2.2755610290483825
84,A,0.05,6,6,2.1033514465233516
84,A,0.05,6,7,2.875022290372523
84,A,0.05,6,8,2.3937516907749505
84,A,0.05,6,9,2.4020904247185677
84,A,0.05,7,0,0.04630338507851885
84,A,0.05,7,1,0.047858084732650956
84,A,0.05,7,2,0.09901731528630714
84,A,0.05,7,3,0.2310400675031838
84,A,0.05,7,4,0.25197327414162574
84,A,0.05,7,5,0.3989347144712218
84,A,0.05,7,6,-0.043207303819919586
84,A,0.05,7,7,0.5270425194672633
84,A,0.05,7,8,0.0020732787642767344
84,A,0.05,7,9,0.4457919664734017
84,A,0.05,8,0,-1.1808585022932763
84,A,0.05,8,1,-1.6458722017735463
84,A,0.05,8,2,-1.2459173226148799
84,A,0.05,8,3,-1.5575393777035902
84,A,0.05,8,4,-1.2424544094899994
84,A,0.05,8,5,-1.6566280833912175
84,A,0.05,8,6,-1.8268568430300938
84,A,0.05,8,7,-0.7722291603105722
84,A,0.05,8,8,-1.8042488630483073
84,A,0.05,8,9,-1.277341132730967
84,A,0.05,9,0,0.625093096682533
84,A,0.05,9,1,0.44315368068529065
84,A,0.05,9,2,1.0443841825104565
84,A,0.05,9,3,0.8978737592735314
84,A,0.05,9,4,0.873622573657042
84,A,0.05,9,5,1.0342692095008377
84,A,0.05,9,6,0.9726124993566757
84,A,0.05,9,7,0.5003927442672149
84,A,0.05,9,8,0.1932987391414454
84,A,0.05,9,9,0.8588553988509942
84,B,100,0,0,-1.0518409839173537
84,B,100,0,1,-0.9834713289320111
84,B,100,0,2,-1.1337158811126025
84,B,100,0,3,-1.1737222936071954
84,B,100,0,4,-1.15197715294046
84,B,100,0,5,-0.8339855505005831
84,B,100,0,6,-1.289338748419771
84,B,100,0,7,-0.9066175748467772
84,B,100,0,8,-0.7223803550330635
84,B,100,0,9,-0.7065884571770658
84,B,100,1,0,0.3804588221250483
84,B,100,1,1,0.6839946155419759
84,B,100,1,2,1.2776222838967566
84,B,100,1,3,1.2633111152928567
84,B,100,1,4,1.3682856842440496
84,B,100,1,5,1.3262055294526203
84,B,100,1,6,1.1366521691267752
84,B,100,1,7,1.5563450335275317
84,B,100,1,8,1.1362333599269685
84,B,100,1,9,1.4289108884686086
84,B,100,2,0,0.7031061401813157
84,B,100,2,1,1.2368567542635962
84,B,100,2,2,1.0272918992772255
84,B,100,2,3,0.8927992225106386
84,B,100,2,4,1.1163695878462971
84,B,100,2,5,1.0939465061647877
84,B,100,2,6,1.1122912746205171
84,B,100,2,7,0.9445220859582523
84,B,100,2,8,1.1264059253654501
84,B,100,2,9,0.8499000669522804
84,B,100,3,0,2.3839666076006676
84,B,100,3,1,2.2632734493230346
84,B,100,3,2,1.949415014072919
84,B,100,3,3,2.2966338822798744
84,B,100,3,4,1.990401575674239
84,B,100,3,5,2.4787746911064077
84,B,100,3,6,2.1880275154808806
84,B,100,3,7,2.273726897113884
84,B,100,3,8,2.13435665214406
84,B,100,3,9,2.4834850583778345
84,B,100,4,0,-0.42131565878958593
84,B,100,4,1,-0.496476328541922
84,B,100,4,2,-0.7846387540983056
84,B,100,4,3,-0.1667599986757726
84,B,100,4,4,-0.42797368935825336
84,B,100,4,5,0.1343210029440896
84,B,100,4,6,-0.03983578085328572
84,B,100,4,7,-0.2784586809579971
84,B,100,4,8,-0.5377695631670443
84,B,100,4,9,0.13848229717682642
84,B,100,5,0,0.017561670699282945
84,B,100,5,1,-0.29962602772559127
84,B,100,5,2,-0.591485842193947
84,B,100,5,3,0.3805244936866225
84,B,100,5,4,-0.1522214735880363
84,B,100,5,5,0.41441389184939204
84,B,100,5,6,0.0939577397126992
84,B,100,5,7,0.5998477151451445
84,B,100,5,8,0.43540582764926217
84,B,100,5,9,-0.5998579304255688
84,B,100,6,0,-0.5731669387988545
84,B,100,6,1,-0.7980493070567276
84,B,100,6,2,-0.942633090950956
84,B,100,6,3,-1.0418071161873186
84,B,100,6,4,-0.8225218801755144
84,B,100,6,5,-1.3244792803704655
84,B,100,6,6,-1.2284943659075416
84,B,100,6,7,-1.00435579842476
84,B,100,6,8,-0.4294064581857162
84,B,100,6,9,-0.7720070255480493
84,B,100,7,0,-0.3117329941311108
84,B,100,7,1,-0.34306361254895873
84,B,100,7,2,0.6703864924165389
84,B,100,7,3,0.2623905776691359
84,B,100,7,4,0.49704272010391526
84,B,100,7,5,-0.08541078084240701
84,B,100,7,6,0.38437482895415875
84,B,100,7,7,0.02394695751531343
84,B,100,7,8,-0.26053552138959113
84,B,100,7,9,0.4337148677699363
84,B,100,8,0,-1.1110391497397463
84,B,100,8,1,-0.7876198710496946
84,B,100,8,2,-1.1979650801867383
84,B,100,8,3,-1.022165386043723
84,B,100,8,4,-0.9421080970382657
84,B,100,8,5,-1.0043676839307236
84,B,100,8,6,-1.1920638515903677
84,B,100,8,7,-0.7899638582739271
84,B,100,8,8,-1.0866173108708528
84,B,100,8,9,-0.9413907521150631
84,B,100,9,0,0.10679107226676769
84,B,100,9,1,0.7031687403443692
84,B,100,9,2,0.23963771606258163
84,B,100,9,3,0.6096295176411847
84,B,100,9,4,-0.3395742106431145
84,B,100,9,5,0.6657874799356304
84,B,100,9,6,-0.19307906066760303
84,B,100,9,7,0.3184548683646725
84,B,100,9,8,0.6383493218964488
84,B,100,9,9,0.3244765390230275
85,A,0.05,0,0,0.38346296155116777
85,A,0.05,0,1,0.7234412650973123
85,A,0.05,0,2,0.18716198824195213
85,A,0.05,0,3,0.31449104494003355
85,A,0.05,0,4,0.6449838126418838
85,A,0.05,0,5,0.23864158380083955
85,A,0.05,0,6,0.2706938958532659
85,A,0.05,0,7,0.5083645956782735
85,A,0.05,0,8,1.0444637837914228
85,A,0.05,0,9,-0.004086895529849121
85,A,0.05,1,0,-0.8153114810036409
85,A,0.05,1,1,-0.3438094310164695
85,A,0.05,1,2,-0.674102710277383
85,A,0.05,1,3,-0.4251071999289367
85,A,0.05,1,4,-0.6012022856661184
85,A,0.05,1,5,-0.6632319310822342
85,A,0.05,1,6,-1.1306325290083858
85,A,0.05,1,7,-0.8206864413379433
85,A,0.05,1,8,-0.8079594923281193
85,A,0.05,1,9,-0.4812273470319309
85,A,0.05,2,0,0.46721728032671656
85,A,0.05,2,1,1.0311561512385963
85,A,0.05,2,2,0.9653838588223507
85,A,0.05,2,3,1.0485030403013995
85,A,0.05,2,4,0.666646926896687
85,A,0.05,2,5,0.6878759029174975
85,A,0.05,2,6,1.3165583541463102
85,A,0.05,2,7,0.7700599154383034
85,A,0.05,2,8,0.7688657958031573
85,A,0.05,2,9,0.864262888952294
85,A,0.05,3,0,0.19761606890883
85,A,0.05,3,1,0.004468324839048142
85,A,0.05,3,2,0.18498254797707012
85,A,0.05,3,3,0.22778138837668122
85,A,0.05,3,4,0.03580483152667305
85,A,0.05,3,5,0.19744372844064603
85,A,0.05,3,6,0.12980612465888489
85,A,0.05,3,7,-0.030630663742938966
85,A,0.05,3,8,0.10455004678048085
85,A,0.05,3,9,0.1473608554797832
85,A,0.05,4,0,-2.7368063630539865
85,A,0.05,4,1,-2.202668527637035
85,A,0.05,4,2,-2.4039794559992114
85,A,0.05,4,3,-2.239683165081007
85,A,0.05,4,4,-3.1396614529327067
85,A,0.05,4,5,-2.3996529758947593
85,A,0.05,4,6,-3.1511795463270182
85,A,0.05,4,7,-2.337360852852074
85,A,0.05,4,8,-2.422581042373344
85,A,0.05,4,9,-2.3073302282999792
85,A,0.05,5,0,-0.5589295822289468
85,A,0.05,5,1,-0.5102189955523824
85,A,0.05,5,2,-0.4845363180274738
85,A,0.05,5,3,-0.4163449320429762
85,A,0.05,5,4,-0.3577861179732151
85,A,0.05,5,5,-0.4693361594721377
85,A,0.05,5,6,-0.35113809987998923
85,A,0.05,5,7,-0.661868485671262
85,A,0.05,5,8,-0.4575764634385051
85,A,0.05,5,9,-0.47208399321351036
85,A,0.05,6,0,-0.8654937306247635
85,A,0.05,6,1,-0.6142938678768483
85,A,0.05,6,2,0.04652034570571869
85,A,0.05,6,3,-0.1135910170891028
85,A,0.05,6,4,-0.20699595626980827
85,A,0.05,6,5,0.1738303518382146
85,A,0.05,6,6,-0.785108198071865
85,A,0.05,6,7,-0.04755424073110049
85,A,0.05,6,8,-0.09777284235172734
85,A,0.05,6,9,-0.03579618899249618
85,A,0.05,7,0,1.7264236862082505
85,A,0.05,7,1,1.0543727188380752
85,A,0.05,7,2,1.7289178886233736
85,A,0.05,7,3,0.9276967556265094
85,A,0.05,7,4,1.3798379542928656
85,A,0.05,7,5,1.8383052797279948
85,A,0.05,7,6,1.2111622187020126
85,A,0.05,7,7,0.3353667568084555
85,A,0.05,7,8,1.8857350946805278
85,A,0.05,7,9,1.5338060347345104
85,A,0.05,8,0,-0.13160811736411698
85,A,0.05,8,1,0.014903283405258535
85,A,0.05,8,2,0.011480114559716982
85,A,0.05,8,3,-0.02879234613749164
85,A,0.05,8,4,-0.013297063989658216
85,A,0.05,8,5,0.00046352439212962997
85,A,0.05,8,6,-0.02266950157739992
85,A,0.05,8,7,0.00847536264207527
85,A,0.05,8,8,-0.018209085043178145
85,A,0.05,8,9,0.02583717893151041
85,A,0.05,9,0,1.1504729801054054
85,A,0.05,9,1,1.4165036983855843
85,A,0.05,9,2,0.9603674785170122
85,A,0.05,9,3,1.2500787782280074
85,A,0.05,9,4,1.325827923888369
85,A,0.05,9,5,1.3483636943047383
85,A,0.05,9,6,1.3420004169403656
85,A,0.05,9,7,1.2916497528305049
85,A,0.05,9,8,1.2355618684739964
85,A,0.05,9,9,1.3849687926991447
85,B,100,0,0,-0.4271892494842859
85,B,100,0,1,-0.6921832485811271
85,B,100,0,2,-0.6554596034174974
85,B,100,0,3,-0.039721964991156315
85,B,100,0,4,-0.9462941765448519
85,B,100,0,5,-0.16087597410652352
85,B,100,0,6,-1.8716059484483816
85,B,100,0,7,-0.6582288725636626
85,B,100,0,8,-1.2660539433637537
85,B,100,0,9,-0.5204727305390137
85,B,100,1,0,0.7084610654957969
85,B,100,1,1,0.484771527975376
85,B,100,1,2,0.41131400794998474
85,B,100,1,3,0.4328184924954839
85,B,100,1,4,0.7102607262358254
85,B,100,1,5,0.7452751609293418
85,B,100,1,6,0.7392758126332222
85,B,100,1,7,0.7077648382181486
85,B,100,1,8,0.6557257444977859
85,B,100,1,9,1.0237165058027495
85,B,100,2,0,-0.30840776488134447
85,B,100,2,1,-0.5118993764584077
85,B,100,2,2,-0.43162935464616053
85,B,100,2,3,-0.31262556894730503
85,B,100,2,4,-0.33841642926843285
85,B,100,2,5,-0.12117000448826504
85,B,100,2,6,-0.3328803487602597
85,B,100,2,7,-0.5804812389699912
85,B,100,2,8,-0.41907847220410155
85,B,100,2,9,-0.4819876734829661
85,B,100,3,0,0.32001615706175573
85,B,100,3,1,0.173681357750781
85,B,100,3,2,0.5503593500151801
85,B,100,3,3,0.2960527691907039
85,B,100,3,4,0.4441895064934123
85,B,100,3,5,0.5219164855200443
85,B,100,3,6,0.5931474741041376
85,B,100,3,7,0.3769935772850143
85,B,100,3,8,0.3130193369133919
85,B,100,3,9,0.41543291352865774
85,B,100,4,0,-1.1516206057148382
85,B,100,4,1,-0.43227257363405786
85,B,100,4,2,-0.31861649926743896
85,B,100,4,3,-0.22582454863650048
85,B,100,4,4,-0.6256824682046289
85,B,100,4,5,-0.8469737631693
85,B,100,4,6,-0.6735837417458267
85,B,100,4,7,-0.10245940023068636
85,B,100,4,8,-0.44596420700868705
85,B,100,4,9,-0.3606600269480277
85,B,100,5,0,0.8575419221757978
85,B,100,5,1,1.7355902211692278
85,B,100,5,2,1.1813661795235841
85,B,100,5,3,1.2220589487935478
85,B,100,5,4,1.478664376813401
85,B,100,5,5,1.268693368236469
85,B,100,5,6,1.287625987819136
85,B,100,5,7,1.5510623066172065
85,B,100,5,8,1.3347332734183341
85,B,100,5,9,1.584145466920377
85,B,100,6,0,0.8421503226007819
85,B,100,6,1,0.7296100321129207
85,B,100,6,2,1.1000783166639143
85,B,100,6,3,0.17906190091244592
85,B,100,6,4,0.7933024058491122
85,B,100,6,5,0.3976226099855123
85,B,100,6,6,0.9517986856322855
85,B,100,6,7,1.0595784187729835
85,B,100,6,8,0.8093549440997088
85,B,100,6,9,0.9530310281046989
85,B,100,7,0,0.006385851406583176
85,B,100,7,1,0.2883165170744408
85,B,100,7,2,0.33036639281663444
85,B,100,7,3,0.4037813285739789
85,B,100,7,4,0.6095018029341897
85,B,100,7,5,0.390375807435017
85,B,100,7,6,0.15410058057540485
85,B,100,7,7,0.35522175534346373
85,B,100,7,8,0.7171835607735773
85,B,100,7,9,0.21005487021566768
85,B,100,8,0,0.08232842406166951
85,B,100,8,1,0.05674246861147173
85,B,100,8,2,0.014698680913091898
85,B,100,8,3,0.057191031961936256
85,B,100,8,4,0.061026254400435104
85,B,100,8,5,0.0464667252437533
85,B,100,8,6,0.07740783111317599
85,B,100,8,7,0.04887330157169413
85,B,100,8,8,-0.009541387509308098
85,B,100,8,9,0.05522099011611168
85,B,100,9,0,0.7393275827072849
85,B,100,9,1,0.7171608697206944
85,B,100,9,2,1.0688758821778668
85,B,100,9,3,0.08139877706141675
85,B,100,9,4,1.121385497270818
85,B,100,9,5,0.6952480527465105
85,B,100,9,6,0.8209936936861513
85,B,100,9,7,0.6611616405618771
85,B,100,9,8,1.4247643716206422
85,B,100,9,9,0.7566328621754085
86,A,0.05,0,0,-0.4484094841597968
86,A,0.05,0,1,0.02219126740426735
86,A,0.05,0,2,0.5106876343773032
86,A,0.05,0,3,0.2657189603780956
86,A,0.05,0,4,-0.1448547302768112
86,A,0.05,0,5,-0.0343500314625796
86,A,0.05,0,6,-0.058611563142310676
86,A,0.05,0,7,-1.778841069885245e-05
86,A,0.05,0,8,0.29465247671191575
86,A,0.05,0,9,0.16282398699398862
86,A,0.05,1,0,-0.22435637639518763
86,A,0.05,1,1,0.07088886595591544
86,A,0.05,1,2,0.27796973098592875
86,A,0.05,1,3,-0.2470578902243697
86,A,0.05,1,4,0.16055242716148224
86,A,0.05,1,5,0.13771165108160324
86,A,0.05,1,6,0.2582293678474016
86,A,0.05,1,7,0.16656937683723652
86,A,0.05,1,8,0.05214121356621727
86,A,0.05,1,9,-0.24651595823170738
86,A,0.05,2,0,-0.6722787498515979
86,A,0.05,2,1,-1.3891656160586077
86,A,0.05,2,2,-1.6912458909593153
86,A,0.05,2,3,-0.5292864477312915
86,A,0.05,2,4,-1.007199659484389
86,A,0.05,2,5,-1.0257007599302916
86,A,0.05,2,6,-0.2743485549339463
86,A,0.05,2,7,-1.77333882322583
86,A,0.05,2,8,-1.4809992901881095
86,A,0.05,2,9,-0.9523871213129905
86,A,0.05,3,0,0.3352936804474653
86,A,0.05,3,1,0.6944033254987646
86,A,0.05,3,2,0.46692120044726115
86,A,0.05,3,3,0.27226527736007144
86,A,0.05,3,4,0.36215224415858727
86,A,0.05,3,5,0.36447826307515285
86,A,0.05,3,6,0.23463178263905238
86,A,0.05,3,7,0.6101770852162887
86,A,0.05,3,8,0.5451178841486263
86,A,0.05,3,9,0.33504011640577364
86,A,0.05,4,0,-0.3354266867914404
86,A,0.05,4,1,-0.39643936966086174
86,A,0.05,4,2,0.014933697035987514
86,A,0.05,4,3,-0.08266203834145835
86,A,0.05,4,4,-0.14225933480720948
86,A,0.05,4,5,-0.588816180315777
86,A,0.05,4,6,-0.295347314702079
86,A,0.05,4,7,-0.055961237575115286
86,A,0.05,4,8,-0.015080836135892674
86,A,0.05,4,9,-0.17080575632095285
86,A,0.05,5,0,-1.513174897571974
86,A,0.05,5,1,-1.3405490048301034
86,A,0.05,5,2,-1.1346796509694546
86,A,0.05,5,3,-0.8773387774222595
86,A,0.05,5,4,-1.0608773592602672
86,A,0.05,5,5,-1.0263368651513083
86,A,0.05,5,6,-0.866610164820168
86,A,0.05,5,7,-0.9639123696649256
86,A,0.05,5,8,-0.7504397202223704
86,A,0.05,5,9,-0.6596020041884133
86,A,0.05,6,0,-0.18055828851390612
86,A,0.05,6,1,-0.042556490626269844
86,A,0.05,6,2,-0.11523263812087116
86,A,0.05,6,3,-0.6264097828093862
86,A,0.05,6,4,-0.5516552154788189
86,A,0.05,6,5,-0.07138431290898231
86,A,0.05,6,6,-0.5964404879378069
86,A,0.05,6,7,-0.16374247336553563
86,A,0.05,6,8,-0.28078579650464974
86,A,0.05,6,9,-0.5720347811012483
86,A,0.05,7,0,-0.8435049476099811
86,A,0.05,7,1,-1.3517195775541824
86,A,0.05,7,2,-1.3947788282038074
86,A,0.05,7,3,-1.0295020282015068
86,A,0.05,7,4,-0.7316898817988
86,A,0.05,7,5,-0.9692910579680363
86,A,0.05,7,6,-0.8816889359197279
86,A,0.05,7,7,-1.5073241628537304
86,A,0.05,7,8,-1.0764077616051724
86,A,0.05,7,9,-0.5410647207943976
86,A,0.05,8,0,-0.03959354469201258
86,A,0.05,8,1,0.25809337903414087
86,A,0.05,8,2,0.2640892290252529
86,A,0.05,8,3,-0.03893430403494075
86,A,0.05,8,4,-0.021174538081106878
86,A,0.05,8,5,0.05268091788436518
86,A,0.05,8,6,0.4747131598980037
86,A,0.05,8,7,0.03021107062718797
86,A,0.05,8,8,0.7140833719419369
86,A,0.05,8,9,-0.1496289627324214
86,A,0.05,9,0,0.12652488847661547
86,A,0.05,9,1,-0.09105992950582129
86,A,0.05,9,2,-0.06635472208641617
86,A,0.05,9,3,-0.1382526516682319
86,A,0.05,9,4,0.42739512224104975
86,A,0.05,9,5,-0.015897006204075477
86,A,0.05,9,6,0.5502440979749027
86,A,0.05,9,7,0.24144604042640794
86,A,0.05,9,8,0.09994754845237432
86,A,0.05,9,9,-0.27315150412740186
86,B,100,0,0,-1.451922247226169
86,B,100,0,1,-0.4734963650619423
86,B,100,0,2,-0.5536038564054928
86,B,100,0,3,-0.9296751493173813
86,B,100,0,4,-1.0938749645123855
86,B,100,0,5,-1.1222788730461162
86,B,100,0,6,-0.7615058151145326
86,B,100,0,7,-1.8912523564449315
86,B,100,0,8,-0.45012354976169766
86,B,100,0,9,-1.11182557327231
86,B,100,1,0,-2.873075371864129
86,B,100,1,1,-1.8819032883144644
86,B,100,1,2,-2.4694290511684933
86,B,100,1,3,-2.810544320657348
86,B,100,1,4,-2.3166316418940487
86,B,100,1,5,-2.5041682610601335
86,B,100,1,6,-2.0813736420603033
86,B,100,1,7,-2.4589330539896372
86,B,100,1,8,-2.580576153124304
86,B,100,1,9,-2.9654248320874537
86,B,100,2,0,0.6209098460399114
86,B,100,2,1,0.6147070064556756
86,B,100,2,2,0.2005582527260875
86,B,100,2,3,0.5127279696272313
86,B,100,2,4,0.5109504415323065
86,B,100,2,5,0.7841590301636531
86,B,100,2,6,0.44747219653330467
86,B,100,2,7,0.08395401329842846
86,B,100,2,8,0.23389252838577893
86,B,100,2,9,0.9166161084870325
86,B,100,3,0,-2.8245653537238145
86,B,100,3,1,-2.8102130403824903
86,B,100,3,2,-2.7546593046402705
86,B,100,3,3,-3.0216763773313677
86,B,100,3,4,-2.1540419615918984
86,B,100,3,5,-3.330204580413135
86,B,100,3,6,-2.0502158030092223
86,B,100,3,7,-2.5027951981180676
86,B,100,3,8,-2.1480021834266667
86,B,100,3,9,-2.0178803671488734
86,B,100,4,0,-0.13027736125898545
86,B,100,4,1,0.9174243656536143
86,B,100,4,2,0.9633828138048386
86,B,100,4,3,0.6503524371909791
86,B,100,4,4,0.8654326401858271
86,B,100,4,5,0.4572422113665205
86,B,100,4,6,1.10956172000201
86,B,100,4,7,0.643993402511173
86,B,100,4,8,0.14924315545776434
86,B,100,4,9,0.6044920245691423
86,B,100,5,0,0.563249400751211
86,B,100,5,1,0.794616332995056
86,B,100,5,2,0.7923454087145578
86,B,100,5,3,0.46085018198735245
86,B,100,5,4,0.619076437961855
86,B,100,5,5,0.7389116689322597
86,B,100,5,6,0.8021764279817467
86,B,100,5,7,0.6408451163949914
86,B,100,5,8,0.5644527762503561
86,B,100,5,9,0.7674527322773275
86,B,100,6,0,0.08917200944936644
86,B,100,6,1,-0.1296254328550336
86,B,100,6,2,-0.3023885222305999
86,B,100,6,3,0.4427602635830352
86,B,100,6,4,-0.06494353866117857
86,B,100,6,5,0.5468440850513759
86,B,100,6,6,0.12029022302451185
86,B,100,6,7,-0.30781060960225576
86,B,100,6,8,-0.23427747399841933
86,B,100,6,9,-0.13436562274707523
86,B,100,7,0,-0.5262921383409056
86,B,100,7,1,-1.1290696021144375
86,B,100,7,2,-1.3943749628200548
86,B,100,7,3,-1.3787975677490931
86,B,100,7,4,-0.7733183537272693
86,B,100,7,5,-1.1069961143761826
86,B,100,7,6,-1.0740803297322197
86,B,100,7,7,-1.0637805749060785
86,B,100,7,8,-0.8347044884571654
86,B,100,7,9,-1.1106404056752557
86,B,100,8,0,0.8052164396499524
86,B,100,8,1,0.711402405710516
86,B,100,8,2,0.6963526719839231
86,B,100,8,3,0.7624240164311664
86,B,100,8,4,0.8960108954925057
86,B,100,8,5,0.2852975694024156
86,B,100,8,6,0.3809629900545024
86,B,100,8,7,0.9795930320392847
86,B,100,8,8,0.3584362185596393
86,B,100,8,9,0.8090131796306418
86,B,100,9,0,0.19875068236904778
86,B,100,9,1,0.1761813695797842
86,B,100,9,2,0.11940561465940762
86,B,100,9,3,-0.4715672893433936
86,B,100,9,4,0.19581873552048498
86,B,100,9,5,-0.19686916691354003
86,B,100,9,6,0.14077803758496474
86,B,100,9,7,-0.09853781569207008
86,B,100,9,8,-0.3543028089181531
86,B,100,9,9,-0.26665933212834236
87,A,0.05,0,0,0.17001002932515044
87,A,0.05,0,1,0.0070323986890568945
87,A,0.05,0,2,-0.008403739119199767
87,A,0.05,0,3,0.058360591843891176
87,A,0.05,0,4,-0.017437928503176377
87,A,0.05,0,5,-0.6352824367841058
87,A,0.05,0,6,0.15617916974642274
87,A,0.05,0,7,-0.09593037206601432
87,A,0.05,0,8,0.04425661403049386
87,A,0.05,0,9,0.10136789225936049
87,A,0.05,1,0,0.5006032082409656
87,A,0.05,1,1,0.25644489659785924
87,A,0.05,1,2,0.3941595302743411
87,A,0.05,1,3,0.39254990940954015
87,A,0.05,1,4,0.4482526190612134
87,A,0.05,1,5,0.6632567561263217
87,A,0.05,1,6,0.3263003748852806
87,A,0.05,1,7,0.47773124207170237
87,A,0.05,1,8,0.5374933140174627
87,A,0.05,1,9,0.5950089193744287
87,A,0.05,2,0,0.9198394297137067
87,A,0.05,2,1,1.5116834285333471
87,A,0.05,2,2,0.9486875113963092
87,A,0.05,2,3,1.5745792326612347
87,A,0.05,2,4,1.3459017136627145
87,A,0.05,2,5,1.187596649781257
87,A,0.05,2,6,1.8238101600972705
87,A,0.05,2,7,1.8886587653725717
87,A,0.05,2,8,1.9670029253795163
87,A,0.05,2,9,1.5026838323614773
87,A,0.05,3,0,0.9093163781904771
87,A,0.05,3,1,1.1904145654567588
87,A,0.05,3,2,1.305542163861396
87,A,0.05,3,3,1.2167356009587929
87,A,0.05,3,4,0.8919909413181396
87,A,0.05,3,5,1.3863429741847937
87,A,0.05,3,6,1.2494192920773965
87,A,0.05,3,7,1.3011562405443127
87,A,0.05,3,8,1.4618146352649208
87,A,0.05,3,9,1.1535980390580074
87,A,0.05,4,0,0.17873758528107825
87,A,0.05,4,1,-0.1365194327900405
87,A,0.05,4,2,-0.15701715278957223
87,A,0.05,4,3,-0.28015947234740934
87,A,0.05,4,4,-0.050733961571766004
87,A,0.05,4,5,-0.21124951281332346
87,A,0.05,4,6,0.4054979871213619
87,A,0.05,4,7,-0.12864734650996693
87,A,0.05,4,8,-0.11863819781602646
87,A,0.05,4,9,-0.2947845822406969
87,A,0.05,5,0,1.1715448692472386
87,A,0.05,5,1,1.2007680271469339
87,A,0.05,5,2,0.8261908838241013
87,A,0.05,5,3,0.8389721250302047
87,A,0.05,5,4,1.263165502226216
87,A,0.05,5,5,1.2445674809688314
87,A,0.05,5,6,0.976960099274312
87,A,0.05,5,7,0.9908418929740045
87,A,0.05,5,8,0.6810962181099368
87,A,0.05,5,9,1.6054921718505586
87,A,0.05,6,0,-0.4456999961355872
87,A,0.05,6,1,-0.41792469222405415
87,A,0.05,6,2,-0.5727666661641932
87,A,0.05,6,3,-0.5298420520741379
87,A,0.05,6,4,-0.43772948497516406
87,A,0.05,6,5,-0.7279879303254738
87,A,0.05,6,6,-0.3875515508846336
87,A,0.05,6,7,-0.5984417825369672
87,A,0.05,6,8,-0.4460685270196926
87,A,0.05,6,9,-0.32330818988644533
87,A,0.05,7,0,-2.8312827947438493
87,A,0.05,7,1,-2.8602413050256654
87,A,0.05,7,2,-3.3409251439989727
87,A,0.05,7,3,-1.7231045576436974
87,A,0.05,7,4,-1.6709841418660163
87,A,0.05,7,5,-0.7545661878976209
87,A,0.05,7,6,-2.4388597456562793
87,A,0.05,7,7,-3.003625516297176
87,A,0.05,7,8,-3.72280923806568
87,A,0.05,7,9,-0.7953766246023245
87,A,0.05,8,0,-0.30501047325984737
87,A,0.05,8,1,-0.03353589465782508
87,A,0.05,8,2,0.3840568631645306
87,A,0.05,8,3,-0.05737763129015858
87,A,0.05,8,4,-0.1195680939060158
87,A,0.05,8,5,-0.19934235650083307
87,A,0.05,8,6,0.213273615460832
87,A,0.05,8,7,0.3661217125042735
87,A,0.05,8,8,-0.12715864005178085
87,A,0.05,8,9,0.2852888209669197
87,A,0.05,9,0,-1.5403866407723295
87,A,0.05,9,1,-2.036976588113092
87,A,0.05,9,2,-1.896847271404401
87,A,0.05,9,3,-1.730787394919738
87,A,0.05,9,4,-1.8706663433324098
87,A,0.05,9,5,-1.7103330113813997
87,A,0.05,9,6,-1.760052843229482
87,A,0.05,9,7,-1.7736367796059558
87,A,0.05,9,8,-2.116449287594428
87,A,0.05,9,9,-1.193520064497858
87,B,100,0,0,-1.1665765890734139
87,B,100,0,1,-1.0020794795195744
87,B,100,0,2,-1.031573886111554
87,B,100,0,3,-1.0527711513268727
87,B,100,0,4,-0.886474407330317
87,B,100,0,5,-0.33746957811468453
87,B,100,0,6,-0.901087162862169
87,B,100,0,7,-1.3267674945143964
87,B,100,0,8,-0.8426637764590864
87,B,100,0,9,-1.0920733962684699
87,B,100,1,0,1.2801504657004403
87,B,100,1,1,1.1369183611534792
87,B,100,1,2,1.1336825542658717
87,B,100,1,3,1.4263457297699327
87,B,100,1,4,1.6606282190337074
87,B,100,1,5,1.0601719993137924
87,B,100,1,6,1.2358490832652311
87,B,100,1,7,1.1031158506117487
87,B,100,1,8,1.6254822637283015
87,B,100,1,9,0.9189694210353885
87,B,100,2,0,-0.18202914241123686
87,B,100,2,1,-0.07329982280866153
87,B,100,2,2,-0.2703800213668568
87,B,100,2,3,-0.2741236365146383
87,B,100,2,4,0.2735097889002071
87,B,100,2,5,-0.32131474893403933
87,B,100,2,6,-0.17216170063440042
87,B,100,2,7,0.14540880452061372
87,B,100,2,8,-0.2945274347955655
87,B,100,2,9,0.03601885014650022
87,B,100,3,0,0.6430717060329418
87,B,100,3,1,1.1833713449806798
87,B,100,3,2,0.7671177749065071
87,B,100,3,3,0.5987384586413285
87,B,100,3,4,0.7668336794395921
87,B,100,3,5,0.28460686968537996
87,B,100,3,6,0.5567084496398521
87,B,100,3,7,0.4430327682645355
87,B,100,3,8,0.9575791162435323
87,B,100,3,9,0.8349803894355416
87,B,100,4,0,-1.5782205911629852
87,B,100,4,1,-0.4088621255772525
87,B,100,4,2,-0.6476932737022315
87,B,100,4,3,-0.7240487876817044
87,B,100,4,4,-0.6430636063524628
87,B,100,4,5,-0.7726518644041734
87,B,100,4,6,-0.590011791405195
87,B,100,4,7,-0.44123771847349413
87,B,100,4,8,-0.5611335941620912
87,B,100,4,9,-0.4058415852259561
87,B,100,5,0,0.48072233837982015
87,B,100,5,1,0.2216191126482497
87,B,100,5,2,0.5133517612053231
87,B,100,5,3,0.6805540139425676
87,B,100,5,4,0.5054472133813376
87,B,100,5,5,0.5436892137854054
87,B,100,5,6,0.12953357252698264
87,B,100,5,7,0.7423775343883043
87,B,100,5,8,0.4798192821183406
87,B,100,5,9,0.7424489988693185
87,B,100,6,0,-0.6895272643045346
87,B,100,6,1,-0.7142929643470983
87,B,100,6,2,-0.9876840547527835
87,B,100,6,3,-0.7677476538686956
87,B,100,6,4,-0.7129363168816237
87,B,100,6,5,-0.618093169543428
87,B,100,6,6,-0.6628638149606797
87,B,100,6,7,-0.7856331896658183
87,B,100,6,8,-0.6437431307147659
87,B,100,6,9,-0.6964235009764765
87,B,100,7,0,0.11572976557652134
87,B,100,7,1,0.1572612436660629
87,B,100,7,2,-0.06538358739364611
87,B,100,7,3,0.7304582700079035
87,B,100,7,4,0.8270868401579817
87,B,100,7,5,-0.8006305337179079
87,B,100,7,6,0.19250910536138846
87,B,100,7,7,-0.5444564755864059
87,B,100,7,8,-0.4826012058473443
87,B,100,7,9,-0.2842678664492212
87,B,100,8,0,-0.8495903523736568
87,B,100,8,1,-1.5826182235629473
87,B,100,8,2,-0.6466267621828916
87,B,100,8,3,-1.2095399839071033
87,B,100,8,4,-1.0950302572310586
87,B,100,8,5,-1.0690449816442718
87,B,100,8,6,-1.9194385671835814
87,B,100,8,7,-1.3065455831199029
87,B,100,8,8,-1.4211208166644183
87,B,100,8,9,-1.3182147458266191
87,B,100,9,0,0.4192686444619582
87,B,100,9,1,-0.19841619061906232
87,B,100,9,2,0.25477524024890963
87,B,100,9,3,0.6508633751139183
87,B,100,9,4,0.10293977306425425
87,B,100,9,5,0.3534888250449549
87,B,100,9,6,0.6396636288381757
87,B,100,9,7,0.6712430629712428
87,B,100,9,8,0.3087250864430401
87,B,100,9,9,0.37577979469119444
88,A,0.05,0,0,-0.8777565758076685
88,A,0.05,0,1,0.6904922596762153
88,A,0.05,0,2,0.6134784155003761
88,A,0.05,0,3,1.281846760494852
88,A,0.05,0,4,0.9861231651291226
88,A,0.05,0,5,0.7081792674905535
88,A,0.05,0,6,1.0073771434897392
88,A,0.05,0,7,1.0558043372777048
88,A,0.05,0,8,1.7758743568669317
88,A,0.05,0,9,0.7561949534053831
88,A,0.05,1,0,0.21741935856797334
88,A,0.05,1,1,2.139656787193197
88,A,0.05,1,2,1.5071493403129286
88,A,0.05,1,3,1.6397913115735854
88,A,0.05,1,4,1.444687657661459
88,A,0.05,1,5,1.4917096287051668
88,A,0.05,1,6,1.016286326346481
88,A,0.05,1,7,1.6682047091712602
88,A,0.05,1,8,1.7809028799631945
88,A,0.05,1,9,0.9767432959641646
88,A,0.05,2,0,-1.2824703117491707
88,A,0.05,2,1,-1.18174153332567
88,A,0.05,2,2,-1.0312952568586344
88,A,0.05,2,3,-1.0899005138345939
88,A,0.05,2,4,-1.3193562717891811
88,A,0.05,2,5,-1.2063084136749311
88,A,0.05,2,6,-1.2815803052301653
88,A,0.05,2,7,-1.0217490797580335
88,A,0.05,2,8,-1.1727622875403376
88,A,0.05,2,9,-1.1602367952187906
88,A,0.05,3,0,1.3635362597574652
88,A,0.05,3,1,1.8011064286675351
88,A,0.05,3,2,1.47546661826412
88,A,0.05,3,3,1.6899987673357375
88,A,0.05,3,4,1.6379590727333755
88,A,0.05,3,5,1.2697740282947605
88,A,0.05,3,6,1.3289584793681477
88,A,0.05,3,7,2.019825118344493
88,A,0.05,3,8,1.7807738076002604
88,A,0.05,3,9,1.9812032658163907
88,A,0.05,4,0,0.013294539983662455
88,A,0.05,4,1,-0.3671222645508037
88,A,0.05,4,2,0.010296175950133026
88,A,0.05,4,3,-0.4515479188093269
88,A,0.05,4,4,-0.07167399623399082
88,A,0.05,4,5,-0.1727339961364948
88,A,0.05,4,6,-0.052380402977532346
88,A,0.05,4,7,0.3506336611176411
88,A,0.05,4,8,0.18687933199096046
88,A,0.05,4,9,-0.002529357730881531
88,A,0.05,5,0,0.5646415871682292
88,A,0.05,5,1,1.1244891627036206
88,A,0.05,5,2,1.2567752158669914
88,A,0.05,5,3,1.1632579827961638
88,A,0.05,5,4,1.3562367507301278
88,A,0.05,5,5,0.9918428245407861
88,A,0.05,5,6,0.9361352062460611
88,A,0.05,5,7,1.303623002215093
88,A,0.05,5,8,0.8301736410352122
88,A,0.05,5,9,1.7775726978583144
88,A,0.05,6,0,-0.6826972257159245
88,A,0.05,6,1,-0.22965565922135095
88,A,0.05,6,2,-0.43660997352234243
88,A,0.05,6,3,-0.3879219619946726
88,A,0.05,6,4,-0.9897055923848805
88,A,0.05,6,5,-1.4984527740273463
88,A,0.05,6,6,-0.9112080369400639
88,A,0.05,6,7,-0.4018041550105002
88,A,0.05,6,8,-0.8664586860008325
88,A,0.05,6,9,-0.7121869974671172
88,A,0.05,7,0,0.25160186941998075
88,A,0.05,7,1,0.5009933104004664
88,A,0.05,7,2,0.2631349233522185
88,A,0.05,7,3,0.5915741891887749
88,A,0.05,7,4,0.44574781792456614
88,A,0.05,7,5,0.4039222380841339
88,A,0.05,7,6,0.6140491997073059
88,A,0.05,7,7,0.48237881652940895
88,A,0.05,7,8,0.3480849803996716
88,A,0.05,7,9,0.2545486871435608
88,A,0.05,8,0,1.0515167119972666
88,A,0.05,8,1,0.6999361962605708
88,A,0.05,8,2,1.0276917745121603
88,A,0.05,8,3,1.4221938683360913
88,A,0.05,8,4,1.0641633025931254
88,A,0.05,8,5,0.9841639616938236
88,A,0.05,8,6,-0.03736621949033641
88,A,0.05,8,7,0.8297465322891715
88,A,0.05,8,8,0.7309781324028553
88,A,0.05,8,9,0.522111715059942
88,A,0.05,9,0,-1.1467118175399833
88,A,0.05,9,1,-0.2173623557658866
88,A,0.05,9,2,-0.9498998470659269
88,A,0.05,9,3,-0.38023977921209373
88,A,0.05,9,4,-1.167814805773957
88,A,0.05,9,5,-0.3073430165410618
88,A,0.05,9,6,-1.034559926231639
88,A,0.05,9,7,-0.9260195918840898
88,A,0.05,9,8,-0.4116597318411395
88,A,0.05,9,9,-1.310028926707345
88,B,100,0,0,0.6132136551234287
88,B,100,0,1,0.4006448340216731
88,B,100,0,2,0.5511613461598482
88,B,100,0,3,0.7631587530816838
88,B,100,0,4,0.8068435130781575
88,B,100,0,5,0.7917443713360367
88,B,100,0,6,0.8960183302120901
88,B,100,0,7,0.8056866144919519
88,B,100,0,8,0.25955827531859893
88,B,100,0,9,0.748660456428694
88,B,100,1,0,-1.5405359714674987
88,B,100,1,1,-0.9376590491980445
88,B,100,1,2,-2.326892275625858
88,B,100,1,3,-1.6966670957537882
88,B,100,1,4,-1.1882999378724013
88,B,100,1,5,-2.2801128355340334
88,B,100,1,6,-1.8506470353596711
88,B,100,1,7,-1.9538930150980998
88,B,100,1,8,-0.739101840350321
88,B,100,1,9,-0.9186152290677587
88,B,100,2,0,-0.6213542415582155
88,B,100,2,1,-0.3933919119110144
88,B,100,2,2,-0.5282737556206902
88,B,100,2,3,-0.4301863986993588
88,B,100,2,4,-0.18589278267947196
88,B,100,2,5,-0.5940329472070365
88,B,100,2,6,-0.3883962470858629
88,B,100,2,7,-0.6569349528760355
88,B,100,2,8,-0.5325848836211267
88,B,100,2,9,-0.43035606794952375
88,B,100,3,0,-0.48480196812651205
88,B,100,3,1,-0.3180045338056545
88,B,100,3,2,-0.4794384546974836
88,B,100,3,3,-1.461281283264983
88,B,100,3,4,-0.5043574880554822
88,B,100,3,5,-0.9796139792962686
88,B,100,3,6,-0.5229607456705723
88,B,100,3,7,-0.5880557366361253
88,B,100,3,8,-0.7934649486532415
88,B,100,3,9,-0.38781172740739894
88,B,100,4,0,0.6567447827650271
88,B,100,4,1,0.7889193369707472
88,B,100,4,2,0.9802293166034123
88,B,100,4,3,1.012069782419572
88,B,100,4,4,1.067118446614499
88,B,100,4,5,0.812942002522682
88,B,100,4,6,0.5442652573234396
88,B,100,4,7,0.6182970324348297
88,B,100,4,8,0.4950957152820088
88,B,100,4,9,0.9914504049376865
88,B,100,5,0,0.19260001164668475
88,B,100,5,1,-0.04685278942154407
88,B,100,5,2,-0.41818060641004146
88,B,100,5,3,-0.047591353802144055
88,B,100,5,4,-0.394918596816344
88,B,100,5,5,0.32298716072073785
88,B,100,5,6,0.24132236178719083
88,B,100,5,7,0.10524409469400967
88,B,100,5,8,0.2644857855547218
88,B,100,5,9,0.22115673281918535
88,B,100,6,0,-1.0842231090185268
88,B,100,6,1,-0.9036496166463778
88,B,100,6,2,-1.1390084287411346
88,B,100,6,3,-1.1088309898652913
88,B,100,6,4,-1.0674354537410895
88,B,100,6,5,-1.2715206500077598
88,B,100,6,6,-0.8122252057814892
88,B,100,6,7,-0.8628499626228564
88,B,100,6,8,-1.099932835692247
88,B,100,6,9,-0.9069278117960218
88,B,100,7,0,1.100283156889665
88,B,100,7,1,0.9731093462092635
88,B,100,7,2,1.4055416061418324
88,B,100,7,3,1.0976794212302925
88,B,100,7,4,1.0675020004448073
88,B,100,7,5,0.6750556916374155
88,B,100,7,6,1.0831497329222457
88,B,100,7,7,1.4057632177256554
88,B,100,7,8,1.6066393975775108
88,B,100,7,9,1.2011228100856481
88,B,100,8,0,-0.632296820331107
88,B,100,8,1,-0.5271277740739354
88,B,100,8,2,-0.2845988748700526
88,B,100,8,3,-0.050086701792879766
88,B,100,8,4,-0.26048055665252906
88,B,100,8,5,-0.7255480999614567
88,B,100,8,6,-0.3111712350208383
88,B,100,8,7,-0.4027402320935882
88,B,100,8,8,-0.6642641578666215
88,B,100,8,9,-0.32561081594411406
88,B,100,9,0,-0.3468301285773772
88,B,100,9,1,-0.09340900530140962
88,B,100,9,2,-0.06509359212373708
88,B,100,9,3,-0.11086681309670822
88,B,100,9,4,-0.22163453877514455
88,B,100,9,5,-0.14332913145893314
88,B,100,9,6,-0.20436089139172398
88,B,100,9,7,-0.025635774267124746
88,B,100,9,8,0.04452269972028882
88,B,100,9,9,-0.11770617039242635
89,A,0.05,0,0,-2.0836515081119615
89,A,0.05,0,1,-2.054654485418993
89,A,0.05,0,2,-1.8834753276179899
89,A,0.05,0,3,-1.8054619313486264
89,A,0.05,0,4,-1.8552351922618746
89,A,0.05,0,5,-2.1131204734352105
89,A,0.05,0,6,-2.071829100118648
89,A,0.05,0,7,-1.9195503378588004
89,A,0.05,0,8,-1.8547123388628135
89,A,0.05,0,9,-1.797952810363314
89,A,0.05,1,0,-0.7091727169801701
89,A,0.05,1,1,0.41062199680299344
89,A,0.05,1,2,-0.46340672778434006
89,A,0.05,1,3,0.6073932231744635
89,A,0.05,1,4,-0.02731217599388909
89,A,0.05,1,5,-0.12633618076842093
89,A,0.05,1,6,0.18194883942305182
89,A,0.05,1,7,0.03944888399576336
89,A,0.05,1,8,-0.2820710188306272
89,A,0.05,1,9,0.20017295085747389
89,A,0.05,2,0,0.428657225845524
89,A,0.05,2,1,0.5526556767087346
89,A,0.05,2,2,0.6314543731869142
89,A,0.05,2,3,0.466002277160555
89,A,0.05,2,4,0.4637049636777032
89,A,0.05,2,5,0.5886355181553824
89,A,0.05,2,6,-0.2589082870002189
89,A,0.05,2,7,-0.22130603805238988
89,A,0.05,2,8,0.6416197389720145
89,A,0.05,2,9,0.4546989481077569
89,A,0.05,3,0,0.21208648351408277
89,A,0.05,3,1,0.2561644186249342
89,A,0.05,3,2,0.05227975319460126
89,A,0.05,3,3,0.30462655157250207
89,A,0.05,3,4,0.11184410475160565
89,A,0.05,3,5,0.4065686058357306
89,A,0.05,3,6,0.4193980841602837
89,A,0.05,3,7,0.04497058224532216
89,A,0.05,3,8,0.010103300176535886
89,A,0.05,3,9,0.3139191712653099
89,A,0.05,4,0,-0.2092543351992704
89,A,0.05,4,1,-0.2073124326339732
89,A,0.05,4,2,-1.1624437932709093
89,A,0.05,4,3,-0.26271314424873143
89,A,0.05,4,4,-0.4556458821653493
89,A,0.05,4,5,-0.449256131943717
89,A,0.05,4,6,0.034774817499971106
89,A,0.05,4,7,-0.6087727469942731
89,A,0.05,4,8,-0.35267437381930644
89,A,0.05,4,9,-0.7200102424094272
89,A,0.05,5,0,0.19242176372055733
89,A,0.05,5,1,0.15725231435063955
89,A,0.05,5,2,0.2191602785741585
89,A,0.05,5,3,-0.3518176625829489
89,A,0.05,5,4,0.14777906111682929
89,A,0.05,5,5,0.028686348733167347
89,A,0.05,5,6,-0.0830537813741002
89,A,0.05,5,7,0.024525396871590287
89,A,0.05,5,8,-0.08098766422772123
89,A,0.05,5,9,-0.031243949372241644
89,A,0.05,6,0,0.16302840276434605
89,A,0.05,6,1,0.17773056445930516
89,A,0.05,6,2,0.09344331511550955
89,A,0.05,6,3,0.15215720512065165
89,A,0.05,6,4,0.07128435088088159
89,A,0.05,6,5,0.08672708442990161
89,A,0.05,6,6,0.20912944088731725
89,A,0.05,6,7,0.16593046330071956
89,A,0.05,6,8,0.20095177528671712
89,A,0.05,6,9,0.14378399616317009
89,A,0.05,7,0,-1.957227271871251
89,A,0.05,7,1,-1.719490081460874
89,A,0.05,7,2,-2.0104923702756423
89,A,0.05,7,3,-1.69837665329479
89,A,0.05,7,4,-1.9331534993453978
89,A,0.05,7,5,-1.826171238417879
89,A,0.05,7,6,-2.165828414366574
89,A,0.05,7,7,-1.2173995172096999
89,A,0.05,7,8,-1.65076028167535
89,A,0.05,7,9,-1.655241484877541
89,A,0.05,8,0,-0.46452812152957434
89,A,0.05,8,1,-0.34862864693077766
89,A,0.05,8,2,-0.16027463043150889
89,A,0.05,8,3,-0.534771090281974
89,A,0.05,8,4,-0.5387920691903828
89,A,0.05,8,5,-0.6063409306788302
89,A,0.05,8,6,-0.4197841863046791
89,A,0.05,8,7,-0.6198174354306872
89,A,0.05,8,8,-0.5234654978016625
89,A,0.05,8,9,-0.49933042570440284
89,A,0.05,9,0,-0.2696351022411258
89,A,0.05,9,1,-0.16675497506647818
89,A,0.05,9,2,-0.07703965986594333
89,A,0.05,9,3,-0.46003124006694895
89,A,0.05,9,4,0.2694166995643945
89,A,0.05,9,5,-0.3790948469654029
89,A,0.05,9,6,-0.7139665315113387
89,A,0.05,9,7,-0.7227145511321923
89,A,0.05,9,8,0.025636377402963612
89,A,0.05,9,9,-0.5955361873585443
89,B,100,0,0,-0.022534974168201043
89,B,100,0,1,-0.14194913747988558
89,B,100,0,2,-0.1711753936401441
89,B,100,0,3,-0.0701369083267484
89,B,100,0,4,-0.3265259514811317
89,B,100,0,5,-0.23328176774970324
89,B,100,0,6,-0.3377941679569835
89,B,100,0,7,-0.10542215517462558
89,B,100,0,8,-0.38480649083432544
89,B,100,0,9,-0.28568243900734314
89,B,100,1,0,-0.5407020181423935
89,B,100,1,1,-0.8051725770737419
89,B,100,1,2,-0.6461376350822147
89,B,100,1,3,-0.674867358455545
89,B,100,1,4,-0.6524217787815318
89,B,100,1,5,-0.739422472396432
89,B,100,1,6,-0.5173751439861981
89,B,100,1,7,-0.7195938317701595
89,B,100,1,8,-0.9698604335708084
89,B,100,1,9,-0.7454894872676201
89,B,100,2,0,0.6020906527478678
89,B,100,2,1,0.47521253908554206
89,B,100,2,2,0.15822780631872307
89,B,100,2,3,0.31972283435118415
89,B,100,2,4,0.583613398868183
89,B,100,2,5,0.4603232445562292
89,B,100,2,6,0.39288093953446496
89,B,100,2,7,0.5130651645119974
89,B,100,2,8,0.24332536765431848
89,B,100,2,9,0.3426175233657632
89,B,100,3,0,-0.9018291849497364
89,B,100,3,1,-0.4983167908573736
89,B,100,3,2,-0.5502886408420787
89,B,100,3,3,-1.1659245202883524
89,B,100,3,4,0.12142688000931941
89,B,100,3,5,-0.8631650943277042
89,B,100,3,6,-0.5044964480323432
89,B,100,3,7,-0.731259861302131
89,B,100,3,8,-0.1282445774160627
89,B,100,3,9,-0.4620808954386285
89,B,100,4,0,0.5018795964410646
89,B,100,4,1,-0.9131261300082025
89,B,100,4,2,0.9211498002678243
89,B,100,4,3,-0.226386582926352
89,B,100,4,4,-0.0662705436636176
89,B,100,4,5,1.0562273252280086
89,B,100,4,6,0.2802171800929485
89,B,100,4,7,-0.3195955391247596
89,B,100,4,8,0.3808800949190514
89,B,100,4,9,0.17222473365606833
89,B,100,5,0,-1.611668892676937
89,B,100,5,1,-1.4632732178282815
89,B,100,5,2,-1.572275208286758
89,B,100,5,3,-1.4940852327201277
89,B,100,5,4,-1.3521131764179941
89,B,100,5,5,-1.7418982354774257
89,B,100,5,6,-1.7931302531081248
89,B,100,5,7,-1.5066551308626988
89,B,100,5,8,-1.562573842523996
89,B,100,5,9,-1.3770881353029107
89,B,100,6,0,-0.6790322509640272
89,B,100,6,1,-0.40331087693664935
89,B,100,6,2,-0.28055932292012603
89,B,100,6,3,-0.33432167762310605
89,B,100,6,4,-0.18370187209944128
89,B,100,6,5,-0.2003366696306617
89,B,100,6,6,-0.3484593651443654
89,B,100,6,7,-0.18551107122213784
89,B,100,6,8,-0.37445560193836847
89,B,100,6,9,-0.2055319969840506
89,B,100,7,0,1.287506202609422
89,B,100,7,1,1.1651260768768494
89,B,100,7,2,0.5923646894740022
89,B,100,7,3,1.1252064700773563
89,B,100,7,4,1.4536715654300658
89,B,100,7,5,1.5375849731716407
89,B,100,7,6,1.1995622158175705
89,B,100,7,7,1.1825685605998715
89,B,100,7,8,0.9421642899047459
89,B,100,7,9,1.3565059364535248
89,B,100,8,0,0.21684616848096427
89,B,100,8,1,0.003306087317971423
89,B,100,8,2,-0.9791602383677972
89,B,100,8,3,-0.7107006816386403
89,B,100,8,4,-0.7911385194991416
89,B,100,8,5,-0.127427886791688
89,B,100,8,6,-0.6214170275329184
89,B,100,8,7,-0.9163220573774215
89,B,100,8,8,-0.857909438718368
89,B,100,8,9,-0.1912514501107203
89,B,100,9,0,0.5483464573323087
89,B,100,9,1,0.9961456775178537
89,B,100,9,2,0.6195880238869288
89,B,100,9,3,0.8564341633765803
89,B,100,9,4,0.45057817863392446
89,B,100,9,5,1.0174830473922762
89,B,100,9,6,1.0160180378905466
89,B,100,9,7,0.9642153021573726
89,B,100,9,8,0.9476505382750521
89,B,100,9,9,0.48201323739982005
90,A,0.05,0,0,-1.0620507798355967
90,A,0.05,0,1,-0.8303864636865574
90,A,0.05,0,2,-0.9097544311322603
90,A,0.05,0,3,-0.6857095471264311
90,A,0.05,0,4,-0.20662967122655448
90,A,0.05,0,5,-0.3957810490470223
90,A,0.05,0,6,-0.9935186930917341
90,A,0.05,0,7,-0.4372105734208911
90,A,0.05,0,8,0.37691691947718275
90,A,0.05,0,9,-0.11888755323624708
90,A,0.05,1,0,1.1154857359310786
90,A,0.05,1,1,1.505194748360316
90,A,0.05,1,2,1.028681028471062
90,A,0.05,1,3,0.94221998533951
90,A,0.05,1,4,1.1036452289573724
90,A,0.05,1,5,0.9948288703481596
90,A,0.05,1,6,0.8174510463750071
90,A,0.05,1,7,0.7767427922680662
90,A,0.05,1,8,1.282344510658474
90,A,0.05,1,9,1.417546835459907
90,A,0.05,2,0,-1.0850042659733217
90,A,0.05,2,1,-1.1294971425404354
90,A,0.05,2,2,-1.1957887188956724
90,A,0.05,2,3,-1.0922415676275021
90,A,0.05,2,4,-1.085644046879995
90,A,0.05,2,5,-1.2141003642166102
90,A,0.05,2,6,-1.1499939458340271
90,A,0.05,2,7,-1.2032859873142405
90,A,0.05,2,8,-1.316010854447665
90,A,0.05,2,9,-1.517475963203248
90,A,0.05,3,0,-0.521558257567951
90,A,0.05,3,1,0.7075556926458718
90,A,0.05,3,2,0.04369644696599224
90,A,0.05,3,3,-0.2456125875208537
90,A,0.05,3,4,0.07953927893451512
90,A,0.05,3,5,-0.04699733036172718
90,A,0.05,3,6,-0.33960947919114126
90,A,0.05,3,7,0.2738118212383574
90,A,0.05,3,8,0.0390684053953496
90,A,0.05,3,9,-0.1779048845936137
90,A,0.05,4,0,0.053954712429774426
90,A,0.05,4,1,-0.08782162893947287
90,A,0.05,4,2,0.11625547601571493
90,A,0.05,4,3,-0.0003178454181410003
90,A,0.05,4,4,-0.028003022566621377
90,A,0.05,4,5,-0.044339929520296285
90,A,0.05,4,6,-0.2647468215382987
90,A,0.05,4,7,0.05454905787642113
90,A,0.05,4,8,0.028986139926233556
90,A,0.05,4,9,-0.14240804616137326
90,A,0.05,5,0,1.6207831525718122
90,A,0.05,5,1,1.1640277173032791
90,A,0.05,5,2,1.2530647234330343
90,A,0.05,5,3,1.4195893966875195
90,A,0.05,5,4,1.2525195339203454
90,A,0.05,5,5,1.0342775431823668
90,A,0.05,5,6,1.2929013100805522
90,A,0.05,5,7,1.328359072181167
90,A,0.05,5,8,1.3360329157195814
90,A,0.05,5,9,1.2757540706261543
90,A,0.05,6,0,0.7291509367662472
90,A,0.05,6,1,0.5135860057666465
90,A,0.05,6,2,0.8209386996477744
90,A,0.05,6,3,0.6575025464817857
90,A,0.05,6,4,0.7575105963562083
90,A,0.05,6,5,0.7206819277659411
90,A,0.05,6,6,0.9342233943634235
90,A,0.05,6,7,0.9385423423313463
90,A,0.05,6,8,0.9315108919334851
90,A,0.05,6,9,0.7394012607059487
90,A,0.05,7,0,-0.008681810942221941
90,A,0.05,7,1,0.15580155995528333
90,A,0.05,7,2,-0.04555605498562838
90,A,0.05,7,3,0.14288129608553296
90,A,0.05,7,4,0.1779911002397962
90,A,0.05,7,5,0.18027113547439702
90,A,0.05,7,6,-0.27452424050512575
90,A,0.05,7,7,-0.31170337026787076
90,A,0.05,7,8,-0.40253227357170757
90,A,0.05,7,9,-0.040658061561725176
90,A,0.05,8,0,1.9473474784785445
90,A,0.05,8,1,2.0209935034371735
90,A,0.05,8,2,1.8379771777247669
90,A,0.05,8,3,1.8067956917874253
90,A,0.05,8,4,1.742201280899465
90,A,0.05,8,5,2.0360679692677115
90,A,0.05,8,6,1.7504306148509536
90,A,0.05,8,7,1.9727840674804542
90,A,0.05,8,8,2.121099311261377
90,A,0.05,8,9,1.853161596130331
90,A,0.05,9,0,-1.8634212702806343
90,A,0.05,9,1,-1.735522608171904
90,A,0.05,9,2,-1.7793004837269326
90,A,0.05,9,3,-1.810287441463392
90,A,0.05,9,4,-1.873962332681779
90,A,0.05,9,5,-2.021831674278973
90,A,0.05,9,6,-1.809149261770943
90,A,0.05,9,7,-1.4344477698343474
90,A,0.05,9,8,-1.5278548909492726
90,A,0.05,9,9,-1.5303617958137512
90,B,100,0,0,0.40042329852379244
90,B,100,0,1,0.15872947975616655
90,B,100,0,2,0.17377757956291584
90,B,100,0,3,0.02505061671679135
90,B,100,0,4,0.23365504552957397
90,B,100,0,5,0.5368433180531935
90,B,100,0,6,0.31398813916091667
90,B,100,0,7,-0.015494885907153337
90,B,100,0,8,0.28098521355135525
90,B,100,0,9,0.12062032448159642
90,B,100,1,0,-0.9760802710052273
90,B,100,1,1,-0.7955513605926344
90,B,100,1,2,-0.8398392232653985
90,B,100,1,3,-0.8280585229538104
90,B,100,1,4,-0.9164862307447766
90,B,100,1,5,-0.708707938324037
90,B,100,1,6,-1.5564502407332133
90,B,100,1,7,-0.5472857893799499
90,B,100,1,8,-0.5618902819366909
90,B,100,1,9,-1.1750194168311228
90,B,100,2,0,-1.0895374235783115
90,B,100,2,1,-1.1978289190422637
90,B,100,2,2,-1.2253303390087198
90,B,100,2,3,-0.7647776268223282
90,B,100,2,4,-0.997408289551211
90,B,100,2,5,-1.2637006194993217
90,B,100,2,6,-0.8990913351857899
90,B,100,2,7,-1.0320078660757015
90,B,100,2,8,-0.8895151325960589
90,B,100,2,9,-1.1530912504741413
90,B,100,3,0,0.16502491991753637
90,B,100,3,1,-0.09896981272510394
90,B,100,3,2,-0.2027860822471503
90,B,100,3,3,-0.3320809790036468
90,B,100,3,4,-0.76807476007342
90,B,100,3,5,-0.37274760180794614
90,B,100,3,6,-0.12444179737737575
90,B,100,3,7,-0.2697257751064711
90,B,100,3,8,-0.272644302587186
90,B,100,3,9,0.30264187672133724
90,B,100,4,0,1.6305531854111894
90,B,100,4,1,1.5326263464083114
90,B,100,4,2,1.6849742748437952
90,B,100,4,3,0.14741228744733875
90,B,100,4,4,0.8344631110246536
90,B,100,4,5,-0.1397225456336286
90,B,100,4,6,0.6580002122365468
90,B,100,4,7,1.1873661013058707
90,B,100,4,8,1.3430490631809948
90,B,100,4,9,0.5558256337443338
90,B,100,5,0,-0.9743957928511084
90,B,100,5,1,-0.6809806673380695
90,B,100,5,2,0.12587859976030114
90,B,100,5,3,-1.2089229034500562
90,B,100,5,4,0.17764355267543125
90,B,100,5,5,-0.17641207111138466
90,B,100,5,6,0.45228914471442844
90,B,100,5,7,0.11720004190968353
90,B,100,5,8,0.07335424589729951
90,B,100,5,9,0.05093134375468065
90,B,100,6,0,-0.07249456556493517
90,B,100,6,1,0.6290988021241526
90,B,100,6,2,0.3752587649968917
90,B,100,6,3,-0.3522029238510249
90,B,100,6,4,0.0659609615001769
90,B,100,6,5,-0.1593799759056463
90,B,100,6,6,0.003924387300085028
90,B,100,6,7,0.3322792718277813
90,B,100,6,8,0.3908282796399622
90,B,100,6,9,0.18789060091915025
90,B,100,7,0,-0.5923907197740805
90,B,100,7,1,-0.6293462229251146
90,B,100,7,2,0.04992568099961618
90,B,100,7,3,-0.028167886183163363
90,B,100,7,4,-0.13741752062700938
90,B,100,7,5,-0.13619482486244203
90,B,100,7,6,-0.2525139523189905
90,B,100,7,7,-0.1628471508773848
90,B,100,7,8,-0.10455254198225733
90,B,100,7,9,-0.053999474467238746
90,B,100,8,0,1.8594675294882912
90,B,100,8,1,1.9649965556087519
90,B,100,8,2,1.3755752917674182
90,B,100,8,3,2.151118972761815
90,B,100,8,4,2.010168011575864
90,B,100,8,5,1.8660394055694753
90,B,100,8,6,2.04172412246923
90,B,100,8,7,1.6798785128564069
90,B,100,8,8,1.7920254773373672
90,B,100,8,9,1.3144554072978645
90,B,100,9,0,-0.8395252297477128
90,B,100,9,1,-0.18614981982550619
90,B,100,9,2,-0.3301663033951661
90,B,100,9,3,-0.48741027112100027
90,B,100,9,4,-0.7920636223378726
90,B,100,9,5,-0.7448336689506633
90,B,100,9,6,-0.7819743370940951
90,B,100,9,7,-0.34907777807345536
90,B,100,9,8,-0.5861939199354459
90,B,100,9,9,-0.7001012320899469
91,A,0.05,0,0,-0.9139906019433688
91,A,0.05,0,1,-0.0327165578395847
91,A,0.05,0,2,0.041736157679323836
91,A,0.05,0,3,-0.3039844294775666
91,A,0.05,0,4,0.21306943057504266
91,A,0.05,0,5,0.15373206548386556
91,A,0.05,0,6,0.6089555553444802
91,A,0.05,0,7,-0.11297985938640316
91,A,0.05,0,8,-0.6914989539125481
91,A,0.05,0,9,0.14320928450167505
91,A,0.05,1,0,-0.6537303436681318
91,A,0.05,1,1,-0.941339370769698
91,A,0.05,1,2,-0.6373778147802114
91,A,0.05,1,3,-0.6467386864117395
91,A,0.05,1,4,-0.9158092842577447
91,A,0.05,1,5,-0.794538982602858
91,A,0.05,1,6,-0.9469716434020338
91,A,0.05,1,7,-0.9650680553091305
91,A,0.05,1,8,-0.6506603760713002
91,A,0.05,1,9,-0.035051119179741186
91,A,0.05,2,0,0.22993844604478067
91,A,0.05,2,1,0.11588316345301979
91,A,0.05,2,2,0.13760863571626308
91,A,0.05,2,3,0.22014826045238184
91,A,0.05,2,4,0.16084862470690314
91,A,0.05,2,5,0.14233035191797874
91,A,0.05,2,6,0.053893667198243504
91,A,0.05,2,7,0.19354557055737895
91,A,0.05,2,8,0.2466207805180216
91,A,0.05,2,9,0.5263719256714832
91,A,0.05,3,0,0.529886129377413
91,A,0.05,3,1,0.43012098231430257
91,A,0.05,3,2,0.6413431738857897
91,A,0.05,3,3,0.7724646379609452
91,A,0.05,3,4,0.38603799137135525
91,A,0.05,3,5,0.6688224419989625
91,A,0.05,3,6,0.27741424355705463
91,A,0.05,3,7,0.3388847341916087
91,A,0.05,3,8,0.5526021439493082
91,A,0.05,3,9,0.5907281592576402
91,A,0.05,4,0,0.5119792557476132
91,A,0.05,4,1,0.7649825385315876
91,A,0.05,4,2,0.19555612225607233
91,A,0.05,4,3,0.46743357654860335
91,A,0.05,4,4,0.4094047240901913
91,A,0.05,4,5,0.4484050234754239
91,A,0.05,4,6,0.4105354035080048
91,A,0.05,4,7,0.40167257674967605
91,A,0.05,4,8,0.44220749016954436
91,A,0.05,4,9,0.7328341705891831
91,A,0.05,5,0,-0.07415213371737138
91,A,0.05,5,1,-0.06436163674484725
91,A,0.05,5,2,-0.10597712787612089
91,A,0.05,5,3,-0.04721490154400313
91,A,0.05,5,4,-0.051720087139177834
91,A,0.05,5,5,-0.06676081886344902
91,A,0.05,5,6,-0.060944787127058676
91,A,0.05,5,7,-0.09330938918431426
91,A,0.05,5,8,-0.0715330309291007
91,A,0.05,5,9,0.0347053797723748
91,A,0.05,6,0,0.38059329202632425
91,A,0.05,6,1,0.5533459292799822
91,A,0.05,6,2,1.002608742250385
91,A,0.05,6,3,0.5342266182398238
91,A,0.05,6,4,0.9375035607493201
91,A,0.05,6,5,0.7882016472673707
91,A,0.05,6,6,0.7486690598854833
91,A,0.05,6,7,1.3023498414390602
91,A,0.05,6,8,0.716514946656539
91,A,0.05,6,9,0.35670757359151267
91,A,0.05,7,0,0.32460614195770127
91,A,0.05,7,1,0.37522085893811524
91,A,0.05,7,2,0.2793259770168579
91,A,0.05,7,3,0.0865400865785063
91,A,0.05,7,4,0.3068058058423506
91,A,0.05,7,5,0.39273205277244194
91,A,0.05,7,6,0.41140257314780343
91,A,0.05,7,7,0.2513768433244296
91,A,0.05,7,8,0.09742066762412249
91,A,0.05,7,9,0.6370603056624908
91,A,0.05,8,0,-0.4585460669035713
91,A,0.05,8,1,-0.5228219684699504
91,A,0.05,8,2,-0.6310870142532702
91,A,0.05,8,3,-0.4828571796369461
91,A,0.05,8,4,-0.5186325146308552
91,A,0.05,8,5,-0.33179329759200227
91,A,0.05,8,6,-0.5107245748516035
91,A,0.05,8,7,-0.2441645275065796
91,A,0.05,8,8,-0.31448789614087164
91,A,0.05,8,9,-0.3755351460674094
91,A,0.05,9,0,0.2076159904629092
91,A,0.05,9,1,0.04522392651994758
91,A,0.05,9,2,0.2701986705808943
91,A,0.05,9,3,0.10117066401594339
91,A,0.05,9,4,0.6733787899464111
91,A,0.05,9,5,0.20559840441727303
91,A,0.05,9,6,-0.0014545469692281848
91,A,0.05,9,7,0.03904372777240757
91,A,0.05,9,8,0.10117043385738102
91,A,0.05,9,9,0.10586593558004896
91,B,100,0,0,2.0279151374777493
91,B,100,0,1,2.747242661137737
91,B,100,0,2,2.4445760857428684
91,B,100,0,3,1.9030100074788616
91,B,100,0,4,2.608705858605543
91,B,100,0,5,2.626440292262638
91,B,100,0,6,2.0880518465866924
91,B,100,0,7,3.159100613711458
91,B,100,0,8,2.3754858259692906
91,B,100,0,9,2.4796021214331807
91,B,100,1,0,0.22211393182475372
91,B,100,1,1,-0.15911335058333276
91,B,100,1,2,-0.2422856413810498
91,B,100,1,3,0.6331025404691691
91,B,100,1,4,-0.13269343430705272
91,B,100,1,5,0.23780941366730837
91,B,100,1,6,0.6998647035581019
91,B,100,1,7,0.657989981874031
91,B,100,1,8,0.729273948391563
91,B,100,1,9,0.5701797259608049
91,B,100,2,0,1.3256561628208627
91,B,100,2,1,1.5180297363796946
91,B,100,2,2,1.4474570602326864
91,B,100,2,3,1.2245676369691358
91,B,100,2,4,0.8012179362074067
91,B,100,2,5,1.319679111973199
91,B,100,2,6,1.1118697081156241
91,B,100,2,7,1.575266954482138
91,B,100,2,8,1.4560064728376694
91,B,100,2,9,1.4848737780909473
91,B,100,3,0,-0.7235565404740678
91,B,100,3,1,-0.5010135094632815
91,B,100,3,2,-0.5751383232645094
91,B,100,3,3,-0.9194065291065007
91,B,100,3,4,-0.8543597384673041
91,B,100,3,5,-0.5848479573048082
91,B,100,3,6,-0.43528981163711955
91,B,100,3,7,0.29461902462450085
91,B,100,3,8,0.32040944059666693
91,B,100,3,9,0.17276724399450846
91,B,100,4,0,0.02457057753949116
91,B,100,4,1,-0.2934718333688204
91,B,100,4,2,-0.061551053820801824
91,B,100,4,3,-0.05354819203273329
91,B,100,4,4,-0.18828305102680737
91,B,100,4,5,-0.23138978083163492
91,B,100,4,6,-0.17456325794103403
91,B,100,4,7,-0.26967832787815565
91,B,100,4,8,-0.04435374908382374
91,B,100,4,9,-0.04056517161522391
91,B,100,5,0,0.6113684157220519
91,B,100,5,1,-0.818740422566364
91,B,100,5,2,-0.020014305710071945
91,B,100,5,3,-0.4001576832522989
91,B,100,5,4,0.02248453063152366
91,B,100,5,5,0.46709255619621876
91,B,100,5,6,-0.011583568726564094
91,B,100,5,7,-0.3246635171734149
91,B,100,5,8,-0.43199227190323586
91,B,100,5,9,-0.46601081910097275
91,B,100,6,0,0.18504876536021067
91,B,100,6,1,0.1509751571709375
91,B,100,6,2,0.1524490512284239
91,B,100,6,3,0.44171560017364314
91,B,100,6,4,0.13237465259692105
91,B,100,6,5,0.21534716242107962
91,B,100,6,6,0.668756463806068
91,B,100,6,7,0.166728089383952
91,B,100,6,8,0.8840012368120934
91,B,100,6,9,0.550985077966905
91,B,100,7,0,0.21719211870393862
91,B,100,7,1,-0.31788437537196934
91,B,100,7,2,-0.980047661555145
91,B,100,7,3,0.32178035151743334
91,B,100,7,4,-0.40072559196177737
91,B,100,7,5,0.33035812032792267
91,B,100,7,6,-0.1716162317006643
91,B,100,7,7,0.34653986217681176
91,B,100,7,8,1.355004554162402
91,B,100,7,9,-1.6039573225855928
91,B,100,8,0,0.1728668195131018
91,B,100,8,1,0.2815124627971716
91,B,100,8,2,0.22131165845215398
91,B,100,8,3,0.040032368645485816
91,B,100,8,4,0.3790804054388932
91,B,100,8,5,0.13400390623946035
91,B,100,8,6,0.592172090778558
91,B,100,8,7,0.538079208365928
91,B,100,8,8,0.4826189815206098
91,B,100,8,9,0.5888084524721464
91,B,100,9,0,0.19417086305086514
91,B,100,9,1,0.3490809265226672
91,B,100,9,2,0.2271628808866953
91,B,100,9,3,0.04941956496165563
91,B,100,9,4,0.07868857261095781
91,B,100,9,5,-0.07088373074501059
91,B,100,9,6,-0.04877798378840536
91,B,100,9,7,-0.14435186064826216
91,B,100,9,8,-0.08299893351444175
91,B,100,9,9,0.22293710562864583
92,A,0.05,0,0,-0.5647474817116719
92,A,0.05,0,1,-0.7108479270330069
92,A,0.05,0,2,-0.503368726107378
92,A,0.05,0,3,-0.5502918946022192
92,A,0.05,0,4,-0.5447201302931715
92,A,0.05,0,5,-0.33650170648424776
92,A,0.05,0,6,-0.3895059635989907
92,A,0.05,0,7,-0.592024440485596
92,A,0.05,0,8,-0.10708072090758798
92,A,0.05,0,9,-0.7700430813732677
92,A,0.05,1,0,1.6578280599566764
92,A,0.05,1,1,1.5355967698204864
92,A,0.05,1,2,1.8989233674256225
92,A,0.05,1,3,1.6950961807976046
92,A,0.05,1,4,1.5068111016917536
92,A,0.05,1,5,1.6251208016562144
92,A,0.05,1,6,1.5406032375466094
92,A,0.05,1,7,1.8505299973518552
92,A,0.05,1,8,1.3300292630819404
92,A,0.05,1,9,1.785401372147388
92,A,0.05,2,0,0.42246941388076625
92,A,0.05,2,1,0.2488080509496606
92,A,0.05,2,2,-0.24466996213526768
92,A,0.05,2,3,0.018998184557211913
92,A,0.05,2,4,0.29340835340245186
92,A,0.05,2,5,-0.04498474076377426
92,A,0.05,2,6,0.014348975202359372
92,A,0.05,2,7,0.40333578565324324
92,A,0.05,2,8,0.22671162127525624
92,A,0.05,2,9,0.11701536558503128
92,A,0.05,3,0,-2.5934363377362746
92,A,0.05,3,1,-2.5371606095059396
92,A,0.05,3,2,-2.2411305802858377
92,A,0.05,3,3,-2.1574348616887606
92,A,0.05,3,4,-2.003887573596844
92,A,0.05,3,5,-1.8240643234559573
92,A,0.05,3,6,-1.8517695037186237
92,A,0.05,3,7,-2.5739574353712307
92,A,0.05,3,8,-2.2051309457810135
92,A,0.05,3,9,-1.6197110728437507
92,A,0.05,4,0,-0.11206882184231459
92,A,0.05,4,1,-0.1367652460140799
92,A,0.05,4,2,-0.1033608969201383
92,A,0.05,4,3,0.22419987048884296
92,A,0.05,4,4,0.08902024498366816
92,A,0.05,4,5,-0.05106823706886572
92,A,0.05,4,6,0.21561267630405084
92,A,0.05,4,7,0.230481141858704
92,A,0.05,4,8,0.13257165061006923
92,A,0.05,4,9,0.1958093598190576
92,A,0.05,5,0,0.5235846784264033
92,A,0.05,5,1,0.058669303958977494
92,A,0.05,5,2,0.6809127837384042
92,A,0.05,5,3,-0.24332748499524473
92,A,0.05,5,4,0.29979343733732305
92,A,0.05,5,5,0.8990589034786135
92,A,0.05,5,6,0.15258073716908765
92,A,0.05,5,7,1.0404571066868442
92,A,0.05,5,8,0.5879953827099283
92,A,0.05,5,9,0.9438117179747991
92,A,0.05,6,0,1.0679344625005802
92,A,0.05,6,1,0.5989469907139606
92,A,0.05,6,2,1.2763091938716822
92,A,0.05,6,3,0.6769018056349119
92,A,0.05,6,4,0.6433869271181747
92,A,0.05,6,5,0.5517189519157927
92,A,0.05,6,6,0.598564685965133
92,A,0.05,6,7,0.5673073231151586
92,A,0.05,6,8,0.7578204813959019
92,A,0.05,6,9,0.4649161116387709
92,A,0.05,7,0,-0.31324768990738766
92,A,0.05,7,1,0.3748854347208306
92,A,0.05,7,2,-0.2011711928018922
92,A,0.05,7,3,-0.003064097609101407
92,A,0.05,7,4,-0.11019949034678646
92,A,0.05,7,5,-0.2384422007828325
92,A,0.05,7,6,0.30456652072787044
92,A,0.05,7,7,-0.040723617094375664
92,A,0.05,7,8,0.34605907236352756
92,A,0.05,7,9,0.41804960917685957
92,A,0.05,8,0,0.06259702683723667
92,A,0.05,8,1,-0.2582590928847834
92,A,0.05,8,2,0.4237994730439873
92,A,0.05,8,3,-0.047422762832764406
92,A,0.05,8,4,-0.06807850066417134
92,A,0.05,8,5,0.059462473903945
92,A,0.05,8,6,0.13511600439210683
92,A,0.05,8,7,0.07871384379690408
92,A,0.05,8,8,-0.23006079803258797
92,A,0.05,8,9,0.27880891107856653
92,A,0.05,9,0,0.09179597737527823
92,A,0.05,9,1,0.34531786387779206
92,A,0.05,9,2,0.4890827077020846
92,A,0.05,9,3,0.5360901347931766
92,A,0.05,9,4,1.445920714321593
92,A,0.05,9,5,0.5521519443672054
92,A,0.05,9,6,0.8290859880291074
92,A,0.05,9,7,0.7638519969877843
92,A,0.05,9,8,0.5087290880046011
92,A,0.05,9,9,0.7229842685867268
92,B,100,0,0,0.13270776694598604
92,B,100,0,1,0.0483668576084407
92,B,100,0,2,0.27725475576373676
92,B,100,0,3,0.18812497276112997
92,B,100,0,4,-0.02740612150176021
92,B,100,0,5,0.07796832125888653
92,B,100,0,6,0.20748203505082521
92,B,100,0,7,0.059123071054442485
92,B,100,0,8,0.3116290772915524
92,B,100,0,9,0.1609557791487131
92,B,100,1,0,0.4753834950716171
92,B,100,1,1,0.5795106129973351
92,B,100,1,2,0.6247774999904733
92,B,100,1,3,0.7276324169021733
92,B,100,1,4,0.5790191274347903
92,B,100,1,5,0.5816457141000828
92,B,100,1,6,0.9276868768439063
92,B,100,1,7,0.9653937322087199
92,B,100,1,8,0.9855355805478893
92,B,100,1,9,0.8559363046099718
92,B,100,2,0,-0.02153864804512644
92,B,100,2,1,0.04924050061547675
92,B,100,2,2,-0.03215925441370379
92,B,100,2,3,0.016449831393488885
92,B,100,2,4,-0.11975828944497653
92,B,100,2,5,-0.05228739252531864
92,B,100,2,6,-0.05455897667040007
92,B,100,2,7,-0.05906912843664537
92,B,100,2,8,-0.03698933346085303
92,B,100,2,9,-0.073759402470391
92,B,100,3,0,0.23599904220639553
92,B,100,3,1,-0.5140243014599396
92,B,100,3,2,-0.1941898362887962
92,B,100,3,3,-0.9301616213404482
92,B,100,3,4,-1.3904438918115447
92,B,100,3,5,-0.04647302487507492
92,B,100,3,6,-0.9233508398870816
92,B,100,3,7,-0.3838825827130899
92,B,100,3,8,-0.1939981774153067
92,B,100,3,9,-0.35716485745653526
92,B,100,4,0,-4.2978472265297105
92,B,100,4,1,-3.3499789135714995
92,B,100,4,2,-3.236458703199515
92,B,100,4,3,-3.4400978857998106
92,B,100,4,4,-3.5098728499922265
92,B,100,4,5,-3.5484803498726034
92,B,100,4,6,-3.4257438799353412
92,B,100,4,7,-3.8700251103024503
92,B,100,4,8,-3.6855032156258067
92,B,100,4,9,-3.8945728688952133
92,B,100,5,0,1.5635318786977772
92,B,100,5,1,1.9620689128652926
92,B,100,5,2,1.373357060870546
92,B,100,5,3,1.0955614283743396
92,B,100,5,4,1.0001568629442246
92,B,100,5,5,1.2849310662559805
92,B,100,5,6,1.0457868770062915
92,B,100,5,7,2.1090236349737213
92,B,100,5,8,1.5306015001477458
92,B,100,5,9,1.395641989086765
92,B,100,6,0,0.02958555451145981
92,B,100,6,1,-0.02051579755230966
92,B,100,6,2,0.09629719807899552
92,B,100,6,3,-0.03826122962664637
92,B,100,6,4,-0.008501168319230487
92,B,100,6,5,0.024658188215585658
92,B,100,6,6,-0.21022216726828216
92,B,100,6,7,0.0033576295675028294
92,B,100,6,8,0.02563275451507694
92,B,100,6,9,0.107425513346154
92,B,100,7,0,0.09730728571900998
92,B,100,7,1,-0.19579044892698416
92,B,100,7,2,0.08228122668906852
92,B,100,7,3,0.06665399311768616
92,B,100,7,4,0.48176300385529847
92,B,100,7,5,0.34066205083950607
92,B,100,7,6,0.3507869955571733
92,B,100,7,7,0.08001747312384895
92,B,100,7,8,0.33544649012300176
92,B,100,7,9,0.0951866112594818
92,B,100,8,0,0.9781249408718213
92,B,100,8,1,0.6544942233516364
92,B,100,8,2,0.8097744723253721
92,B,100,8,3,0.4223105284390239
92,B,100,8,4,0.47840710029383904
92,B,100,8,5,0.6085367137642238
92,B,100,8,6,0.746323673345019
92,B,100,8,7,0.757203903678731
92,B,100,8,8,0.6592684785335393
92,B,100,8,9,0.7928417852032503
92,B,100,9,0,0.4304599737747413
92,B,100,9,1,1.0864789235426362
92,B,100,9,2,0.6059269521444702
92,B,100,9,3,0.8900565107925582
92,B,100,9,4,1.257352507203579
92,B,100,9,5,0.6097669855179435
92,B,100,9,6,0.9385102000437123
92,B,100,9,7,0.9402099720496153
92,B,100,9,8,1.070349453944015
92,B,100,9,9,0.8294551067810597
93,A,0.05,0,0,-0.3809619938833042
93,A,0.05,0,1,-0.5482383223157411
93,A,0.05,0,2,-0.33625878186227665
93,A,0.05,0,3,-0.25896557763059236
93,A,0.05,0,4,-0.2889725045225867
93,A,0.05,0,5,-0.46035780845362434
93,A,0.05,0,6,-0.5790032831902752
93,A,0.05,0,7,-0.5889338263258428
93,A,0.05,0,8,-0.42858909024898945
93,A,0.05,0,9,-0.2722071295012887
93,A,0.05,1,0,-0.08083730975373812
93,A,0.05,1,1,-0.5434912655081767
93,A,0.05,1,2,-0.3393184827935569
93,A,0.05,1,3,-0.7149232258298258
93,A,0.05,1,4,-0.348006908444716
93,A,0.05,1,5,0.0415289431876302
93,A,0.05,1,6,-0.35032348655339307
93,A,0.05,1,7,-0.11369900827080533
93,A,0.05,1,8,-0.3675783175134743
93,A,0.05,1,9,-0.5340737195999792
93,A,0.05,2,0,-0.23537836405158552
93,A,0.05,2,1,0.5687246999016049
93,A,0.05,2,2,0.705904098977297
93,A,0.05,2,3,0.6600596307505352
93,A,0.05,2,4,0.3464826631503533
93,A,0.05,2,5,0.9430271435490206
93,A,0.05,2,6,0.9478017192772386
93,A,0.05,2,7,0.8424722712684518
93,A,0.05,2,8,1.068602403332039
93,A,0.05,2,9,0.920530549600491
93,A,0.05,3,0,2.0279057830528107
93,A,0.05,3,1,2.79539884517042
93,A,0.05,3,2,2.6907688873964726
93,A,0.05,3,3,2.280338163050707
93,A,0.05,3,4,3.2964930757228914
93,A,0.05,3,5,2.923083681907573
93,A,0.05,3,6,2.280416710702413
93,A,0.05,3,7,2.8416602928110315
93,A,0.05,3,8,1.9338798005387905
93,A,0.05,3,9,2.1596826477232973
93,A,0.05,4,0,-1.1395255890658458
93,A,0.05,4,1,-1.275108303377859
93,A,0.05,4,2,-0.8066316565410027
93,A,0.05,4,3,-0.8920050398532441
93,A,0.05,4,4,-0.9456898010199234
93,A,0.05,4,5,-1.5344244556626643
93,A,0.05,4,6,-0.8161337335471289
93,A,0.05,4,7,-0.9218129378705134
93,A,0.05,4,8,-1.192029051881864
93,A,0.05,4,9,-0.7998229985870694
93,A,0.05,5,0,1.1761464202453933
93,A,0.05,5,1,1.5718077391684262
93,A,0.05,5,2,1.0945704358955741
93,A,0.05,5,3,0.8891484020819411
93,A,0.05,5,4,1.1159423363518737
93,A,0.05,5,5,1.7723286547434083
93,A,0.05,5,6,0.5263382002831398
93,A,0.05,5,7,1.3232961534514365
93,A,0.05,5,8,1.5073344857361684
93,A,0.05,5,9,0.7705984524136764
93,A,0.05,6,0,0.48091536452917005
93,A,0.05,6,1,0.490049597268012
93,A,0.05,6,2,0.389238050241016
93,A,0.05,6,3,0.35163797038135974
93,A,0.05,6,4,0.6360071281712408
93,A,0.05,6,5,0.31799360938688953
93,A,0.05,6,6,0.34821409829610034
93,A,0.05,6,7,0.6149767523359416
93,A,0.05,6,8,0.5964168821031811
93,A,0.05,6,9,0.2714876185404693
93,A,0.05,7,0,-0.08769849512392136
93,A,0.05,7,1,0.04494983544405489
93,A,0.05,7,2,0.00023407179677331993
93,A,0.05,7,3,0.010651528722356427
93,A,0.05,7,4,0.007402100838371947
93,A,0.05,7,5,0.10552572615101595
93,A,0.05,7,6,0.04148705309748758
93,A,0.05,7,7,-0.1878483487738608
93,A,0.05,7,8,-0.08829372837150967
93,A,0.05,7,9,-0.05806834183424532
93,A,0.05,8,0,-0.17799472834333147
93,A,0.05,8,1,0.4519498512080386
93,A,0.05,8,2,0.663097428869951
93,A,0.05,8,3,0.6745590261164133
93,A,0.05,8,4,0.7218302182144881
93,A,0.05,8,5,0.6861839187753795
93,A,0.05,8,6,0.7838033041434492
93,A,0.05,8,7,0.8834581829035876
93,A,0.05,8,8,0.7659609777714291
93,A,0.05,8,9,0.39567722625620544
93,A,0.05,9,0,2.3963499957264993
93,A,0.05,9,1,2.9834956418688074
93,A,0.05,9,2,1.8134894768082828
93,A,0.05,9,3,2.132542574899346
93,A,0.05,9,4,2.5866433535481965
93,A,0.05,9,5,2.6692161935763496
93,A,0.05,9,6,1.8981608830835328
93,A,0.05,9,7,2.049467731281744
93,A,0.05,9,8,2.245234179330866
93,A,0.05,9,9,2.631484765977935
93,B,100,0,0,-1.3703026338862896
93,B,100,0,1,-1.5348230286905216
93,B,100,0,2,-1.6704672065120196
93,B,100,0,3,-1.9766462440359398
93,B,100,0,4,-1.6625881792781048
93,B,100,0,5,-1.4055567968279845
93,B,100,0,6,-1.1456735111955487
93,B,100,0,7,-1.147474866840875
93,B,100,0,8,-1.4669748620066136
93,B,100,0,9,-1.4543563052775292
93,B,100,1,0,-0.7967754564486643
93,B,100,1,1,0.058037734446970905
93,B,100,1,2,-0.06747861780701433
93,B,100,1,3,0.06580262350774774
93,B,100,1,4,0.34722941666764084
93,B,100,1,5,0.013081595742884436
93,B,100,1,6,0.05046655563431772
93,B,100,1,7,0.4465593693039432
93,B,100,1,8,0.06510667276646534
93,B,100,1,9,0.21478805671978904
93,B,100,2,0,0.6206608535578277
93,B,100,2,1,0.8368467269880896
93,B,100,2,2,0.30180206891842903
93,B,100,2,3,0.6065332400517673
93,B,100,2,4,0.5453523120244566
93,B,100,2,5,0.6844601910823006
93,B,100,2,6,0.8269814368073591
93,B,100,2,7,0.7241127323034509
93,B,100,2,8,0.8025610373889144
93,B,100,2,9,0.586269564450972
93,B,100,3,0,-2.1781274971865963
93,B,100,3,1,-2.437058118199428
93,B,100,3,2,-2.7200346813340532
93,B,100,3,3,-2.476329605127799
93,B,100,3,4,-2.3356395067143882
93,B,100,3,5,-2.423774999609172
93,B,100,3,6,-1.7017716507483445
93,B,100,3,7,-2.1239813303412762
93,B,100,3,8,-2.47109830825483
93,B,100,3,9,-2.304515138626483
93,B,100,4,0,0.1811270155167088
93,B,100,4,1,0.13191155123508558
93,B,100,4,2,-0.09923739641934534
93,B,100,4,3,-0.04940342015542376
93,B,100,4,4,-0.031013011906496267
93,B,100,4,5,-0.01493736238049337
93,B,100,4,6,-0.008106180948510863
93,B,100,4,7,0.008701292239902285
93,B,100,4,8,0.030073124982377606
93,B,100,4,9,-0.032010743101897804
93,B,100,5,0,1.0786599290633996
93,B,100,5,1,1.4180810818874017
93,B,100,5,2,1.0034950221988217
93,B,100,5,3,1.4298148322223725
93,B,100,5,4,1.0654970157047337
93,B,100,5,5,0.7694737753930679
93,B,100,5,6,1.4809049836694812
93,B,100,5,7,1.1722679089721297
93,B,100,5,8,1.078290533422398
93,B,100,5,9,0.9560503725258785
93,B,100,6,0,1.2356295073388097
93,B,100,6,1,1.460048845137861
93,B,100,6,2,1.4447727509274924
93,B,100,6,3,1.5147886795040704
93,B,100,6,4,1.556353406057991
93,B,100,6,5,1.3997551711917173
93,B,100,6,6,1.4001977490864168
93,B,100,6,7,1.683997061533609
93,B,100,6,8,1.8351895960014408
93,B,100,6,9,1.3921782438173818
93,B,100,7,0,-2.7372213085432344
93,B,100,7,1,-1.2988412309018582
93,B,100,7,2,-1.194311714340372
93,B,100,7,3,-1.8729424106390407
93,B,100,7,4,-1.1420137825733185
93,B,100,7,5,-1.1981000292415596
93,B,100,7,6,-2.00692727696596
93,B,100,7,7,-2.321844999807581
93,B,100,7,8,-1.7951060806679358
93,B,100,7,9,-1.8506505982372012
93,B,100,8,0,0.2753095661234191
93,B,100,8,1,0.37417834968564606
93,B,100,8,2,0.2973179493140484
93,B,100,8,3,0.36890451791934187
93,B,100,8,4,0.38548125898619073
93,B,100,8,5,0.3437105609157699
93,B,100,8,6,0.3828818774400249
93,B,100,8,7,0.36339140681258675
93,B,100,8,8,0.38717194685599154
93,B,100,8,9,0.36644285916982683
93,B,100,9,0,-1.3519644429041668
93,B,100,9,1,0.02578411301784064
93,B,100,9,2,0.2616920792873431
93,B,100,9,3,0.040815249255222376
93,B,100,9,4,-0.3012514126924961
93,B,100,9,5,-0.06485246019225378
93,B,100,9,6,-1.10103029271026
93,B,100,9,7,0.01942574137941683
93,B,100,9,8,-0.04267922503527453
93,B,100,9,9,-0.2665370735657777
94,A,0.05,0,0,1.1554010131851649
94,A,0.05,0,1,2.1710552648570234
94,A,0.05,0,2,1.7212785327166729
94,A,0.05,0,3,1.8885993033911446
94,A,0.05,0,4,2.4738416245604995
94,A,0.05,0,5,1.9005391890162124
94,A,0.05,0,6,1.841281677471926
94,A,0.05,0,7,1.6666455935026694
94,A,0.05,0,8,2.202887625876935
94,A,0.05,0,9,2.3560762823662946
94,A,0.05,1,0,0.7732307777118307
94,A,0.05,1,1,1.1518926341586304
94,A,0.05,1,2,0.7100864433000927
94,A,0.05,1,3,0.7346391075607565
94,A,0.05,1,4,1.1602919519312012
94,A,0.05,1,5,1.0518717022899464
94,A,0.05,1,6,0.43588770082565476
94,A,0.05,1,7,1.0817663766533316
94,A,0.05,1,8,0.7571009815912576
94,A,0.05,1,9,1.1174169328186285
94,A,0.05,2,0,0.05066886934099271
94,A,0.05,2,1,-0.30808377547406185
94,A,0.05,2,2,0.11342451896643861
94,A,0.05,2,3,-0.25612276102301007
94,A,0.05,2,4,0.08629567041771619
94,A,0.05,2,5,0.11187892945037675
94,A,0.05,2,6,-0.08359769654946729
94,A,0.05,2,7,0.12417411109613995
94,A,0.05,2,8,-0.026482203386314834
94,A,0.05,2,9,0.3860234753693099
94,A,0.05,3,0,-0.5615091893631668
94,A,0.05,3,1,-0.8036833741758945
94,A,0.05,3,2,-0.8792482714723381
94,A,0.05,3,3,-0.7516970515022123
94,A,0.05,3,4,-0.6551293914619042
94,A,0.05,3,5,-0.3517532038631196
94,A,0.05,3,6,-0.9307894952335588
94,A,0.05,3,7,-0.7744530110432473
94,A,0.05,3,8,-0.5163678123758495
94,A,0.05,3,9,-0.9461620934675563
94,A,0.05,4,0,-0.8389310559593738
94,A,0.05,4,1,-0.36305057895654747
94,A,0.05,4,2,-0.7910997753524933
94,A,0.05,4,3,-0.748682190440451
94,A,0.05,4,4,-0.24823227359069686
94,A,0.05,4,5,-1.1226276460739064
94,A,0.05,4,6,-0.959740070063577
94,A,0.05,4,7,-0.4975752796168943
94,A,0.05,4,8,0.273135207075407
94,A,0.05,4,9,-0.6235861230711398
94,A,0.05,5,0,0.043901042613728944
94,A,0.05,5,1,-0.01987558766905093
94,A,0.05,5,2,0.04225982313378146
94,A,0.05,5,3,0.031680520380991305
94,A,0.05,5,4,-0.03436628133355154
94,A,0.05,5,5,0.022097365465865423
94,A,0.05,5,6,0.06979290264152911
94,A,0.05,5,7,-0.007664158132240585
94,A,0.05,5,8,0.015565080923005958
94,A,0.05,5,9,0.17725323165253457
94,A,0.05,6,0,0.1513241970382017
94,A,0.05,6,1,-0.08619991098412236
94,A,0.05,6,2,-0.08154676256923576
94,A,0.05,6,3,-0.15540111761990202
94,A,0.05,6,4,-0.1349039967985776
94,A,0.05,6,5,-0.11140896908308315
94,A,0.05,6,6,-0.07654004848878869
94,A,0.05,6,7,-0.08429147669546308
94,A,0.05,6,8,-0.11676300134675803
94,A,0.05,6,9,-0.02438887818372841
94,A,0.05,7,0,0.845708856862305
94,A,0.05,7,1,0.8006677656502412
94,A,0.05,7,2,1.128160134299753
94,A,0.05,7,3,0.8439201004187018
94,A,0.05,7,4,0.9394723448972226
94,A,0.05,7,5,0.6964907559364925
94,A,0.05,7,6,0.9291818791781103
94,A,0.05,7,7,0.7317912120682556
94,A,0.05,7,8,0.6175119739307605
94,A,0.05,7,9,0.7455736790827192
94,A,0.05,8,0,0.20399202251586768
94,A,0.05,8,1,0.1036380590511686
94,A,0.05,8,2,0.10549268421632171
94,A,0.05,8,3,0.2692736974575025
94,A,0.05,8,4,0.07188513199079775
94,A,0.05,8,5,0.4488966467037427
94,A,0.05,8,6,0.6029063940929935
94,A,0.05,8,7,-0.09869189341442307
94,A,0.05,8,8,0.628554678792399
94,A,0.05,8,9,0.13602329285913564
94,A,0.05,9,0,0.6134667070473493
94,A,0.05,9,1,1.0845091741591093
94,A,0.05,9,2,0.584022962250237
94,A,0.05,9,3,0.8041908100474601
94,A,0.05,9,4,0.0032683564069621446
94,A,0.05,9,5,0.2618700005348655
94,A,0.05,9,6,0.45095995829522834
94,A,0.05,9,7,0.11841566564912125
94,A,0.05,9,8,-0.09731270357770111
94,A,0.05,9,9,0.25906078086825746
94,B,100,0,0,1.798948770761968
94,B,100,0,1,1.8406405076243906
94,B,100,0,2,2.173141727453227
94,B,100,0,3,2.358480448991932
94,B,100,0,4,2.9033223259843286
94,B,100,0,5,1.6450335934985707
94,B,100,0,6,2.184916238930558
94,B,100,0,7,2.373149342364405
94,B,100,0,8,1.5209161611469526
94,B,100,0,9,2.0176111924885225
94,B,100,1,0,-0.14735638628774125
94,B,100,1,1,-0.1529069041125744
94,B,100,1,2,0.49480775374749014
94,B,100,1,3,0.6124895806139163
94,B,100,1,4,-0.07993193661057686
94,B,100,1,5,0.39774672452937865
94,B,100,1,6,-0.15103868976643553
94,B,100,1,7,0.5102189257368724
94,B,100,1,8,0.3031482693222117
94,B,100,1,9,0.3273288215703671
94,B,100,2,0,0.4775418180395947
94,B,100,2,1,1.5161540289612692
94,B,100,2,2,1.5102575085203385
94,B,100,2,3,1.1355975753409975
94,B,100,2,4,1.6624557035393521
94,B,100,2,5,1.268087144779969
94,B,100,2,6,1.842468111037405
94,B,100,2,7,1.8705370304246522
94,B,100,2,8,1.5666207542308128
94,B,100,2,9,1.7985788471675381
94,B,100,3,0,0.7557686475062096
94,B,100,3,1,1.3409829240042062
94,B,100,3,2,1.0247414746748684
94,B,100,3,3,2.02650204996998
94,B,100,3,4,1.0396149133382424
94,B,100,3,5,0.9489006804711791
94,B,100,3,6,1.267164262534835
94,B,100,3,7,1.8673160375496585
94,B,100,3,8,1.5474905693434178
94,B,100,3,9,1.2762845143820685
94,B,100,4,0,-0.06787013042011592
94,B,100,4,1,-0.41735200619051893
94,B,100,4,2,-0.4029990740340629
94,B,100,4,3,-0.0039449857395307646
94,B,100,4,4,0.02466537480824517
94,B,100,4,5,-0.1472908687385181
94,B,100,4,6,-0.1296008121472724
94,B,100,4,7,0.18941573534189293
94,B,100,4,8,-0.39436339496413547
94,B,100,4,9,0.2721934410975353
94,B,100,5,0,-1.4243747618928189
94,B,100,5,1,-0.8484502816120952
94,B,100,5,2,-1.2952187315933301
94,B,100,5,3,-1.7797667472433778
94,B,100,5,4,-1.2131317000798563
94,B,100,5,5,-1.6615034819278842
94,B,100,5,6,-1.378092040049944
94,B,100,5,7,-1.2771708467393599
94,B,100,5,8,-0.9412896987647186
94,B,100,5,9,-1.3245388538646907
94,B,100,6,0,-0.9404010042399538
94,B,100,6,1,-0.8330641203083813
94,B,100,6,2,-0.626012102667304
94,B,100,6,3,-0.7056370839386911
94,B,100,6,4,-0.7032590174821505
94,B,100,6,5,-0.5502606563352976
94,B,100,6,6,-0.40011543592224313
94,B,100,6,7,-0.7517879636895719
94,B,100,6,8,-0.4035563073555871
94,B,100,6,9,-0.8983173925628315
94,B,100,7,0,-0.4952110364157679
94,B,100,7,1,-0.4540994580177452
94,B,100,7,2,-0.6157768692349361
94,B,100,7,3,-0.6643015409217474
94,B,100,7,4,-0.7462151209317096
94,B,100,7,5,-0.4376169092973897
94,B,100,7,6,-0.30279003073741123
94,B,100,7,7,-0.332434452614686
94,B,100,7,8,-0.41160892035069857
94,B,100,7,9,-0.22953575765780118
94,B,100,8,0,1.2077826016675859
94,B,100,8,1,1.093148450751077
94,B,100,8,2,1.6388970634726143
94,B,100,8,3,1.1126813270756082
94,B,100,8,4,1.1572594812201944
94,B,100,8,5,0.9146499260823077
94,B,100,8,6,1.1992227350489044
94,B,100,8,7,1.1813414828230127
94,B,100,8,8,1.1899746792968222
94,B,100,8,9,1.2529457150706445
94,B,100,9,0,-0.10627663596772863
94,B,100,9,1,-0.3604249956709267
94,B,100,9,2,-0.39261313762225053
94,B,100,9,3,-0.056334702829456296
94,B,100,9,4,-0.13106039907933406
94,B,100,9,5,-0.15950043556587407
94,B,100,9,6,-0.04471054761082157
94,B,100,9,7,-0.14349270350341928
94,B,100,9,8,-0.48729233541721406
94,B,100,9,9,0.22864052242391233
95,A,0.05,0,0,-0.8224213981124588
95,A,0.05,0,1,-1.2990027774753428
95,A,0.05,0,2,-0.24412863988002168
95,A,0.05,0,3,-0.9567308595260532
95,A,0.05,0,4,-1.04561534758994
95,A,0.05,0,5,-1.2468998084151508
95,A,0.05,0,6,-0.07370408110868493
95,A,0.05,0,7,-1.0836601599447522
95,A,0.05,0,8,-0.08464445667434768
95,A,0.05,0,9,-0.9949196384163074
95,A,0.05,1,0,0.1761178192637304
95,A,0.05,1,1,0.20080177523117432
95,A,0.05,1,2,0.17195466055942402
95,A,0.05,1,3,0.08924929764759856
95,A,0.05,1,4,0.22539107325345298
95,A,0.05,1,5,0.23343543651847476
95,A,0.05,1,6,-0.019139270409552815
95,A,0.05,1,7,0.21256239742096086
95,A,0.05,1,8,0.23032693282178604
95,A,0.05,1,9,0.11790332422191678
95,A,0.05,2,0,2.2749334644668724
95,A,0.05,2,1,2.0905023744052076
95,A,0.05,2,2,2.0580423642933403
95,A,0.05,2,3,2.2731177801798257
95,A,0.05,2,4,1.1227137661888196
95,A,0.05,2,5,1.843292943516276
95,A,0.05,2,6,0.953567281532407
95,A,0.05,2,7,1.7843763697015151
95,A,0.05,2,8,1.0272369320936063
95,A,0.05,2,9,1.769171851884479
95,A,0.05,3,0,0.05893922676182785
95,A,0.05,3,1,0.8373495821845749
95,A,0.05,3,2,0.050327526646536266
95,A,0.05,3,3,-0.14675378224745741
95,A,0.05,3,4,-0.7090999146927076
95,A,0.05,3,5,0.40566586546037886
95,A,0.05,3,6,0.24899106648632627
95,A,0.05,3,7,-0.8059668164396779
95,A,0.05,3,8,1.2059470526535148
95,A,0.05,3,9,0.5995207975513369
95,A,0.05,4,0,0.2450196211993291
95,A,0.05,4,1,-0.19639359451516933
95,A,0.05,4,2,-0.27591859423792875
95,A,0.05,4,3,0.24922446781615878
95,A,0.05,4,4,0.12386384566851401
95,A,0.05,4,5,-0.003923886127772536
95,A,0.05,4,6,0.3610130172029496
95,A,0.05,4,7,-0.03145539616123698
95,A,0.05,4,8,0.41794714756126117
95,A,0.05,4,9,0.5533917051086062
95,A,0.05,5,0,1.406377391879573
95,A,0.05,5,1,1.2449778086984884
95,A,0.05,5,2,1.222128695363807
95,A,0.05,5,3,1.8316902082975028
95,A,0.05,5,4,1.0965437758184702
95,A,0.05,5,5,1.7235370107076247
95,A,0.05,5,6,0.8727098601802817
95,A,0.05,5,7,1.7148756195671453
95,A,0.05,5,8,1.7738820410398162
95,A,0.05,5,9,1.6859816037347566
95,A,0.05,6,0,1.1120888823307733
95,A,0.05,6,1,0.8614515055416462
95,A,0.05,6,2,0.6589981654244833
95,A,0.05,6,3,1.282058393849168
95,A,0.05,6,4,0.5956945002473107
95,A,0.05,6,5,1.0595075524221051
95,A,0.05,6,6,0.8397344654767617
95,A,0.05,6,7,1.204371280295569
95,A,0.05,6,8,1.3194301623510676
95,A,0.05,6,9,1.1812607434016402
95,A,0.05,7,0,0.5512829578494765
95,A,0.05,7,1,0.34500303250422676
95,A,0.05,7,2,0.5102307141049858
95,A,0.05,7,3,0.7263242847539669
95,A,0.05,7,4,0.6923870338976591
95,A,0.05,7,5,1.5722121590297233
95,A,0.05,7,6,1.2962528182916686
95,A,0.05,7,7,1.2054782291549617
95,A,0.05,7,8,0.39823507989696805
95,A,0.05,7,9,0.6797484273257995
95,A,0.05,8,0,0.03885683083518445
95,A,0.05,8,1,-0.6202394182506425
95,A,0.05,8,2,0.3042026644562046
95,A,0.05,8,3,-0.14994609151267116
95,A,0.05,8,4,-0.05542504166757832
95,A,0.05,8,5,-0.18735405339139286
95,A,0.05,8,6,0.27116254339613693
95,A,0.05,8,7,-0.01969335966163855
95,A,0.05,8,8,0.23681796905176572
95,A,0.05,8,9,-0.14245273805623165
95,A,0.05,9,0,-0.4331012046140225
95,A,0.05,9,1,-0.33867741112082667
95,A,0.05,9,2,-0.42767607012186687
95,A,0.05,9,3,-0.7907038509644424
95,A,0.05,9,4,-0.12803000085679336
95,A,0.05,9,5,-0.6355053079505141
95,A,0.05,9,6,-0.4113306450889381
95,A,0.05,9,7,-0.3991727749764774
95,A,0.05,9,8,-0.3239134569580315
95,A,0.05,9,9,-0.5246634596570692
95,B,100,0,0,-1.5470061966137507
95,B,100,0,1,-1.4277756870902965
95,B,100,0,2,-1.14930418582457
95,B,100,0,3,-2.0158122909123395
95,B,100,0,4,-1.0425525393019262
95,B,100,0,5,-0.19990005445045098
95,B,100,0,6,-0.6401094306671203
95,B,100,0,7,-1.2023888644227414
95,B,100,0,8,-1.075793933977087
95,B,100,0,9,-1.4599212923898508
95,B,100,1,0,1.189784258988832
95,B,100,1,1,0.7494954087386325
95,B,100,1,2,1.844790266108576
95,B,100,1,3,1.5727536152129227
95,B,100,1,4,1.4708600218121284
95,B,100,1,5,1.7866626626944067
95,B,100,1,6,1.636754918705107
95,B,100,1,7,2.1608086147966366
95,B,100,1,8,0.8857779743138349
95,B,100,1,9,1.204697022424175
95,B,100,2,0,0.1107373191100136
95,B,100,2,1,-0.23024154423449333
95,B,100,2,2,-0.9730409475999253
95,B,100,2,3,-0.5479104142512343
95,B,100,2,4,-0.5782731351849547
95,B,100,2,5,-0.6626908255313992
95,B,100,2,6,0.023910151525744282
95,B,100,2,7,-0.41568477955672967
95,B,100,2,8,-0.044398673998216995
95,B,100,2,9,-0.19621321373094922
95,B,100,3,0,-0.47763393117475955
95,B,100,3,1,-0.23338029917649805
95,B,100,3,2,-0.034292016211110235
95,B,100,3,3,-0.6126994998454679
95,B,100,3,4,-0.0746476807096992
95,B,100,3,5,-0.28871948938936776
95,B,100,3,6,-0.18626335717387457
95,B,100,3,7,-0.07475103526180805
95,B,100,3,8,-0.2530238587601923
95,B,100,3,9,0.06391313230277912
95,B,100,4,0,-0.33460831256803025
95,B,100,4,1,-0.3901542133421144
95,B,100,4,2,-0.4345243939278131
95,B,100,4,3,-0.2125160049858087
95,B,100,4,4,-0.03573023582402102
95,B,100,4,5,-0.4767906158762221
95,B,100,4,6,-0.6235337805057516
95,B,100,4,7,-0.6320899053421203
95,B,100,4,8,-0.33466359169368715
95,B,100,4,9,-0.34774622357186274
95,B,100,5,0,-0.431843428593847
95,B,100,5,1,-0.23821175129624958
95,B,100,5,2,-0.6601113590996371
95,B,100,5,3,-0.5683915702329535
95,B,100,5,4,-0.4819028795412613
95,B,100,5,5,-0.5541018065951535
95,B,100,5,6,-0.5028749405774894
95,B,100,5,7,-0.8214897012213634
95,B,100,5,8,-0.7353829384084747
95,B,100,5,9,-0.18840841477080983
95,B,100,6,0,0.3073471712173635
95,B,100,6,1,0.311480149817333
95,B,100,6,2,-0.13684594175036172
95,B,100,6,3,0.27523371536883207
95,B,100,6,4,0.26021830652210265
95,B,100,6,5,0.07848038578458644
95,B,100,6,6,0.09806708912856699
95,B,100,6,7,-0.015628176276642543
95,B,100,6,8,0.24082658864080933
95,B,100,6,9,0.24933681294767776
95,B,100,7,0,0.9008740027693025
95,B,100,7,1,0.7755050777508811
95,B,100,7,2,0.6359861070554043
95,B,100,7,3,1.3257809934417477
95,B,100,7,4,0.8068302449486557
95,B,100,7,5,0.6083124648682393
95,B,100,7,6,1.4006654427111804
95,B,100,7,7,0.5417630970906924
95,B,100,7,8,1.1472865089439832
95,B,100,7,9,1.2513364572670067
95,B,100,8,0,-0.18956289514202967
95,B,100,8,1,-0.556791097889328
95,B,100,8,2,-0.29493412949525966
95,B,100,8,3,-0.2671157175759443
95,B,100,8,4,-0.5951858965521228
95,B,100,8,5,-0.3446265097271128
95,B,100,8,6,-0.19052344052356818
95,B,100,8,7,-0.6228597440206933
95,B,100,8,8,-0.30638172916927964
95,B,100,8,9,-0.4663139251520185
95,B,100,9,0,-2.755165971137074
95,B,100,9,1,-2.4239740227406394
95,B,100,9,2,-1.440756393914055
95,B,100,9,3,-2.3062268810678734
95,B,100,9,4,-2.8451958217766267
95,B,100,9,5,-2.2731567027265736
95,B,100,9,6,-2.6553261226994462
95,B,100,9,7,-1.5164058526701085
95,B,100,9,8,-1.6537282821009331
95,B,100,9,9,-1.1405291966958773
96,A,0.05,0,0,-1.1640223645522005
96,A,0.05,0,1,-0.9668023404620355
96,A,0.05,0,2,-0.5903530816596251
96,A,0.05,0,3,-1.2930372238773715
96,A,0.05,0,4,-0.983091707752954
96,A,0.05,0,5,-1.0038080016845203
96,A,0.05,0,6,-0.926361383330647
96,A,0.05,0,7,-1.118870232572456
96,A,0.05,0,8,-0.9263878778915211
96,A,0.05,0,9,-0.9573107850804247
96,A,0.05,1,0,-0.05491518070139083
96,A,0.05,1,1,-0.6246962962727368
96,A,0.05,1,2,-0.8185759218608399
96,A,0.05,1,3,-0.6173993073311181
96,A,0.05,1,4,0.18389769337233117
96,A,0.05,1,5,-0.8000169848389005
96,A,0.05,1,6,-0.47118345580201404
96,A,0.05,1,7,0.07029099610738582
96,A,0.05,1,8,-0.4357579355817174
96,A,0.05,1,9,0.05762659233241882
96,A,0.05,2,0,0.8490779173268793
96,A,0.05,2,1,0.7088097543093472
96,A,0.05,2,2,0.7262030285982132
96,A,0.05,2,3,0.4096632911833915
96,A,0.05,2,4,0.64681038537831
96,A,0.05,2,5,0.591284659434394
96,A,0.05,2,6,0.3646677610803882
96,A,0.05,2,7,0.89062313109447
96,A,0.05,2,8,0.6878650807088106
96,A,0.05,2,9,0.9162893884962238
96,A,0.05,3,0,0.23071928706444592
96,A,0.05,3,1,-0.08444399523819218
96,A,0.05,3,2,-0.5938531910465393
96,A,0.05,3,3,-0.28330902181936163
96,A,0.05,3,4,-0.16342773051754675
96,A,0.05,3,5,-0.12987432196390009
96,A,0.05,3,6,-0.5260744310661333
96,A,0.05,3,7,-0.028844186031629977
96,A,0.05,3,8,0.17139060982031282
96,A,0.05,3,9,-0.14345553626436283
96,A,0.05,4,0,-0.025301990894236934
96,A,0.05,4,1,-0.332670996818487
96,A,0.05,4,2,0.02808697239837091
96,A,0.05,4,3,-0.4722005933944374
96,A,0.05,4,4,0.009090683912561456
96,A,0.05,4,5,0.1787337993906864
96,A,0.05,4,6,0.6920136443411541
96,A,0.05,4,7,0.13737874275786913
96,A,0.05,4,8,-0.028867884889203353
96,A,0.05,4,9,0.4433760153166584
96,A,0.05,5,0,0.41542233449900545
96,A,0.05,5,1,0.8324085615375666
96,A,0.05,5,2,1.1079704895068743
96,A,0.05,5,3,1.1470463648547833
96,A,0.05,5,4,0.9517934019070284
96,A,0.05,5,5,0.8643066806357912
96,A,0.05,5,6,0.8765746048824224
96,A,0.05,5,7,1.3171611525670723
96,A,0.05,5,8,1.283349062253073
96,A,0.05,5,9,0.8584709951254185
96,A,0.05,6,0,0.7961729686602329
96,A,0.05,6,1,0.9335445982706108
96,A,0.05,6,2,0.7356435699058066
96,A,0.05,6,3,0.6453036365438346
96,A,0.05,6,4,0.5273586037833965
96,A,0.05,6,5,0.4647420340361869
96,A,0.05,6,6,0.7087800116300316
96,A,0.05,6,7,0.9086205549024952
96,A,0.05,6,8,0.5758732470121506
96,A,0.05,6,9,0.4495428803217925
96,A,0.05,7,0,-1.8404074194427364
96,A,0.05,7,1,-1.5425295595545991
96,A,0.05,7,2,-1.330244781433172
96,A,0.05,7,3,-1.5219933788221736
96,A,0.05,7,4,-1.8790340745683005
96,A,0.05,7,5,-1.6554676100282528
96,A,0.05,7,6,-1.9603473036070347
96,A,0.05,7,7,-1.5868338612729191
96,A,0.05,7,8,-1.3992883169615966
96,A,0.05,7,9,-1.9198050418198709
96,A,0.05,8,0,-1.7164421394766995
96,A,0.05,8,1,-1.3598043963901274
96,A,0.05,8,2,-1.4152109774294297
96,A,0.05,8,3,-1.1606548702773296
96,A,0.05,8,4,-1.283660209226968
96,A,0.05,8,5,-1.0910933605982684
96,A,0.05,8,6,-1.2164767722173626
96,A,0.05,8,7,-1.2284863004687192
96,A,0.05,8,8,-0.8591553445837123
96,A,0.05,8,9,-0.7652819935601316
96,A,0.05,9,0,-0.13171928754933904
96,A,0.05,9,1,-0.41129934195179696
96,A,0.05,9,2,-0.4344555618955198
96,A,0.05,9,3,-0.010948222169458887
96,A,0.05,9,4,0.06380861224526045
96,A,0.05,9,5,0.017768772588388933
96,A,0.05,9,6,1.0370306288023652
96,A,0.05,9,7,-0.6340412422832724
96,A,0.05,9,8,-0.3724877826230119
96,A,0.05,9,9,0.39293308241439046
96,B,100,0,0,1.5433132025186607
96,B,100,0,1,1.172427887019932
96,B,100,0,2,2.381985235285766
96,B,100,0,3,1.0580801044018477
96,B,100,0,4,1.28278571551394
96,B,100,0,5,2.6168207403479116
96,B,100,0,6,1.3329913255892756
96,B,100,0,7,2.534042926723543
96,B,100,0,8,2.2932324696077124
96,B,100,0,9,1.9289337581176822
96,B,100,1,0,-0.632017013473667
96,B,100,1,1,-0.45933624752680136
96,B,100,1,2,-0.49610960801731996
96,B,100,1,3,-0.3140309786221475
96,B,100,1,4,-0.7475285826852999
96,B,100,1,5,-0.4490881016963308
96,B,100,1,6,-0.46100650411690236
96,B,100,1,7,-0.13681169702494372
96,B,100,1,8,0.08286066652571912
96,B,100,1,9,-0.003989216327030307
96,B,100,2,0,0.11526601020080793
96,B,100,2,1,0.09992771339209768
96,B,100,2,2,0.06756428381339648
96,B,100,2,3,1.6826983908176127
96,B,100,2,4,0.05316152085816154
96,B,100,2,5,1.257614604052861
96,B,100,2,6,0.1679411012949636
96,B,100,2,7,0.1808240407365118
96,B,100,2,8,1.1499512675195844
96,B,100,2,9,0.3730954819756308
96,B,100,3,0,0.287671231161211
96,B,100,3,1,0.2509211767970929
96,B,100,3,2,0.3069864728255224
96,B,100,3,3,0.22924435726243403
96,B,100,3,4,0.389718211587294
96,B,100,3,5,0.28790863991317556
96,B,100,3,6,0.19160529439071022
96,B,100,3,7,0.44696866535113705
96,B,100,3,8,0.3215129822016387
96,B,100,3,9,0.40013155491819163
96,B,100,4,0,-0.09876674445515732
96,B,100,4,1,-0.1589784109136497
96,B,100,4,2,-0.25721181941869176
96,B,100,4,3,-0.0626344871652177
96,B,100,4,4,-0.1835145572430177
96,B,100,4,5,-0.14066862105731331
96,B,100,4,6,-0.12403127933722193
96,B,100,4,7,-0.06263594136431276
96,B,100,4,8,-0.1706725297091216
96,B,100,4,9,-0.1428208326779158
96,B,100,5,0,1.9110753526618984
96,B,100,5,1,1.6652600338234533
96,B,100,5,2,2.004149294489939
96,B,100,5,3,1.9411857808949435
96,B,100,5,4,2.063305411061347
96,B,100,5,5,1.7815237618948478
96,B,100,5,6,1.249815888219326
96,B,100,5,7,1.2985342249973906
96,B,100,5,8,0.4831757313789743
96,B,100,5,9,2.0649022193145896
96,B,100,6,0,-0.2625054439203933
96,B,100,6,1,-0.23308496818378285
96,B,100,6,2,-0.8408766903296273
96,B,100,6,3,-0.6554909276892166
96,B,100,6,4,-0.8611096948184336
96,B,100,6,5,-0.5083342365896406
96,B,100,6,6,-0.5880207344077397
96,B,100,6,7,-0.58821821905975
96,B,100,6,8,-0.9682670798208506
96,B,100,6,9,-0.3851203271342557
96,B,100,7,0,-0.5356787427986662
96,B,100,7,1,-0.49586637627743574
96,B,100,7,2,-0.360805621156164
96,B,100,7,3,-0.6099237119416242
96,B,100,7,4,-0.29251816754133175
96,B,100,7,5,-0.5159378482345792
96,B,100,7,6,-0.4340353495917498
96,B,100,7,7,-0.3393586960853995
96,B,100,7,8,-0.5751752302187375
96,B,100,7,9,-0.5322496704514181
96,B,100,8,0,0.3842172073656953
96,B,100,8,1,0.6820175811640787
96,B,100,8,2,0.27007325705764035
96,B,100,8,3,0.7998379786003841
96,B,100,8,4,0.6751163342233849
96,B,100,8,5,0.6253810866525947
96,B,100,8,6,0.3837063269187181
96,B,100,8,7,0.528823615221203
96,B,100,8,8,0.5270461881739713
96,B,100,8,9,0.5419992056145236
96,B,100,9,0,1.6330894175557455
96,B,100,9,1,1.4233923546441145
96,B,100,9,2,1.1380600432520143
96,B,100,9,3,1.3404102593058638
96,B,100,9,4,1.4401103726818192
96,B,100,9,5,2.0136746315064706
96,B,100,9,6,1.9254176436863977
96,B,100,9,7,1.4998391053091271
96,B,100,9,8,1.637185800101152
96,B,100,9,9,1.6204740897423757
97,A,0.05,0,0,-0.0782892742469786
97,A,0.05,0,1,0.17298412519769857
97,A,0.05,0,2,0.12785071938709858
97,A,0.05,0,3,0.2595547934201759
97,A,0.05,0,4,0.15737243001642368
97,A,0.05,0,5,0.20304903063204022
97,A,0.05,0,6,0.3056573780114276
97,A,0.05,0,7,0.17350588183759713
97,A,0.05,0,8,0.42512266795910447
97,A,0.05,0,9,0.4108532783691696
97,A,0.05,1,0,-0.8849699412469942
97,A,0.05,1,1,-0.43698384443049343
97,A,0.05,1,2,-0.18730508312293975
97,A,0.05,1,3,-0.23268262657318248
97,A,0.05,1,4,-0.65572317302128
97,A,0.05,1,5,0.13981263791249146
97,A,0.05,1,6,-0.09863107409495651
97,A,0.05,1,7,-0.07464507890448696
97,A,0.05,1,8,-0.19698685053793846
97,A,0.05,1,9,-0.9628570575175448
97,A,0.05,2,0,-0.5767344277706322
97,A,0.05,2,1,-0.3654148929207332
97,A,0.05,2,2,-0.3091319520830825
97,A,0.05,2,3,-0.16585357577026302
97,A,0.05,2,4,-0.3826700432662512
97,A,0.05,2,5,-0.3731013866614151
97,A,0.05,2,6,-0.29816370765195405
97,A,0.05,2,7,-0.4434783411096982
97,A,0.05,2,8,-0.15432748864729884
97,A,0.05,2,9,-0.4231235225862672
97,A,0.05,3,0,-1.1085582224096056
97,A,0.05,3,1,-0.6276301507787504
97,A,0.05,3,2,-1.4903318964259895
97,A,0.05,3,3,-0.7290109225983532
97,A,0.05,3,4,-0.8931442015382641
97,A,0.05,3,5,-1.643969264546234
97,A,0.05,3,6,-0.9546495340176983
97,A,0.05,3,7,-1.1394081514690881
97,A,0.05,3,8,-1.1834850884965322
97,A,0.05,3,9,-0.9924789609335238
97,A,0.05,4,0,0.042426786879299516
97,A,0.05,4,1,0.2692574724858783
97,A,0.05,4,2,0.21391218398028836
97,A,0.05,4,3,0.19038442221197355
97,A,0.05,4,4,0.315910086729182
97,A,0.05,4,5,0.21977449581155115
97,A,0.05,4,6,-0.06901959266202418
97,A,0.05,4,7,-0.042808514771453095
97,A,0.05,4,8,0.36362058383178325
97,A,0.05,4,9,0.10901964036423387
97,A,0.05,5,0,1.11660332288371
97,A,0.05,5,1,1.0205743966384624
97,A,0.05,5,2,0.6089208199127281
97,A,0.05,5,3,1.0841919233041957
97,A,0.05,5,4,0.28788392573817445
97,A,0.05,5,5,0.5132242120416435
97,A,0.05,5,6,0.9468514384737706
97,A,0.05,5,7,0.9339502946755164
97,A,0.05,5,8,0.8843685558093002
97,A,0.05,5,9,1.3038947111702586
97,A,0.05,6,0,-1.4062496301658396
97,A,0.05,6,1,-1.3651102262785886
97,A,0.05,6,2,-1.343986026847129
97,A,0.05,6,3,-1.1592041311049375
97,A,0.05,6,4,-0.5520228672802524
97,A,0.05,6,5,-1.6856848029297715
97,A,0.05,6,6,-0.5058484959662619
97,A,0.05,6,7,-1.06652597222373
97,A,0.05,6,8,-0.4523725282305575
97,A,0.05,6,9,-0.596175700761537
97,A,0.05,7,0,-0.005848685070577985
97,A,0.05,7,1,0.03808712074354316
97,A,0.05,7,2,0.27877568205379555
97,A,0.05,7,3,-0.008813284887233186
97,A,0.05,7,4,0.14102546847847416
97,A,0.05,7,5,-0.10857347652302789
97,A,0.05,7,6,0.20430789278567912
97,A,0.05,7,7,0.42475772411847434
97,A,0.05,7,8,0.009471062206845729
97,A,0.05,7,9,0.09616801484012355
97,A,0.05,8,0,-0.41116551525620515
97,A,0.05,8,1,0.1297846853712174
97,A,0.05,8,2,-1.3028625278273493
97,A,0.05,8,3,0.034291394629938236
97,A,0.05,8,4,-0.6244800507988326
97,A,0.05,8,5,-0.9181716556639025
97,A,0.05,8,6,-1.2693876040725576
97,A,0.05,8,7,-0.7201880175017995
97,A,0.05,8,8,-0.9112256646231152
97,A,0.05,8,9,-0.3042657299251831
97,A,0.05,9,0,2.022864031355292
97,A,0.05,9,1,1.679214770309852
97,A,0.05,9,2,1.910004467840698
97,A,0.05,9,3,1.8724319328881356
97,A,0.05,9,4,2.1246802909854825
97,A,0.05,9,5,1.1398043005873788
97,A,0.05,9,6,2.0600353518086254
97,A,0.05,9,7,1.780542377763343
97,A,0.05,9,8,1.674129275327204
97,A,0.05,9,9,1.882000953632576
97,B,100,0,0,-0.9842422543062858
97,B,100,0,1,-0.9432441708860023
97,B,100,0,2,-0.2723162796598523
97,B,100,0,3,-1.1510880151907024
97,B,100,0,4,-0.9509249704690741
97,B,100,0,5,-0.4460599306005613
97,B,100,0,6,-0.7796067631040349
97,B,100,0,7,-1.1201692715762916
97,B,100,0,8,-1.036992932125305
97,B,100,0,9,-1.228200378080209
97,B,100,1,0,-0.5687858793780876
97,B,100,1,1,-0.5300944316716705
97,B,100,1,2,-0.5069194103540073
97,B,100,1,3,-0.4988175022768541
97,B,100,1,4,-0.8807330958453276
97,B,100,1,5,-0.12805617615123538
97,B,100,1,6,-0.24482514037206674
97,B,100,1,7,-0.3012767186032488
97,B,100,1,8,-0.2835300314858501
97,B,100,1,9,-0.5708055109099607
97,B,100,2,0,0.38129590678847025
97,B,100,2,1,1.1341367911402844
97,B,100,2,2,1.0186999585756622
97,B,100,2,3,1.195951783573998
97,B,100,2,4,0.9076526905949185
97,B,100,2,5,0.9911833348478171
97,B,100,2,6,1.2647492820467696
97,B,100,2,7,1.0314958994118848
97,B,100,2,8,1.253275830140568
97,B,100,2,9,1.2745407770982053
97,B,100,3,0,-0.2745973335657061
97,B,100,3,1,-0.8671427521999623
97,B,100,3,2,-0.5891871052134716
97,B,100,3,3,-0.5083358076596597
97,B,100,3,4,-0.5072054238605558
97,B,100,3,5,-0.9282309985112767
97,B,100,3,6,-0.564097244675838
97,B,100,3,7,-0.2078696523480192
97,B,100,3,8,-0.41723645870791415
97,B,100,3,9,-0.5099592341592845
97,B,100,4,0,0.5137790454731518
97,B,100,4,1,0.42019169158196606
97,B,100,4,2,0.5537510111364214
97,B,100,4,3,0.3994203963549376
97,B,100,4,4,0.35364449109773516
97,B,100,4,5,0.9896517777869256
97,B,100,4,6,0.30795686231434516
97,B,100,4,7,0.683846978587579
97,B,100,4,8,0.668153369858782
97,B,100,4,9,0.8604009210452542
97,B,100,5,0,1.5276916505839926
97,B,100,5,1,1.657110179334002
97,B,100,5,2,1.645239051311435
97,B,100,5,3,1.9349127594418543
97,B,100,5,4,1.5967934640578536
97,B,100,5,5,1.6307053853466789
97,B,100,5,6,1.8671262327521325
97,B,100,5,7,1.6013068812543447
97,B,100,5,8,2.093765757530266
97,B,100,5,9,1.5015236833078827
97,B,100,6,0,1.1470910971221162
97,B,100,6,1,1.4142354819144247
97,B,100,6,2,1.7288985935052787
97,B,100,6,3,1.519934449816955
97,B,100,6,4,1.7378726919087613
97,B,100,6,5,1.3692770650900445
97,B,100,6,6,1.2691560374777415
97,B,100,6,7,1.1700566176709004
97,B,100,6,8,1.5005827384440376
97,B,100,6,9,1.1685684592761376
97,B,100,7,0,0.013876654843454886
97,B,100,7,1,-0.2550767865160988
97,B,100,7,2,-0.2240654539592923
97,B,100,7,3,-0.6268474015095219
97,B,100,7,4,-0.9254687696558127
97,B,100,7,5,-0.6664403926492358
97,B,100,7,6,-0.521672517958344
97,B,100,7,7,-0.24938044147115904
97,B,100,7,8,-0.3417616011332791
97,B,100,7,9,-0.4785054516396898
97,B,100,8,0,0.16046789600951195
97,B,100,8,1,0.03471525199592432
97,B,100,8,2,-0.5854639137020414
97,B,100,8,3,0.07573302273749787
97,B,100,8,4,-0.36014821206979775
97,B,100,8,5,-0.8573416860947043
97,B,100,8,6,-0.40151362121863077
97,B,100,8,7,0.28959517660298617
97,B,100,8,8,0.17730266345183288
97,B,100,8,9,-0.40875562970869816
97,B,100,9,0,-0.1087922334500817
97,B,100,9,1,0.5939751526143977
97,B,100,9,2,0.3750105188923885
97,B,100,9,3,0.3736670545704172
97,B,100,9,4,0.6871070870833766
97,B,100,9,5,-0.14278835325953856
97,B,100,9,6,0.31757578941126485
97,B,100,9,7,0.6079513401253821
97,B,100,9,8,0.42452558177313265
97,B,100,9,9,0.07896403200055947
98,A,0.05,0,0,-0.004934721190181942
98,A,0.05,0,1,-0.022060665078957514
98,A,0.05,0,2,0.03298284664042094
98,A,0.05,0,3,0.4657667512727328
98,A,0.05,0,4,0.052582739147112555
98,A,0.05,0,5,0.3031248533300779
98,A,0.05,0,6,0.5998172871738323
98,A,0.05,0,7,0.010578473538759257
98,A,0.05,0,8,0.03204377662134108
98,A,0.05,0,9,0.03991053366713987
98,A,0.05,1,0,-2.155297479244807
98,A,0.05,1,1,-2.353962319429104
98,A,0.05,1,2,-2.051246661002808
98,A,0.05,1,3,-2.2229336869491654
98,A,0.05,1,4,-2.5309177474219346
98,A,0.05,1,5,-3.027563931919714
98,A,0.05,1,6,-1.9094794424014694
98,A,0.05,1,7,-2.134108526662288
98,A,0.05,1,8,-2.422701276543708
98,A,0.05,1,9,-2.3768291207839605
98,A,0.05,2,0,-0.30465520237108235
98,A,0.05,2,1,-0.0885777703228411
98,A,0.05,2,2,0.2694248870463858
98,A,0.05,2,3,0.7139410338564539
98,A,0.05,2,4,0.6784053025453223
98,A,0.05,2,5,0.008753999937663681
98,A,0.05,2,6,0.21243225948116612
98,A,0.05,2,7,0.6725616806456369
98,A,0.05,2,8,-1.2026964120573849
98,A,0.05,2,9,-0.15138058754555755
98,A,0.05,3,0,0.9494213201216556
98,A,0.05,3,1,0.7201235154063205
98,A,0.05,3,2,0.9061410593683226
98,A,0.05,3,3,0.7497240594750494
98,A,0.05,3,4,0.48414599241192113
98,A,0.05,3,5,0.7733623267313603
98,A,0.05,3,6,1.009483892147701
98,A,0.05,3,7,1.3139878982516375
98,A,0.05,3,8,1.1724250198886133
98,A,0.05,3,9,1.1721394591483172
98,A,0.05,4,0,-0.7559596281069069
98,A,0.05,4,1,-0.6306287070352755
98,A,0.05,4,2,-0.46466895579818196
98,A,0.05,4,3,-0.6194049633229729
98,A,0.05,4,4,-0.8783216353914792
98,A,0.05,4,5,-0.4798159333517787
98,A,0.05,4,6,-0.27313749788099445
98,A,0.05,4,7,-0.7944431637632382
98,A,0.05,4,8,-0.13170438477821386
98,A,0.05,4,9,-0.6417501066864922
98,A,0.05,5,0,-0.5694197174807666
98,A,0.05,5,1,-0.5561568074578546
98,A,0.05,5,2,-0.9756143052564339
98,A,0.05,5,3,-0.5423382920092794
98,A,0.05,5,4,-0.7258828892498245
98,A,0.05,5,5,-0.4843609894890523
98,A,0.05,5,6,-0.6586914008723683
98,A,0.05,5,7,-0.7857332855226996
98,A,0.05,5,8,-0.6328201047844543
98,A,0.05,5,9,-0.7591963249378987
98,A,0.05,6,0,-0.31277213659029063
98,A,0.05,6,1,-0.39107278339465223
98,A,0.05,6,2,-0.64161862539231
98,A,0.05,6,3,-0.10664943604591617
98,A,0.05,6,4,-0.45964157114019394
98,A,0.05,6,5,-1.005727832970853
98,A,0.05,6,6,0.12000134426708063
98,A,0.05,6,7,-0.7995828157604778
98,A,0.05,6,8,-0.3273410894088177
98,A,0.05,6,9,-0.32972390712799216
98,A,0.05,7,0,-0.2298799452614023
98,A,0.05,7,1,-0.1351810836996553
98,A,0.05,7,2,-0.15798225882099434
98,A,0.05,7,3,-0.295786431576321
98,A,0.05,7,4,-0.2702769762853128
98,A,0.05,7,5,-0.24046081825186108
98,A,0.05,7,6,-0.3489640167380269
98,A,0.05,7,7,-0.17915810927616138
98,A,0.05,7,8,-0.2976861092835094
98,A,0.05,7,9,-0.2397561326999844
98,A,0.05,8,0,0.18857736584594947
98,A,0.05,8,1,0.3335011901016073
98,A,0.05,8,2,0.420810474867359
98,A,0.05,8,3,0.24996837811538633
98,A,0.05,8,4,0.04859848375132919
98,A,0.05,8,5,-0.017392552729102322
98,A,0.05,8,6,0.13456006056426356
98,A,0.05,8,7,-0.18585713649871127
98,A,0.05,8,8,0.22456768289326787
98,A,0.05,8,9,-0.013477315276153848
98,A,0.05,9,0,0.6049054536477659
98,A,0.05,9,1,0.17428417256773887
98,A,0.05,9,2,0.668934554385017
98,A,0.05,9,3,0.5647480837110812
98,A,0.05,9,4,0.44592214604141217
98,A,0.05,9,5,0.3412462942712352
98,A,0.05,9,6,0.8795074693591872
98,A,0.05,9,7,1.4726693414694156
98,A,0.05,9,8,1.117582332983261
98,A,0.05,9,9,-0.12917226266597953
98,B,100,0,0,0.6558739929479502
98,B,100,0,1,0.5093330408380178
98,B,100,0,2,0.6694834290363969
98,B,100,0,3,0.7240868023082687
98,B,100,0,4,1.0335525180709169
98,B,100,0,5,0.5517849158242615
98,B,100,0,6,0.9028393641166914
98,B,100,0,7,0.6249679526701937
98,B,100,0,8,0.3381369807270428
98,B,100,0,9,0.6155306352036608
98,B,100,1,0,0.7570097373363961
98,B,100,1,1,0.49653978296067347
98,B,100,1,2,0.6197169903809617
98,B,100,1,3,0.5612453940754553
98,B,100,1,4,0.20695601685343096
98,B,100,1,5,0.41081903059459324
98,B,100,1,6,0.6350951615849378
98,B,100,1,7,0.5763443303161007
98,B,100,1,8,1.0103345615671724
98,B,100,1,9,0.6038551317092334
98,B,100,2,0,-2.658144832040442
98,B,100,2,1,-0.6886363810917301
98,B,100,2,2,-2.466027622600963
98,B,100,2,3,-2.082181365125647
98,B,100,2,4,-2.400034108189797
98,B,100,2,5,-2.1516053605598917
98,B,100,2,6,-1.803345501728727
98,B,100,2,7,-1.6257997546570264
98,B,100,2,8,-2.531720438337426
98,B,100,2,9,-1.997560229097484
98,B,100,3,0,-0.16597174488784924
98,B,100,3,1,-0.18760526910522574
98,B,100,3,2,-0.3396887403232175
98,B,100,3,3,-0.12243841396997351
98,B,100,3,4,-0.23166842273267993
98,B,100,3,5,-0.3482738093184078
98,B,100,3,6,-0.1641219873032551
98,B,100,3,7,-0.18697455105616342
98,B,100,3,8,-0.3620988887922012
98,B,100,3,9,-0.19131330455174136
98,B,100,4,0,-0.3208213023306623
98,B,100,4,1,-0.08869263947904882
98,B,100,4,2,-0.11029039829199001
98,B,100,4,3,-0.15402425869188327
98,B,100,4,4,-0.20461063412125655
98,B,100,4,5,-0.12018921112248188
98,B,100,4,6,-0.11378840897936379
98,B,100,4,7,-0.029855129121462716
98,B,100,4,8,-0.08455050216868634
98,B,100,4,9,0.0007437895082778707
98,B,100,5,0,-1.4394030250496412
98,B,100,5,1,-2.319329235574268
98,B,100,5,2,-2.2901639906383675
98,B,100,5,3,-2.177866152691957
98,B,100,5,4,-2.250149646466776
98,B,100,5,5,-2.2245810325581545
98,B,100,5,6,-2.3463071111520777
98,B,100,5,7,-2.0758289842261055
98,B,100,5,8,-2.0808886793581123
98,B,100,5,9,-2.551901110316554
98,B,100,6,0,-1.5011958773932421
98,B,100,6,1,-0.5653031428213476
98,B,100,6,2,-2.1025995595680724
98,B,100,6,3,-0.25037054690768457
98,B,100,6,4,-1.6659147731167454
98,B,100,6,5,-2.3030949080525747
98,B,100,6,6,-1.355152901209024
98,B,100,6,7,-0.47588314342544535
98,B,100,6,8,-1.5273577633563222
98,B,100,6,9,-0.5755030857755931
98,B,100,7,0,1.1567010392830699
98,B,100,7,1,1.5973015794493552
98,B,100,7,2,1.8807658723175
98,B,100,7,3,1.0486631878924202
98,B,100,7,4,1.883400876554337
98,B,100,7,5,1.501100900609481
98,B,100,7,6,0.9458280972045525
98,B,100,7,7,1.2304296829841603
98,B,100,7,8,1.4182918054955826
98,B,100,7,9,1.1959342499907923
98,B,100,8,0,0.9692937733989059
98,B,100,8,1,0.1697480682864499
98,B,100,8,2,0.7418897225170061
98,B,100,8,3,0.4858362232473717
98,B,100,8,4,1.2284805195562354
98,B,100,8,5,0.8984909625088681
98,B,100,8,6,1.149153239542422
98,B,100,8,7,0.8188862235989385
98,B,100,8,8,0.9826448491291511
98,B,100,8,9,0.8575946088073102
98,B,100,9,0,-0.5539221765047265
98,B,100,9,1,-0.725246377294838
98,B,100,9,2,-0.5618045935737737
98,B,100,9,3,-0.22995112265683654
98,B,100,9,4,-0.4419011258282355
98,B,100,9,5,-0.23201473593167826
98,B,100,9,6,-0.761964418458925
98,B,100,9,7,-0.18894826670984713
98,B,100,9,8,-0.01992623475808261
98,B,100,9,9,-0.19699677449073622
99,A,0.05,0,0,-0.22570534659906366
99,A,0.05,0,1,0.13194837875862145
99,A,0.05,0,2,0.242103333644002
99,A,0.05,0,3,0.8904113724587883
99,A,0.05,0,4,0.04827302016577373
99,A,0.05,0,5,0.2566657159583924
99,A,0.05,0,6,0.6234658353466949
99,A,0.05,0,7,-0.12778908287667487
99,A,0.05,0,8,0.5912344861463003
99,A,0.05,0,9,0.020335287076974098
99,A,0.05,1,0,0.08886445230570773
99,A,0.05,1,1,-0.031871709967103964
99,A,0.05,1,2,-0.3303839218963528
99,A,0.05,1,3,0.061205082669573786
99,A,0.05,1,4,-0.4010607671374377
99,A,0.05,1,5,0.022494949457279874
99,A,0.05,1,6,0.18642964989097216
99,A,0.05,1,7,-0.3093778760362824
99,A,0.05,1,8,0.3555844714053463
99,A,0.05,1,9,0.6895699863119864
99,A,0.05,2,0,0.048115024064837114
99,A,0.05,2,1,0.06148629968648344
99,A,0.05,2,2,0.3112926375327703
99,A,0.05,2,3,0.18682135882787515
99,A,0.05,2,4,0.456953811987521
99,A,0.05,2,5,-0.03294135198652386
99,A,0.05,2,6,0.38708330935320195
99,A,0.05,2,7,0.43205053327713333
99,A,0.05,2,8,0.07508720386009342
99,A,0.05,2,9,0.05316755409955384
99,A,0.05,3,0,1.1240266604035174
99,A,0.05,3,1,0.7293216864986807
99,A,0.05,3,2,1.0559870389671582
99,A,0.05,3,3,1.1199553321405558
99,A,0.05,3,4,1.0652317258168007
99,A,0.05,3,5,0.25025746217566863
99,A,0.05,3,6,1.045011583369777
99,A,0.05,3,7,0.4288302422929233
99,A,0.05,3,8,0.5118885153832801
99,A,0.05,3,9,0.7129167261657178
99,A,0.05,4,0,-2.367039505334506
99,A,0.05,4,1,-1.1987664474708495
99,A,0.05,4,2,-1.6472840087664717
99,A,0.05,4,3,-1.5343194322031661
99,A,0.05,4,4,-1.548063608596543
99,A,0.05,4,5,-1.3965832987762212
99,A,0.05,4,6,-0.9405905508458245
99,A,0.05,4,7,-1.2823968784153503
99,A,0.05,4,8,-1.522438144247168
99,A,0.05,4,9,-1.5738583065011984
99,A,0.05,5,0,0.015254286138769309
99,A,0.05,5,1,0.007928146247739585
99,A,0.05,5,2,-0.006456848028001425
99,A,0.05,5,3,0.0016042448369413596
99,A,0.05,5,4,-0.009533325803881222
99,A,0.05,5,5,1.0332706992188647
99,A,0.05,5,6,1.0926919260332884
99,A,0.05,5,7,0.008481247253237687
99,A,0.05,5,8,1.1983621804121003
99,A,0.05,5,9,1.0903261325944866
99,A,0.05,6,0,-1.4859794045109325
99,A,0.05,6,1,-1.8401317925548446
99,A,0.05,6,2,-1.3934415736916916
99,A,0.05,6,3,-1.9191552343396756
99,A,0.05,6,4,-1.6471944126945017
99,A,0.05,6,5,-2.443815893521421
99,A,0.05,6,6,-2.1002649499023955
99,A,0.05,6,7,-1.6529866245096392
99,A,0.05,6,8,-1.6338976974913806
99,A,0.05,6,9,-1.840991091910256
99,A,0.05,7,0,-0.6021429568844208
99,A,0.05,7,1,-0.5659519158514696
99,A,0.05,7,2,-0.5454242359313631
99,A,0.05,7,3,-0.6593053135161362
99,A,0.05,7,4,-0.5970697881195732
99,A,0.05,7,5,-0.42435018424744747
99,A,0.05,7,6,0.5822890514183898
99,A,0.05,7,7,-0.3211095142441717
99,A,0.05,7,8,-0.06957099912022816
99,A,0.05,7,9,-0.14282079310664908
99,A,0.05,8,0,-3.014903371642048
99,A,0.05,8,1,-3.229308774361472
99,A,0.05,8,2,-3.748809553760959
99,A,0.05,8,3,-3.412525085368269
99,A,0.05,8,4,-2.7116545869339963
99,A,0.05,8,5,-2.9604195042924175
99,A,0.05,8,6,-3.6416870307216933
99,A,0.05,8,7,-2.9540998061778927
99,A,0.05,8,8,-3.3998080817458107
99,A,0.05,8,9,-2.7040987636057814
99,A,0.05,9,0,0.8908795313441467
99,A,0.05,9,1,0.44138663915270004
99,A,0.05,9,2,0.5947760358014261
99,A,0.05,9,3,0.5749415893439338
99,A,0.05,9,4,0.2728832612021314
99,A,0.05,9,5,0.7031972008771824
99,A,0.05,9,6,0.39652972030898836
99,A,0.05,9,7,0.8465526515887233
99,A,0.05,9,8,0.5774112341705367
99,A,0.05,9,9,0.5086543476113566
99,B,100,0,0,0.18021824277464873
99,B,100,0,1,0.6649802143711545
99,B,100,0,2,0.6329678846651249
99,B,100,0,3,0.7664713211975699
99,B,100,0,4,0.761067086178551
99,B,100,0,5,1.0122344002162889
99,B,100,0,6,0.9252936359753435
99,B,100,0,7,0.5271751043199824
99,B,100,0,8,0.7871998607303102
99,B,100,0,9,0.9486571410497876
99,B,100,1,0,2.6408595603106217
99,B,100,1,1,3.0676376394449396
99,B,100,1,2,2.923732977328203
99,B,100,1,3,3.309664043967331
99,B,100,1,4,2.1146135611002332
99,B,100,1,5,2.2885941706413213
99,B,100,1,6,2.4340650607693957
99,B,100,1,7,1.8630855968896867
99,B,100,1,8,2.8572710498548948
99,B,100,1,9,2.5061214729472425
99,B,100,2,0,-1.4408396401300452
99,B,100,2,1,-1.8706995563186086
99,B,100,2,2,-1.381031775210374
99,B,100,2,3,-2.4125712191135142
99,B,100,2,4,-0.9541041453673932
99,B,100,2,5,-1.2238460835835856
99,B,100,2,6,-0.7218690460415612
99,B,100,2,7,-0.5634948863340541
99,B,100,2,8,-1.3998350861874373
99,B,100,2,9,-1.3883300570325636
99,B,100,3,0,-2.316213144924184
99,B,100,3,1,-1.807663042054419
99,B,100,3,2,-0.8479794977721381
99,B,100,3,3,-0.7903107815294803
99,B,100,3,4,-1.3220830338590155
99,B,100,3,5,-0.5637036505551349
99,B,100,3,6,-0.5485943339737246
99,B,100,3,7,-0.796805250412102
99,B,100,3,8,-0.9802295732224167
99,B,100,3,9,-0.8512566278483752
99,B,100,4,0,-1.0836739249467826
99,B,100,4,1,-0.9598737790339925
99,B,100,4,2,-0.481322328131099
99,B,100,4,3,-0.7446111616324517
99,B,100,4,4,-0.9832936768008161
99,B,100,4,5,-1.0885725527161518
99,B,100,4,6,-0.689880983740406
99,B,100,4,7,-0.7451769835117392
99,B,100,4,8,-0.7753188657793523
99,B,100,4,9,-0.7302958086457281
99,B,100,5,0,-1.22278580785792
99,B,100,5,1,-0.9463884365969044
99,B,100,5,2,-1.730485394896143
99,B,100,5,3,-0.7929199381399603
99,B,100,5,4,-1.334678241900976
99,B,100,5,5,-0.9653223959878068
99,B,100,5,6,-0.7560253133488787
99,B,100,5,7,-0.8556101656199692
99,B,100,5,8,-1.213283193304323
99,B,100,5,9,-1.6693936966399288
99,B,100,6,0,-0.4602607626522498
99,B,100,6,1,-0.17330948495332654
99,B,100,6,2,-0.421015320741975
99,B,100,6,3,1.1903341361945896
99,B,100,6,4,0.15810816254988316
99,B,100,6,5,1.2013992910121682
99,B,100,6,6,0.3716885047932542
99,B,100,6,7,0.6784276888387749
99,B,100,6,8,-0.1946576125014043
99,B,100,6,9,0.9721884931746102
99,B,100,7,0,0.6399499767617284
99,B,100,7,1,0.39710565045112517
99,B,100,7,2,0.660897040372217
99,B,100,7,3,1.2251351090765352
99,B,100,7,4,0.818024735973551
99,B,100,7,5,0.8156662110350282
99,B,100,7,6,0.41848882023999356
99,B,100,7,7,0.980362780895657
99,B,100,7,8,0.9544219928501173
99,B,100,7,9,0.6218338248946632
99,B,100,8,0,-1.3902575364555607
99,B,100,8,1,-1.0361944503370994
99,B,100,8,2,-0.9055568965698052
99,B,100,8,3,-1.112808974771039
99,B,100,8,4,-0.8931286166227027
99,B,100,8,5,-0.9226357721834346
99,B,100,8,6,-1.0824377486119523
99,B,100,8,7,-1.7983036373573105
99,B,100,8,8,-1.1904541528212518
99,B,100,8,9,-1.524838103932922
99,B,100,9,0,-0.5857926707162651
99,B,100,9,1,-0.4101338020477183
99,B,100,9,2,-0.23716835049643267
99,B,100,9,3,-0.5042053705813097
99,B,100,9,4,-0.21949606724523596
99,B,100,9,5,-0.2795754675874772
99,B,100,9,6,-0.2620163865013277
99,B,100,9,7,-0.20146151918702648
99,B,100,9,8,-0.34664562053671527
99,B,100,9,9,-0.2874622445471119
100,A,0.05,0,0,-1.3799549466477035
100,A,0.05,0,1,-1.4010331012993458
100,A,0.05,0,2,-1.3825607292890674
100,A,0.05,0,3,-1.1464970715399676
100,A,0.05,0,4,-1.6338398170059858
100,A,0.05,0,5,-1.0464452256099037
100,A,0.05,0,6,-1.1426898899055629
100,A,0.05,0,7,-1.1191228468921681
100,A,0.05,0,8,-1.2379036148665719
100,A,0.05,0,9,-0.9225351162434968
100,A,0.05,1,0,-1.8745880799277528
100,A,0.05,1,1,-1.8655558282627138
100,A,0.05,1,2,-2.2624630108311936
100,A,0.05,1,3,-2.23419072691055
100,A,0.05,1,4,-1.6449847606571926
100,A,0.05,1,5,-2.1688235258685413
100,A,0.05,1,6,-2.811206274167521
100,A,0.05,1,7,-2.556035105832947
100,A,0.05,1,8,-2.4835027568153283
100,A,0.05,1,9,-2.193248881590794
100,A,0.05,2,0,0.24476563713397284
100,A,0.05,2,1,0.23876883276617428
100,A,0.05,2,2,0.014701539848124306
100,A,0.05,2,3,0.22423498059112726
100,A,0.05,2,4,0.15308583742853163
100,A,0.05,2,5,0.13477181835193972
100,A,0.05,2,6,0.26200425822164336
100,A,0.05,2,7,0.08118351452983649
100,A,0.05,2,8,0.27910038147792
100,A,0.05,2,9,0.20608479676854558
100,A,0.05,3,0,-2.598520527096154
100,A,0.05,3,1,-2.172292497443646
100,A,0.05,3,2,-3.18655266470788
100,A,0.05,3,3,-3.4066369760049975
100,A,0.05,3,4,-2.927936583144566
100,A,0.05,3,5,-2.3882594883617254
100,A,0.05,3,6,-3.150553561000515
100,A,0.05,3,7,-2.7970968329640797
100,A,0.05,3,8,-2.4864654365412773
100,A,0.05,3,9,-3.0543324482645198
100,A,0.05,4,0,-0.9128519374813271
100,A,0.05,4,1,-1.1149614031914008
100,A,0.05,4,2,-1.1980512556970377
100,A,0.05,4,3,-0.7092438368221397
100,A,0.05,4,4,-0.9758459789796763
100,A,0.05,4,5,-0.7586385137137899
100,A,0.05,4,6,-1.2147199675131501
100,A,0.05,4,7,-0.6900487977018309
100,A,0.05,4,8,-0.8577413848471868
100,A,0.05,4,9,-0.8914572609123813
100,A,0.05,5,0,1.1495174578721836
100,A,0.05,5,1,1.2026038831529793
100,A,0.05,5,2,1.2146059043521533
100,A,0.05,5,3,0.8515966116805244
100,A,0.05,5,4,1.0652482544701
100,A,0.05,5,5,0.4499907145746288
100,A,0.05,5,6,1.5370217830007669
100,A,0.05,5,7,1.2389930464683536
100,A,0.05,5,8,1.4035034690831467
100,A,0.05,5,9,0.6799126056913223
100,A,0.05,6,0,-1.8043007698728954
100,A,0.05,6,1,-0.43165073902046724
100,A,0.05,6,2,-2.7934605878931054
100,A,0.05,6,3,-2.5698148840833994
100,A,0.05,6,4,-0.3122101830016007
100,A,0.05,6,5,-3.344813487902854
100,A,0.05,6,6,-0.33252236940202806
100,A,0.05,6,7,-0.25399777930686024
100,A,0.05,6,8,-2.460742147470547
100,A,0.05,6,9,-2.5314114126482345
100,A,0.05,7,0,-2.602377965712904
100,A,0.05,7,1,-3.081638824877053
100,A,0.05,7,2,-3.0494731828635646
100,A,0.05,7,3,-1.888051571771194
100,A,0.05,7,4,-2.6385292123017856
100,A,0.05,7,5,-2.248223678176696
100,A,0.05,7,6,-2.772526009695065
100,A,0.05,7,7,-1.7483029640301324
100,A,0.05,7,8,-2.719044347870916
100,A,0.05,7,9,-3.0753760634851077
100,A,0.05,8,0,0.6078665497416549
100,A,0.05,8,1,1.0839740197867096
100,A,0.05,8,2,1.115824893009116
100,A,0.05,8,3,1.0175346465890827
100,A,0.05,8,4,1.3378577056219123
100,A,0.05,8,5,1.1264942438709622
100,A,0.05,8,6,0.6608093359118882
100,A,0.05,8,7,1.1066774653152136
100,A,0.05,8,8,0.905424994563958
100,A,0.05,8,9,0.7326784219465599
100,A,0.05,9,0,-0.16713965957391202
100,A,0.05,9,1,-0.10298973041989495
100,A,0.05,9,2,-0.25968136445088175
100,A,0.05,9,3,-0.013546298830251973
100,A,0.05,9,4,0.03443270441923917
100,A,0.05,9,5,-0.23115252353102506
100,A,0.05,9,6,-0.3026692419344234
100,A,0.05,9,7,-0.4980547310481659
100,A,0.05,9,8,-0.2090805426621867
100,A,0.05,9,9,-0.2918695147880579
100,B,100,0,0,-0.051667075787056614
100,B,100,0,1,-0.2808456973759745
100,B,100,0,2,0.4495221955437123
100,B,100,0,3,0.4703419040092456
100,B,100,0,4,0.22009218128277175
100,B,100,0,5,0.36239102350645497
100,B,100,0,6,0.520404938807513
100,B,100,0,7,0.30528287592397324
100,B,100,0,8,0.8789242935388472
100,B,100,0,9,1.0241681916652627
100,B,100,1,0,-1.009763437715364
100,B,100,1,1,-1.0735522895116172
100,B,100,1,2,-0.8385240149652482
100,B,100,1,3,-0.7614751296528462
100,B,100,1,4,-1.0413767176694781
100,B,100,1,5,-0.824741231220928
100,B,100,1,6,-0.8151425383157357
100,B,100,1,7,-1.2174223874220385
100,B,100,1,8,-1.4313651385558892
100,B,100,1,9,-1.4291835552434249
100,B,100,2,0,-1.556736216967844
100,B,100,2,1,-1.8050338868851823
100,B,100,2,2,-1.675703977699947
100,B,100,2,3,-1.4432128181771189
100,B,100,2,4,-1.7251754316998356
100,B,100,2,5,-1.7553561639726147
100,B,100,2,6,-1.7900464362282538
100,B,100,2,7,-1.5721994644174306
100,B,100,2,8,-1.391025407322701
100,B,100,2,9,-1.860258688405215
100,B,100,3,0,-0.060452021781793416
100,B,100,3,1,-0.22897579844658122
100,B,100,3,2,-0.05235815089569109
100,B,100,3,3,-0.15520094776698892
100,B,100,3,4,-0.04250982861515276
100,B,100,3,5,-0.03665301673210241
100,B,100,3,6,-0.042670198956359935
100,B,100,3,7,-0.03400292125376985
100,B,100,3,8,-0.022142833446384673
100,B,100,3,9,-0.06667088082414077
100,B,100,4,0,-0.23073757748070106
100,B,100,4,1,0.27539101452584425
100,B,100,4,2,0.2270140426646027
100,B,100,4,3,0.07532106394969244
100,B,100,4,4,0.4272991867428985
100,B,100,4,5,-0.0169505174352093
100,B,100,4,6,-0.02095070954293955
100,B,100,4,7,-0.2497686411502336
100,B,100,4,8,0.08751560223132507
100,B,100,4,9,-0.24053591376251554
100,B,100,5,0,0.04629563531694261
100,B,100,5,1,-0.07583261595596331
100,B,100,5,2,0.011057931376069455
100,B,100,5,3,-0.16973129182035399
100,B,100,5,4,-0.35689558964200685
100,B,100,5,5,-0.33785025750382836
100,B,100,5,6,0.05186155278721058
100,B,100,5,7,-0.2788324278309747
100,B,100,5,8,-0.13238949940479294
100,B,100,5,9,-0.045423016997625715
100,B,100,6,0,-0.46873066001354063
100,B,100,6,1,-0.4579249681048218
100,B,100,6,2,-0.6195668580114159
100,B,100,6,3,-0.4013631631009591
100,B,100,6,4,-0.8284633786899576
100,B,100,6,5,-0.47178296255159724
100,B,100,6,6,-0.8842751375654664
100,B,100,6,7,-0.7434749353774759
100,B,100,6,8,-0.8006395801190346
100,B,100,6,9,-0.3639737530464041
100,B,100,7,0,-0.7444244711518027
100,B,100,7,1,-0.08264258528529428
100,B,100,7,2,-0.528753734871315
100,B,100,7,3,-0.5849430141615186
100,B,100,7,4,-0.478361619323492
100,B,100,7,5,-0.5890896458302355
100,B,100,7,6,-0.4863238535255989
100,B,100,7,7,-0.5592061883238576
100,B,100,7,8,-0.3166141357729142
100,B,100,7,9,-0.4362616851711621
100,B,100,8,0,-0.05134758982535822
100,B,100,8,1,-0.005906139199767438
100,B,100,8,2,-0.013896278041810132
100,B,100,8,3,0.011116935401425618
100,B,100,8,4,-0.008882797619813051
100,B,100,8,5,-0.02390336938026313
100,B,100,8,6,0.020795863097283103
100,B,100,8,7,-0.02201492886559957
100,B,100,8,8,0.051188064964739724
100,B,100,8,9,-0.03456429499810314
100,B,100,9,0,0.2822464624885992
100,B,100,9,1,0.4205788620401857
100,B,100,9,2,0.35062279606209706
100,B,100,9,3,0.008929438099063988
100,B,100,9,4,0.5119430788915827
100,B,100,9,5,0.04643494710481444
100,B,100,9,6,0.10200526878814314
100,B,100,9,7,0.3029480486301745
100,B,100,9,8,0.2435618167596361
100,B,100,9,9,0.3812384891458142
101,A,0.05,0,0,0.13850642922370873
101,A,0.05,0,1,0.46759987457982166
101,A,0.05,0,2,0.09046267021857456
101,A,0.05,0,3,0.21155951944022036
101,A,0.05,0,4,0.043553345210214096
101,A,0.05,0,5,0.28697285220218627
101,A,0.05,0,6,0.31274232831560617
101,A,0.05,0,7,-0.3654573992531119
101,A,0.05,0,8,-0.19905286702830646
101,A,0.05,0,9,0.12978593449488005
101,A,0.05,1,0,-0.09945584870979161
101,A,0.05,1,1,-0.18422989565639986
101,A,0.05,1,2,-0.14358641152253937
101,A,0.05,1,3,-0.021137752803223973
101,A,0.05,1,4,-0.3384724784764422
101,A,0.05,1,5,-0.21450599907026052
101,A,0.05,1,6,-0.422076300389458
101,A,0.05,1,7,-0.20798211244677392
101,A,0.05,1,8,-0.861594195752359
101,A,0.05,1,9,0.030209492834443928
101,A,0.05,2,0,-0.8732097708740432
101,A,0.05,2,1,-0.4125942225889495
101,A,0.05,2,2,-0.5242850631732374
101,A,0.05,2,3,-0.5515193442600003
101,A,0.05,2,4,-0.19271763270314435
101,A,0.05,2,5,-0.25881697005852516
101,A,0.05,2,6,-0.13574792375037284
101,A,0.05,2,7,-0.45841806520656336
101,A,0.05,2,8,-0.020688374826116594
101,A,0.05,2,9,-0.15545256962304696
101,A,0.05,3,0,1.1868549266012556
101,A,0.05,3,1,0.7006930923818704
101,A,0.05,3,2,1.3421484949972033
101,A,0.05,3,3,1.120820802750967
101,A,0.05,3,4,0.6215998876869837
101,A,0.05,3,5,1.1638558603090043
101,A,0.05,3,6,1.6219205848530989
101,A,0.05,3,7,1.762361941870887
101,A,0.05,3,8,1.0435831299082878
101,A,0.05,3,9,1.33683228603751
101,A,0.05,4,0,0.5366711407415244
101,A,0.05,4,1,-0.30828289162420053
101,A,0.05,4,2,0.6807945012679528
101,A,0.05,4,3,0.669987258660882
101,A,0.05,4,4,0.2650204527179379
101,A,0.05,4,5,0.7597437856213496
101,A,0.05,4,6,-0.7789535893080073
101,A,0.05,4,7,0.18642757695076367
101,A,0.05,4,8,1.1681644204519772
101,A,0.05,4,9,-0.043926388643842594
101,A,0.05,5,0,-1.2573850182848585
101,A,0.05,5,1,-2.109026147719689
101,A,0.05,5,2,-1.1238212780806773
101,A,0.05,5,3,-0.9071929807095742
101,A,0.05,5,4,-1.7954898791557687
101,A,0.05,5,5,-1.2621011635621355
101,A,0.05,5,6,-1.49998372992701
101,A,0.05,5,7,-1.9571659566720612
101,A,0.05,5,8,-1.59997038024146
101,A,0.05,5,9,-1.3094853230353274
101,A,0.05,6,0,0.048782489726684815
101,A,0.05,6,1,-0.4055043945517079
101,A,0.05,6,2,-0.1153685011877367
101,A,0.05,6,3,-0.21013419788257293
101,A,0.05,6,4,-0.13134139027842356
101,A,0.05,6,5,-0.20130371450460535
101,A,0.05,6,6,-0.21866169991449155
101,A,0.05,6,7,0.5130205277505299
101,A,0.05,6,8,-0.18804329160001798
101,A,0.05,6,9,-0.4358312420409431
101,A,0.05,7,0,1.3231842735538826
101,A,0.05,7,1,1.5374582819098572
101,A,0.05,7,2,1.4782856970226577
101,A,0.05,7,3,1.3395134162860396
101,A,0.05,7,4,1.1750688865745869
101,A,0.05,7,5,1.2101072183549286
101,A,0.05,7,6,1.3071212842348703
101,A,0.05,7,7,1.2475407891491157
101,A,0.05,7,8,0.9185354130639949
101,A,0.05,7,9,0.8119356109543358
101,A,0.05,8,0,2.322006341366522
101,A,0.05,8,1,1.9813222146808547
101,A,0.05,8,2,2.3805210630035107
101,A,0.05,8,3,1.9634522498454452
101,A,0.05,8,4,2.200008002337826
101,A,0.05,8,5,2.129583410168627
101,A,0.05,8,6,2.45906333028481
101,A,0.05,8,7,1.7123361353242272
101,A,0.05,8,8,2.4536554251177973
101,A,0.05,8,9,2.5505475026284414
101,A,0.05,9,0,-0.383365509137637
101,A,0.05,9,1,-0.43830795926746013
101,A,0.05,9,2,-0.6336958487729119
101,A,0.05,9,3,-0.5006974857939914
101,A,0.05,9,4,-0.5384946184586739
101,A,0.05,9,5,-0.35270958357174403
101,A,0.05,9,6,-0.5039933996168354
101,A,0.05,9,7,-0.1983035537789972
101,A,0.05,9,8,-0.5425863089862316
101,A,0.05,9,9,-0.12996679184311635
101,B,100,0,0,1.5307981076352573
101,B,100,0,1,1.5756194094057563
101,B,100,0,2,0.966483298367581
101,B,100,0,3,0.9950244153641508
101,B,100,0,4,0.763038510864961
101,B,100,0,5,0.9212701003898665
101,B,100,0,6,1.2729798673278017
101,B,100,0,7,1.2042220298859634
101,B,100,0,8,1.3251670925997157
101,B,100,0,9,1.0502139546718643
101,B,100,1,0,-0.08331687001491356
101,B,100,1,1,0.09473844572982083
101,B,100,1,2,0.9996388817516157
101,B,100,1,3,1.3047809465180293
101,B,100,1,4,1.0847282143065098
101,B,100,1,5,1.2773951463829998
101,B,100,1,6,1.0455250454529408
101,B,100,1,7,1.0311549355008474
101,B,100,1,8,1.0989849946930355
101,B,100,1,9,0.9910313946555614
101,B,100,2,0,0.16679059885081285
101,B,100,2,1,0.13769658321964356
101,B,100,2,2,0.5574600322977697
101,B,100,2,3,0.029596380916316466
101,B,100,2,4,-0.3716388330330109
101,B,100,2,5,0.4855175184475335
101,B,100,2,6,0.641615252052047
101,B,100,2,7,0.45134630485541993
101,B,100,2,8,0.6926100048455378
101,B,100,2,9,-0.25740590515032424
101,B,100,3,0,0.06249268016258572
101,B,100,3,1,0.4680854823012891
101,B,100,3,2,0.17737450190616758
101,B,100,3,3,0.10559978565165928
101,B,100,3,4,0.038591916499269664
101,B,100,3,5,-0.055601645249817484
101,B,100,3,6,0.2644260871233367
101,B,100,3,7,0.16743119000339513
101,B,100,3,8,0.7911754060351774
101,B,100,3,9,0.36638426776136396
101,B,100,4,0,0.08139517645790767
101,B,100,4,1,0.34257270864896616
101,B,100,4,2,0.1903504593446837
101,B,100,4,3,0.017285572315464817
101,B,100,4,4,0.6350185916698433
101,B,100,4,5,0.5675572732061884
101,B,100,4,6,0.7043883117622388
101,B,100,4,7,0.316115031658771
101,B,100,4,8,1.0640220710462738
101,B,100,4,9,0.7954686767784975
101,B,100,5,0,-0.23685560312376744
101,B,100,5,1,-0.671545613832183
101,B,100,5,2,0.05362580965921941
101,B,100,5,3,-0.400075115510068
101,B,100,5,4,0.08080741338068315
101,B,100,5,5,-0.029559460321226142
101,B,100,5,6,0.18264877766290072
101,B,100,5,7,-0.07287581662756812
101,B,100,5,8,0.38269808016418144
101,B,100,5,9,0.14412393600970105
101,B,100,6,0,-1.2121415767695476
101,B,100,6,1,-1.8034345889583554
101,B,100,6,2,-1.6424055135491258
101,B,100,6,3,-1.7450342144856774
101,B,100,6,4,-1.3572084739062664
101,B,100,6,5,-0.9829580336639815
101,B,100,6,6,-0.9847716266661145
101,B,100,6,7,-1.7948387688244587
101,B,100,6,8,-1.3994282044957627
101,B,100,6,9,-1.3136233299813116
101,B,100,7,0,-0.445181587746296
101,B,100,7,1,-0.8098031031401022
101,B,100,7,2,-1.0282639982553885
101,B,100,7,3,-0.6009170355100661
101,B,100,7,4,-0.32506125997403384
101,B,100,7,5,-0.11866378776623142
101,B,100,7,6,-0.4406542821217436
101,B,100,7,7,-0.29859147450973206
101,B,100,7,8,-0.47904432727322077
101,B,100,7,9,-0.5207916863674323
101,B,100,8,0,-0.8947444841032386
101,B,100,8,1,-0.8047719287428869
101,B,100,8,2,-0.9773589267510157
101,B,100,8,3,-0.2649358247199054
101,B,100,8,4,-0.9090649854795483
101,B,100,8,5,-0.8204658442452427
101,B,100,8,6,-0.49753834942892633
101,B,100,8,7,-1.0957268783275507
101,B,100,8,8,-0.2780993590862335
101,B,100,8,9,-0.35300782069290537
101,B,100,9,0,-0.44476516122120663
101,B,100,9,1,-0.4816530877785295
101,B,100,9,2,-0.4284963005916553
101,B,100,9,3,-0.7827208048309943
101,B,100,9,4,-0.4247419542029549
101,B,100,9,5,-0.25913941373942107
101,B,100,9,6,-0.23960186649150578
101,B,100,9,7,-0.21125013039036877
101,B,100,9,8,-0.43642246104710314
101,B,100,9,9,-0.47907568119110233
102,A,0.05,0,0,-0.5408384163004308
102,A,0.05,0,1,-0.5551493525862629
102,A,0.05,0,2,-0.45894870052880704
102,A,0.05,0,3,-0.5058599256041618
102,A,0.05,0,4,-0.494006867958862
102,A,0.05,0,5,-0.5697400332580957
102,A,0.05,0,6,-0.4991950357164418
102,A,0.05,0,7,-0.5202903231526379
102,A,0.05,0,8,-0.5740048719411714
102,A,0.05,0,9,-0.5145666005796148
102,A,0.05,1,0,0.6432119312045612
102,A,0.05,1,1,0.16133475109335418
102,A,0.05,1,2,0.531678431271416
102,A,0.05,1,3,-0.08922942771251534
102,A,0.05,1,4,0.2845509053972161
102,A,0.05,1,5,0.4464034597787707
102,A,0.05,1,6,0.09820880763078316
102,A,0.05,1,7,0.30068841358458626
102,A,0.05,1,8,0.3091907429001161
102,A,0.05,1,9,0.33644692044567964
102,A,0.05,2,0,-0.1493521152764451
102,A,0.05,2,1,0.27091903968099595
102,A,0.05,2,2,-0.24454812420226435
102,A,0.05,2,3,0.3984866962321107
102,A,0.05,2,4,0.12222746829348831
102,A,0.05,2,5,0.5421173127293771
102,A,0.05,2,6,0.33911762206929746
102,A,0.05,2,7,0.6134271769748931
102,A,0.05,2,8,0.7382848470048738
102,A,0.05,2,9,1.1224121314206563
102,A,0.05,3,0,0.8050939733278806
102,A,0.05,3,1,1.1891419789936488
102,A,0.05,3,2,0.9231024180276027
102,A,0.05,3,3,1.5072783851389884
102,A,0.05,3,4,0.8736311115180614
102,A,0.05,3,5,1.2565249408246357
102,A,0.05,3,6,1.0852934526171043
102,A,0.05,3,7,1.2652634455691656
102,A,0.05,3,8,1.0120298785371784
102,A,0.05,3,9,1.7622528270600777
102,A,0.05,4,0,-0.011103073552051214
102,A,0.05,4,1,0.22916001114686682
102,A,0.05,4,2,-0.09283558567540956
102,A,0.05,4,3,-0.2353135354019465
102,A,0.05,4,4,0.2824355730362799
102,A,0.05,4,5,0.08379907365677862
102,A,0.05,4,6,0.016170134915224996
102,A,0.05,4,7,0.3240047724740834
102,A,0.05,4,8,-0.39470687142098715
102,A,0.05,4,9,0.49658359221963133
102,A,0.05,5,0,0.7844234078685633
102,A,0.05,5,1,0.5764054372005921
102,A,0.05,5,2,0.6719903353142193
102,A,0.05,5,3,0.07817549317921016
102,A,0.05,5,4,0.29727106749054016
102,A,0.05,5,5,0.7629701112509562
102,A,0.05,5,6,-0.2029703872851928
102,A,0.05,5,7,-0.30114924329168474
102,A,0.05,5,8,0.06209171970339332
102,A,0.05,5,9,0.45302328371674705
102,A,0.05,6,0,0.5134143992181581
102,A,0.05,6,1,0.5814351507878041
102,A,0.05,6,2,0.23533762352690246
102,A,0.05,6,3,0.8654021369776388
102,A,0.05,6,4,0.420213999616551
102,A,0.05,6,5,0.7429002871708553
102,A,0.05,6,6,0.3799167775886492
102,A,0.05,6,7,0.6157287832522101
102,A,0.05,6,8,0.4516223890762651
102,A,0.05,6,9,0.7323780749216016
102,A,0.05,7,0,0.10873257973736167
102,A,0.05,7,1,-0.4796652004018534
102,A,0.05,7,2,-0.14887389227401207
102,A,0.05,7,3,0.11941393078204375
102,A,0.05,7,4,-0.5239387667053474
102,A,0.05,7,5,-0.5123202616717172
102,A,0.05,7,6,-0.6033846508000104
102,A,0.05,7,7,0.043815304734976614
102,A,0.05,7,8,-0.05651418412243774
102,A,0.05,7,9,-0.08488950245736596
102,A,0.05,8,0,-1.3389921708594255
102,A,0.05,8,1,-0.5336307885061563
102,A,0.05,8,2,-0.5332378335738733
102,A,0.05,8,3,-0.17045607054302803
102,A,0.05,8,4,-0.6825723726795513
102,A,0.05,8,5,-1.7752253646998546
102,A,0.05,8,6,-0.554525193456612
102,A,0.05,8,7,-0.15123483308362037
102,A,0.05,8,8,-0.12346073512282732
102,A,0.05,8,9,-1.2086005723708164
102,A,0.05,9,0,1.995488838998976
102,A,0.05,9,1,1.8508360284326475
102,A,0.05,9,2,2.2801059565653254
102,A,0.05,9,3,1.5698095940221888
102,A,0.05,9,4,1.5964350980742594
102,A,0.05,9,5,1.3551037573063185
102,A,0.05,9,6,1.846658051467992
102,A,0.05,9,7,1.6049710621968334
102,A,0.05,9,8,1.0668301980711534
102,A,0.05,9,9,1.8785684113165368
102,B,100,0,0,0.816045419878162
102,B,100,0,1,0.26019067841143884
102,B,100,0,2,0.3322747066979095
102,B,100,0,3,1.0008568978314512
102,B,100,0,4,1.5039101866491915
102,B,100,0,5,1.7138340401030023
102,B,100,0,6,1.1542637828601876
102,B,100,0,7,1.0325384365985377
102,B,100,0,8,1.800302375387954
102,B,100,0,9,1.9013417145587854
102,B,100,1,0,-0.32062057545505984
102,B,100,1,1,-0.3502635017317173
102,B,100,1,2,3.715793085261765e-05
102,B,100,1,3,-0.49197633069940927
102,B,100,1,4,0.06442388963504246
102,B,100,1,5,-0.37963651163782497
102,B,100,1,6,0.13258613859343313
102,B,100,1,7,-0.2928724760098869
102,B,100,1,8,0.43940966780819757
102,B,100,1,9,0.2991889820333089
102,B,100,2,0,0.12435029038062065
102,B,100,2,1,0.14036711612800634
102,B,100,2,2,0.15011419124924133
102,B,100,2,3,0.035540691301163115
102,B,100,2,4,0.25735554630765356
102,B,100,2,5,-0.02232878483986936
102,B,100,2,6,0.13465572992332264
102,B,100,2,7,0.02127037325369013
102,B,100,2,8,0.06924336290152804
102,B,100,2,9,0.22534572267676964
102,B,100,3,0,-0.623388918867912
102,B,100,3,1,-0.27387610474594354
102,B,100,3,2,-0.31992077802625435
102,B,100,3,3,0.2224671694558524
102,B,100,3,4,-0.6921544099689239
102,B,100,3,5,-0.694482350573716
102,B,100,3,6,-0.5311209454902871
102,B,100,3,7,-0.35661706180034514
102,B,100,3,8,-0.7422998476970967
102,B,100,3,9,-0.48389807341130425
102,B,100,4,0,-0.8283216996473217
102,B,100,4,1,-0.4719311269983993
102,B,100,4,2,-1.2532293939532653
102,B,100,4,3,0.753600041896145
102,B,100,4,4,-0.770065654676659
102,B,100,4,5,-0.6935150712874494
102,B,100,4,6,-0.34450686519362644
102,B,100,4,7,-1.2999232529969114
102,B,100,4,8,-1.0180005567860244
102,B,100,4,9,0.4452290891947611
102,B,100,5,0,-0.38272462380811967
102,B,100,5,1,0.6925635313335361
102,B,100,5,2,-0.3690954979816287
102,B,100,5,3,-0.7495824543856617
102,B,100,5,4,0.004072881535493553
102,B,100,5,5,-0.15656559164743356
102,B,100,5,6,-0.8725216402307071
102,B,100,5,7,0.2389406322165987
102,B,100,5,8,-0.3958892640341943
102,B,100,5,9,0.39972635957535574
102,B,100,6,0,2.1529962281562023
102,B,100,6,1,2.016220383833847
102,B,100,6,2,2.001804132844155
102,B,100,6,3,1.7977419999801858
102,B,100,6,4,2.0051763068234867
102,B,100,6,5,1.4301501094926237
102,B,100,6,6,1.5142314886168036
102,B,100,6,7,0.7507875329863731
102,B,100,6,8,1.9886431216842508
102,B,100,6,9,1.7598409291814223
102,B,100,7,0,0.0746652779201641
102,B,100,7,1,-0.13941981826975397
102,B,100,7,2,-0.04740925133567573
102,B,100,7,3,-0.0470240780001777
102,B,100,7,4,-0.1469663451273724
102,B,100,7,5,-0.08973366598310936
102,B,100,7,6,0.043432841036713715
102,B,100,7,7,-0.05176450254167384
102,B,100,7,8,-0.022199418145593387
102,B,100,7,9,-0.08971500224596983
102,B,100,8,0,-0.27021439998939234
102,B,100,8,1,0.338673744421937
102,B,100,8,2,-0.055321627055823136
102,B,100,8,3,-0.15831034992709922
102,B,100,8,4,0.03702910719729591
102,B,100,8,5,0.17549078610868196
102,B,100,8,6,0.5943724255181376
102,B,100,8,7,0.658491038072858
102,B,100,8,8,0.18885738741388985
102,B,100,8,9,0.2569285252123025
102,B,100,9,0,0.3082894764186181
102,B,100,9,1,-0.6600187363229743
102,B,100,9,2,-0.5201047999152821
102,B,100,9,3,-1.1598513104988732
102,B,100,9,4,0.24191115178048755
102,B,100,9,5,-0.15268210470360305
102,B,100,9,6,-0.40526787591710667
102,B,100,9,7,-0.45359361135120174
102,B,100,9,8,0.13574145874260657
102,B,100,9,9,0.9867385948212063
103,A,0.05,0,0,0.9333783790432195
103,A,0.05,0,1,0.9862765610448353
103,A,0.05,0,2,1.0356777976277056
103,A,0.05,0,3,0.9433865126012013
103,A,0.05,0,4,0.7741521441937564
103,A,0.05,0,5,1.1390495362399555
103,A,0.05,0,6,0.7228107724575736
103,A,0.05,0,7,0.9494855859873095
103,A,0.05,0,8,0.9803200957923149
103,A,0.05,0,9,0.8814577871140189
103,A,0.05,1,0,0.4049594144685876
103,A,0.05,1,1,0.23905948930507243
103,A,0.05,1,2,0.2343178734459158
103,A,0.05,1,3,0.41092269071712495
103,A,0.05,1,4,0.2978953370746411
103,A,0.05,1,5,0.42387296132149893
103,A,0.05,1,6,0.46532246955272827
103,A,0.05,1,7,0.33389252333171604
103,A,0.05,1,8,0.33223105794258034
103,A,0.05,1,9,0.27806956998169874
103,A,0.05,2,0,3.6952553189504966
103,A,0.05,2,1,3.5833981423224217
103,A,0.05,2,2,3.9166453651749067
103,A,0.05,2,3,3.1419377989060453
103,A,0.05,2,4,2.9134029770322956
103,A,0.05,2,5,4.056103060327781
103,A,0.05,2,6,4.1016575547728396
103,A,0.05,2,7,3.7634655537385213
103,A,0.05,2,8,4.043080460804624
103,A,0.05,2,9,2.859123503020503
103,A,0.05,3,0,0.5877915713403751
103,A,0.05,3,1,0.1882753979789845
103,A,0.05,3,2,-0.1759756593557023
103,A,0.05,3,3,0.658068642949967
103,A,0.05,3,4,0.6364287033643343
103,A,0.05,3,5,0.03677336472104956
103,A,0.05,3,6,-0.04136372027567756
103,A,0.05,3,7,0.41957930490340484
103,A,0.05,3,8,0.10958410627539417
103,A,0.05,3,9,-0.06333323523929665
103,A,0.05,4,0,-0.5240533068766285
103,A,0.05,4,1,-0.3175623929376868
103,A,0.05,4,2,-0.13807445302173
103,A,0.05,4,3,-0.8857220226036336
103,A,0.05,4,4,-0.8437084983427848
103,A,0.05,4,5,-0.33665451871470103
103,A,0.05,4,6,-0.5837417559078342
103,A,0.05,4,7,-0.38436359500726897
103,A,0.05,4,8,-0.601328962256116
103,A,0.05,4,9,-0.4180588923755053
103,A,0.05,5,0,0.19177233576937797
103,A,0.05,5,1,0.7503285936196109
103,A,0.05,5,2,0.48908552469863736
103,A,0.05,5,3,0.4111240790387785
103,A,0.05,5,4,0.6857129183958579
103,A,0.05,5,5,-0.7872594286926373
103,A,0.05,5,6,0.5951585042956007
103,A,0.05,5,7,0.15433355219772002
103,A,0.05,5,8,0.7000198765631217
103,A,0.05,5,9,0.5599080019177407
103,A,0.05,6,0,-1.3930968274246622
103,A,0.05,6,1,-1.3455166549764705
103,A,0.05,6,2,-1.4915127434130444
103,A,0.05,6,3,-1.160772218743744
103,A,0.05,6,4,-1.1263439562209963
103,A,0.05,6,5,-1.5819311668910598
103,A,0.05,6,6,-1.189229227992601
103,A,0.05,6,7,-1.360499151435547
103,A,0.05,6,8,-0.8350357175907025
103,A,0.05,6,9,-0.8680171529442545
103,A,0.05,7,0,-1.5439394361400947
103,A,0.05,7,1,-1.2286173465350205
103,A,0.05,7,2,-1.1677306139812964
103,A,0.05,7,3,-1.1190005495084776
103,A,0.05,7,4,-1.2918528771664448
103,A,0.05,7,5,-1.46789268016527
103,A,0.05,7,6,-1.3311079553900262
103,A,0.05,7,7,-1.3706998644334552
103,A,0.05,7,8,-1.2266467116201514
103,A,0.05,7,9,-1.412587420766363
103,A,0.05,8,0,-0.9411635187110052
103,A,0.05,8,1,-1.610830801497369
103,A,0.05,8,2,-1.658957844374994
103,A,0.05,8,3,-1.7601358629777615
103,A,0.05,8,4,-1.1645729137848813
103,A,0.05,8,5,-1.6848517679013555
103,A,0.05,8,6,-1.533434585503404
103,A,0.05,8,7,-1.5366433795804288
103,A,0.05,8,8,-1.5380645079533894
103,A,0.05,8,9,-1.550806711754432
103,A,0.05,9,0,-1.220699816145685
103,A,0.05,9,1,-1.199944057662804
103,A,0.05,9,2,-1.3686356019704597
103,A,0.05,9,3,-0.9208960025712315
103,A,0.05,9,4,-1.0343122484406173
103,A,0.05,9,5,-0.781017346423048
103,A,0.05,9,6,-1.1161857492669156
103,A,0.05,9,7,-1.4980477194506245
103,A,0.05,9,8,-1.2515838842926348
103,A,0.05,9,9,-1.2216745103512658
103,B,100,0,0,-1.9995431964135963
103,B,100,0,1,-1.965723577278364
103,B,100,0,2,-1.9275534819236515
103,B,100,0,3,-2.785740328889699
103,B,100,0,4,-2.5684529254799022
103,B,100,0,5,-2.657377984661675
103,B,100,0,6,-2.337867027495192
103,B,100,0,7,-1.7670953723874858
103,B,100,0,8,-1.9855598348527976
103,B,100,0,9,-2.2521953166289643
103,B,100,1,0,-1.2406701101910962
103,B,100,1,1,-1.41696021644396
103,B,100,1,2,-1.2212129143129935
103,B,100,1,3,-0.9421364916257837
103,B,100,1,4,-1.3554041272618873
103,B,100,1,5,-1.193163885844849
103,B,100,1,6,-1.187350518691296
103,B,100,1,7,-1.2673457390717822
103,B,100,1,8,-1.2697844869707515
103,B,100,1,9,-1.8377511610510848
103,B,100,2,0,-1.217036571198748
103,B,100,2,1,-0.925947938114029
103,B,100,2,2,-0.9758891542112522
103,B,100,2,3,-0.950682598762539
103,B,100,2,4,-1.0378112995416608
103,B,100,2,5,-1.1802543866215613
103,B,100,2,6,-1.3894013139032566
103,B,100,2,7,-0.5837672552352673
103,B,100,2,8,-1.4329707767873745
103,B,100,2,9,-1.1754503781931218
103,B,100,3,0,-1.1319128695908292
103,B,100,3,1,-1.1179851744277225
103,B,100,3,2,-0.5249154066417128
103,B,100,3,3,-0.8263223272846069
103,B,100,3,4,-1.1635458343065381
103,B,100,3,5,-1.0150940229771104
103,B,100,3,6,-1.2079235047057706
103,B,100,3,7,-1.2159443608884333
103,B,100,3,8,-0.6472900450276906
103,B,100,3,9,-0.8075982060192871
103,B,100,4,0,-2.277292239068844
103,B,100,4,1,-1.9067434040938804
103,B,100,4,2,-2.0792817063209434
103,B,100,4,3,-1.8395606839082552
103,B,100,4,4,-1.7736202194607584
103,B,100,4,5,-1.758016884207274
103,B,100,4,6,-1.9364745002131185
103,B,100,4,7,-1.7729150547356443
103,B,100,4,8,-1.562313094769661
103,B,100,4,9,-1.8933023490740197
103,B,100,5,0,-0.4346668774222589
103,B,100,5,1,0.21365161758932488
103,B,100,5,2,-0.30612534628549903
103,B,100,5,3,-0.08001020035884959
103,B,100,5,4,-0.10132828669770824
103,B,100,5,5,0.008708660552452039
103,B,100,5,6,0.9116382583978878
103,B,100,5,7,0.08631208248754485
103,B,100,5,8,0.7258593942991473
103,B,100,5,9,0.18036551642181242
103,B,100,6,0,0.27658905247794624
103,B,100,6,1,-0.07116771981871121
103,B,100,6,2,-0.08184791962697711
103,B,100,6,3,-0.02412760858946988
103,B,100,6,4,-0.004692509144400531
103,B,100,6,5,-0.10898811934737497
103,B,100,6,6,0.26577250585040174
103,B,100,6,7,-0.07650436788386611
103,B,100,6,8,-0.11397323729734166
103,B,100,6,9,0.21568497469064346
103,B,100,7,0,0.6133452698681581
103,B,100,7,1,1.065937232527643
103,B,100,7,2,0.7734507973213853
103,B,100,7,3,0.8993278427251943
103,B,100,7,4,0.3304988616351803
103,B,100,7,5,0.4890514921092602
103,B,100,7,6,0.24714076651514078
103,B,100,7,7,1.002068731056175
103,B,100,7,8,0.8096856120680893
103,B,100,7,9,0.7082100936809317
103,B,100,8,0,1.6037178907612166
103,B,100,8,1,1.16806618944391
103,B,100,8,2,1.8620623505337714
103,B,100,8,3,1.5831737363854763
103,B,100,8,4,1.9689756297272059
103,B,100,8,5,1.3170114328169649
103,B,100,8,6,1.7445362183168907
103,B,100,8,7,1.576404837947962
103,B,100,8,8,1.3551190319235586
103,B,100,8,9,1.7666371724571066
103,B,100,9,0,0.41762403575995205
103,B,100,9,1,0.5279983438772609
103,B,100,9,2,-0.31088437759844273
103,B,100,9,3,0.17363326163290568
103,B,100,9,4,0.38737640729501277
103,B,100,9,5,0.4892375173413886
103,B,100,9,6,-0.12139610581408648
103,B,100,9,7,0.29774896820775953
103,B,100,9,8,0.3223346509846101
103,B,100,9,9,0.42060895417664723
104,A,0.05,0,0,1.2372305496050828
104,A,0.05,0,1,0.8290585294090302
104,A,0.05,0,2,1.5277130542387545
104,A,0.05,0,3,0.8721508832534466
104,A,0.05,0,4,1.1669914974164104
104,A,0.05,0,5,1.3251704496858745
104,A,0.05,0,6,1.3038949240089552
104,A,0.05,0,7,1.4283033827723464
104,A,0.05,0,8,0.8687538230605999
104,A,0.05,0,9,1.2251144802391674
104,A,0.05,1,0,-0.021959383754359175
104,A,0.05,1,1,0.5975157402733955
104,A,0.05,1,2,0.5521740805349552
104,A,0.05,1,3,0.9728269685241008
104,A,0.05,1,4,0.0914489529083677
104,A,0.05,1,5,0.5872131250337786
104,A,0.05,1,6,1.090686048465428
104,A,0.05,1,7,0.7835440418958909
104,A,0.05,1,8,1.1636418885445778
104,A,0.05,1,9,0.8615492951360283
104,A,0.05,2,0,-0.1875496318410457
104,A,0.05,2,1,0.20675696179936204
104,A,0.05,2,2,0.3192461980780553
104,A,0.05,2,3,-0.057345460528366116
104,A,0.05,2,4,0.4402975038785689
104,A,0.05,2,5,0.04085792170610222
104,A,0.05,2,6,0.12275101888259224
104,A,0.05,2,7,0.10497164272901965
104,A,0.05,2,8,0.1999283874018914
104,A,0.05,2,9,-0.15200404633262588
104,A,0.05,3,0,1.2145147611348939
104,A,0.05,3,1,0.8563064464714982
104,A,0.05,3,2,1.089847629586546
104,A,0.05,3,3,0.8651055483981307
104,A,0.05,3,4,0.9211244410885883
104,A,0.05,3,5,0.9253112393359533
104,A,0.05,3,6,1.114837941752167
104,A,0.05,3,7,0.4160556452791544
104,A,0.05,3,8,0.8438514560843847
104,A,0.05,3,9,1.0247493077545997
104,A,0.05,4,0,0.07072147654259689
104,A,0.05,4,1,-0.009994822657688683
104,A,0.05,4,2,0.038441286498525934
104,A,0.05,4,3,-0.35759675956030673
104,A,0.05,4,4,-0.19098720747710077
104,A,0.05,4,5,0.06135927965506366
104,A,0.05,4,6,0.02443532922685905
104,A,0.05,4,7,-0.19137227735235712
104,A,0.05,4,8,-0.23986722638792246
104,A,0.05,4,9,-0.339330428288163
104,A,0.05,5,0,0.09751110212174813
104,A,0.05,5,1,0.7005439286310121
104,A,0.05,5,2,1.2992891557420474
104,A,0.05,5,3,-0.07706661549560405
104,A,0.05,5,4,0.56662780146871
104,A,0.05,5,5,0.2678739874396869
104,A,0.05,5,6,0.761337925949815
104,A,0.05,5,7,0.23532901403831522
104,A,0.05,5,8,1.1916794774005959
104,A,0.05,5,9,0.9874624697244463
104,A,0.05,6,0,0.027447276264862146
104,A,0.05,6,1,-0.5055495914361597
104,A,0.05,6,2,0.2111530728836252
104,A,0.05,6,3,0.19566566554750967
104,A,0.05,6,4,0.4929612435215477
104,A,0.05,6,5,0.40333354300334523
104,A,0.05,6,6,0.5387597570765799
104,A,0.05,6,7,0.5091231972803552
104,A,0.05,6,8,0.5129412660054562
104,A,0.05,6,9,0.5987449816931552
104,A,0.05,7,0,0.8143450543269376
104,A,0.05,7,1,0.44894811973489057
104,A,0.05,7,2,0.6377414596516012
104,A,0.05,7,3,0.8350274248963839
104,A,0.05,7,4,0.8454775944609676
104,A,0.05,7,5,1.0614656355897114
104,A,0.05,7,6,0.5355511079192529
104,A,0.05,7,7,0.849510603917495
104,A,0.05,7,8,0.02342246889053979
104,A,0.05,7,9,0.6829397756807452
104,A,0.05,8,0,0.11670764958782037
104,A,0.05,8,1,0.0950741628468532
104,A,0.05,8,2,-0.3076252489626901
104,A,0.05,8,3,0.01190803974532599
104,A,0.05,8,4,-0.4014978299506754
104,A,0.05,8,5,0.23872152911135683
104,A,0.05,8,6,-0.250059441791722
104,A,0.05,8,7,0.024225416501646172
104,A,0.05,8,8,0.21316954474018984
104,A,0.05,8,9,0.1538079849527308
104,A,0.05,9,0,-0.19861646483711212
104,A,0.05,9,1,-0.17625373865534633
104,A,0.05,9,2,-0.08663368435862193
104,A,0.05,9,3,-0.16035296704616855
104,A,0.05,9,4,-0.12021019662645482
104,A,0.05,9,5,-0.30245503185113826
104,A,0.05,9,6,-0.24890190632679804
104,A,0.05,9,7,-0.05306450833824985
104,A,0.05,9,8,-0.08573656451239253
104,A,0.05,9,9,-0.16169121365182065
104,B,100,0,0,-1.3197818399478634
104,B,100,0,1,-1.1286419017983471
104,B,100,0,2,-0.3162948635147404
104,B,100,0,3,0.1603550218505698
104,B,100,0,4,0.09089780359095402
104,B,100,0,5,-0.2523014193630829
104,B,100,0,6,0.364880095858057
104,B,100,0,7,0.8498148137486268
104,B,100,0,8,-0.052045754745514615
104,B,100,0,9,0.4998450448661839
104,B,100,1,0,-0.4719689517830268
104,B,100,1,1,-0.4183738274258698
104,B,100,1,2,-0.7095000794192504
104,B,100,1,3,-0.9946757712743342
104,B,100,1,4,-0.08738317869673431
104,B,100,1,5,-0.6087773829980438
104,B,100,1,6,-0.4382865788258063
104,B,100,1,7,-0.17551346357905118
104,B,100,1,8,-0.5854317581591552
104,B,100,1,9,-0.4785653203998879
104,B,100,2,0,-0.5143680267927727
104,B,100,2,1,-0.5922115704203004
104,B,100,2,2,-0.4093569994580175
104,B,100,2,3,-0.590089596416012
104,B,100,2,4,-0.33805138878416136
104,B,100,2,5,-0.19563213219916747
104,B,100,2,6,-0.5602119892481704
104,B,100,2,7,-0.4370333063938222
104,B,100,2,8,-0.5514039282154581
104,B,100,2,9,-0.2832282781490481
104,B,100,3,0,1.0167181590159269
104,B,100,3,1,0.9008346742457295
104,B,100,3,2,0.8630749028407618
104,B,100,3,3,0.5356084953909378
104,B,100,3,4,0.5849339935111916
104,B,100,3,5,0.38231419309231984
104,B,100,3,6,0.7086357506166652
104,B,100,3,7,0.6642266720542896
104,B,100,3,8,0.40964177226170045
104,B,100,3,9,0.4177142729624509
104,B,100,4,0,-0.26102972515255907
104,B,100,4,1,-0.21799781926784423
104,B,100,4,2,0.12203770951029926
104,B,100,4,3,-0.21157434837725816
104,B,100,4,4,-0.24194844103723886
104,B,100,4,5,-0.41502247787318886
104,B,100,4,6,-0.218529603393275
104,B,100,4,7,-0.22921111094772245
104,B,100,4,8,0.02424495936339427
104,B,100,4,9,-0.2381647030947802
104,B,100,5,0,-1.4259758054099148
104,B,100,5,1,-1.5060679651609894
104,B,100,5,2,-1.2377699444221488
104,B,100,5,3,-1.1783674203449976
104,B,100,5,4,-0.9931405822608511
104,B,100,5,5,-0.9543696159677826
104,B,100,5,6,-1.6147211748388695
104,B,100,5,7,-1.1256553881719176
104,B,100,5,8,-0.8575328109548457
104,B,100,5,9,-0.7400523025442638
104,B,100,6,0,-2.5293297148823988
104,B,100,6,1,-1.7619170080220568
104,B,100,6,2,-2.565255389226699
104,B,100,6,3,-2.112173032534113
104,B,100,6,4,-2.34850220136142
104,B,100,6,5,-2.8514832416739475
104,B,100,6,6,-3.1151346414797825
104,B,100,6,7,-2.0345736509553944
104,B,100,6,8,-2.413916112210352
104,B,100,6,9,-0.8917557527832104
104,B,100,7,0,-0.19957763389233896
104,B,100,7,1,0.3422372955646261
104,B,100,7,2,0.8891982579866383
104,B,100,7,3,0.09603539977518961
104,B,100,7,4,0.7452886837671899
104,B,100,7,5,1.270612975105429
104,B,100,7,6,0.1638740117044763
104,B,100,7,7,-0.03912604706613424
104,B,100,7,8,0.030427466209634636
104,B,100,7,9,-0.3204008128065296
104,B,100,8,0,0.7405856903077326
104,B,100,8,1,0.8376606441184296
104,B,100,8,2,0.5765208448261829
104,B,100,8,3,0.5341363175999935
104,B,100,8,4,0.8291982853017337
104,B,100,8,5,0.9473550576083059
104,B,100,8,6,0.7570082450393578
104,B,100,8,7,0.7193875059229285
104,B,100,8,8,0.6474804300032588
104,B,100,8,9,1.1288989352375913
104,B,100,9,0,-0.36455289224991366
104,B,100,9,1,-0.5439012797064082
104,B,100,9,2,0.3307071144376762
104,B,100,9,3,-0.3501787748560733
104,B,100,9,4,-0.14941702571595308
104,B,100,9,5,0.07478964723967622
104,B,100,9,6,-0.11183433349688858
104,B,100,9,7,-0.19438829994503382
104,B,100,9,8,0.13150196960573618
104,B,100,9,9,-0.387929286804189
105,A,0.05,0,0,0.06810433096860696
105,A,0.05,0,1,0.2198075358378565
105,A,0.05,0,2,-0.7198604233334681
105,A,0.05,0,3,-0.2064122166569853
105,A,0.05,0,4,-0.6733701767789518
105,A,0.05,0,5,0.2519417903737786
105,A,0.05,0,6,-0.3311256260635158
105,A,0.05,0,7,-0.5370101910820575
105,A,0.05,0,8,-0.28835783681901156
105,A,0.05,0,9,-0.4434635248430827
105,A,0.05,1,0,-0.49065826593600576
105,A,0.05,1,1,-0.7063676574127123
105,A,0.05,1,2,-0.6468898923945596
105,A,0.05,1,3,-0.07390133892486632
105,A,0.05,1,4,-0.4748245541173092
105,A,0.05,1,5,-0.41078682119024645
105,A,0.05,1,6,0.05614369618164737
105,A,0.05,1,7,-0.21722411117982046
105,A,0.05,1,8,0.1392249378656292
105,A,0.05,1,9,-0.4098275827346177
105,A,0.05,2,0,0.01522759423812434
105,A,0.05,2,1,0.35439524727361577
105,A,0.05,2,2,0.3586754673933813
105,A,0.05,2,3,0.030138081194702415
105,A,0.05,2,4,0.3572325322758842
105,A,0.05,2,5,0.01675396758271941
105,A,0.05,2,6,0.3832501713010024
105,A,0.05,2,7,0.339488753836548
105,A,0.05,2,8,0.3543986413023162
105,A,0.05,2,9,0.4556455030237578
105,A,0.05,3,0,0.7300157171483668
105,A,0.05,3,1,0.06538316275461252
105,A,0.05,3,2,0.3221197926010057
105,A,0.05,3,3,-0.058668462261061795
105,A,0.05,3,4,-0.07741560401448089
105,A,0.05,3,5,-0.209442335852545
105,A,0.05,3,6,-0.00925019013691375
105,A,0.05,3,7,-0.26335204269766294
105,A,0.05,3,8,0.20316182681000658
105,A,0.05,3,9,0.29264392960722985
105,A,0.05,4,0,-2.767555694126391
105,A,0.05,4,1,-4.202601708397315
105,A,0.05,4,2,-3.707237110696973
105,A,0.05,4,3,-3.838980674294597
105,A,0.05,4,4,-4.664442093834044
105,A,0.05,4,5,-2.7105071305123962
105,A,0.05,4,6,-4.578206504543319
105,A,0.05,4,7,-4.301910483511341
105,A,0.05,4,8,-4.13719164319915
105,A,0.05,4,9,-4.420179516504826
105,A,0.05,5,0,-0.9576937161761164
105,A,0.05,5,1,-1.234066790787539
105,A,0.05,5,2,-0.8212462234949992
105,A,0.05,5,3,0.0022062271884390017
105,A,0.05,5,4,-0.10071306827431732
105,A,0.05,5,5,0.11755409397326144
105,A,0.05,5,6,-0.8039732609647725
105,A,0.05,5,7,0.0016158162314085997
105,A,0.05,5,8,0.6738281697804791
105,A,0.05,5,9,0.4238625367794682
105,A,0.05,6,0,0.10292588113064768
105,A,0.05,6,1,0.27143579365860004
105,A,0.05,6,2,0.05128920424609529
105,A,0.05,6,3,0.14000814307430856
105,A,0.05,6,4,0.181978168661965
105,A,0.05,6,5,-0.33582251395139345
105,A,0.05,6,6,0.513614903095063
105,A,0.05,6,7,0.03634093589226335
105,A,0.05,6,8,-0.3534883076148387
105,A,0.05,6,9,0.16844291871059647
105,A,0.05,7,0,0.5069205893489359
105,A,0.05,7,1,0.05901482830630158
105,A,0.05,7,2,0.17235335705559318
105,A,0.05,7,3,0.39296702830426666
105,A,0.05,7,4,0.4725891957967658
105,A,0.05,7,5,0.5895054236492758
105,A,0.05,7,6,0.28226430137957814
105,A,0.05,7,7,0.3575171569022286
105,A,0.05,7,8,0.5941862318372262
105,A,0.05,7,9,0.30831958120674985
105,A,0.05,8,0,-0.41818761402484983
105,A,0.05,8,1,-0.7171668682047634
105,A,0.05,8,2,-0.322548573444114
105,A,0.05,8,3,-0.2985610671089902
105,A,0.05,8,4,-0.03503392543407257
105,A,0.05,8,5,-0.6257200466973917
105,A,0.05,8,6,-0.40376127920616567
105,A,0.05,8,7,-0.5737736063974168
105,A,0.05,8,8,-0.6070555395511104
105,A,0.05,8,9,-0.35603485818422526
105,A,0.05,9,0,-0.046915635348011485
105,A,0.05,9,1,-0.07225165491686783
105,A,0.05,9,2,0.0016831818888204176
105,A,0.05,9,3,-0.29470623523823897
105,A,0.05,9,4,-0.13620235505119202
105,A,0.05,9,5,-0.00186925148583735
105,A,0.05,9,6,0.02583829133387316
105,A,0.05,9,7,0.08331065451064897
105,A,0.05,9,8,0.008402755370830055
105,A,0.05,9,9,0.04443644555573037
105,B,100,0,0,1.0074382826971655
105,B,100,0,1,0.6312252069073141
105,B,100,0,2,0.9422407660876849
105,B,100,0,3,1.0905179963268528
105,B,100,0,4,1.2404543309927762
105,B,100,0,5,1.4715465198315507
105,B,100,0,6,0.9894603288381425
105,B,100,0,7,1.2097233564900853
105,B,100,0,8,1.3849719161432745
105,B,100,0,9,1.1063889715475637
105,B,100,1,0,-1.0275065822489577
105,B,100,1,1,-1.1284821771451459
105,B,100,1,2,-1.110207903232058
105,B,100,1,3,-1.5457970790582287
105,B,100,1,4,-1.2934378361205259
105,B,100,1,5,-1.2626457081613636
105,B,100,1,6,-0.848030522539026
105,B,100,1,7,-0.9785065176559267
105,B,100,1,8,-1.0925513175451138
105,B,100,1,9,-1.3922081246979494
105,B,100,2,0,-0.5466465104879347
105,B,100,2,1,-0.6396943386588927
105,B,100,2,2,-0.18064149121016723
105,B,100,2,3,-0.2960538778221394
105,B,100,2,4,-0.6636284203984363
105,B,100,2,5,-0.5427856940190559
105,B,100,2,6,-0.510243054466534
105,B,100,2,7,-0.6745876537194256
105,B,100,2,8,-0.6361688177004795
105,B,100,2,9,-0.538147270650394
105,B,100,3,0,-1.3320403619509054
105,B,100,3,1,0.3046128320019946
105,B,100,3,2,0.675503147625819
105,B,100,3,3,-0.015396551206698196
105,B,100,3,4,0.3159823664048335
105,B,100,3,5,-0.08008588515798926
105,B,100,3,6,0.3952794291774792
105,B,100,3,7,-0.1397601767780515
105,B,100,3,8,0.32365241251487187
105,B,100,3,9,-0.22904129181565233
105,B,100,4,0,-1.52742688331252
105,B,100,4,1,-1.1386430759921793
105,B,100,4,2,-1.9540682457388427
105,B,100,4,3,-1.8476032211731659
105,B,100,4,4,-1.8701922697772655
105,B,100,4,5,-1.9794151654157788
105,B,100,4,6,-1.6480491419321703
105,B,100,4,7,-1.8426281990869404
105,B,100,4,8,-1.3941678059633058
105,B,100,4,9,-2.1969047526718652
105,B,100,5,0,2.9385402686596893
105,B,100,5,1,3.524021425592991
105,B,100,5,2,3.5196778257321095
105,B,100,5,3,4.1492997239891505
105,B,100,5,4,6.043460319209034
105,B,100,5,5,2.100978452872172
105,B,100,5,6,5.111316995736434
105,B,100,5,7,4.194449561961187
105,B,100,5,8,4.998863240746788
105,B,100,5,9,3.6433733352278788
105,B,100,6,0,0.4151214192159569
105,B,100,6,1,0.44172657547660016
105,B,100,6,2,0.2336815359465334
105,B,100,6,3,0.2345870916520501
105,B,100,6,4,0.08436130345004167
105,B,100,6,5,0.11422861473441595
105,B,100,6,6,0.36096779612828034
105,B,100,6,7,0.6866075045577948
105,B,100,6,8,0.4776135682599786
105,B,100,6,9,0.7197620006586745
105,B,100,7,0,-0.3470461978445869
105,B,100,7,1,-0.559595546573513
105,B,100,7,2,-0.32315679421197646
105,B,100,7,3,-0.38110498541425053
105,B,100,7,4,0.23768769598324307
105,B,100,7,5,-0.34588682312840036
105,B,100,7,6,0.08831365226068935
105,B,100,7,7,-0.2877867208343018
105,B,100,7,8,0.3805396158585468
105,B,100,7,9,0.3185585102875446
105,B,100,8,0,0.3685643794021584
105,B,100,8,1,0.2537613639257966
105,B,100,8,2,0.3185548707711182
105,B,100,8,3,0.6003509914917453
105,B,100,8,4,0.6588232148050343
105,B,100,8,5,0.6972239109685938
105,B,100,8,6,0.43445829487394094
105,B,100,8,7,0.4298831815943194
105,B,100,8,8,0.23994983314722454
105,B,100,8,9,0.5647989923064299
105,B,100,9,0,-0.7251440970467858
105,B,100,9,1,-0.3897665367661441
105,B,100,9,2,-0.271889524468083
105,B,100,9,3,-0.7426852728157909
105,B,100,9,4,-0.4288862709575135
105,B,100,9,5,-0.6893046212059849
105,B,100,9,6,-0.5004730337608255
105,B,100,9,7,-0.2817400327664555
105,B,100,9,8,-0.4928287728626741
105,B,100,9,9,-0.4025326538105743
106,A,0.05,0,0,-0.18288284823942028
106,A,0.05,0,1,0.3099598985462817
106,A,0.05,0,2,-0.00012313051619682698
106,A,0.05,0,3,0.20247699643141276
106,A,0.05,0,4,0.03567654910773781
106,A,0.05,0,5,0.012190466440320687
106,A,0.05,0,6,0.25676249086129205
106,A,0.05,0,7,-0.20193267488350972
106,A,0.05,0,8,0.24861434844550429
106,A,0.05,0,9,0.011849859032571377
106,A,0.05,1,0,-1.1271085706397066
106,A,0.05,1,1,-1.3492622228643545
106,A,0.05,1,2,-0.5108389131531063
106,A,0.05,1,3,-0.9406956494996932
106,A,0.05,1,4,-1.299230371754634
106,A,0.05,1,5,-1.3108631892310756
106,A,0.05,1,6,-1.3073165402464566
106,A,0.05,1,7,-1.8057568669428756
106,A,0.05,1,8,-1.0618357863571244
106,A,0.05,1,9,-1.9433879212243241
106,A,0.05,2,0,0.6501132848725142
106,A,0.05,2,1,0.42492727853049056
106,A,0.05,2,2,0.7534507962627988
106,A,0.05,2,3,1.023529739968024
106,A,0.05,2,4,0.8932114517670076
106,A,0.05,2,5,0.8711610294512154
106,A,0.05,2,6,1.0778156525348983
106,A,0.05,2,7,0.9499009384864395
106,A,0.05,2,8,0.7574203792865493
106,A,0.05,2,9,0.7443373687221058
106,A,0.05,3,0,-1.2318009729039703
106,A,0.05,3,1,-1.6295817225588722
106,A,0.05,3,2,-1.256180290830662
106,A,0.05,3,3,-1.458229144949799
106,A,0.05,3,4,-1.3322315278130719
106,A,0.05,3,5,-1.464207216638454
106,A,0.05,3,6,-1.8478531456935263
106,A,0.05,3,7,-1.4996325068292025
106,A,0.05,3,8,-1.252544063106103
106,A,0.05,3,9,-1.536264901678075
106,A,0.05,4,0,0.1483499840381161
106,A,0.05,4,1,0.34693318684108965
106,A,0.05,4,2,0.2003358849947723
106,A,0.05,4,3,0.3745170616704184
106,A,0.05,4,4,0.3299819547109363
106,A,0.05,4,5,-0.0419569426939012
106,A,0.05,4,6,0.3288971298979672
106,A,0.05,4,7,0.3332725014731966
106,A,0.05,4,8,0.41485520986906305
106,A,0.05,4,9,0.29434748463754473
106,A,0.05,5,0,0.011140922719852368
106,A,0.05,5,1,0.02479692700050231
106,A,0.05,5,2,0.1420507120684284
106,A,0.05,5,3,-0.009057312212722664
106,A,0.05,5,4,0.014162876075005047
106,A,0.05,5,5,0.0405135553085364
106,A,0.05,5,6,0.11534813216805605
106,A,0.05,5,7,0.14213409348020875
106,A,0.05,5,8,0.15495726212813454
106,A,0.05,5,9,0.23390414589309322
106,A,0.05,6,0,0.025796960196542124
106,A,0.05,6,1,1.0019813858704014
106,A,0.05,6,2,0.05446335746072429
106,A,0.05,6,3,0.7841653419785977
106,A,0.05,6,4,-0.03682756204359595
106,A,0.05,6,5,0.34554419435154554
106,A,0.05,6,6,-0.03474926026604512
106,A,0.05,6,7,0.023206767081941807
106,A,0.05,6,8,-0.08869567782215182
106,A,0.05,6,9,0.0229387242811004
106,A,0.05,7,0,0.6590258580236582
106,A,0.05,7,1,0.6701442232392335
106,A,0.05,7,2,0.6485958394211927
106,A,0.05,7,3,0.5793277621501491
106,A,0.05,7,4,0.5956842093861778
106,A,0.05,7,5,0.8866352299341345
106,A,0.05,7,6,0.7966994266220058
106,A,0.05,7,7,0.24856534787134987
106,A,0.05,7,8,0.3640239202281874
106,A,0.05,7,9,0.5144457425990626
106,A,0.05,8,0,0.975212955439627
106,A,0.05,8,1,0.6081534115463179
106,A,0.05,8,2,0.5887936846231988
106,A,0.05,8,3,0.3934915105000964
106,A,0.05,8,4,0.7466524256678823
106,A,0.05,8,5,0.4625464727982247
106,A,0.05,8,6,0.8669460789354847
106,A,0.05,8,7,0.5435026528603707
106,A,0.05,8,8,0.5839824834646463
106,A,0.05,8,9,0.3097715898615999
106,A,0.05,9,0,-0.25364855325823854
106,A,0.05,9,1,-0.20265531858618735
106,A,0.05,9,2,-0.08000127756657753
106,A,0.05,9,3,-0.3814748767360449
106,A,0.05,9,4,-0.47619615474242616
106,A,0.05,9,5,0.014878752418541391
106,A,0.05,9,6,-0.3178604407605282
106,A,0.05,9,7,-0.3436541513334983
106,A,0.05,9,8,-0.44092686444634405
106,A,0.05,9,9,-0.15607128732691564
106,B,100,0,0,0.10866010986729777
106,B,100,0,1,0.015812531207928263
106,B,100,0,2,-0.07040956357568984
106,B,100,0,3,-0.0750730925118756
106,B,100,0,4,0.08135316843760355
106,B,100,0,5,0.06225227819779134
106,B,100,0,6,0.006871708904783576
106,B,100,0,7,0.01539580033036576
106,B,100,0,8,-0.11676064623300877
106,B,100,0,9,0.023875754927200822
106,B,100,1,0,-0.6836974056922892
106,B,100,1,1,-0.5779830959340829
106,B,100,1,2,-1.0205780365150763
106,B,100,1,3,-0.9170922550685645
106,B,100,1,4,-0.16661998734205544
106,B,100,1,5,-0.18200575828417637
106,B,100,1,6,-0.6541796556249477
106,B,100,1,7,0.11710489218164938
106,B,100,1,8,-0.33272927029822313
106,B,100,1,9,-0.5720838997040024
106,B,100,2,0,0.5541776943121506
106,B,100,2,1,0.48417250600469475
106,B,100,2,2,0.2994015535856649
106,B,100,2,3,-0.059524720997333615
106,B,100,2,4,0.29404842934464115
106,B,100,2,5,-0.05453910863030071
106,B,100,2,6,0.18613557681955126
106,B,100,2,7,0.5172512570055159
106,B,100,2,8,-0.4113703533023686
106,B,100,2,9,-0.06109799039918615
106,B,100,3,0,1.0769910979919626
106,B,100,3,1,1.0230507285326644
106,B,100,3,2,0.9830972366673325
106,B,100,3,3,0.9978500768560215
106,B,100,3,4,1.2764842930784603
106,B,100,3,5,1.0823572728012554
106,B,100,3,6,0.780319435099901
106,B,100,3,7,1.0342060028215996
106,B,100,3,8,1.2120590555514326
106,B,100,3,9,1.4562125179716585
106,B,100,4,0,-0.37792736845949215
106,B,100,4,1,-0.24251967410741124
106,B,100,4,2,-0.2544694134735689
106,B,100,4,3,-0.6689398045679724
106,B,100,4,4,-0.4959235280250618
106,B,100,4,5,-0.5560813984003026
106,B,100,4,6,-0.16526989748115903
106,B,100,4,7,-0.9112546935233896
106,B,100,4,8,0.021620377238368765
106,B,100,4,9,-0.32699043020529206
106,B,100,5,0,0.3658065702710902
106,B,100,5,1,-0.0025631454523259867
106,B,100,5,2,1.0863654356729358
106,B,100,5,3,0.5570320054986307
106,B,100,5,4,0.8439871536150885
106,B,100,5,5,0.5212308311672387
106,B,100,5,6,0.8791019998298436
106,B,100,5,7,0.3266477671352056
106,B,100,5,8,0.5801306266322258
106,B,100,5,9,0.34935563996850805
106,B,100,6,0,-0.20470847025928912
106,B,100,6,1,1.0225054802348237
106,B,100,6,2,1.0310824687646678
106,B,100,6,3,0.7423407613182517
106,B,100,6,4,1.0627165504198575
106,B,100,6,5,0.9547427759974729
106,B,100,6,6,1.2476653976565597
106,B,100,6,7,0.5834772008739333
106,B,100,6,8,0.9275187805046533
106,B,100,6,9,1.3483112846566105
106,B,100,7,0,-2.9076221911060505
106,B,100,7,1,-2.8016265298378813
106,B,100,7,2,-2.3095637184089495
106,B,100,7,3,-3.089665579707811
106,B,100,7,4,-2.564549913983516
106,B,100,7,5,-2.9470867460312014
106,B,100,7,6,-2.4644956565027045
106,B,100,7,7,-2.8497078554125586
106,B,100,7,8,-2.071929111424008
106,B,100,7,9,-2.472752671851531
106,B,100,8,0,1.1187605173842174
106,B,100,8,1,1.0268355626255472
106,B,100,8,2,0.4245663811424126
106,B,100,8,3,0.7228468532309953
106,B,100,8,4,0.4111396917722846
106,B,100,8,5,0.1514108111296362
106,B,100,8,6,0.6835996044909033
106,B,100,8,7,1.1699832003146533
106,B,100,8,8,0.4724660608126444
106,B,100,8,9,0.3584070451051193
106,B,100,9,0,-1.7195882759020773
106,B,100,9,1,-1.5732550127397726
106,B,100,9,2,-2.0828734790194083
106,B,100,9,3,-0.752428173500236
106,B,100,9,4,-1.5931361595832711
106,B,100,9,5,-1.764115481688123
106,B,100,9,6,-1.2553459298771579
106,B,100,9,7,-1.628634472618264
106,B,100,9,8,-1.5384212333439038
106,B,100,9,9,-1.6777375170060485
107,A,0.05,0,0,0.8990907663579972
107,A,0.05,0,1,0.9448870122693543
107,A,0.05,0,2,1.5227633789771065
107,A,0.05,0,3,0.7973513221699196
107,A,0.05,0,4,1.5436311869476882
107,A,0.05,0,5,0.6708922898743144
107,A,0.05,0,6,0.38968698720328876
107,A,0.05,0,7,0.8400461252784595
107,A,0.05,0,8,1.3379601862109063
107,A,0.05,0,9,0.9533050652357472
107,A,0.05,1,0,0.9583472269611545
107,A,0.05,1,1,0.4228691455227264
107,A,0.05,1,2,0.7041706733289861
107,A,0.05,1,3,0.9201243470216464
107,A,0.05,1,4,0.38242661864537963
107,A,0.05,1,5,1.1416282729297622
107,A,0.05,1,6,1.069161818896895
107,A,0.05,1,7,0.6996573533219472
107,A,0.05,1,8,0.9189279248929725
107,A,0.05,1,9,0.8943789952521626
107,A,0.05,2,0,-0.7549472808929265
107,A,0.05,2,1,-0.6590573228822904
107,A,0.05,2,2,-0.19086976936073047
107,A,0.05,2,3,-0.18691271422270012
107,A,0.05,2,4,-0.18711083777105833
107,A,0.05,2,5,-0.9269476782754484
107,A,0.05,2,6,-0.2972963140895451
107,A,0.05,2,7,-0.36731065125748075
107,A,0.05,2,8,-0.6594629851376365
107,A,0.05,2,9,-0.3375192003123716
107,A,0.05,3,0,2.377660603651406
107,A,0.05,3,1,2.625762460344516
107,A,0.05,3,2,2.8843210651167532
107,A,0.05,3,3,2.3014225442719343
107,A,0.05,3,4,2.9916282387878
107,A,0.05,3,5,2.169366009692232
107,A,0.05,3,6,3.947653036399631
107,A,0.05,3,7,3.2179257833158776
107,A,0.05,3,8,1.5974312857615844
107,A,0.05,3,9,3.144950392422807
107,A,0.05,4,0,-0.1745871496023767
107,A,0.05,4,1,-0.04291257101833879
107,A,0.05,4,2,-0.4961330074288199
107,A,0.05,4,3,-0.3966280046707078
107,A,0.05,4,4,-0.21211184902324967
107,A,0.05,4,5,-0.4244331015040713
107,A,0.05,4,6,0.06508242373583802
107,A,0.05,4,7,-0.4720322488003542
107,A,0.05,4,8,-0.3305688234874754
107,A,0.05,4,9,-0.6271470351185198
107,A,0.05,5,0,0.4184659697140805
107,A,0.05,5,1,0.516754566479055
107,A,0.05,5,2,0.9205536151153402
107,A,0.05,5,3,0.6992433558906762
107,A,0.05,5,4,0.39078569119393225
107,A,0.05,5,5,0.12351236014599823
107,A,0.05,5,6,0.5088981516463086
107,A,0.05,5,7,0.5296789631039616
107,A,0.05,5,8,0.6031576067195693
107,A,0.05,5,9,0.736438596555124
107,A,0.05,6,0,-0.7469244041623369
107,A,0.05,6,1,-0.8335157579210329
107,A,0.05,6,2,-0.5901787454866604
107,A,0.05,6,3,-0.247438866157498
107,A,0.05,6,4,-0.46289103002932885
107,A,0.05,6,5,-0.15422594698560446
107,A,0.05,6,6,-0.25738518269585237
107,A,0.05,6,7,-0.14097426215878262
107,A,0.05,6,8,-0.2593171560392048
107,A,0.05,6,9,-0.28996908756865064
107,A,0.05,7,0,1.7345380608931436
107,A,0.05,7,1,1.6977346176385013
107,A,0.05,7,2,1.735336098947573
107,A,0.05,7,3,1.9831740835448965
107,A,0.05,7,4,1.7277705316962257
107,A,0.05,7,5,1.7499834330666053
107,A,0.05,7,6,1.708707989508165
107,A,0.05,7,7,1.7548111897669665
107,A,0.05,7,8,1.7290553905814265
107,A,0.05,7,9,1.7985409558075383
107,A,0.05,8,0,0.4647347812338237
107,A,0.05,8,1,0.2732821552691406
107,A,0.05,8,2,0.06841822869639404
107,A,0.05,8,3,0.2849717025863194
107,A,0.05,8,4,0.3836816798412951
107,A,0.05,8,5,1.5147637086703307
107,A,0.05,8,6,0.7967115523215534
107,A,0.05,8,7,0.389311710759097
107,A,0.05,8,8,0.7870784104010593
107,A,0.05,8,9,0.1086694168673195
107,A,0.05,9,0,0.21965194468603702
107,A,0.05,9,1,0.34888411583412376
107,A,0.05,9,2,0.31648119785466744
107,A,0.05,9,3,0.1278378747762822
107,A,0.05,9,4,0.27460172435376284
107,A,0.05,9,5,0.15657071752766313
107,A,0.05,9,6,0.06627156317074395
107,A,0.05,9,7,0.3125655840190297
107,A,0.05,9,8,0.18371919852155502
107,A,0.05,9,9,0.06703200336487293
107,B,100,0,0,-0.3489829292579413
107,B,100,0,1,0.15130450326852224
107,B,100,0,2,0.7086993491609076
107,B,100,0,3,-0.15718913175265822
107,B,100,0,4,0.22338057299951736
107,B,100,0,5,-1.2176404109820063
107,B,100,0,6,-0.1953762853438442
107,B,100,0,7,0.6084214462484695
107,B,100,0,8,-0.37687220272459904
107,B,100,0,9,0.10521189870628886
107,B,100,1,0,0.6319918282076363
107,B,100,1,1,0.520323582634352
107,B,100,1,2,0.5909685963737394
107,B,100,1,3,0.4920655494513538
107,B,100,1,4,0.2605187287450458
107,B,100,1,5,0.4553207008995663
107,B,100,1,6,0.5722777319718634
107,B,100,1,7,0.4641942908080433
107,B,100,1,8,0.7975920385160419
107,B,100,1,9,0.5679595280670302
107,B,100,2,0,-1.8105450981102156
107,B,100,2,1,-1.1741402033589745
107,B,100,2,2,-1.7363852366911035
107,B,100,2,3,-1.711325750987905
107,B,100,2,4,-1.3570415682639172
107,B,100,2,5,-1.9110568106432775
107,B,100,2,6,-1.6442399540066766
107,B,100,2,7,-1.805085382240773
107,B,100,2,8,-1.1661007834369406
107,B,100,2,9,-1.5113595549159577
107,B,100,3,0,0.014511673952246831
107,B,100,3,1,-0.018347283891927503
107,B,100,3,2,-0.41800866176355583
107,B,100,3,3,-0.20751876911149694
107,B,100,3,4,-0.661758777244093
107,B,100,3,5,-0.09118519455368408
107,B,100,3,6,-0.052974764413012
107,B,100,3,7,0.05726974766684816
107,B,100,3,8,-0.29501460299980853
107,B,100,3,9,0.238879464299022
107,B,100,4,0,-0.771300323567724
107,B,100,4,1,-0.8740680792107297
107,B,100,4,2,-1.0806930310256693
107,B,100,4,3,-0.838553714339886
107,B,100,4,4,-0.7372109512671032
107,B,100,4,5,-1.1820470652640307
107,B,100,4,6,-1.1817142440036386
107,B,100,4,7,-0.7420974595879541
107,B,100,4,8,-0.40543182867767025
107,B,100,4,9,-0.5578710425446536
107,B,100,5,0,0.2000191272874639
107,B,100,5,1,-0.04774578148751499
107,B,100,5,2,-0.06270279927009441
107,B,100,5,3,0.1406898048506968
107,B,100,5,4,0.2806131029826764
107,B,100,5,5,0.33258721759331045
107,B,100,5,6,0.4855608892677508
107,B,100,5,7,0.5596099568702808
107,B,100,5,8,0.30057132731562863
107,B,100,5,9,0.49960754860111584
107,B,100,6,0,0.6473905500927843
107,B,100,6,1,0.023364395288671003
107,B,100,6,2,0.7464311199261937
107,B,100,6,3,0.32946432369224965
107,B,100,6,4,0.30058612195785467
107,B,100,6,5,0.9487151641687614
107,B,100,6,6,0.3304159439073793
107,B,100,6,7,0.5345715478638318
107,B,100,6,8,0.35834154708266164
107,B,100,6,9,0.9905275220320333
107,B,100,7,0,-1.8197401917150906
107,B,100,7,1,-1.6438767245485892
107,B,100,7,2,-0.7501865447593926
107,B,100,7,3,-1.3435133187258066
107,B,100,7,4,-1.4449952190617477
107,B,100,7,5,-1.878357311663108
107,B,100,7,6,-1.8968181850500023
107,B,100,7,7,-1.6258436244721028
107,B,100,7,8,-1.5771435603703106
107,B,100,7,9,-0.7942135987620004
107,B,100,8,0,1.0847755860711583
107,B,100,8,1,1.041534795726385
107,B,100,8,2,1.3770398253915692
107,B,100,8,3,1.196966773044077
107,B,100,8,4,1.4026270165629204
107,B,100,8,5,1.2991457102721367
107,B,100,8,6,1.367042715269562
107,B,100,8,7,1.367712200318424
107,B,100,8,8,0.36594317090781725
107,B,100,8,9,1.3110856301920328
107,B,100,9,0,0.6714280613175476
107,B,100,9,1,0.908299691314188
107,B,100,9,2,0.6672779068598208
107,B,100,9,3,0.8845309724207333
107,B,100,9,4,0.7367792554443182
107,B,100,9,5,0.6653166282109136
107,B,100,9,6,0.7562003721064354
107,B,100,9,7,0.8504806272373323
107,B,100,9,8,0.7503551593344086
107,B,100,9,9,0.8955388015202908
108,A,0.05,0,0,1.6194185973208193
108,A,0.05,0,1,1.2873204925931627
108,A,0.05,0,2,1.3217418890874124
108,A,0.05,0,3,0.629439777196794
108,A,0.05,0,4,1.3034530303467757
108,A,0.05,0,5,0.3213306640708835
108,A,0.05,0,6,1.2627857883422786
108,A,0.05,0,7,0.77778754521475
108,A,0.05,0,8,0.47203069129410985
108,A,0.05,0,9,1.0791537343505926
108,A,0.05,1,0,0.2198184786932676
108,A,0.05,1,1,0.02543309671726351
108,A,0.05,1,2,0.3792394875730028
108,A,0.05,1,3,-0.05340981763082467
108,A,0.05,1,4,0.07096473527184155
108,A,0.05,1,5,0.3044924917548399
108,A,0.05,1,6,0.3062766014633148
108,A,0.05,1,7,0.29280686855783794
108,A,0.05,1,8,0.05396781869912915
108,A,0.05,1,9,0.13885624140592917
108,A,0.05,2,0,-0.5936209332020461
108,A,0.05,2,1,-0.5137394139193925
108,A,0.05,2,2,-0.4649756161881927
108,A,0.05,2,3,-0.3268351521030904
108,A,0.05,2,4,-0.46315659739557435
108,A,0.05,2,5,-0.6853824721988325
108,A,0.05,2,6,-0.7271392485093338
108,A,0.05,2,7,-0.3169871380833825
108,A,0.05,2,8,-0.3012743540446539
108,A,0.05,2,9,-0.7958292078235627
108,A,0.05,3,0,-0.6676654659872868
108,A,0.05,3,1,-0.5098158650072427
108,A,0.05,3,2,-0.9056032355133129
108,A,0.05,3,3,-0.01808832177701186
108,A,0.05,3,4,0.06466913723322218
108,A,0.05,3,5,-0.17792355471681262
108,A,0.05,3,6,0.31297769981853774
108,A,0.05,3,7,-0.29901662139334756
108,A,0.05,3,8,-0.24835253510322094
108,A,0.05,3,9,0.5365974541439655
108,A,0.05,4,0,1.193085367331184
108,A,0.05,4,1,0.6998475719649453
108,A,0.05,4,2,1.322405498560825
108,A,0.05,4,3,0.6034632011530701
108,A,0.05,4,4,0.9602877691273425
108,A,0.05,4,5,1.628968794876445
108,A,0.05,4,6,0.9031082720302699
108,A,0.05,4,7,0.678422576843429
108,A,0.05,4,8,0.942967243544535
108,A,0.05,4,9,0.5327378598986946
108,A,0.05,5,0,1.6700933360621415
108,A,0.05,5,1,2.1066488283641944
108,A,0.05,5,2,1.9764157169810772
108,A,0.05,5,3,1.9090273517706746
108,A,0.05,5,4,2.411362900479401
108,A,0.05,5,5,1.5882302882149342
108,A,0.05,5,6,2.0439395437516312
108,A,0.05,5,7,2.0045064840127
108,A,0.05,5,8,2.3482645680536924
108,A,0.05,5,9,2.131722689535812
108,A,0.05,6,0,0.8387799305807587
108,A,0.05,6,1,0.34877960286462384
108,A,0.05,6,2,0.6878223889254789
108,A,0.05,6,3,0.5788431652809929
108,A,0.05,6,4,0.48214894529716756
108,A,0.05,6,5,0.9284636057865109
108,A,0.05,6,6,0.4590789604150064
108,A,0.05,6,7,0.26625015714601785
108,A,0.05,6,8,-0.04496227696466525
108,A,0.05,6,9,0.5392974607263339
108,A,0.05,7,0,0.06901120152918516
108,A,0.05,7,1,0.3296060364091281
108,A,0.05,7,2,0.48985538373747955
108,A,0.05,7,3,0.5145583868661776
108,A,0.05,7,4,0.30226713569478164
108,A,0.05,7,5,0.38603009486914436
108,A,0.05,7,6,0.6064008800945963
108,A,0.05,7,7,0.16635923699647773
108,A,0.05,7,8,0.41577777567391866
108,A,0.05,7,9,0.19931250846328732
108,A,0.05,8,0,0.1202737336668894
108,A,0.05,8,1,0.2400142142522495
108,A,0.05,8,2,0.6872502382157754
108,A,0.05,8,3,0.8006525030185293
108,A,0.05,8,4,0.7556040680339049
108,A,0.05,8,5,0.5182391083571072
108,A,0.05,8,6,0.8052563680375638
108,A,0.05,8,7,0.6735084887081275
108,A,0.05,8,8,1.2176726730980665
108,A,0.05,8,9,0.732018787253836
108,A,0.05,9,0,0.31220323775331466
108,A,0.05,9,1,0.7890665656148907
108,A,0.05,9,2,0.31599711175532086
108,A,0.05,9,3,0.5256477523302417
108,A,0.05,9,4,0.2916982445905777
108,A,0.05,9,5,0.2299116125330617
108,A,0.05,9,6,0.3743942883669528
108,A,0.05,9,7,0.2970462635500168
108,A,0.05,9,8,0.7922666264720097
108,A,0.05,9,9,0.21316673374908218
108,B,100,0,0,1.0728774789215216
108,B,100,0,1,0.8978607388623701
108,B,100,0,2,0.6311156521411043
108,B,100,0,3,0.9082210332980403
108,B,100,0,4,0.9578180638331407
108,B,100,0,5,0.8749434554269161
108,B,100,0,6,0.9993732452574087
108,B,100,0,7,0.7496744909317234
108,B,100,0,8,0.9362411604755945
108,B,100,0,9,0.834265429404475
108,B,100,1,0,0.5484404963585758
108,B,100,1,1,0.28359580247577265
108,B,100,1,2,0.43969208286158545
108,B,100,1,3,0.7492565189241039
108,B,100,1,4,0.5807971011614871
108,B,100,1,5,0.2096923859644906
108,B,100,1,6,0.0719772773024269
108,B,100,1,7,0.16473208448470808
108,B,100,1,8,1.231921279945159
108,B,100,1,9,0.7043224076765934
108,B,100,2,0,-3.111305179872478
108,B,100,2,1,-1.4802991686511988
108,B,100,2,2,-1.7437468518366972
108,B,100,2,3,-1.725128883561042
108,B,100,2,4,-2.0853854060175316
108,B,100,2,5,-1.3353011939271255
108,B,100,2,6,-1.681657624001133
108,B,100,2,7,-1.8187519111102726
108,B,100,2,8,-1.5882359743028265
108,B,100,2,9,-1.7543769737296204
108,B,100,3,0,-0.34455083361231753
108,B,100,3,1,-0.845145896205831
108,B,100,3,2,-0.296162687731677
108,B,100,3,3,-0.4639453257251629
108,B,100,3,4,-0.844305302237086
108,B,100,3,5,-1.0243413027876485
108,B,100,3,6,-0.6832786192687466
108,B,100,3,7,-0.43703833804860726
108,B,100,3,8,-0.6733231484300192
108,B,100,3,9,-0.4672903747238613
108,B,100,4,0,-0.2899273094128986
108,B,100,4,1,-0.7767069609079538
108,B,100,4,2,-0.2726636670282221
108,B,100,4,3,-0.16630057385451746
108,B,100,4,4,-0.42784265688556367
108,B,100,4,5,0.2821549983423124
108,B,100,4,6,-0.5186042367126019
108,B,100,4,7,-0.37682929290302175
108,B,100,4,8,-0.37034905340055124
108,B,100,4,9,-0.43134922899062206
108,B,100,5,0,0.717797062881075
108,B,100,5,1,0.8953963189230845
108,B,100,5,2,0.9299268103472537
108,B,100,5,3,0.40685800506388564
108,B,100,5,4,0.9392764138606035
108,B,100,5,5,0.8298297076050211
108,B,100,5,6,0.9896616609567656
108,B,100,5,7,0.8835627582690446
108,B,100,5,8,1.1802806962915495
108,B,100,5,9,0.9998588065721071
108,B,100,6,0,-0.6399934724760162
108,B,100,6,1,-0.6342850478918726
108,B,100,6,2,-0.5606848253190119
108,B,100,6,3,-0.43444853314865617
108,B,100,6,4,-0.9462821496531177
108,B,100,6,5,-0.6213812173075178
108,B,100,6,6,-0.6105356897089681
108,B,100,6,7,-0.14684636081388086
108,B,100,6,8,-0.3186628234010525
108,B,100,6,9,-0.3135909809207511
108,B,100,7,0,2.6193594309308263
108,B,100,7,1,2.7407323287004512
108,B,100,7,2,2.7435786136759437
108,B,100,7,3,2.7225012433425073
108,B,100,7,4,2.439459281035094
108,B,100,7,5,2.8320055513793405
108,B,100,7,6,2.7327074098542408
108,B,100,7,7,2.9787215217961647
108,B,100,7,8,2.784694190394841
108,B,100,7,9,3.2084087645908586
108,B,100,8,0,0.6117676869524643
108,B,100,8,1,0.6820877265730905
108,B,100,8,2,0.5495681431255484
108,B,100,8,3,0.5880238804518646
108,B,100,8,4,0.6736063102005416
108,B,100,8,5,0.7135669024923065
108,B,100,8,6,0.7163247110394376
108,B,100,8,7,0.8831209581911726
108,B,100,8,8,0.6323697153554003
108,B,100,8,9,0.9034573768945654
108,B,100,9,0,-0.5203662077723595
108,B,100,9,1,-0.3875768127358351
108,B,100,9,2,-0.542989747677597
108,B,100,9,3,0.5260394950219115
108,B,100,9,4,0.3246147586851935
108,B,100,9,5,0.554850942338012
108,B,100,9,6,0.4668049838253797
108,B,100,9,7,0.2426112509065437
108,B,100,9,8,0.22180293971277737
108,B,100,9,9,-0.2716023751706765
109,A,0.05,0,0,-0.35812919578317776
109,A,0.05,0,1,-0.028073591944847837
109,A,0.05,0,2,0.2486320410948743
109,A,0.05,0,3,0.08024557106130019
109,A,0.05,0,4,-0.057253002648186765
109,A,0.05,0,5,-0.0917546974949434
109,A,0.05,0,6,-0.2649983079703517
109,A,0.05,0,7,0.008017921857541337
109,A,0.05,0,8,-0.29112810666718436
109,A,0.05,0,9,-0.5375239967566853
109,A,0.05,1,0,0.31193528582994956
109,A,0.05,1,1,0.15673536932223306
109,A,0.05,1,2,0.30578925101865256
109,A,0.05,1,3,0.5654240622064436
109,A,0.05,1,4,0.45098941542765186
109,A,0.05,1,5,0.05479349802540425
109,A,0.05,1,6,0.2127679315497357
109,A,0.05,1,7,0.25951357978590617
109,A,0.05,1,8,-0.10163686428027903
109,A,0.05,1,9,0.08271599201491148
109,A,0.05,2,0,0.8925960261753412
109,A,0.05,2,1,1.0281324900848376
109,A,0.05,2,2,1.0371027263753294
109,A,0.05,2,3,1.2833055759632854
109,A,0.05,2,4,1.0893933637313709
109,A,0.05,2,5,0.7161856809130965
109,A,0.05,2,6,1.1622454829417854
109,A,0.05,2,7,1.200230872024853
109,A,0.05,2,8,1.505995268592825
109,A,0.05,2,9,1.3015216635770364
109,A,0.05,3,0,-0.11711804598950756
109,A,0.05,3,1,-0.1899773715163695
109,A,0.05,3,2,-0.360910350316107
109,A,0.05,3,3,-0.39684538234342914
109,A,0.05,3,4,-0.5286265976458652
109,A,0.05,3,5,-0.21793382815889015
109,A,0.05,3,6,-0.3670836423113539
109,A,0.05,3,7,-0.5310634759199119
109,A,0.05,3,8,-0.3225908422811845
109,A,0.05,3,9,-0.48753948632121186
109,A,0.05,4,0,-1.0295598718930001
109,A,0.05,4,1,-0.8301753199542661
109,A,0.05,4,2,-1.3169421773949197
109,A,0.05,4,3,-0.9090005225396229
109,A,0.05,4,4,-1.3567958799535231
109,A,0.05,4,5,-0.9853424750096297
109,A,0.05,4,6,-1.0902405867364322
109,A,0.05,4,7,-1.239122134158325
109,A,0.05,4,8,-0.9278319816770694
109,A,0.05,4,9,-0.9696494436412174
109,A,0.05,5,0,0.8232942680882966
109,A,0.05,5,1,0.3065548557308411
109,A,0.05,5,2,0.8092906623159737
109,A,0.05,5,3,0.5949408804733962
109,A,0.05,5,4,0.1707171182440054
109,A,0.05,5,5,0.6180968866360476
109,A,0.05,5,6,0.42716029860489585
109,A,0.05,5,7,0.6614438040983935
109,A,0.05,5,8,0.13545789023949545
109,A,0.05,5,9,0.545966781075963
109,A,0.05,6,0,-0.056043093462953684
109,A,0.05,6,1,0.12570023293197058
109,A,0.05,6,2,0.28026787294417926
109,A,0.05,6,3,0.338497063461125
109,A,0.05,6,4,-0.024764319860790293
109,A,0.05,6,5,0.12495858028137935
109,A,0.05,6,6,0.49429066147186956
109,A,0.05,6,7,0.5020560679873438
109,A,0.05,6,8,0.3925171910540906
109,A,0.05,6,9,0.43029770961011876
109,A,0.05,7,0,1.5924421563130184
109,A,0.05,7,1,2.01022166730637
109,A,0.05,7,2,2.167007668066237
109,A,0.05,7,3,1.6836921071111195
109,A,0.05,7,4,1.3536252644917164
109,A,0.05,7,5,2.0684609386521604
109,A,0.05,7,6,1.3370356415875542
109,A,0.05,7,7,1.6824832944535595
109,A,0.05,7,8,1.2405488838918728
109,A,0.05,7,9,2.6317844955220773
109,A,0.05,8,0,-1.5038097774583004
109,A,0.05,8,1,-1.7470468302137176
109,A,0.05,8,2,-1.257672548841756
109,A,0.05,8,3,-1.2741103015379218
109,A,0.05,8,4,-1.3389219513102462
109,A,0.05,8,5,-1.443129930709753
109,A,0.05,8,6,-0.9219727182940883
109,A,0.05,8,7,-1.6674575549866288
109,A,0.05,8,8,-1.386244147123913
109,A,0.05,8,9,-1.3126103847822064
109,A,0.05,9,0,0.8139998729366807
109,A,0.05,9,1,0.9093562503419951
109,A,0.05,9,2,0.7638061045248175
109,A,0.05,9,3,0.9739465470161733
109,A,0.05,9,4,0.6138422481624519
109,A,0.05,9,5,0.7900911871961946
109,A,0.05,9,6,0.8668145243746469
109,A,0.05,9,7,0.6551249769417685
109,A,0.05,9,8,0.7485376623494364
109,A,0.05,9,9,0.8146034155117594
109,B,100,0,0,-0.6746344932813653
109,B,100,0,1,-1.2875537069388554
109,B,100,0,2,-1.6577991351109391
109,B,100,0,3,-1.3398857833803495
109,B,100,0,4,-1.0953443565215657
109,B,100,0,5,-0.9827706433390688
109,B,100,0,6,-1.0422672161018043
109,B,100,0,7,-1.206663284566851
109,B,100,0,8,-1.3025917361341621
109,B,100,0,9,-1.7446771493081616
109,B,100,1,0,2.0148248611733672
109,B,100,1,1,1.498659322792143
109,B,100,1,2,1.6282285829337775
109,B,100,1,3,1.6883380402962511
109,B,100,1,4,2.061296566930229
109,B,100,1,5,1.0870068056809896
109,B,100,1,6,2.3193727229511576
109,B,100,1,7,1.7216027935918536
109,B,100,1,8,1.3250926674021444
109,B,100,1,9,1.7490945272040945
109,B,100,2,0,0.4141717315335599
109,B,100,2,1,-0.0750360960349968
109,B,100,2,2,0.40812739150177313
109,B,100,2,3,0.6637907327273143
109,B,100,2,4,0.3682574663131716
109,B,100,2,5,0.1592854759202705
109,B,100,2,6,0.4551456046207294
109,B,100,2,7,0.3676297298052593
109,B,100,2,8,0.20116437498352496
109,B,100,2,9,0.5519392375571609
109,B,100,3,0,-0.6617206698248147
109,B,100,3,1,-0.9195771887969686
109,B,100,3,2,-1.0280120054769533
109,B,100,3,3,-0.8822964124866952
109,B,100,3,4,-0.31541688702441767
109,B,100,3,5,-0.6852643199672712
109,B,100,3,6,-0.13698117415056496
109,B,100,3,7,-0.4513369207021846
109,B,100,3,8,-0.7932504254467779
109,B,100,3,9,-0.641873121717469
109,B,100,4,0,0.24468520914461256
109,B,100,4,1,0.05152209148792691
109,B,100,4,2,0.04842403794659208
109,B,100,4,3,0.0856170131873571
109,B,100,4,4,0.3506576833443934
109,B,100,4,5,0.2548240173293359
109,B,100,4,6,-0.24715399894195614
109,B,100,4,7,0.12542646908348437
109,B,100,4,8,0.2695742980526463
109,B,100,4,9,0.15629666326828337
109,B,100,5,0,-1.6250357669314217
109,B,100,5,1,-1.6463437000908887
109,B,100,5,2,-1.4754226313495873
109,B,100,5,3,-1.7040797734293083
109,B,100,5,4,-1.5783633685989469
109,B,100,5,5,-1.7760245436680482
109,B,100,5,6,-1.38816841152764
109,B,100,5,7,-1.892431627759757
109,B,100,5,8,-1.5069791346825399
109,B,100,5,9,-1.4981611100610872
109,B,100,6,0,0.38877662600758506
109,B,100,6,1,0.039947268440680486
109,B,100,6,2,0.08148121827521568
109,B,100,6,3,0.18970952290721177
109,B,100,6,4,0.26933503673675074
109,B,100,6,5,0.6753771870620932
109,B,100,6,6,0.1857264724086047
109,B,100,6,7,0.0005093010356174537
109,B,100,6,8,0.7448012195233875
109,B,100,6,9,0.5320357737075938
109,B,100,7,0,0.26722584816637207
109,B,100,7,1,0.5332538141636602
109,B,100,7,2,0.5682635582288041
109,B,100,7,3,0.6835391453117909
109,B,100,7,4,0.9484982225140185
109,B,100,7,5,1.2615463142442667
109,B,100,7,6,0.6693677866684324
109,B,100,7,7,1.0324398544165303
109,B,100,7,8,0.28701829010757
109,B,100,7,9,1.3263403937042233
109,B,100,8,0,-1.1666693583427852
109,B,100,8,1,-1.5304079518215756
109,B,100,8,2,-1.2535771521189902
109,B,100,8,3,-0.4615721768018943
109,B,100,8,4,-1.673652937640136
109,B,100,8,5,-1.1661494322549055
109,B,100,8,6,-1.390223593691619
109,B,100,8,7,-1.693747146658699
109,B,100,8,8,-1.2920226626407754
109,B,100,8,9,-0.8410562235520207
109,B,100,9,0,2.0101474373222046
109,B,100,9,1,1.9430442331460742
109,B,100,9,2,2.1379473771683752
109,B,100,9,3,1.9173631642137832
109,B,100,9,4,2.3249470652943165
109,B,100,9,5,2.073330625811428
109,B,100,9,6,2.0474843312523126
109,B,100,9,7,1.899350239765052
109,B,100,9,8,1.7374222793700218
109,B,100,9,9,1.9748235368306948
