run,variant,frequency,solution,generation,fitness
0,A,0.05,0,0,-0.432081074982679
0,A,0.05,0,1,-0.3884410951388514
0,A,0.05,0,2,-0.3699998888665164
0,A,0.05,0,3,-0.5181985074926254
0,A,0.05,0,4,-0.40348456841474056
0,A,0.05,0,5,-0.31619769501286116
0,A,0.05,0,6,-0.49861178605873563
0,A,0.05,0,7,-0.3893435728130053
0,A,0.05,0,8,-0.47123679209129055
0,A,0.05,0,9,-0.23355531742872085
0,A,0.05,1,0,0.27674552047605927
0,A,0.05,1,1,0.68534429592431
0,A,0.05,1,2,0.3568589016263429
0,A,0.05,1,3,0.34740024766708494
0,A,0.05,1,4,0.5999622442703271
0,A,0.05,1,5,0.36850862755648434
0,A,0.05,1,6,0.446886661308984
0,A,0.05,1,7,0.5256782194693662
0,A,0.05,1,8,0.6065613933856301
0,A,0.05,1,9,0.560514470656557
0,A,0.05,2,0,0.6864828297199744
0,A,0.05,2,1,0.7015663551879174
0,A,0.05,2,2,0.7102518477895026
0,A,0.05,2,3,0.6386526869791532
0,A,0.05,2,4,0.6372300702109649
0,A,0.05,2,5,0.7549470041706937
0,A,0.05,2,6,0.5313299962891767
0,A,0.05,2,7,0.6418472859266611
0,A,0.05,2,8,0.5011964064906114
0,A,0.05,2,9,-0.0851624611546033
0,A,0.05,3,0,-1.1192658021229047
0,A,0.05,3,1,-0.5581621184982113
0,A,0.05,3,2,0.7346381357997385
0,A,0.05,3,3,-0.22714827785317104
0,A,0.05,3,4,-0.38070021565111906
0,A,0.05,3,5,0.4294617014692171
0,A,0.05,3,6,-0.19339278660171372
0,A,0.05,3,7,0.3236623307060775
0,A,0.05,3,8,0.5858749394134849
0,A,0.05,3,9,0.02244379444110956
0,A,0.05,4,0,0.6070805382792221
0,A,0.05,4,1,1.2788108795875897
0,A,0.05,4,2,1.0934200484693304
0,A,0.05,4,3,0.6699189888759624
0,A,0.05,4,4,0.4707469402597618
0,A,0.05,4,5,1.223450700449454
0,A,0.05,4,6,1.2975215628464973
0,A,0.05,4,7,1.3255316714373229
0,A,0.05,4,8,1.1974694421205718
0,A,0.05,4,9,1.0757986482463564
0,A,0.05,5,0,-0.5980787789955877
0,A,0.05,5,1,-0.732849739526672
0,A,0.05,5,2,-0.8011341058273312
0,A,0.05,5,3,-0.7207999080204968
0,A,0.05,5,4,-0.8490695064712309
0,A,0.05,5,5,-0.7064858395514739
0,A,0.05,5,6,-0.7342550980828749
0,A,0.05,5,7,-0.76845380267621
0,A,0.05,5,8,-0.514753227298653
0,A,0.05,5,9,-0.8971798878024465
0,A,0.05,6,0,-0.46266926782281304
0,A,0.05,6,1,-0.3538166037972151
0,A,0.05,6,2,-0.20092872040017326
0,A,0.05,6,3,-0.36495203055496295
0,A,0.05,6,4,-0.6130189093288094
0,A,0.05,6,5,-0.07503349055075811
0,A,0.05,6,6,-0.10757203369889273
0,A,0.05,6,7,-0.5325941511229593
0,A,0.05,6,8,-0.9536621584615252
0,A,0.05,6,9,-0.5665475352137244
0,A,0.05,7,0,2.1807860640928816
0,A,0.05,7,1,1.4344012898246574
0,A,0.05,7,2,1.8480920436620554
0,A,0.05,7,3,1.792490068554966
0,A,0.05,7,4,1.5082221993458198
0,A,0.05,7,5,2.0582582453280844
0,A,0.05,7,6,2.161600652724602
0,A,0.05,7,7,2.2062914697830256
0,A,0.05,7,8,1.6065220194063718
0,A,0.05,7,9,1.8076570202467972
0,A,0.05,8,0,-3.738413288295638
0,A,0.05,8,1,-2.7668429753910067
0,A,0.05,8,2,-4.171687961120311
0,A,0.05,8,3,-3.444120878882817
0,A,0.05,8,4,-3.6816494520016305
0,A,0.05,8,5,-3.8190781251626427
0,A,0.05,8,6,-3.488440025518685
0,A,0.05,8,7,-3.969309587242346
0,A,0.05,8,8,-3.756101268378914
0,A,0.05,8,9,-3.315038069311972
0,A,0.05,9,0,1.0480672859811642
0,A,0.05,9,1,0.3695426193443136
0,A,0.05,9,2,0.7321506113618105
0,A,0.05,9,3,0.9394630597377108
0,A,0.05,9,4,1.029641437101472
0,A,0.05,9,5,0.5090827988381152
0,A,0.05,9,6,0.762285984566356
0,A,0.05,9,7,0.9410463474180238
0,A,0.05,9,8,1.043190626457593
0,A,0.05,9,9,0.7940568462867508
0,B,100,0,0,-0.2771876569880697
0,B,100,0,1,-0.5675416295392003
0,B,100,0,2,0.06882604992875667
0,B,100,0,3,-0.25497155571343894
0,B,100,0,4,0.0654744867343476
0,B,100,0,5,-0.24115853587819305
0,B,100,0,6,-0.2548786054118584
0,B,100,0,7,-0.05240369994909081
0,B,100,0,8,-0.9221043128613091
0,B,100,0,9,0.17606497057221823
0,B,100,1,0,0.0993397022782918
0,B,100,1,1,0.6889847571635813
0,B,100,1,2,0.312970828257891
0,B,100,1,3,0.3511784534597438
0,B,100,1,4,-0.3691076039796488
0,B,100,1,5,-0.19860085520555165
0,B,100,1,6,0.1549876207735929
0,B,100,1,7,-0.4434715746757084
0,B,100,1,8,-0.32743780311399645
0,B,100,1,9,0.27818480443505794
0,B,100,2,0,0.4823392066510298
0,B,100,2,1,0.2588470058163183
0,B,100,2,2,0.3595378273476349
0,B,100,2,3,0.0546376313751507
0,B,100,2,4,0.028544521182125616
0,B,100,2,5,-0.561667008003503
0,B,100,2,6,1.161453000441677
0,B,100,2,7,0.1840679267988898
0,B,100,2,8,0.45460067369046486
0,B,100,2,9,0.12697489126879372
0,B,100,3,0,0.30357105902983145
0,B,100,3,1,0.1575923038751044
0,B,100,3,2,0.4659493214941538
0,B,100,3,3,-0.00389499665503644
0,B,100,3,4,0.0613153363774919
0,B,100,3,5,0.29596228602099145
0,B,100,3,6,0.19592191394094416
0,B,100,3,7,0.226220749542647
0,B,100,3,8,0.22864986380715435
0,B,100,3,9,0.11060379766910144
0,B,100,4,0,0.47894653061282905
0,B,100,4,1,0.10357163165902197
0,B,100,4,2,0.23417151412356974
0,B,100,4,3,0.23526513632629162
0,B,100,4,4,-0.09466358427670286
0,B,100,4,5,0.08853738510891801
0,B,100,4,6,-0.08268564910388417
0,B,100,4,7,0.10524356031079676
0,B,100,4,8,0.4309700439217895
0,B,100,4,9,0.3555695362835672
0,B,100,5,0,1.7440165737798503
0,B,100,5,1,2.56241035758114
0,B,100,5,2,2.0851449814984013
0,B,100,5,3,2.3655656731865835
0,B,100,5,4,1.5717028260947457
0,B,100,5,5,1.5702916335489334
0,B,100,5,6,1.0013603577664074
0,B,100,5,7,2.4230728744886485
0,B,100,5,8,2.350289059806059
0,B,100,5,9,1.732840659806952
0,B,100,6,0,0.26787228610987945
0,B,100,6,1,0.6012993769231034
0,B,100,6,2,0.37771128913606966
0,B,100,6,3,0.368607314735642
0,B,100,6,4,0.38367880704981244
0,B,100,6,5,0.3435757912068153
0,B,100,6,6,0.20606413361423692
0,B,100,6,7,0.6821535450470833
0,B,100,6,8,0.6536782531085079
0,B,100,6,9,0.7496572133365865
0,B,100,7,0,-1.4708710768613344
0,B,100,7,1,-1.3246154573464752
0,B,100,7,2,-1.5047730893631903
0,B,100,7,3,-1.314991006966487
0,B,100,7,4,-1.722180958139537
0,B,100,7,5,-1.4465491185186103
0,B,100,7,6,-1.4503658272768853
0,B,100,7,7,-1.3829119746127643
0,B,100,7,8,-1.3862198114801505
0,B,100,7,9,-1.3037279808136542
0,B,100,8,0,0.8643676499888727
0,B,100,8,1,0.6776864773122279
0,B,100,8,2,0.27710900964964424
0,B,100,8,3,0.9394314408971679
0,B,100,8,4,0.6777357451985945
0,B,100,8,5,0.4215117016555255
0,B,100,8,6,0.515288985290684
0,B,100,8,7,0.8342428725524781
0,B,100,8,8,-0.21628308384285172
0,B,100,8,9,0.8372333860951284
0,B,100,9,0,-0.16906970131321145
0,B,100,9,1,-0.2117600743132649
0,B,100,9,2,-0.05150050653272062
0,B,100,9,3,-0.1631349125453145
0,B,100,9,4,-0.10347952135313555
0,B,100,9,5,-0.08560098096060968
0,B,100,9,6,-0.11809575476247856
0,B,100,9,7,0.04503279504497886
0,B,100,9,8,-0.014008453478359915
0,B,100,9,9,0.08735212738222044
1,A,0.05,0,0,0.9335573766886065
1,A,0.05,0,1,2.003615091120364
1,A,0.05,0,2,2.128135373630082
1,A,0.05,0,3,1.447218287905493
1,A,0.05,0,4,1.6924742513400861
1,A,0.05,0,5,1.5321968446823433
1,A,0.05,0,6,1.679498083989007
1,A,0.05,0,7,1.5685366545783312
1,A,0.05,0,8,1.3887634344659125
1,A,0.05,0,9,1.882085491547134
1,A,0.05,1,0,0.5894064145002352
1,A,0.05,1,1,0.5553834228061336
1,A,0.05,1,2,0.5254205046559149
1,A,0.05,1,3,0.521486419581529
1,A,0.05,1,4,0.38918545514154335
1,A,0.05,1,5,0.45651418908606306
1,A,0.05,1,6,0.40164563265096914
1,A,0.05,1,7,0.3714706642830568
1,A,0.05,1,8,0.4768124441250682
1,A,0.05,1,9,1.1106695542076805
1,A,0.05,2,0,0.6059893591264287
1,A,0.05,2,1,0.7031104434663491
1,A,0.05,2,2,0.883364885988526
1,A,0.05,2,3,0.981563539598182
1,A,0.05,2,4,1.0581844885474232
1,A,0.05,2,5,0.49158015879192335
1,A,0.05,2,6,0.9748154635891223
1,A,0.05,2,7,0.9532708511555132
1,A,0.05,2,8,0.3577995109890358
1,A,0.05,2,9,0.7110308108692854
1,A,0.05,3,0,0.3175641853388505
1,A,0.05,3,1,0.07699643520782698
1,A,0.05,3,2,0.11068160794564723
1,A,0.05,3,3,0.39426441795726486
1,A,0.05,3,4,0.47221122684437355
1,A,0.05,3,5,-0.05314487439031923
1,A,0.05,3,6,-0.2022906413180797
1,A,0.05,3,7,0.02561272369003911
1,A,0.05,3,8,0.23551534165836688
1,A,0.05,3,9,0.37155669116094997
1,A,0.05,4,0,0.017190136706189952
1,A,0.05,4,1,-0.1268107543798367
1,A,0.05,4,2,-0.04250186571889358
1,A,0.05,4,3,0.042741927666256424
1,A,0.05,4,4,0.3194918306862378
1,A,0.05,4,5,0.14701806178993215
1,A,0.05,4,6,0.11405193560309496
1,A,0.05,4,7,0.36716615994036805
1,A,0.05,4,8,0.22010716773047528
1,A,0.05,4,9,0.041161050405281875
1,A,0.05,5,0,1.0616855964612122
1,A,0.05,5,1,1.0575112995409028
1,A,0.05,5,2,1.6081110329103492
1,A,0.05,5,3,1.0108507396386035
1,A,0.05,5,4,1.694756666026984
1,A,0.05,5,5,1.508681413149425
1,A,0.05,5,6,1.5282988501400054
1,A,0.05,5,7,1.2939550811947698
1,A,0.05,5,8,1.2383790382721616
1,A,0.05,5,9,1.1808941736439051
1,A,0.05,6,0,-0.059863343769384854
1,A,0.05,6,1,0.1693095320216113
1,A,0.05,6,2,0.20155388125818857
1,A,0.05,6,3,0.33073220449534746
1,A,0.05,6,4,0.21219313314458574
1,A,0.05,6,5,0.19619694717997077
1,A,0.05,6,6,0.0660912234465434
1,A,0.05,6,7,0.1263007255646175
1,A,0.05,6,8,0.0441846122058594
1,A,0.05,6,9,0.24647519520383426
1,A,0.05,7,0,0.8253488056601475
1,A,0.05,7,1,-0.15191326460490032
1,A,0.05,7,2,0.5072677657482438
1,A,0.05,7,3,-0.24680783873652565
1,A,0.05,7,4,0.004139820573240263
1,A,0.05,7,5,0.3755579212556789
1,A,0.05,7,6,0.6064464868268872
1,A,0.05,7,7,0.24411464028683247
1,A,0.05,7,8,0.22636617716522775
1,A,0.05,7,9,0.08630987618398993
1,A,0.05,8,0,-0.4441188726270892
1,A,0.05,8,1,-0.7201214342451596
1,A,0.05,8,2,-0.13038908019965126
1,A,0.05,8,3,-1.267558943955745
1,A,0.05,8,4,-0.3696229474583413
1,A,0.05,8,5,-0.311351677349888
1,A,0.05,8,6,-0.018558172762026096
1,A,0.05,8,7,-0.9692497491695978
1,A,0.05,8,8,-0.8314063707767705
1,A,0.05,8,9,-0.03813999056228099
1,A,0.05,9,0,0.008627560248223384
1,A,0.05,9,1,0.12515855782301827
1,A,0.05,9,2,0.1959386493619957
1,A,0.05,9,3,-0.04785481419281421
1,A,0.05,9,4,-0.4052112279966173
1,A,0.05,9,5,0.1273879561567489
1,A,0.05,9,6,0.28917645360052774
1,A,0.05,9,7,0.02428698472530026
1,A,0.05,9,8,0.10232539108182039
1,A,0.05,9,9,0.13324905967208167
1,B,100,0,0,-2.6989685892801005
1,B,100,0,1,-2.191952267788732
1,B,100,0,2,-2.2535231414673493
1,B,100,0,3,-2.134981130051165
1,B,100,0,4,-1.9788362719644517
1,B,100,0,5,-1.889276274378034
1,B,100,0,6,-1.6102400234770287
1,B,100,0,7,-1.9430552843819775
1,B,100,0,8,-2.4382030072186343
1,B,100,0,9,-1.6843412800551654
1,B,100,1,0,1.2039462515012151
1,B,100,1,1,1.2162471442144591
1,B,100,1,2,1.2933219852266016
1,B,100,1,3,1.1308098919245555
1,B,100,1,4,0.9242837556005976
1,B,100,1,5,1.0331573464884887
1,B,100,1,6,1.0120423846701097
1,B,100,1,7,0.8201063362792889
1,B,100,1,8,1.232443019764744
1,B,100,1,9,1.2559614061748001
1,B,100,2,0,0.2999821876563651
1,B,100,2,1,0.6985044911928702
1,B,100,2,2,0.7550497436119696
1,B,100,2,3,0.7264296591350528
1,B,100,2,4,1.2639196256378922
1,B,100,2,5,0.8174442522909101
1,B,100,2,6,0.6575410322010642
1,B,100,2,7,0.6910401371400974
1,B,100,2,8,1.2757984687602661
1,B,100,2,9,0.5933854745469191
1,B,100,3,0,3.206603633413773
1,B,100,3,1,3.48853007375637
1,B,100,3,2,2.4057723621062914
1,B,100,3,3,3.24881166650726
1,B,100,3,4,3.077092404884934
1,B,100,3,5,3.168951271579142
1,B,100,3,6,3.044081341030001
1,B,100,3,7,2.4579686883394998
1,B,100,3,8,3.3331992588293717
1,B,100,3,9,2.945388046638287
1,B,100,4,0,-2.39181081257446
1,B,100,4,1,-2.298482352610921
1,B,100,4,2,-2.2087866633167668
1,B,100,4,3,-2.1900705915018186
1,B,100,4,4,-2.054161456414782
1,B,100,4,5,-1.9969745973619
1,B,100,4,6,-1.9572691759578495
1,B,100,4,7,-1.6488033576788161
1,B,100,4,8,-2.48401558860473
1,B,100,4,9,-1.700723486769156
1,B,100,5,0,0.3836417755261271
1,B,100,5,1,0.7540916596929046
1,B,100,5,2,0.17594909325503577
1,B,100,5,3,0.18300526182826743
1,B,100,5,4,-0.431841998454591
1,B,100,5,5,0.3822431642537046
1,B,100,5,6,0.4318349752353105
1,B,100,5,7,0.5018684690277744
1,B,100,5,8,0.38072397444491773
1,B,100,5,9,0.6042123716740607
1,B,100,6,0,-0.6148872369564689
1,B,100,6,1,-0.2820955963915235
1,B,100,6,2,-1.5297076837057573
1,B,100,6,3,-0.4450643295952508
1,B,100,6,4,-0.23285351840363774
1,B,100,6,5,0.40201250354245555
1,B,100,6,6,0.14256524718301436
1,B,100,6,7,-0.3568844791928004
1,B,100,6,8,-0.9694812366935361
1,B,100,6,9,0.21250864951947002
1,B,100,7,0,0.7937920744210741
1,B,100,7,1,0.44600396711749896
1,B,100,7,2,0.6015542843859367
1,B,100,7,3,0.09883691122272266
1,B,100,7,4,0.7725448864174349
1,B,100,7,5,0.42351908764866925
1,B,100,7,6,0.8094554014222514
1,B,100,7,7,1.085761033287766
1,B,100,7,8,0.6141459824599065
1,B,100,7,9,0.43613134086262156
1,B,100,8,0,-1.2251234092529049
1,B,100,8,1,-1.7915500653144067
1,B,100,8,2,-0.785216974785149
1,B,100,8,3,-0.18805009429281194
1,B,100,8,4,-1.4406775785656578
1,B,100,8,5,-0.7225905141693192
1,B,100,8,6,-1.3150200420194746
1,B,100,8,7,-1.529305676644286
1,B,100,8,8,-1.1976731763017863
1,B,100,8,9,-1.172086136029021
1,B,100,9,0,-1.6549474186160684
1,B,100,9,1,-0.47950964671898505
1,B,100,9,2,-1.0420717952253322
1,B,100,9,3,-1.1077260995131581
1,B,100,9,4,-1.592801308380149
1,B,100,9,5,-0.7409764767224091
1,B,100,9,6,-1.1669134549037319
1,B,100,9,7,-2.022757762276896
1,B,100,9,8,-0.6389006248293636
1,B,100,9,9,-0.5527310617878707
2,A,0.05,0,0,0.6148352473812739
2,A,0.05,0,1,0.06735680841450571
2,A,0.05,0,2,0.15426019318797496
2,A,0.05,0,3,0.5011401076147803
2,A,0.05,0,4,0.12136253670396659
2,A,0.05,0,5,-0.09345095670624452
2,A,0.05,0,6,0.85659814499283
2,A,0.05,0,7,0.41205637408793694
2,A,0.05,0,8,0.6110310036904607
2,A,0.05,0,9,0.7392700538358017
2,A,0.05,1,0,-0.36159856606018703
2,A,0.05,1,1,-0.09133577864207595
2,A,0.05,1,2,-0.09459353202517731
2,A,0.05,1,3,-0.2986039319737424
2,A,0.05,1,4,-0.292611819267314
2,A,0.05,1,5,-0.14172717083035727
2,A,0.05,1,6,-0.4470535476084392
2,A,0.05,1,7,-0.6301875370679595
2,A,0.05,1,8,-0.3081357821270572
2,A,0.05,1,9,-0.15209145749374473
2,A,0.05,2,0,0.3053934290786721
2,A,0.05,2,1,-0.009430610935862609
2,A,0.05,2,2,-0.054885091529364494
2,A,0.05,2,3,-0.23680017642779674
2,A,0.05,2,4,0.41412283129466604
2,A,0.05,2,5,0.41529858332414177
2,A,0.05,2,6,-0.14356016888141904
2,A,0.05,2,7,-0.018910723506284133
2,A,0.05,2,8,-0.020736540707183178
2,A,0.05,2,9,0.29778563798020624
2,A,0.05,3,0,1.3072480040680883
2,A,0.05,3,1,0.914823982492525
2,A,0.05,3,2,0.7071623739556359
2,A,0.05,3,3,0.8802734844190281
2,A,0.05,3,4,1.128213091008862
2,A,0.05,3,5,0.9208981500740143
2,A,0.05,3,6,0.6587567009446094
2,A,0.05,3,7,1.0475173376912326
2,A,0.05,3,8,1.165356568912882
2,A,0.05,3,9,0.7417566071115743
2,A,0.05,4,0,-0.10538314006888744
2,A,0.05,4,1,0.15145739097915353
2,A,0.05,4,2,-0.2530376365411246
2,A,0.05,4,3,0.0017333134027960164
2,A,0.05,4,4,0.009677238774129251
2,A,0.05,4,5,-0.41840047032376027
2,A,0.05,4,6,0.03473341228006727
2,A,0.05,4,7,-0.13211356868143612
2,A,0.05,4,8,-0.09086107678209179
2,A,0.05,4,9,-0.20561832803448815
2,A,0.05,5,0,-0.6158913116646172
2,A,0.05,5,1,-0.12505642855240306
2,A,0.05,5,2,-0.3542530579056395
2,A,0.05,5,3,-0.38720456653480106
2,A,0.05,5,4,-0.38426923591685147
2,A,0.05,5,5,-0.40294845722291756
2,A,0.05,5,6,-0.4277650086529144
2,A,0.05,5,7,-0.4523180324940157
2,A,0.05,5,8,-0.42925844644605393
2,A,0.05,5,9,-0.002591027371059287
2,A,0.05,6,0,1.0945773756911423
2,A,0.05,6,1,0.540822517901276
2,A,0.05,6,2,0.8048128966855167
2,A,0.05,6,3,1.325370521364591
2,A,0.05,6,4,1.559450073324758
2,A,0.05,6,5,0.2491453202440873
2,A,0.05,6,6,0.6380026713464663
2,A,0.05,6,7,0.12142757947341937
2,A,0.05,6,8,-0.029892212179314422
2,A,0.05,6,9,1.100369409539866
2,A,0.05,7,0,2.1358359857092886
2,A,0.05,7,1,2.0786831538075803
2,A,0.05,7,2,1.9672111136307966
2,A,0.05,7,3,2.4702551325242426
2,A,0.05,7,4,1.9759739284138351
2,A,0.05,7,5,2.847215736674958
2,A,0.05,7,6,1.9446531865545225
2,A,0.05,7,7,2.5360885872119123
2,A,0.05,7,8,1.1522392111763027
2,A,0.05,7,9,2.2682276450193473
2,A,0.05,8,0,0.24047912095998925
2,A,0.05,8,1,0.7614653704118889
2,A,0.05,8,2,1.091575080889937
2,A,0.05,8,3,0.49626901608230684
2,A,0.05,8,4,1.222664486186488
2,A,0.05,8,5,1.023449207138349
2,A,0.05,8,6,0.1963103536445308
2,A,0.05,8,7,0.9749557107439626
2,A,0.05,8,8,1.3823885935905427
2,A,0.05,8,9,1.5747633533038257
2,A,0.05,9,0,-0.34149018087981575
2,A,0.05,9,1,0.22645224306287423
2,A,0.05,9,2,0.022216252994326852
2,A,0.05,9,3,-0.33249998393166497
2,A,0.05,9,4,0.33219785616847297
2,A,0.05,9,5,0.6512418351026277
2,A,0.05,9,6,0.05260892616376906
2,A,0.05,9,7,0.07316110865190968
2,A,0.05,9,8,0.0821748159848715
2,A,0.05,9,9,-0.13387123553956629
2,B,100,0,0,-0.12441767252175494
2,B,100,0,1,-0.09395785202336604
2,B,100,0,2,-0.07400344594042146
2,B,100,0,3,-0.0204528234833597
2,B,100,0,4,-0.028234590014886107
2,B,100,0,5,-0.11631765282359814
2,B,100,0,6,-0.03486585419133475
2,B,100,0,7,-0.03914976375062937
2,B,100,0,8,-0.026559771563590764
2,B,100,0,9,-0.08042791830357617
2,B,100,1,0,0.6491347358387317
2,B,100,1,1,0.6839131168255379
2,B,100,1,2,0.38562358225731125
2,B,100,1,3,0.45308032246182206
2,B,100,1,4,0.3702497270521977
2,B,100,1,5,0.6176736636835297
2,B,100,1,6,-0.6015277066766419
2,B,100,1,7,0.4670050953108629
2,B,100,1,8,0.18354480026064868
2,B,100,1,9,0.5271089917303107
2,B,100,2,0,1.6748792680697295
2,B,100,2,1,0.8250881200365612
2,B,100,2,2,1.3353791517061657
2,B,100,2,3,1.4466836566937888
2,B,100,2,4,1.421087280702148
2,B,100,2,5,1.167736907770775
2,B,100,2,6,2.073186616565581
2,B,100,2,7,1.7119180359421178
2,B,100,2,8,1.5542829821716944
2,B,100,2,9,1.1403110883910559
2,B,100,3,0,0.5101490086081214
2,B,100,3,1,0.534577229558189
2,B,100,3,2,0.10716455982976876
2,B,100,3,3,0.5201154507446191
2,B,100,3,4,0.5339465185664214
2,B,100,3,5,0.5545887536873794
2,B,100,3,6,0.4727819325972615
2,B,100,3,7,0.03960135451469462
2,B,100,3,8,0.5380761557777758
2,B,100,3,9,0.3911130347151794
2,B,100,4,0,0.5689269424327188
2,B,100,4,1,0.187714842847555
2,B,100,4,2,0.9557114845608949
2,B,100,4,3,0.366837970525629
2,B,100,4,4,0.6974749389682728
2,B,100,4,5,1.1281073786405846
2,B,100,4,6,1.2962687600028082
2,B,100,4,7,1.712520311064852
2,B,100,4,8,0.8380549986493212
2,B,100,4,9,1.2250880687873198
2,B,100,5,0,1.2894639648881665
2,B,100,5,1,0.9519846368006665
2,B,100,5,2,1.2988574345531407
2,B,100,5,3,1.1215540581636987
2,B,100,5,4,1.3006508087358746
2,B,100,5,5,1.740547918440348
2,B,100,5,6,0.9158906921527862
2,B,100,5,7,0.9268873592632088
2,B,100,5,8,0.8814897097741873
2,B,100,5,9,1.5113020621199937
2,B,100,6,0,-1.8808625108167227
2,B,100,6,1,-1.9212803254574882
2,B,100,6,2,-1.8189558820499536
2,B,100,6,3,-1.3781010938837754
2,B,100,6,4,-2.4850768286852727
2,B,100,6,5,-2.1112852575538072
2,B,100,6,6,-1.9537343253693917
2,B,100,6,7,-1.7350492977238008
2,B,100,6,8,-1.283560106861336
2,B,100,6,9,-0.7177537204564858
2,B,100,7,0,1.6919510011394556
2,B,100,7,1,1.6755357981882084
2,B,100,7,2,1.438418756500816
2,B,100,7,3,1.956408119886625
2,B,100,7,4,1.7374724344711956
2,B,100,7,5,1.5530343728582177
2,B,100,7,6,1.0454689922591658
2,B,100,7,7,1.6331908243796485
2,B,100,7,8,1.8154338597990878
2,B,100,7,9,1.7094238786876865
2,B,100,8,0,1.63424125959859
2,B,100,8,1,1.9029560159030376
2,B,100,8,2,1.8998734418910233
2,B,100,8,3,2.176727816249677
2,B,100,8,4,1.81169064285735
2,B,100,8,5,1.808957179122655
2,B,100,8,6,1.766171111454282
2,B,100,8,7,1.744025752090734
2,B,100,8,8,2.3100296873330204
2,B,100,8,9,1.9485841768248358
2,B,100,9,0,-0.644972375318767
2,B,100,9,1,-0.29139695270383154
2,B,100,9,2,-0.558224030442121
2,B,100,9,3,-0.3194517886463835
2,B,100,9,4,-0.3405890023098051
2,B,100,9,5,-0.515747741104992
2,B,100,9,6,-0.4647193385696668
2,B,100,9,7,-0.05083814635475506
2,B,100,9,8,-0.5798758258475288
2,B,100,9,9,-0.6928780117587324
3,A,0.05,0,0,0.19115676144633595
3,A,0.05,0,1,0.45728064096351895
3,A,0.05,0,2,0.5750881151447934
3,A,0.05,0,3,0.7518507448116771
3,A,0.05,0,4,0.3934256550258691
3,A,0.05,0,5,-0.10942763949734728
3,A,0.05,0,6,0.6854014831805553
3,A,0.05,0,7,0.32378263493273
3,A,0.05,0,8,-0.8756911717655586
3,A,0.05,0,9,0.1526672847340396
3,A,0.05,1,0,0.05296363669022912
3,A,0.05,1,1,0.2715133972466502
3,A,0.05,1,2,0.21454158128962436
3,A,0.05,1,3,0.15009122261232966
3,A,0.05,1,4,-0.25648875387981906
3,A,0.05,1,5,0.16667927633312993
3,A,0.05,1,6,-0.2399915738026275
3,A,0.05,1,7,0.09377125165024007
3,A,0.05,1,8,-0.06822359402273752
3,A,0.05,1,9,0.11635739726765208
3,A,0.05,2,0,-3.09285516972009
3,A,0.05,2,1,-3.060590522536682
3,A,0.05,2,2,-3.2717044326093494
3,A,0.05,2,3,-2.5968694330405206
3,A,0.05,2,4,-2.808987802598136
3,A,0.05,2,5,-2.6324511355089824
3,A,0.05,2,6,-2.745852640325522
3,A,0.05,2,7,-2.082844610906757
3,A,0.05,2,8,-2.7826179709640555
3,A,0.05,2,9,-2.60880066729495
3,A,0.05,3,0,2.1658630069036944
3,A,0.05,3,1,2.3804448486471834
3,A,0.05,3,2,2.298461367250844
3,A,0.05,3,3,2.2857932302016266
3,A,0.05,3,4,2.180822403671053
3,A,0.05,3,5,2.102633142478807
3,A,0.05,3,6,2.360123662748486
3,A,0.05,3,7,1.82381655468878
3,A,0.05,3,8,1.916719281757363
3,A,0.05,3,9,2.364757789824932
3,A,0.05,4,0,1.0104790017075918
3,A,0.05,4,1,1.0913527670576557
3,A,0.05,4,2,0.8983819773387586
3,A,0.05,4,3,1.4530603961059734
3,A,0.05,4,4,2.2444384868273155
3,A,0.05,4,5,1.405914786468775
3,A,0.05,4,6,1.3203833065103432
3,A,0.05,4,7,1.5322923914919437
3,A,0.05,4,8,0.4991222308280462
3,A,0.05,4,9,1.1336477801533131
3,A,0.05,5,0,-0.11441467867719274
3,A,0.05,5,1,-0.3447706785311429
3,A,0.05,5,2,-0.5342381736735191
3,A,0.05,5,3,-0.7479710229003682
3,A,0.05,5,4,-0.561616367339925
3,A,0.05,5,5,-0.36294602329736936
3,A,0.05,5,6,-0.5649919129397016
3,A,0.05,5,7,-0.20231990240133377
3,A,0.05,5,8,-0.42495166622603403
3,A,0.05,5,9,-0.5625100629174297
3,A,0.05,6,0,0.036018053828013555
3,A,0.05,6,1,0.10650963420182676
3,A,0.05,6,2,0.04613606251707752
3,A,0.05,6,3,-0.07259844836043873
3,A,0.05,6,4,-0.2868370842910293
3,A,0.05,6,5,0.049934570499492965
3,A,0.05,6,6,0.0886894533505097
3,A,0.05,6,7,0.06952176079178525
3,A,0.05,6,8,0.07096947119633856
3,A,0.05,6,9,0.09636788335925492
3,A,0.05,7,0,-0.18804767588403798
3,A,0.05,7,1,-0.0652300209974761
3,A,0.05,7,2,-0.06467900471224032
3,A,0.05,7,3,-0.3663168553624861
3,A,0.05,7,4,0.03909738996868272
3,A,0.05,7,5,-0.2599052497730178
3,A,0.05,7,6,-0.39208689650664413
3,A,0.05,7,7,-0.11591759899197256
3,A,0.05,7,8,-0.278717959145348
3,A,0.05,7,9,-0.28350683863485576
3,A,0.05,8,0,-0.5666434246337448
3,A,0.05,8,1,-0.19907267699962886
3,A,0.05,8,2,-0.6231523270891695
3,A,0.05,8,3,-0.6157038982777764
3,A,0.05,8,4,-0.4169845289854586
3,A,0.05,8,5,-0.0059536805598444376
3,A,0.05,8,6,-0.19890592163540968
3,A,0.05,8,7,-0.4691859132036033
3,A,0.05,8,8,-0.3608431180308952
3,A,0.05,8,9,-0.3133127785311859
3,A,0.05,9,0,-1.4188787674018304
3,A,0.05,9,1,-1.3661411086366235
3,A,0.05,9,2,-1.7372412850973815
3,A,0.05,9,3,-1.4622466319294214
3,A,0.05,9,4,-1.7536710608776822
3,A,0.05,9,5,-1.5235588916850735
3,A,0.05,9,6,-1.1604138372664716
3,A,0.05,9,7,-1.2711492506776059
3,A,0.05,9,8,-1.5359679993939657
3,A,0.05,9,9,-1.670022086389814
3,B,100,0,0,1.117835223277314
3,B,100,0,1,1.4935133608827174
3,B,100,0,2,0.7425651955826196
3,B,100,0,3,0.8518226647465471
3,B,100,0,4,0.3838527709550028
3,B,100,0,5,0.9040631720005993
3,B,100,0,6,1.198103954396223
3,B,100,0,7,1.0030425859309542
3,B,100,0,8,1.061067096479319
3,B,100,0,9,1.1710467317260695
3,B,100,1,0,0.28939827298267967
3,B,100,1,1,0.4720600292323154
3,B,100,1,2,0.47866427912994114
3,B,100,1,3,0.3579126724717343
3,B,100,1,4,0.6103561113619953
3,B,100,1,5,0.4018145820732723
3,B,100,1,6,0.5391323551511857
3,B,100,1,7,0.251477003990281
3,B,100,1,8,0.37617288490754347
3,B,100,1,9,0.225063185256699
3,B,100,2,0,-0.8277482471520726
3,B,100,2,1,-0.8603652659649234
3,B,100,2,2,-0.47095481323266136
3,B,100,2,3,0.07157021663133352
3,B,100,2,4,-0.525590724643692
3,B,100,2,5,-0.3178264612350019
3,B,100,2,6,-0.7264731415972736
3,B,100,2,7,-0.6293219930658994
3,B,100,2,8,-0.5196980265644334
3,B,100,2,9,-1.1172643899927535
3,B,100,3,0,-0.12548882877477968
3,B,100,3,1,0.006621709161610345
3,B,100,3,2,-0.03856196949490998
3,B,100,3,3,0.059629412485967384
3,B,100,3,4,-0.13872152383600533
3,B,100,3,5,-0.017442588335025867
3,B,100,3,6,-0.08914248630051184
3,B,100,3,7,0.1265570648813448
3,B,100,3,8,0.06356193213127542
3,B,100,3,9,-0.23745209662089975
3,B,100,4,0,-0.4186422729819214
3,B,100,4,1,-0.3051296568178899
3,B,100,4,2,-0.3457547861418315
3,B,100,4,3,-0.25860774874470566
3,B,100,4,4,-0.16299599596148473
3,B,100,4,5,-0.27010127314029336
3,B,100,4,6,-0.1861393985996251
3,B,100,4,7,-0.5049501590708335
3,B,100,4,8,-0.22783558960119532
3,B,100,4,9,-0.2559247787352729
3,B,100,5,0,-1.9318056908661503
3,B,100,5,1,-2.1469812206974064
3,B,100,5,2,-2.596019497352522
3,B,100,5,3,-2.061266922168901
3,B,100,5,4,-2.253398669807055
3,B,100,5,5,-2.2435522433904302
3,B,100,5,6,-2.5266640384634975
3,B,100,5,7,-2.3380797023480606
3,B,100,5,8,-2.0438759254332948
3,B,100,5,9,-1.6054535766325893
3,B,100,6,0,0.3863707829164155
3,B,100,6,1,0.3843866847452935
3,B,100,6,2,0.034378312239647865
3,B,100,6,3,-0.19215417601230741
3,B,100,6,4,0.08072405085793324
3,B,100,6,5,0.3437741654856873
3,B,100,6,6,0.3323227740832793
3,B,100,6,7,0.3486227352325692
3,B,100,6,8,-0.011628388581700776
3,B,100,6,9,0.06088245678470457
3,B,100,7,0,0.6812244405165604
3,B,100,7,1,0.3915405827045114
3,B,100,7,2,0.23235911007825893
3,B,100,7,3,0.06610784135065362
3,B,100,7,4,-0.11384032072163995
3,B,100,7,5,0.34248118195502475
3,B,100,7,6,0.009938978924298373
3,B,100,7,7,-0.05835777977844785
3,B,100,7,8,0.40241943068167274
3,B,100,7,9,0.28059054600745065
3,B,100,8,0,-0.1590449444438134
3,B,100,8,1,-0.13145114585103557
3,B,100,8,2,-0.14536450299222306
3,B,100,8,3,-0.14684007153626646
3,B,100,8,4,-0.14547104361249102
3,B,100,8,5,-0.23637939169133582
3,B,100,8,6,-0.13213172271731222
3,B,100,8,7,-0.11209896261780856
3,B,100,8,8,-0.11364785260912404
3,B,100,8,9,-0.06393421883286853
3,B,100,9,0,0.11239830884090382
3,B,100,9,1,-0.16190811797483246
3,B,100,9,2,-0.04792399989782086
3,B,100,9,3,-0.38618307387190287
3,B,100,9,4,-0.3032332645485667
3,B,100,9,5,-0.6629388731886757
3,B,100,9,6,-0.8987820523983566
3,B,100,9,7,-0.39224260582857756
3,B,100,9,8,-0.363682014417097
3,B,100,9,9,0.14447123916984986
4,A,0.05,0,0,-2.122794076214634
4,A,0.05,0,1,-1.6091197164639086
4,A,0.05,0,2,-2.23965660912363
4,A,0.05,0,3,-1.7171164975347375
4,A,0.05,0,4,-1.6581276955903999
4,A,0.05,0,5,-1.9273090757808466
4,A,0.05,0,6,-2.583044720760542
4,A,0.05,0,7,-2.025216381918001
4,A,0.05,0,8,-1.948053492850718
4,A,0.05,0,9,-1.9844571451344801
4,A,0.05,1,0,1.6948814918209612
4,A,0.05,1,1,1.86446048870934
4,A,0.05,1,2,2.0601798900909323
4,A,0.05,1,3,2.460608158875963
4,A,0.05,1,4,2.426179778374389
4,A,0.05,1,5,1.904952957836703
4,A,0.05,1,6,2.3502310387803984
4,A,0.05,1,7,1.864680637865807
4,A,0.05,1,8,2.8768639366538626
4,A,0.05,1,9,2.3386419536171115
4,A,0.05,2,0,1.2269498271215733
4,A,0.05,2,1,1.0132866719109903
4,A,0.05,2,2,0.9544630641542245
4,A,0.05,2,3,1.0911632025121145
4,A,0.05,2,4,1.6793806938399167
4,A,0.05,2,5,1.3002616608213464
4,A,0.05,2,6,0.9945995630988355
4,A,0.05,2,7,1.172517206855192
4,A,0.05,2,8,1.211584328450485
4,A,0.05,2,9,0.9574491084825449
4,A,0.05,3,0,0.16401687101659004
4,A,0.05,3,1,0.22511085048018747
4,A,0.05,3,2,0.3991233627557086
4,A,0.05,3,3,0.30178283663940436
4,A,0.05,3,4,0.21879396023769784
4,A,0.05,3,5,0.43288317066100307
4,A,0.05,3,6,0.44535285728252805
4,A,0.05,3,7,0.5329239203328444
4,A,0.05,3,8,0.3860505339058742
4,A,0.05,3,9,0.47139663217818956
4,A,0.05,4,0,-0.32610748479116314
4,A,0.05,4,1,-0.5345112289560476
4,A,0.05,4,2,-0.6235599596316617
4,A,0.05,4,3,-0.6108797211134305
4,A,0.05,4,4,-0.4281567536214754
4,A,0.05,4,5,-0.3488153104882988
4,A,0.05,4,6,-0.8375488489862044
4,A,0.05,4,7,-0.41505450355771856
4,A,0.05,4,8,-0.5703275098887778
4,A,0.05,4,9,-0.2499759820524441
4,A,0.05,5,0,0.632639952632288
4,A,0.05,5,1,0.6830294358044495
4,A,0.05,5,2,0.764582865452787
4,A,0.05,5,3,0.7357195243484199
4,A,0.05,5,4,0.5052226521643047
4,A,0.05,5,5,0.33744978449792795
4,A,0.05,5,6,0.7449986635411003
4,A,0.05,5,7,0.2151915179453153
4,A,0.05,5,8,0.36524409828761056
4,A,0.05,5,9,0.7366805519300981
4,A,0.05,6,0,-0.3419735465762209
4,A,0.05,6,1,-0.256613116876508
4,A,0.05,6,2,-0.2632244728889302
4,A,0.05,6,3,-0.2685893754020187
4,A,0.05,6,4,-0.25683800956055586
4,A,0.05,6,5,-0.34752121518153783
4,A,0.05,6,6,-0.2729201999535893
4,A,0.05,6,7,-0.46364260856603445
4,A,0.05,6,8,-0.24868353063859716
4,A,0.05,6,9,-0.3037851660369404
4,A,0.05,7,0,0.45448547856773275
4,A,0.05,7,1,-0.24220255518360134
4,A,0.05,7,2,0.6355343018921443
4,A,0.05,7,3,0.9359413134013528
4,A,0.05,7,4,0.4032025019898555
4,A,0.05,7,5,1.0279325101792067
4,A,0.05,7,6,0.6538804056921528
4,A,0.05,7,7,0.8418549928436255
4,A,0.05,7,8,1.1231116089762243
4,A,0.05,7,9,0.732483378718462
4,A,0.05,8,0,-0.4830659424203426
4,A,0.05,8,1,-0.37927789109671034
4,A,0.05,8,2,-0.2316818036589077
4,A,0.05,8,3,-0.5922872915074721
4,A,0.05,8,4,-0.5162968054045999
4,A,0.05,8,5,-0.3238190614196518
4,A,0.05,8,6,-0.4155381823763128
4,A,0.05,8,7,-0.47458928470674344
4,A,0.05,8,8,-0.4809110619818209
4,A,0.05,8,9,0.045669020197684894
4,A,0.05,9,0,0.2621876103455453
4,A,0.05,9,1,0.182609500201421
4,A,0.05,9,2,0.28231190625800096
4,A,0.05,9,3,-0.2528763506017144
4,A,0.05,9,4,0.15236447039200812
4,A,0.05,9,5,-0.26072317918904303
4,A,0.05,9,6,0.17451881919766885
4,A,0.05,9,7,0.2076723667219507
4,A,0.05,9,8,0.0756546412111677
4,A,0.05,9,9,0.19584169020342906
4,B,100,0,0,-1.3127350628009407
4,B,100,0,1,-1.0317986849376017
4,B,100,0,2,-1.1881599604670086
4,B,100,0,3,-0.8545546222632856
4,B,100,0,4,-1.043855993089977
4,B,100,0,5,-1.211553176445877
4,B,100,0,6,-1.2490160623369952
4,B,100,0,7,-0.8360222666490768
4,B,100,0,8,-0.9949023972792613
4,B,100,0,9,-1.061525096481535
4,B,100,1,0,0.19149981958118703
4,B,100,1,1,0.3393219836674545
4,B,100,1,2,0.1746689494001888
4,B,100,1,3,0.27449284532542617
4,B,100,1,4,0.008512325146153889
4,B,100,1,5,0.29038132600782535
4,B,100,1,6,0.16954573077751817
4,B,100,1,7,0.4386453656301265
4,B,100,1,8,0.08847139471459321
4,B,100,1,9,0.2641742108888184
4,B,100,2,0,-1.8412629804151261
4,B,100,2,1,-2.088961989458743
4,B,100,2,2,-2.348899086666051
4,B,100,2,3,-2.5153294751796413
4,B,100,2,4,-2.1601049387843503
4,B,100,2,5,-2.2783487518945327
4,B,100,2,6,-2.1198120114091368
4,B,100,2,7,-2.0833178611095926
4,B,100,2,8,-1.947203323984702
4,B,100,2,9,-1.7265157531445916
4,B,100,3,0,-0.39593619903055227
4,B,100,3,1,-0.1844020892596729
4,B,100,3,2,-0.15025304848114454
4,B,100,3,3,-0.158925793564101
4,B,100,3,4,-0.390267474465435
4,B,100,3,5,-0.11614020580850365
4,B,100,3,6,-0.2531936798269895
4,B,100,3,7,-0.17224556586426126
4,B,100,3,8,-0.18808270691034237
4,B,100,3,9,-0.01593875976615412
4,B,100,4,0,0.4524657845166684
4,B,100,4,1,0.33318700802441825
4,B,100,4,2,0.8433427545578308
4,B,100,4,3,0.6624133123706044
4,B,100,4,4,0.9908390217891668
4,B,100,4,5,0.9481500498336305
4,B,100,4,6,0.4942126998321619
4,B,100,4,7,0.7634587291429236
4,B,100,4,8,0.6978842727743546
4,B,100,4,9,0.4862603748856517
4,B,100,5,0,-0.08276710170213214
4,B,100,5,1,-0.29291903537384506
4,B,100,5,2,-0.562282256968334
4,B,100,5,3,-0.34223068237334175
4,B,100,5,4,-0.1422258666181565
4,B,100,5,5,-0.16751589680120485
4,B,100,5,6,-0.19624958863826555
4,B,100,5,7,-0.2673802694479081
4,B,100,5,8,-0.3195293787739909
4,B,100,5,9,-0.27420195808996245
4,B,100,6,0,0.5157597671099604
4,B,100,6,1,-0.27933193832890796
4,B,100,6,2,-0.010904439628805012
4,B,100,6,3,-0.15879228151245348
4,B,100,6,4,0.29454996555278795
4,B,100,6,5,0.09686253661186274
4,B,100,6,6,0.4534399952192784
4,B,100,6,7,-0.11203708071220335
4,B,100,6,8,0.19750726894454704
4,B,100,6,9,-0.13467825658114088
4,B,100,7,0,0.8844344154361888
4,B,100,7,1,0.5292657190797907
4,B,100,7,2,0.814126971721266
4,B,100,7,3,0.7705118865874216
4,B,100,7,4,0.3290991972615438
4,B,100,7,5,0.10712810086341004
4,B,100,7,6,0.7540848931645965
4,B,100,7,7,0.6016624806236233
4,B,100,7,8,0.30432610317755193
4,B,100,7,9,0.09289772142537293
4,B,100,8,0,0.02960948866879875
4,B,100,8,1,0.07908575048033428
4,B,100,8,2,-0.45801105922560015
4,B,100,8,3,-0.2315397666687991
4,B,100,8,4,-0.2470926165541267
4,B,100,8,5,-0.17042868835899427
4,B,100,8,6,-0.10718802542139144
4,B,100,8,7,-0.364801065062169
4,B,100,8,8,-0.1053223174846263
4,B,100,8,9,-0.06765567465977637
4,B,100,9,0,-0.5386791160357953
4,B,100,9,1,-0.8114670912284133
4,B,100,9,2,-1.1980389457441147
4,B,100,9,3,-1.058128633691907
4,B,100,9,4,-0.9932047813007678
4,B,100,9,5,-0.636418508173828
4,B,100,9,6,-1.0805822106620129
4,B,100,9,7,-1.1407215691436559
4,B,100,9,8,-0.6802873229435005
4,B,100,9,9,-0.7736087931297014
5,A,0.05,0,0,0.9141420181788288
5,A,0.05,0,1,0.2196503681931556
5,A,0.05,0,2,0.8878338167765202
5,A,0.05,0,3,1.090685277078661
5,A,0.05,0,4,0.4608398538506592
5,A,0.05,0,5,0.7089104497361528
5,A,0.05,0,6,0.875617365316454
5,A,0.05,0,7,0.9032512009077276
5,A,0.05,0,8,0.9938750780798896
5,A,0.05,0,9,1.2685891648611611
5,A,0.05,1,0,-0.7037860693545486
5,A,0.05,1,1,-0.22050691912152998
5,A,0.05,1,2,-1.180043561614595
5,A,0.05,1,3,0.26646965208511864
5,A,0.05,1,4,0.07657328911148524
5,A,0.05,1,5,0.27494556694069755
5,A,0.05,1,6,-0.5679906963665903
5,A,0.05,1,7,-0.15258330221910885
5,A,0.05,1,8,0.019904400278149954
5,A,0.05,1,9,-0.061394488417003006
5,A,0.05,2,0,-0.5489125104447349
5,A,0.05,2,1,-0.28263878004400267
5,A,0.05,2,2,-0.18438409135435074
5,A,0.05,2,3,-0.06994547934514769
5,A,0.05,2,4,-0.006525839061107744
5,A,0.05,2,5,-0.22305925712197983
5,A,0.05,2,6,0.04370134077798896
5,A,0.05,2,7,-0.0035140751782345454
5,A,0.05,2,8,0.026517184724391855
5,A,0.05,2,9,0.016972324124697177
5,A,0.05,3,0,0.20593864875943035
5,A,0.05,3,1,0.16780576833206773
5,A,0.05,3,2,-0.3544768327851924
5,A,0.05,3,3,-0.8403658077428919
5,A,0.05,3,4,-0.6727914238966736
5,A,0.05,3,5,-0.8095298117052
5,A,0.05,3,6,-1.3039040572090086
5,A,0.05,3,7,-0.8372023170206669
5,A,0.05,3,8,-1.7884520427410948
5,A,0.05,3,9,0.36998284343362914
5,A,0.05,4,0,-0.02763283647599026
5,A,0.05,4,1,0.13332633032980706
5,A,0.05,4,2,0.3152943919207521
5,A,0.05,4,3,-0.13169266631171433
5,A,0.05,4,4,-0.2768227032909064
5,A,0.05,4,5,0.11549512806449802
5,A,0.05,4,6,-0.12204643705014234
5,A,0.05,4,7,0.33072163956544287
5,A,0.05,4,8,0.04110322158953581
5,A,0.05,4,9,0.03425231954640759
5,A,0.05,5,0,0.01337811835562874
5,A,0.05,5,1,0.2067234942063189
5,A,0.05,5,2,0.2840323921344313
5,A,0.05,5,3,0.2068995138177907
5,A,0.05,5,4,-0.10230570528541655
5,A,0.05,5,5,-0.1828625534086264
5,A,0.05,5,6,0.29456817003181546
5,A,0.05,5,7,0.30136162289128215
5,A,0.05,5,8,0.14298579284980395
5,A,0.05,5,9,-0.3443507191994984
5,A,0.05,6,0,0.12154616357909323
5,A,0.05,6,1,0.06835601440145628
5,A,0.05,6,2,0.07209360724658435
5,A,0.05,6,3,0.13411742360125145
5,A,0.05,6,4,0.12683460489670043
5,A,0.05,6,5,0.12242163272993993
5,A,0.05,6,6,2.4487545457200555
5,A,0.05,6,7,0.14214212441058138
5,A,0.05,6,8,2.630786198608746
5,A,0.05,6,9,2.1511111977783997
5,A,0.05,7,0,0.12794390691518068
5,A,0.05,7,1,0.19085843055503748
5,A,0.05,7,2,-0.14331758831998345
5,A,0.05,7,3,-0.10799117976042531
5,A,0.05,7,4,-0.2418821691651856
5,A,0.05,7,5,-0.08842719076384897
5,A,0.05,7,6,0.15135216649048772
5,A,0.05,7,7,-0.13133520023698075
5,A,0.05,7,8,-0.2079161913916494
5,A,0.05,7,9,-0.43595595447139285
5,A,0.05,8,0,-0.06767088342928834
5,A,0.05,8,1,-0.006733130187867413
5,A,0.05,8,2,-0.025498291829833687
5,A,0.05,8,3,0.0736024457234651
5,A,0.05,8,4,-0.08887786701466849
5,A,0.05,8,5,0.10752800329741713
5,A,0.05,8,6,-0.29827788641983954
5,A,0.05,8,7,0.019554645533836082
5,A,0.05,8,8,-0.254530258377259
5,A,0.05,8,9,-0.08906895665423879
5,A,0.05,9,0,0.15308832258673352
5,A,0.05,9,1,0.1617198676068072
5,A,0.05,9,2,0.20474069198466144
5,A,0.05,9,3,0.4605978869554313
5,A,0.05,9,4,0.30129462258147166
5,A,0.05,9,5,-0.3377927893881209
5,A,0.05,9,6,0.2185332256781508
5,A,0.05,9,7,-0.4931015357685075
5,A,0.05,9,8,0.42532670404396694
5,A,0.05,9,9,0.3004129606235677
5,B,100,0,0,0.204621308443353
5,B,100,0,1,-0.35011049545183803
5,B,100,0,2,0.102489037163463
5,B,100,0,3,0.03057478232049563
5,B,100,0,4,-0.35872606923845446
5,B,100,0,5,-0.6767346805226958
5,B,100,0,6,-0.37723136032501137
5,B,100,0,7,-0.1097997134533807
5,B,100,0,8,-0.7152287027930166
5,B,100,0,9,0.0749210803411511
5,B,100,1,0,-0.09697150120088131
5,B,100,1,1,0.2998744722219019
5,B,100,1,2,0.13261946241765962
5,B,100,1,3,0.26857206506509196
5,B,100,1,4,0.4100086957425996
5,B,100,1,5,0.2891997989963003
5,B,100,1,6,0.2766690911668521
5,B,100,1,7,0.11424364937798882
5,B,100,1,8,0.3925175745668898
5,B,100,1,9,0.5607406104404971
5,B,100,2,0,-2.135409278144028
5,B,100,2,1,-1.8614961175089548
5,B,100,2,2,-2.2417585957517665
5,B,100,2,3,-1.8727842220735633
5,B,100,2,4,-2.0906613527667863
5,B,100,2,5,-2.372684479390034
5,B,100,2,6,-1.8693826215889109
5,B,100,2,7,-1.0176683407148384
5,B,100,2,8,-1.551428586231693
5,B,100,2,9,-2.1464547329016783
5,B,100,3,0,0.23894706991204653
5,B,100,3,1,0.6400954875887797
5,B,100,3,2,0.33171829746275977
5,B,100,3,3,0.37510399436579134
5,B,100,3,4,-0.051668241906882705
5,B,100,3,5,0.27822404104303505
5,B,100,3,6,0.3532544749833222
5,B,100,3,7,0.7683467868551325
5,B,100,3,8,0.5498081708812417
5,B,100,3,9,0.7403781528708142
5,B,100,4,0,0.06137446511397198
5,B,100,4,1,-0.00553762108501509
5,B,100,4,2,0.18161963011680274
5,B,100,4,3,0.18716912981782508
5,B,100,4,4,0.1274508995256881
5,B,100,4,5,0.2628542298787143
5,B,100,4,6,-0.08244004931757432
5,B,100,4,7,0.6816290890127039
5,B,100,4,8,0.592766586175736
5,B,100,4,9,0.4255310121632576
5,B,100,5,0,-0.3438340266953487
5,B,100,5,1,-0.5044491551245717
5,B,100,5,2,-0.41485403003055327
5,B,100,5,3,-0.5407935505179975
5,B,100,5,4,-0.34610576066316845
5,B,100,5,5,-0.6652865487691431
5,B,100,5,6,-0.8877217067407667
5,B,100,5,7,-0.22653269607270296
5,B,100,5,8,-0.24185077379314848
5,B,100,5,9,-0.3391619980573262
5,B,100,6,0,-0.4811094117531227
5,B,100,6,1,-0.6236178449120388
5,B,100,6,2,-0.1538762341965
5,B,100,6,3,0.17163702730708982
5,B,100,6,4,0.18083415361838492
5,B,100,6,5,-0.919585697411841
5,B,100,6,6,-0.4649692359774051
5,B,100,6,7,-0.03269838886287706
5,B,100,6,8,-0.43788996622474174
5,B,100,6,9,-1.1697104773219718
5,B,100,7,0,-0.7101076054559803
5,B,100,7,1,-0.15205657307896295
5,B,100,7,2,-0.8011078713717046
5,B,100,7,3,-0.6565985328541578
5,B,100,7,4,-0.39877290206140986
5,B,100,7,5,-0.3875949862352749
5,B,100,7,6,-0.7199554873130076
5,B,100,7,7,0.017391983083722057
5,B,100,7,8,-0.9770522583664453
5,B,100,7,9,0.03195047060433604
5,B,100,8,0,-0.8876095255613193
5,B,100,8,1,-0.9535632256701873
5,B,100,8,2,-0.8479361119550332
5,B,100,8,3,-0.7871371040227305
5,B,100,8,4,-0.20860879706777982
5,B,100,8,5,-0.850822949020286
5,B,100,8,6,-1.1372669824114479
5,B,100,8,7,-0.3032020880810632
5,B,100,8,8,-0.6067067867754143
5,B,100,8,9,-0.7889865498192541
5,B,100,9,0,-0.3287649329412783
5,B,100,9,1,-0.471592339057874
5,B,100,9,2,-0.18820640072768094
5,B,100,9,3,-0.5021773166317849
5,B,100,9,4,-0.21596104941282895
5,B,100,9,5,-0.04909570954142273
5,B,100,9,6,-0.08555834319624536
5,B,100,9,7,-0.2974677571568059
5,B,100,9,8,-0.3618818722835321
5,B,100,9,9,-0.2541088267902759
6,A,0.05,0,0,-0.020277599906472533
6,A,0.05,0,1,0.16142381522738988
6,A,0.05,0,2,0.283582793473508
6,A,0.05,0,3,0.05157516003079782
6,A,0.05,0,4,0.15021093185672613
6,A,0.05,0,5,0.08853679746201358
6,A,0.05,0,6,0.1211036729302722
6,A,0.05,0,7,0.37430779635650036
6,A,0.05,0,8,0.21114943109886797
6,A,0.05,0,9,0.29746663905377596
6,A,0.05,1,0,1.114910950058657
6,A,0.05,1,1,1.0272381319366235
6,A,0.05,1,2,1.2655826474291865
6,A,0.05,1,3,0.9854726288650041
6,A,0.05,1,4,1.0638015874129647
6,A,0.05,1,5,1.2360522535573306
6,A,0.05,1,6,1.1647221477857361
6,A,0.05,1,7,1.081265498032008
6,A,0.05,1,8,1.141758300199283
6,A,0.05,1,9,1.0481777797348195
6,A,0.05,2,0,-1.0003455960294954
6,A,0.05,2,1,-0.7057126464684753
6,A,0.05,2,2,-1.3137286372933306
6,A,0.05,2,3,-0.4908380742416355
6,A,0.05,2,4,0.3633403710224351
6,A,0.05,2,5,0.6288719791570938
6,A,0.05,2,6,-0.04394066633433655
6,A,0.05,2,7,0.08810772413614618
6,A,0.05,2,8,0.20352352017584185
6,A,0.05,2,9,-0.10362263629267776
6,A,0.05,3,0,0.46120752960206535
6,A,0.05,3,1,0.7645198194519129
6,A,0.05,3,2,1.6539807115129734
6,A,0.05,3,3,1.834929819942799
6,A,0.05,3,4,1.964959405693367
6,A,0.05,3,5,0.7236976836060002
6,A,0.05,3,6,1.1416369902098285
6,A,0.05,3,7,1.2759505548535124
6,A,0.05,3,8,0.7585158476766766
6,A,0.05,3,9,1.3528446778845313
6,A,0.05,4,0,0.06980654408532756
6,A,0.05,4,1,0.37954967408165036
6,A,0.05,4,2,0.3767374686820608
6,A,0.05,4,3,-0.13906756621770625
6,A,0.05,4,4,0.3985935345136657
6,A,0.05,4,5,0.04838611372818588
6,A,0.05,4,6,0.1522387186384139
6,A,0.05,4,7,0.3731245954675983
6,A,0.05,4,8,0.3205452711845315
6,A,0.05,4,9,0.2936746910869718
6,A,0.05,5,0,1.0070470521138692
6,A,0.05,5,1,1.0773285307706992
6,A,0.05,5,2,0.8894432034371278
6,A,0.05,5,3,0.6844073767830373
6,A,0.05,5,4,0.9616595634058313
6,A,0.05,5,5,1.2996698409518728
6,A,0.05,5,6,0.7271503364125735
6,A,0.05,5,7,1.453132441361117
6,A,0.05,5,8,0.9693984522227211
6,A,0.05,5,9,0.36047854528697176
6,A,0.05,6,0,-0.18585874514911574
6,A,0.05,6,1,0.002141064675257388
6,A,0.05,6,2,-0.12914735546830383
6,A,0.05,6,3,-0.1158518780595034
6,A,0.05,6,4,-0.2408704487060279
6,A,0.05,6,5,0.1670705200807182
6,A,0.05,6,6,0.052683595828168166
6,A,0.05,6,7,0.20465044189924905
6,A,0.05,6,8,-0.13160191122071221
6,A,0.05,6,9,0.40381421398619666
6,A,0.05,7,0,-0.3136079818366531
6,A,0.05,7,1,-1.5156520040690558
6,A,0.05,7,2,-0.6925325478955452
6,A,0.05,7,3,-0.3831469696732545
6,A,0.05,7,4,-0.9184775681031113
6,A,0.05,7,5,-0.7853523696632562
6,A,0.05,7,6,-0.9667268049721306
6,A,0.05,7,7,-0.9291168157032829
6,A,0.05,7,8,-0.6784748321457126
6,A,0.05,7,9,-0.2745155260095244
6,A,0.05,8,0,0.20835621367751234
6,A,0.05,8,1,0.14947398874181572
6,A,0.05,8,2,0.07461726707190154
6,A,0.05,8,3,0.14329772681652034
6,A,0.05,8,4,-0.0028305810363289264
6,A,0.05,8,5,-0.12476345229163234
6,A,0.05,8,6,-0.021683302569013744
6,A,0.05,8,7,0.6608052643829538
6,A,0.05,8,8,0.049383932635046784
6,A,0.05,8,9,0.23366032902397932
6,A,0.05,9,0,0.4060828912396897
6,A,0.05,9,1,0.4185290393037959
6,A,0.05,9,2,0.40240879378697264
6,A,0.05,9,3,0.6347528640115278
6,A,0.05,9,4,0.5139716458387034
6,A,0.05,9,5,0.31907715016195737
6,A,0.05,9,6,0.46165623365633013
6,A,0.05,9,7,0.4612831855631348
6,A,0.05,9,8,0.21187157530390577
6,A,0.05,9,9,0.6047122249980689
6,B,100,0,0,1.114833779462545
6,B,100,0,1,1.0110398866973345
6,B,100,0,2,1.4146772398313832
6,B,100,0,3,2.096079503976466
6,B,100,0,4,0.45610229518488754
6,B,100,0,5,0.6764958248117513
6,B,100,0,6,0.8791915421689352
6,B,100,0,7,1.9706755508255875
6,B,100,0,8,1.1264303126866784
6,B,100,0,9,0.6434132078106034
6,B,100,1,0,0.014822320857498548
6,B,100,1,1,0.13702460885495815
6,B,100,1,2,-0.03308193964113767
6,B,100,1,3,0.1837194071716091
6,B,100,1,4,0.16531191169550674
6,B,100,1,5,0.13758977279172907
6,B,100,1,6,0.11461295631970553
6,B,100,1,7,0.16495004234546562
6,B,100,1,8,0.18307076937115987
6,B,100,1,9,0.1236193838646361
6,B,100,2,0,-0.9087068329830905
6,B,100,2,1,-0.8832884808198802
6,B,100,2,2,-0.5377065589697686
6,B,100,2,3,-0.8200659237069794
6,B,100,2,4,-0.6897801517557338
6,B,100,2,5,-0.7703285486153877
6,B,100,2,6,-0.469738945486721
6,B,100,2,7,-0.9931891832408857
6,B,100,2,8,-1.031801103642192
6,B,100,2,9,-0.6639665196625543
6,B,100,3,0,-0.03401277173936188
6,B,100,3,1,-0.30939069219555154
6,B,100,3,2,0.07090562920963499
6,B,100,3,3,0.8740474559324009
6,B,100,3,4,-0.06039371708437264
6,B,100,3,5,0.18074867617386609
6,B,100,3,6,-0.3572816376850382
6,B,100,3,7,-0.13156555418659255
6,B,100,3,8,0.1967947543797753
6,B,100,3,9,0.28799227042226944
6,B,100,4,0,0.0175827768487362
6,B,100,4,1,0.2684170301236818
6,B,100,4,2,0.21858886130208274
6,B,100,4,3,0.2742693593444076
6,B,100,4,4,0.5390078560606412
6,B,100,4,5,0.1971264367617593
6,B,100,4,6,0.09182123932840042
6,B,100,4,7,0.36875565110579583
6,B,100,4,8,0.09573559778551918
6,B,100,4,9,0.4052320284316053
6,B,100,5,0,-0.4172076459543592
6,B,100,5,1,-0.14708707832057083
6,B,100,5,2,-0.9203327821638114
6,B,100,5,3,-0.5111846245105213
6,B,100,5,4,-0.4018869497922149
6,B,100,5,5,-0.5776679160317683
6,B,100,5,6,-0.05283275597510679
6,B,100,5,7,-0.20473179135578753
6,B,100,5,8,-0.22637994576042228
6,B,100,5,9,-0.24833391128397597
6,B,100,6,0,-0.11412423394147615
6,B,100,6,1,-0.10884896365182482
6,B,100,6,2,0.18314869062462977
6,B,100,6,3,0.5703723366211783
6,B,100,6,4,0.9632557641226038
6,B,100,6,5,0.7114350013124742
6,B,100,6,6,0.424181096374236
6,B,100,6,7,0.6983791304967357
6,B,100,6,8,0.4813490306543325
6,B,100,6,9,-0.16498254073238097
6,B,100,7,0,-0.42781573690246816
6,B,100,7,1,-0.9110306027011178
6,B,100,7,2,-1.041593635469164
6,B,100,7,3,-0.7799747205767522
6,B,100,7,4,-1.5955307415024924
6,B,100,7,5,-0.8411070518702436
6,B,100,7,6,-1.300254648640327
6,B,100,7,7,-1.0070098062932145
6,B,100,7,8,-1.0847011108967037
6,B,100,7,9,-1.6073389629637627
6,B,100,8,0,0.27132017567303435
6,B,100,8,1,0.0357400186679694
6,B,100,8,2,-0.303826803158513
6,B,100,8,3,-0.2815111904223518
6,B,100,8,4,-0.03315039910384673
6,B,100,8,5,-0.1189071822665938
6,B,100,8,6,-0.15262616027302328
6,B,100,8,7,0.16112623203312054
6,B,100,8,8,0.271002305159203
6,B,100,8,9,-0.19740754790965256
6,B,100,9,0,-0.40402882852163763
6,B,100,9,1,-0.19653824655964006
6,B,100,9,2,-0.3051096574752941
6,B,100,9,3,-0.32288642723752947
6,B,100,9,4,-0.35313602647243403
6,B,100,9,5,-0.06371941084268529
6,B,100,9,6,-0.32067436727990434
6,B,100,9,7,-0.08758982482925026
6,B,100,9,8,-0.1974661341581476
6,B,100,9,9,-0.4024666370321314
7,A,0.05,0,0,-1.240223472612904
7,A,0.05,0,1,-2.074313488792257
7,A,0.05,0,2,-1.748973350198739
7,A,0.05,0,3,-2.074597956478734
7,A,0.05,0,4,-1.9092791893025594
7,A,0.05,0,5,-1.5957943565693977
7,A,0.05,0,6,-1.6540484052695903
7,A,0.05,0,7,-2.1480527689378226
7,A,0.05,0,8,-1.5884568229474973
7,A,0.05,0,9,-1.3763449279454614
7,A,0.05,1,0,1.187572656490348
7,A,0.05,1,1,0.6480496610914869
7,A,0.05,1,2,1.0400605576911672
7,A,0.05,1,3,1.1549392302773323
7,A,0.05,1,4,1.0998807216652744
7,A,0.05,1,5,1.2211200690861723
7,A,0.05,1,6,1.276968783847303
7,A,0.05,1,7,1.375301003945563
7,A,0.05,1,8,0.912876347396651
7,A,0.05,1,9,1.4662930377209145
7,A,0.05,2,0,-0.35138648278410295
7,A,0.05,2,1,1.6375182831495447
7,A,0.05,2,2,1.0259116182978538
7,A,0.05,2,3,0.9154952559580334
7,A,0.05,2,4,1.7171182225991812
7,A,0.05,2,5,1.8851245461310073
7,A,0.05,2,6,2.122754770970728
7,A,0.05,2,7,2.7957993478901035
7,A,0.05,2,8,0.041176952131806846
7,A,0.05,2,9,1.5177849730094628
7,A,0.05,3,0,-1.8050421538259427
7,A,0.05,3,1,-1.6017633679698637
7,A,0.05,3,2,-1.5761165895036542
7,A,0.05,3,3,-2.193347281485805
7,A,0.05,3,4,-1.7200085387758322
7,A,0.05,3,5,-2.318973940281032
7,A,0.05,3,6,-1.732609069731264
7,A,0.05,3,7,-2.3207167148193544
7,A,0.05,3,8,-1.9766100928213788
7,A,0.05,3,9,-1.1516638124218301
7,A,0.05,4,0,0.0020102949230745145
7,A,0.05,4,1,-0.2753661550398374
7,A,0.05,4,2,-0.0032959112931936823
7,A,0.05,4,3,-0.07906998830477585
7,A,0.05,4,4,-0.07879126246831371
7,A,0.05,4,5,-0.3045067035832767
7,A,0.05,4,6,-0.5194506868004248
7,A,0.05,4,7,-0.13579471107234045
7,A,0.05,4,8,-0.24930975293413873
7,A,0.05,4,9,-0.8237551359158928
7,A,0.05,5,0,1.891025442655604
7,A,0.05,5,1,2.5676787374589103
7,A,0.05,5,2,1.547767740904059
7,A,0.05,5,3,1.3296559563727282
7,A,0.05,5,4,2.3319484051806953
7,A,0.05,5,5,1.6280659689226276
7,A,0.05,5,6,1.5021824920489697
7,A,0.05,5,7,2.2152162683928904
7,A,0.05,5,8,1.9586983873022061
7,A,0.05,5,9,1.8535442358679655
7,A,0.05,6,0,0.23193700086558972
7,A,0.05,6,1,-0.2626603166759911
7,A,0.05,6,2,0.3313872847176111
7,A,0.05,6,3,1.0381475500032002
7,A,0.05,6,4,-0.0964705365894252
7,A,0.05,6,5,0.4502500572449934
7,A,0.05,6,6,0.9212190072341317
7,A,0.05,6,7,1.0708918988690348
7,A,0.05,6,8,1.0053743706923715
7,A,0.05,6,9,1.0637986744677443
7,A,0.05,7,0,-0.45301127038622147
7,A,0.05,7,1,-0.014020879488406461
7,A,0.05,7,2,-0.21311456248307337
7,A,0.05,7,3,-0.041976678785664474
7,A,0.05,7,4,0.07643285405720376
7,A,0.05,7,5,0.08176436801767065
7,A,0.05,7,6,0.04802747731436154
7,A,0.05,7,7,0.090076668771971
7,A,0.05,7,8,0.10244812993748323
7,A,0.05,7,9,0.05057376513133041
7,A,0.05,8,0,2.0156880622860376
7,A,0.05,8,1,1.6319355581571187
7,A,0.05,8,2,1.7648693246365819
7,A,0.05,8,3,1.363550432690583
7,A,0.05,8,4,1.767853910188924
7,A,0.05,8,5,1.7299292841803917
7,A,0.05,8,6,1.3780585042079054
7,A,0.05,8,7,2.0149078461803773
7,A,0.05,8,8,2.12755329420587
7,A,0.05,8,9,2.006176581591101
7,A,0.05,9,0,1.2032180940857895
7,A,0.05,9,1,1.0517138736497211
7,A,0.05,9,2,1.1329621245526786
7,A,0.05,9,3,1.4648532918048207
7,A,0.05,9,4,0.9653046194159185
7,A,0.05,9,5,1.2779634791289791
7,A,0.05,9,6,1.258626647748466
7,A,0.05,9,7,0.9332867088623681
7,A,0.05,9,8,0.8425840989070553
7,A,0.05,9,9,0.5560929218995859
7,B,100,0,0,-1.1070806638771518
7,B,100,0,1,-0.785800884662133
7,B,100,0,2,-1.203420833636795
7,B,100,0,3,-0.7300721849754347
7,B,100,0,4,-1.1837953507299446
7,B,100,0,5,-0.46287647552567357
7,B,100,0,6,-0.7018023511877395
7,B,100,0,7,-0.8703013831708923
7,B,100,0,8,-0.470609850190641
7,B,100,0,9,-0.9655896950334804
7,B,100,1,0,-0.8819427447268153
7,B,100,1,1,-0.5442755857818616
7,B,100,1,2,-0.9660303645865712
7,B,100,1,3,-1.0938281451570173
7,B,100,1,4,-1.0930105782491235
7,B,100,1,5,-1.2356634856037219
7,B,100,1,6,-0.79437249790498
7,B,100,1,7,-1.4155779009975156
7,B,100,1,8,-1.5899106595421206
7,B,100,1,9,-1.422718082736118
7,B,100,2,0,0.05123430396337189
7,B,100,2,1,0.36086312548223737
7,B,100,2,2,-0.3472312760077418
7,B,100,2,3,-0.0166505302302305
7,B,100,2,4,0.2435771527909251
7,B,100,2,5,0.4537749714984312
7,B,100,2,6,0.271858661044621
7,B,100,2,7,0.0030792410626764286
7,B,100,2,8,0.3294327264737393
7,B,100,2,9,0.5363773780800816
7,B,100,3,0,0.654680409782901
7,B,100,3,1,0.32054502150281927
7,B,100,3,2,1.0592984728005865
7,B,100,3,3,0.9124539229847821
7,B,100,3,4,0.784906115060282
7,B,100,3,5,1.1318857214082843
7,B,100,3,6,0.7086874548725162
7,B,100,3,7,0.9308242174784126
7,B,100,3,8,1.163157012357141
7,B,100,3,9,0.5112848693306818
7,B,100,4,0,-0.38231154052537786
7,B,100,4,1,-0.20253154019961173
7,B,100,4,2,0.15025824300577825
7,B,100,4,3,-0.3335687655454247
7,B,100,4,4,0.21558094369948225
7,B,100,4,5,0.4969769781361728
7,B,100,4,6,-0.5627759040172933
7,B,100,4,7,-0.398979793964586
7,B,100,4,8,-0.5467346268499932
7,B,100,4,9,0.27985357577195674
7,B,100,5,0,1.4848815159156157
7,B,100,5,1,1.238954604573057
7,B,100,5,2,1.1493300447244117
7,B,100,5,3,1.5487994130582357
7,B,100,5,4,1.4238616828881732
7,B,100,5,5,1.1749445102025684
7,B,100,5,6,1.353142926109696
7,B,100,5,7,1.0597752498205466
7,B,100,5,8,1.4115156558465598
7,B,100,5,9,1.4683705985748354
7,B,100,6,0,-0.47957320984700136
7,B,100,6,1,-1.7933201603980682
7,B,100,6,2,-1.283938483836692
7,B,100,6,3,-0.7111291361609751
7,B,100,6,4,-1.257536507361642
7,B,100,6,5,-0.09811120514252226
7,B,100,6,6,-1.2118016272875256
7,B,100,6,7,-1.0151393711845342
7,B,100,6,8,-1.2803238515910793
7,B,100,6,9,-0.25311964067523746
7,B,100,7,0,-0.3599302978002723
7,B,100,7,1,-1.502845689486078
7,B,100,7,2,-0.4657505899620187
7,B,100,7,3,-0.5699893742471931
7,B,100,7,4,-0.9226108549579338
7,B,100,7,5,-0.2630696943999865
7,B,100,7,6,-0.35168180088074086
7,B,100,7,7,0.16432911716336282
7,B,100,7,8,0.050716578655242595
7,B,100,7,9,-0.0511584134362452
7,B,100,8,0,0.5044012238459761
7,B,100,8,1,-0.2205403988279751
7,B,100,8,2,-0.32148008742629247
7,B,100,8,3,-0.06429152247595836
7,B,100,8,4,-0.668932770234671
7,B,100,8,5,-0.19595724405853848
7,B,100,8,6,-0.13621456773459278
7,B,100,8,7,-0.19992162524397786
7,B,100,8,8,-0.39445026724945376
7,B,100,8,9,0.3871103531467733
7,B,100,9,0,-0.9422859550999803
7,B,100,9,1,-0.6934798785295571
7,B,100,9,2,-0.9554286384589274
7,B,100,9,3,-0.6593165823232909
7,B,100,9,4,-0.6055359550136665
7,B,100,9,5,-0.8178004850164929
7,B,100,9,6,-0.6036986179972432
7,B,100,9,7,-1.2240388802900675
7,B,100,9,8,-0.7656826231773659
7,B,100,9,9,-0.8336230600935789
8,A,0.05,0,0,0.6612960607105249
8,A,0.05,0,1,0.36517275068423977
8,A,0.05,0,2,0.4820892810850966
8,A,0.05,0,3,0.6959520022212705
8,A,0.05,0,4,0.700598976385969
8,A,0.05,0,5,0.5133312512882888
8,A,0.05,0,6,0.5914685025712143
8,A,0.05,0,7,0.6893505459034348
8,A,0.05,0,8,0.6316059055562907
8,A,0.05,0,9,0.44798276141634763
8,A,0.05,1,0,-0.8699358188369388
8,A,0.05,1,1,-1.0292524951164006
8,A,0.05,1,2,-0.28132002809473267
8,A,0.05,1,3,-0.33673937519889036
8,A,0.05,1,4,-0.6174968560156977
8,A,0.05,1,5,-0.6410750436707355
8,A,0.05,1,6,-0.3253501397857734
8,A,0.05,1,7,-0.2539017312651167
8,A,0.05,1,8,-0.5059859634615909
8,A,0.05,1,9,-0.5268966090519647
8,A,0.05,2,0,-0.7767681384218666
8,A,0.05,2,1,-0.20199841317086822
8,A,0.05,2,2,-0.5132070311588566
8,A,0.05,2,3,-0.27947015805868125
8,A,0.05,2,4,-0.13913413299826546
8,A,0.05,2,5,-0.39777733558751
8,A,0.05,2,6,-0.32990924841925523
8,A,0.05,2,7,-0.13533926486054776
8,A,0.05,2,8,-0.24541159322518008
8,A,0.05,2,9,-0.27657416710194677
8,A,0.05,3,0,-0.16621263996200544
8,A,0.05,3,1,-0.45500867344556106
8,A,0.05,3,2,-0.1771872114560416
8,A,0.05,3,3,-0.25581318265220127
8,A,0.05,3,4,-0.2967800734443446
8,A,0.05,3,5,-0.2004726685782335
8,A,0.05,3,6,-0.07206083333075626
8,A,0.05,3,7,-0.3224271795940486
8,A,0.05,3,8,-0.4871304329688179
8,A,0.05,3,9,-0.1992034422170651
8,A,0.05,4,0,0.33749953791201404
8,A,0.05,4,1,0.548539436222746
8,A,0.05,4,2,0.4391534547673291
8,A,0.05,4,3,0.18143632550326635
8,A,0.05,4,4,0.681900486293603
8,A,0.05,4,5,0.33724279632324455
8,A,0.05,4,6,-0.056901693999969596
8,A,0.05,4,7,0.5756726788357714
8,A,0.05,4,8,0.5875382771819702
8,A,0.05,4,9,0.12707484210588765
8,A,0.05,5,0,-1.1173977826034944
8,A,0.05,5,1,-0.737908715362119
8,A,0.05,5,2,-0.9841830022431252
8,A,0.05,5,3,-0.862720697060469
8,A,0.05,5,4,-1.1908138260832182
8,A,0.05,5,5,-0.9257097907112347
8,A,0.05,5,6,-0.5805055625158013
8,A,0.05,5,7,-0.8836011237847728
8,A,0.05,5,8,-1.1839934674285824
8,A,0.05,5,9,-0.5441106852012841
8,A,0.05,6,0,0.15723956455678337
8,A,0.05,6,1,0.32887916045602433
8,A,0.05,6,2,0.5466174592884977
8,A,0.05,6,3,0.3950432969050499
8,A,0.05,6,4,0.3549332348058642
8,A,0.05,6,5,0.2998405722337138
8,A,0.05,6,6,0.5229187354621071
8,A,0.05,6,7,0.1913729804824235
8,A,0.05,6,8,0.39568005021020286
8,A,0.05,6,9,0.40892477003442285
8,A,0.05,7,0,-0.15416019451643836
8,A,0.05,7,1,-0.08467649341159891
8,A,0.05,7,2,-0.33259677950098965
8,A,0.05,7,3,-0.015795486627854013
8,A,0.05,7,4,-0.09093966112985104
8,A,0.05,7,5,-0.23325230120630341
8,A,0.05,7,6,-0.15915240330054709
8,A,0.05,7,7,-0.512263312895775
8,A,0.05,7,8,-0.20751494975151133
8,A,0.05,7,9,-0.35145494980583514
8,A,0.05,8,0,-0.2614748852493544
8,A,0.05,8,1,-0.49732919059441655
8,A,0.05,8,2,-0.0724940494407248
8,A,0.05,8,3,-0.42766146007953254
8,A,0.05,8,4,-0.21556912065045652
8,A,0.05,8,5,-0.4300404309769985
8,A,0.05,8,6,-0.22454401620170975
8,A,0.05,8,7,-0.6287056310205033
8,A,0.05,8,8,-0.4432759890934511
8,A,0.05,8,9,-0.5930444477137308
8,A,0.05,9,0,0.21926750481982446
8,A,0.05,9,1,0.056404580561041674
8,A,0.05,9,2,0.32232051150137037
8,A,0.05,9,3,0.18516945777953706
8,A,0.05,9,4,0.034748763076187725
8,A,0.05,9,5,0.12583977870794014
8,A,0.05,9,6,0.061878630738236316
8,A,0.05,9,7,0.1840861885861929
8,A,0.05,9,8,0.218755060501392
8,A,0.05,9,9,0.20600197262965658
8,B,100,0,0,2.5297092372652243
8,B,100,0,1,3.1005698335321994
8,B,100,0,2,2.8309564315219307
8,B,100,0,3,2.8845881760317638
8,B,100,0,4,2.679303398650225
8,B,100,0,5,2.2456370166177586
8,B,100,0,6,2.4322766858642217
8,B,100,0,7,2.8464641619218423
8,B,100,0,8,2.572107691884179
8,B,100,0,9,2.6173443413280792
8,B,100,1,0,-0.8933673748012348
8,B,100,1,1,-1.1718603545755952
8,B,100,1,2,-1.395046235742837
8,B,100,1,3,-1.3451131065590485
8,B,100,1,4,-0.7804941932453924
8,B,100,1,5,-0.9513662566800748
8,B,100,1,6,-0.9792794504646813
8,B,100,1,7,-1.4365787969365253
8,B,100,1,8,-1.1449345310110506
8,B,100,1,9,-0.7961419416464663
8,B,100,2,0,-0.0587255533504139
8,B,100,2,1,0.16198547771525357
8,B,100,2,2,0.049596025000522674
8,B,100,2,3,0.1531396202598744
8,B,100,2,4,0.02941752380567865
8,B,100,2,5,0.020214945249200974
8,B,100,2,6,0.09595560947263593
8,B,100,2,7,-0.047080856964509275
8,B,100,2,8,0.08612365797967424
8,B,100,2,9,0.14493478815414956
8,B,100,3,0,-0.03483340611011267
8,B,100,3,1,-0.31931128941211623
8,B,100,3,2,0.00816726038393228
8,B,100,3,3,-0.6062023086285637
8,B,100,3,4,0.01828763203383785
8,B,100,3,5,-0.059530008705310895
8,B,100,3,6,-0.47232500163779934
8,B,100,3,7,-0.031662830093693035
8,B,100,3,8,-0.14644175786766966
8,B,100,3,9,-0.5018162219598661
8,B,100,4,0,0.5231638331834192
8,B,100,4,1,0.41024782343456234
8,B,100,4,2,1.7164428830642706
8,B,100,4,3,1.35083540668418
8,B,100,4,4,1.555135343537766
8,B,100,4,5,1.2421315316899848
8,B,100,4,6,1.4874750289295124
8,B,100,4,7,1.2537952675371513
8,B,100,4,8,1.6634074345066838
8,B,100,4,9,0.4192597336017842
8,B,100,5,0,-1.7388587008113023
8,B,100,5,1,-1.2445311467476212
8,B,100,5,2,-1.653861548783825
8,B,100,5,3,-1.4671849002360517
8,B,100,5,4,-1.7417256647459436
8,B,100,5,5,-1.9627405433605105
8,B,100,5,6,-1.2755156676234607
8,B,100,5,7,-1.7522022734610219
8,B,100,5,8,-1.837189318483945
8,B,100,5,9,-1.8333206802290458
8,B,100,6,0,0.5251565719092325
8,B,100,6,1,1.0749036210955676
8,B,100,6,2,1.2068685762867104
8,B,100,6,3,0.526368998369132
8,B,100,6,4,0.4634573684882339
8,B,100,6,5,0.5331275229803824
8,B,100,6,6,0.8906857185503364
8,B,100,6,7,0.5337053116334581
8,B,100,6,8,0.5142304095394136
8,B,100,6,9,0.973767049508026
8,B,100,7,0,1.7922649625906717
8,B,100,7,1,0.6544940473673403
8,B,100,7,2,1.0667181890899475
8,B,100,7,3,1.2754446647659405
8,B,100,7,4,1.3043674031762849
8,B,100,7,5,1.016626513554574
8,B,100,7,6,1.2813640584266717
8,B,100,7,7,1.1033670656562653
8,B,100,7,8,1.387956128971068
8,B,100,7,9,0.908802816895731
8,B,100,8,0,0.279401785934395
8,B,100,8,1,0.4441849502941349
8,B,100,8,2,0.783193892489083
8,B,100,8,3,0.4350749729249836
8,B,100,8,4,0.5884539365544762
8,B,100,8,5,0.4877165894357296
8,B,100,8,6,0.6090901733547648
8,B,100,8,7,0.666195535233328
8,B,100,8,8,0.5378757794028101
8,B,100,8,9,0.596628394994593
8,B,100,9,0,0.6141488289288008
8,B,100,9,1,0.22365208164638056
8,B,100,9,2,0.10608633340056471
8,B,100,9,3,0.016380361531525046
8,B,100,9,4,-0.016181666125036766
8,B,100,9,5,-0.355760005029005
8,B,100,9,6,0.5664283689391487
8,B,100,9,7,0.9165005458695047
8,B,100,9,8,0.3267613339819057
8,B,100,9,9,0.4701167680297706
9,A,0.05,0,0,0.09549429110600027
9,A,0.05,0,1,-0.025867883687200922
9,A,0.05,0,2,-0.17665265158769022
9,A,0.05,0,3,-0.07597447953098575
9,A,0.05,0,4,0.2449995554982511
9,A,0.05,0,5,0.21745512547599044
9,A,0.05,0,6,-0.05138650541398751
9,A,0.05,0,7,0.2590877566592745
9,A,0.05,0,8,0.20279468512805543
9,A,0.05,0,9,-0.026206983850818957
9,A,0.05,1,0,0.6491266864442167
9,A,0.05,1,1,0.6753146341457719
9,A,0.05,1,2,0.6973992537082483
9,A,0.05,1,3,0.605661041070696
9,A,0.05,1,4,0.4755688178381597
9,A,0.05,1,5,0.4990331149620091
9,A,0.05,1,6,0.5528468510115367
9,A,0.05,1,7,0.4454246221343607
9,A,0.05,1,8,0.46420812215535767
9,A,0.05,1,9,0.6671885087573904
9,A,0.05,2,0,1.3842070822030341
9,A,0.05,2,1,1.6168626715471344
9,A,0.05,2,2,1.2596245351204174
9,A,0.05,2,3,1.5945382962687473
9,A,0.05,2,4,1.4591963676018234
9,A,0.05,2,5,1.5711034730456412
9,A,0.05,2,6,0.7502160155852358
9,A,0.05,2,7,1.3653123499756448
9,A,0.05,2,8,1.331216220013721
9,A,0.05,2,9,1.0629067699571701
9,A,0.05,3,0,-0.5342294847037561
9,A,0.05,3,1,-0.040707638945865855
9,A,0.05,3,2,-0.05362981727452531
9,A,0.05,3,3,0.0023393891277829902
9,A,0.05,3,4,-0.02083941117307081
9,A,0.05,3,5,-0.0022474956418624195
9,A,0.05,3,6,-0.5118737522161865
9,A,0.05,3,7,-0.14279019982775454
9,A,0.05,3,8,-0.1426852561819676
9,A,0.05,3,9,-0.08927192580234448
9,A,0.05,4,0,0.5019569038054389
9,A,0.05,4,1,0.10636034276968936
9,A,0.05,4,2,0.471140356382928
9,A,0.05,4,3,0.319277529861184
9,A,0.05,4,4,0.15277122093428472
9,A,0.05,4,5,0.22702279283520585
9,A,0.05,4,6,0.3160755787818529
9,A,0.05,4,7,0.48138529874559827
9,A,0.05,4,8,0.3450220484008861
9,A,0.05,4,9,0.46324129345165355
9,A,0.05,5,0,-0.29866369603577614
9,A,0.05,5,1,0.06494370945280749
9,A,0.05,5,2,-0.2035794716073971
9,A,0.05,5,3,0.10852486040050893
9,A,0.05,5,4,0.08305754437670168
9,A,0.05,5,5,0.4028914380426516
9,A,0.05,5,6,0.17683601224194442
9,A,0.05,5,7,0.035675629980575864
9,A,0.05,5,8,0.004769963845162116
9,A,0.05,5,9,-0.066433870105306
9,A,0.05,6,0,-0.4810286341930204
9,A,0.05,6,1,-0.11269404796209302
9,A,0.05,6,2,0.0697696968983488
9,A,0.05,6,3,-0.34088831353884785
9,A,0.05,6,4,-0.0719874244134562
9,A,0.05,6,5,-0.09756742464581655
9,A,0.05,6,6,-0.1883134691680479
9,A,0.05,6,7,-0.25378215034333357
9,A,0.05,6,8,0.2958420310913492
9,A,0.05,6,9,-0.2090783129916145
9,A,0.05,7,0,1.7771178607732678
9,A,0.05,7,1,2.182135783245912
9,A,0.05,7,2,2.359282411357166
9,A,0.05,7,3,0.812876562443469
9,A,0.05,7,4,1.9193377437718326
9,A,0.05,7,5,2.4730243706882478
9,A,0.05,7,6,2.4069766920929823
9,A,0.05,7,7,2.5299228808599077
9,A,0.05,7,8,1.9852182387936188
9,A,0.05,7,9,1.886236859223751
9,A,0.05,8,0,0.6443395803787877
9,A,0.05,8,1,0.5881333771330342
9,A,0.05,8,2,0.7958679209074372
9,A,0.05,8,3,1.3353582441979752
9,A,0.05,8,4,0.8148597463401988
9,A,0.05,8,5,0.6204087213750804
9,A,0.05,8,6,1.2309778929493662
9,A,0.05,8,7,0.6486532517114729
9,A,0.05,8,8,0.8374976967231829
9,A,0.05,8,9,1.2074396885125915
9,A,0.05,9,0,-0.3940959443091765
9,A,0.05,9,1,-0.809361384520973
9,A,0.05,9,2,-0.9312672370739556
9,A,0.05,9,3,-0.9179001163176275
9,A,0.05,9,4,-0.40438442175518907
9,A,0.05,9,5,-1.0299417655562824
9,A,0.05,9,6,-0.9173743713709324
9,A,0.05,9,7,-0.24025075912404517
9,A,0.05,9,8,-0.31356926846274874
9,A,0.05,9,9,-1.0503739565288444
9,B,100,0,0,0.5346363567613305
9,B,100,0,1,0.45181439500539367
9,B,100,0,2,0.6914622575676765
9,B,100,0,3,0.3228095469233839
9,B,100,0,4,0.47956467807142755
9,B,100,0,5,0.42203957047020346
9,B,100,0,6,0.5644045646985747
9,B,100,0,7,0.5578598662318535
9,B,100,0,8,0.8370286928042093
9,B,100,0,9,1.0018947737952495
9,B,100,1,0,-0.2576793750486512
9,B,100,1,1,-0.1662754922896398
9,B,100,1,2,-0.3005390431033833
9,B,100,1,3,0.07175179317590738
9,B,100,1,4,0.08953740861309246
9,B,100,1,5,0.07466931582756665
9,B,100,1,6,0.07856100088772495
9,B,100,1,7,0.06626638433849562
9,B,100,1,8,0.03904241097020477
9,B,100,1,9,0.09252013020525345
9,B,100,2,0,-0.8438266933910759
9,B,100,2,1,-1.4709363285220292
9,B,100,2,2,-0.6900765808372968
9,B,100,2,3,-1.21351861589052
9,B,100,2,4,-1.467148385120058
9,B,100,2,5,-1.482492651088858
9,B,100,2,6,-0.8438424598949703
9,B,100,2,7,-0.9553961914157139
9,B,100,2,8,-1.2162868835755452
9,B,100,2,9,-0.9826331491648431
9,B,100,3,0,-0.17906971127236723
9,B,100,3,1,0.015963416660196333
9,B,100,3,2,-0.33660317783053934
9,B,100,3,3,-0.09177167338372937
9,B,100,3,4,0.023307841710915905
9,B,100,3,5,-0.02570477182673281
9,B,100,3,6,-0.17445394478475348
9,B,100,3,7,0.33565877284521334
9,B,100,3,8,-0.14033194590761341
9,B,100,3,9,-0.08802845276990692
9,B,100,4,0,0.5767956271546774
9,B,100,4,1,0.6330578509504745
9,B,100,4,2,0.3063379164638009
9,B,100,4,3,0.8938405023503494
9,B,100,4,4,0.06522877004166504
9,B,100,4,5,0.6293132032692608
9,B,100,4,6,0.18688599957944177
9,B,100,4,7,0.5258211431998148
9,B,100,4,8,0.7363868761658501
9,B,100,4,9,0.8105111523283252
9,B,100,5,0,-1.1324208759237646
9,B,100,5,1,-1.361236132752614
9,B,100,5,2,-1.8014549791029622
9,B,100,5,3,-1.660123067278729
9,B,100,5,4,-1.690508814296124
9,B,100,5,5,-1.20983547371996
9,B,100,5,6,-0.531992149346324
9,B,100,5,7,-1.5342107163583556
9,B,100,5,8,-1.2710124673561836
9,B,100,5,9,-1.6997080979752648
9,B,100,6,0,2.3898338100365613
9,B,100,6,1,1.7759603783617122
9,B,100,6,2,1.659143651559655
9,B,100,6,3,1.3454346961608035
9,B,100,6,4,1.1405666487925887
9,B,100,6,5,0.8191624636138053
9,B,100,6,6,1.1894124260582777
9,B,100,6,7,2.1184344316566186
9,B,100,6,8,1.7170777244762587
9,B,100,6,9,1.8444004569289165
9,B,100,7,0,0.6838458707423231
9,B,100,7,1,0.6816316117145059
9,B,100,7,2,0.9134497545133523
9,B,100,7,3,1.1149240057652632
9,B,100,7,4,0.7949973432862486
9,B,100,7,5,1.0392524243610675
9,B,100,7,6,0.558064229471878
9,B,100,7,7,0.6057578547368783
9,B,100,7,8,0.5416424472964783
9,B,100,7,9,0.6374861371294916
9,B,100,8,0,-0.7070815780876135
9,B,100,8,1,-0.40457635340518916
9,B,100,8,2,-0.6112977802488134
9,B,100,8,3,-0.2281730400698278
9,B,100,8,4,-1.0938983643930613
9,B,100,8,5,-0.2205237520154004
9,B,100,8,6,-0.07193668544349369
9,B,100,8,7,-0.5103979082832141
9,B,100,8,8,-0.024815236117378126
9,B,100,8,9,-0.12345071972473189
9,B,100,9,0,-0.6122019530523668
9,B,100,9,1,-0.8644380473054359
9,B,100,9,2,-1.0103209814437906
9,B,100,9,3,-1.2299648482002687
9,B,100,9,4,-0.548199158369846
9,B,100,9,5,-1.076255712167798
9,B,100,9,6,-0.4659271603989451
9,B,100,9,7,-1.0332042948127345
9,B,100,9,8,-0.8488478395861746
9,B,100,9,9,-1.035116153926535
10,A,0.05,0,0,0.5031441965585866
10,A,0.05,0,1,0.2669905395613186
10,A,0.05,0,2,0.41921933371812864
10,A,0.05,0,3,0.15784750098214995
10,A,0.05,0,4,0.6943573601932561
10,A,0.05,0,5,0.9307888469675463
10,A,0.05,0,6,0.6867071530855379
10,A,0.05,0,7,1.2521285092460392
10,A,0.05,0,8,1.618973054968447
10,A,0.05,0,9,0.9175080852149675
10,A,0.05,1,0,0.8937172328480361
10,A,0.05,1,1,1.1579232118703477
10,A,0.05,1,2,0.9441909776673333
10,A,0.05,1,3,0.9502893289923716
10,A,0.05,1,4,1.007051299338142
10,A,0.05,1,5,0.9443542301589435
10,A,0.05,1,6,0.8727792240210174
10,A,0.05,1,7,1.189410470118416
10,A,0.05,1,8,1.15611277623928
10,A,0.05,1,9,0.9390177499875236
10,A,0.05,2,0,0.9836440155721818
10,A,0.05,2,1,1.398147591233026
10,A,0.05,2,2,1.4987039133709732
10,A,0.05,2,3,1.549848772026739
10,A,0.05,2,4,1.1622304786884603
10,A,0.05,2,5,1.3097794987417948
10,A,0.05,2,6,1.4365831043872803
10,A,0.05,2,7,1.1990429850464015
10,A,0.05,2,8,1.3340003337505344
10,A,0.05,2,9,1.3200100666456251
10,A,0.05,3,0,-0.38173426264394095
10,A,0.05,3,1,-0.1840981076107048
10,A,0.05,3,2,-0.16838179229394715
10,A,0.05,3,3,0.13720365139111151
10,A,0.05,3,4,-0.2151113415106108
10,A,0.05,3,5,-0.19567618820346117
10,A,0.05,3,6,-0.1622791779137113
10,A,0.05,3,7,-0.08844762401307624
10,A,0.05,3,8,-0.3113358287008205
10,A,0.05,3,9,-0.00940737078226253
10,A,0.05,4,0,-0.3502634433543275
10,A,0.05,4,1,-0.7039198325821409
10,A,0.05,4,2,-0.26115412228751944
10,A,0.05,4,3,-0.07703137478094005
10,A,0.05,4,4,-0.45246333356624613
10,A,0.05,4,5,-0.3186053616584676
10,A,0.05,4,6,-0.37350960950752304
10,A,0.05,4,7,-0.43477938493891044
10,A,0.05,4,8,-0.038324022916976924
10,A,0.05,4,9,-0.7251386348140819
10,A,0.05,5,0,0.47165547347941345
10,A,0.05,5,1,0.901609104956555
10,A,0.05,5,2,0.539747460687537
10,A,0.05,5,3,0.8052222720781169
10,A,0.05,5,4,0.5629957405711787
10,A,0.05,5,5,0.8560177755971031
10,A,0.05,5,6,0.47163051308864473
10,A,0.05,5,7,0.6549229592545633
10,A,0.05,5,8,0.6017464420271144
10,A,0.05,5,9,0.9015464442161916
10,A,0.05,6,0,1.1441848313023397
10,A,0.05,6,1,0.7556353241580759
10,A,0.05,6,2,1.1913131259839735
10,A,0.05,6,3,1.0854256452279585
10,A,0.05,6,4,0.8182414365230877
10,A,0.05,6,5,0.4438174077806165
10,A,0.05,6,6,0.42723949903571645
10,A,0.05,6,7,0.4213596175465712
10,A,0.05,6,8,1.5115159312649955
10,A,0.05,6,9,0.8362504984348413
10,A,0.05,7,0,0.2212112837438243
10,A,0.05,7,1,0.16075212075061526
10,A,0.05,7,2,0.5192290719586529
10,A,0.05,7,3,0.3056406933391653
10,A,0.05,7,4,-0.032510629988452805
10,A,0.05,7,5,0.4084523263324028
10,A,0.05,7,6,0.47855931534021434
10,A,0.05,7,7,0.6524830181477
10,A,0.05,7,8,0.42793826070095403
10,A,0.05,7,9,0.4485092065326393
10,A,0.05,8,0,1.1835912844121834
10,A,0.05,8,1,1.1232811991588427
10,A,0.05,8,2,1.3725990267991912
10,A,0.05,8,3,1.0100758475281362
10,A,0.05,8,4,1.4653593593578818
10,A,0.05,8,5,1.4592932875096594
10,A,0.05,8,6,1.5996848691045638
10,A,0.05,8,7,1.3090643537422593
10,A,0.05,8,8,1.7547181577113258
10,A,0.05,8,9,1.9690817267894944
10,A,0.05,9,0,0.740699646046056
10,A,0.05,9,1,0.5277709904420054
10,A,0.05,9,2,0.695286291060798
10,A,0.05,9,3,0.5343790106217654
10,A,0.05,9,4,0.5073095851459541
10,A,0.05,9,5,0.7094241613346809
10,A,0.05,9,6,0.6090580551883574
10,A,0.05,9,7,0.5779341490080961
10,A,0.05,9,8,0.5479883012646972
10,A,0.05,9,9,0.7508479729127624
10,B,100,0,0,-0.041287610509601516
10,B,100,0,1,0.009754799472393393
10,B,100,0,2,0.008748715363637114
10,B,100,0,3,-0.10179277532873802
10,B,100,0,4,0.02897564227691682
10,B,100,0,5,0.07018225237859867
10,B,100,0,6,0.04071647975282697
10,B,100,0,7,0.10822981519234383
10,B,100,0,8,0.010886055479957666
10,B,100,0,9,0.026334329124578053
10,B,100,1,0,-0.2379080162575938
10,B,100,1,1,-0.2632687010399505
10,B,100,1,2,-0.33612802166800737
10,B,100,1,3,-0.2272785990600056
10,B,100,1,4,-0.1367213739061192
10,B,100,1,5,-0.1456873702156715
10,B,100,1,6,-0.19943321567375719
10,B,100,1,7,-0.217870733511039
10,B,100,1,8,-0.4387755597911844
10,B,100,1,9,-0.20652099963741477
10,B,100,2,0,-0.17691937373017436
10,B,100,2,1,-0.226822751036244
10,B,100,2,2,-0.20307722059318975
10,B,100,2,3,-0.15399301419907255
10,B,100,2,4,-0.2578722380347218
10,B,100,2,5,-0.4265537764188033
10,B,100,2,6,-0.2242764086556801
10,B,100,2,7,-0.33415835841471236
10,B,100,2,8,-0.25648228944589246
10,B,100,2,9,-0.2653139889655359
10,B,100,3,0,-0.6039337392544445
10,B,100,3,1,-0.42434314840018
10,B,100,3,2,-0.665640658665605
10,B,100,3,3,-0.7726391559992314
10,B,100,3,4,-0.7804242121734652
10,B,100,3,5,-0.2764792301018294
10,B,100,3,6,0.1148757013946286
10,B,100,3,7,-1.1706743765459828
10,B,100,3,8,-0.3656362269560952
10,B,100,3,9,-0.5203481342312101
10,B,100,4,0,1.365002452730026
10,B,100,4,1,0.7891677335048567
10,B,100,4,2,1.1381265314128006
10,B,100,4,3,1.1652513473502086
10,B,100,4,4,1.2432276156053768
10,B,100,4,5,0.46574549376955954
10,B,100,4,6,1.523770862180451
10,B,100,4,7,1.3573573203845972
10,B,100,4,8,0.9213292693658263
10,B,100,4,9,1.0007685440342455
10,B,100,5,0,-0.1520641237751617
10,B,100,5,1,-0.008456472192969123
10,B,100,5,2,0.030921571739151558
10,B,100,5,3,0.6284662238597256
10,B,100,5,4,0.7053301399961246
10,B,100,5,5,-0.034519121400609996
10,B,100,5,6,-0.16967073290822512
10,B,100,5,7,0.6722378223608988
10,B,100,5,8,0.6229851867173404
10,B,100,5,9,0.5594991550007711
10,B,100,6,0,0.21521438601610907
10,B,100,6,1,0.11021288022352368
10,B,100,6,2,0.6176593182577957
10,B,100,6,3,0.6193603617305135
10,B,100,6,4,0.4923364890971347
10,B,100,6,5,0.2135292571159146
10,B,100,6,6,0.36665663275931354
10,B,100,6,7,0.6562961250549677
10,B,100,6,8,0.6501548357499064
10,B,100,6,9,0.7589453642879024
10,B,100,7,0,0.4016501711393766
10,B,100,7,1,0.18834629050888282
10,B,100,7,2,0.40620013708606045
10,B,100,7,3,0.6466990614737709
10,B,100,7,4,0.6085815166710532
10,B,100,7,5,0.41862037966488536
10,B,100,7,6,0.5311548977042968
10,B,100,7,7,0.10423393109610178
10,B,100,7,8,0.13831830661457944
10,B,100,7,9,0.7004164931777647
10,B,100,8,0,-0.8308548352010084
10,B,100,8,1,-1.063482927628383
10,B,100,8,2,-0.4059346023474165
10,B,100,8,3,-0.6087882218949112
10,B,100,8,4,-0.6549148583032829
10,B,100,8,5,-0.5049720858340349
10,B,100,8,6,-0.6412940695292452
10,B,100,8,7,-0.26260415675359244
10,B,100,8,8,-0.4298552170938207
10,B,100,8,9,-0.3706521743108254
10,B,100,9,0,2.482610270550257
10,B,100,9,1,2.616643588641449
10,B,100,9,2,2.5103941725195247
10,B,100,9,3,2.1940447888306402
10,B,100,9,4,2.06908003275109
10,B,100,9,5,1.7110596702008454
10,B,100,9,6,2.6373530386101236
10,B,100,9,7,2.1331627110780573
10,B,100,9,8,2.136380644461749
10,B,100,9,9,1.0297971545483473
11,A,0.05,0,0,-0.30349919681212845
11,A,0.05,0,1,-0.21469484140431272
11,A,0.05,0,2,0.2753312638229397
11,A,0.05,0,3,0.03861238123556296
11,A,0.05,0,4,0.12886695839856277
11,A,0.05,0,5,0.09170218349304313
11,A,0.05,0,6,0.22397556190974666
11,A,0.05,0,7,0.2590040901632088
11,A,0.05,0,8,0.5350543035638448
11,A,0.05,0,9,0.04566315843997079
11,A,0.05,1,0,-1.378229995227606
11,A,0.05,1,1,-1.5215816736381702
11,A,0.05,1,2,-1.9560764443270113
11,A,0.05,1,3,-0.5766801490472092
11,A,0.05,1,4,-0.44225745478906586
11,A,0.05,1,5,-1.4573641503937436
11,A,0.05,1,6,-0.8944787510304585
11,A,0.05,1,7,-0.7533067034100904
11,A,0.05,1,8,-0.6003879790850892
11,A,0.05,1,9,-0.6580189792125398
11,A,0.05,2,0,0.1518729520034557
11,A,0.05,2,1,0.6784040511876378
11,A,0.05,2,2,0.4287182608091387
11,A,0.05,2,3,0.6338416637389365
11,A,0.05,2,4,0.7089654162282654
11,A,0.05,2,5,0.7158385201177899
11,A,0.05,2,6,0.5472116031374854
11,A,0.05,2,7,0.7328200652907391
11,A,0.05,2,8,0.5407665529227267
11,A,0.05,2,9,0.6807851730351965
11,A,0.05,3,0,-1.269051373747879
11,A,0.05,3,1,-1.050600304158237
11,A,0.05,3,2,-1.179363559680826
11,A,0.05,3,3,-1.2347894518116134
11,A,0.05,3,4,-1.2246847332301092
11,A,0.05,3,5,-1.0356601748411192
11,A,0.05,3,6,-0.9624385915195763
11,A,0.05,3,7,-0.9574694537637941
11,A,0.05,3,8,-1.1700251489948164
11,A,0.05,3,9,-1.487115057784881
11,A,0.05,4,0,0.7249330043723555
11,A,0.05,4,1,0.6531493199133649
11,A,0.05,4,2,0.6209157798615729
11,A,0.05,4,3,-0.020624101701477358
11,A,0.05,4,4,0.5492402859799017
11,A,0.05,4,5,0.19523237027230395
11,A,0.05,4,6,0.8655951936394968
11,A,0.05,4,7,0.25047737838473544
11,A,0.05,4,8,0.033267631332422026
11,A,0.05,4,9,0.24037109129019332
11,A,0.05,5,0,-0.5604163305128786
11,A,0.05,5,1,-0.854867802100428
11,A,0.05,5,2,-0.8239206477298578
11,A,0.05,5,3,-0.4000610890953977
11,A,0.05,5,4,-0.7607437119564533
11,A,0.05,5,5,-0.45345820189546276
11,A,0.05,5,6,-0.564370135294403
11,A,0.05,5,7,-0.3904986705114131
11,A,0.05,5,8,-0.6416283364594404
11,A,0.05,5,9,-0.5339302134777337
11,A,0.05,6,0,-1.243613679386893
11,A,0.05,6,1,-2.081128139192717
11,A,0.05,6,2,-1.491935966823414
11,A,0.05,6,3,-1.2251534051376298
11,A,0.05,6,4,-1.6416329321454006
11,A,0.05,6,5,-1.319214844369579
11,A,0.05,6,6,-1.0896694699387632
11,A,0.05,6,7,-1.7622180437962445
11,A,0.05,6,8,-1.4313320026948102
11,A,0.05,6,9,-1.3583948624914426
11,A,0.05,7,0,0.7669883421439431
11,A,0.05,7,1,0.5370791862611471
11,A,0.05,7,2,0.9093960272172692
11,A,0.05,7,3,0.7142427837800805
11,A,0.05,7,4,0.64757023210814
11,A,0.05,7,5,0.3855736596960919
11,A,0.05,7,6,0.5553892637674317
11,A,0.05,7,7,0.35150446701367055
11,A,0.05,7,8,0.7232472623853009
11,A,0.05,7,9,0.9106956026268053
11,A,0.05,8,0,-0.2862907026382852
11,A,0.05,8,1,-0.3547490352399433
11,A,0.05,8,2,-0.20851195398940353
11,A,0.05,8,3,-0.1411314195292078
11,A,0.05,8,4,-0.1424200328463816
11,A,0.05,8,5,-0.1801208398547604
11,A,0.05,8,6,-0.2888233331633015
11,A,0.05,8,7,-0.25421986080828385
11,A,0.05,8,8,-0.1584704074253483
11,A,0.05,8,9,-0.3755210869082789
11,A,0.05,9,0,0.4527686020857095
11,A,0.05,9,1,1.2931327574233729
11,A,0.05,9,2,0.6752519713847999
11,A,0.05,9,3,0.5069229085895869
11,A,0.05,9,4,1.1309389236477583
11,A,0.05,9,5,0.42892553041446363
11,A,0.05,9,6,0.7048734681571869
11,A,0.05,9,7,0.3300638403526229
11,A,0.05,9,8,0.6456908407656755
11,A,0.05,9,9,0.9336534945932978
11,B,100,0,0,-0.9100570635572206
11,B,100,0,1,-1.1651363300397088
11,B,100,0,2,-1.1038132021287215
11,B,100,0,3,-1.5547078520124848
11,B,100,0,4,-0.8724367686881712
11,B,100,0,5,-1.48332990807335
11,B,100,0,6,-0.9996495959272406
11,B,100,0,7,-1.3033631405080315
11,B,100,0,8,-1.8002867708662285
11,B,100,0,9,-0.94664831353295
11,B,100,1,0,0.13280543941331413
11,B,100,1,1,-0.2710578649918337
11,B,100,1,2,-0.298101060555169
11,B,100,1,3,0.12713292918304162
11,B,100,1,4,-0.023250087858445588
11,B,100,1,5,-0.19273643212712946
11,B,100,1,6,0.1602848814443807
11,B,100,1,7,0.1342873897071252
11,B,100,1,8,-0.0819868398924972
11,B,100,1,9,-0.04975175437738137
11,B,100,2,0,-0.10532150676905558
11,B,100,2,1,0.3885320906413934
11,B,100,2,2,-0.22936595585760253
11,B,100,2,3,-1.0485838367449403
11,B,100,2,4,0.4658327703427841
11,B,100,2,5,0.12571258931008353
11,B,100,2,6,-0.5798577947991407
11,B,100,2,7,0.07855959878963191
11,B,100,2,8,0.3223804898574045
11,B,100,2,9,0.11281075138498324
11,B,100,3,0,-0.022865003490049197
11,B,100,3,1,0.06518217105031725
11,B,100,3,2,0.09966887102829751
11,B,100,3,3,0.18889918952974652
11,B,100,3,4,0.2121600748243897
11,B,100,3,5,-0.1033089101063215
11,B,100,3,6,0.02626089942502894
11,B,100,3,7,0.22928646923779683
11,B,100,3,8,0.030136787244925432
11,B,100,3,9,-0.06923342643526943
11,B,100,4,0,0.14382787155870433
11,B,100,4,1,0.1199593126280272
11,B,100,4,2,0.09806788057146217
11,B,100,4,3,-0.4708279796226113
11,B,100,4,4,0.42944091476871377
11,B,100,4,5,-0.5064017533615218
11,B,100,4,6,0.5493789484580769
11,B,100,4,7,0.22476974588903406
11,B,100,4,8,-2.111003340500453
11,B,100,4,9,-0.7747153205877764
11,B,100,5,0,-0.26459041530816413
11,B,100,5,1,0.005777819304350837
11,B,100,5,2,-0.4583752046483456
11,B,100,5,3,-0.2430069445162149
11,B,100,5,4,-0.3291305500480265
11,B,100,5,5,-0.49118142018549865
11,B,100,5,6,-0.3091149926096706
11,B,100,5,7,-0.5743156724228675
11,B,100,5,8,-0.2630446227949753
11,B,100,5,9,0.03325705681226826
11,B,100,6,0,0.33632440705883887
11,B,100,6,1,-0.15289461492208
11,B,100,6,2,-0.07845089349715519
11,B,100,6,3,-0.18982555239048013
11,B,100,6,4,-0.402822018352435
11,B,100,6,5,-0.23238828587210328
11,B,100,6,6,0.13384237330087292
11,B,100,6,7,0.2411864524295827
11,B,100,6,8,0.026708324790834098
11,B,100,6,9,-0.24799418775003307
11,B,100,7,0,-1.6293094202627088
11,B,100,7,1,-2.1254234147344846
11,B,100,7,2,-1.7151347607247653
11,B,100,7,3,-1.5789937266260836
11,B,100,7,4,-1.6224625550060563
11,B,100,7,5,-1.7744679656594238
11,B,100,7,6,-2.1053664064579043
11,B,100,7,7,-1.6211386517752548
11,B,100,7,8,-1.8725861847302758
11,B,100,7,9,-1.8247995522803204
11,B,100,8,0,-0.6970759645267581
11,B,100,8,1,-0.7972255223727108
11,B,100,8,2,-0.8687621275464671
11,B,100,8,3,-1.1051404878602331
11,B,100,8,4,-0.8930725354066128
11,B,100,8,5,-0.9182045828284996
11,B,100,8,6,-0.8610866593241472
11,B,100,8,7,-0.667093567874141
11,B,100,8,8,-1.0874117568178676
11,B,100,8,9,-0.6366816596530717
11,B,100,9,0,0.44529311664615046
11,B,100,9,1,0.7292376745828728
11,B,100,9,2,0.8585951484859222
11,B,100,9,3,0.2810540723312585
11,B,100,9,4,0.8821080462511153
11,B,100,9,5,0.9243614332728393
11,B,100,9,6,0.8450426926534611
11,B,100,9,7,0.9313290555292035
11,B,100,9,8,-0.02536539546729406
11,B,100,9,9,0.37596671318149444
12,A,0.05,0,0,-2.56513388794221
12,A,0.05,0,1,-2.226874026759495
12,A,0.05,0,2,-2.362960390020873
12,A,0.05,0,3,-2.613255341135832
12,A,0.05,0,4,-2.313350231354706
12,A,0.05,0,5,-2.447557266281641
12,A,0.05,0,6,-2.746018521872487
12,A,0.05,0,7,-2.2963177549718936
12,A,0.05,0,8,-2.61238314962268
12,A,0.05,0,9,-2.3855942106828905
12,A,0.05,1,0,2.814774612260385
12,A,0.05,1,1,2.7210384422777545
12,A,0.05,1,2,2.6813571150922666
12,A,0.05,1,3,2.5488676059089346
12,A,0.05,1,4,2.612046575343405
12,A,0.05,1,5,2.8595177715858493
12,A,0.05,1,6,2.8359502276055935
12,A,0.05,1,7,2.6910989424589165
12,A,0.05,1,8,2.7424961135418875
12,A,0.05,1,9,2.638812617762464
12,A,0.05,2,0,0.5728272554632624
12,A,0.05,2,1,0.5891006375195305
12,A,0.05,2,2,0.2902860810908642
12,A,0.05,2,3,0.6793102748943884
12,A,0.05,2,4,0.1855281033085312
12,A,0.05,2,5,0.5750604138128447
12,A,0.05,2,6,-0.12587003506346894
12,A,0.05,2,7,0.7819924308416326
12,A,0.05,2,8,0.7992992193947538
12,A,0.05,2,9,0.25165665775889506
12,A,0.05,3,0,-0.010973138107091142
12,A,0.05,3,1,-0.14162689881220367
12,A,0.05,3,2,0.23964902438387542
12,A,0.05,3,3,0.5653702638696598
12,A,0.05,3,4,0.2893526215736546
12,A,0.05,3,5,0.19368565148278907
12,A,0.05,3,6,0.011262216742794222
12,A,0.05,3,7,0.027136981855215174
12,A,0.05,3,8,-0.04567280734818787
12,A,0.05,3,9,-0.07353904891489166
12,A,0.05,4,0,-0.5053100734145368
12,A,0.05,4,1,-0.3212487439912263
12,A,0.05,4,2,-0.21077005740371435
12,A,0.05,4,3,-0.3642422622694373
12,A,0.05,4,4,-0.2746959994571714
12,A,0.05,4,5,-0.9739418591051084
12,A,0.05,4,6,-0.3504719793496686
12,A,0.05,4,7,-0.8501691101354193
12,A,0.05,4,8,-0.55901384560814
12,A,0.05,4,9,-0.47008778830370396
12,A,0.05,5,0,0.7467627270400232
12,A,0.05,5,1,0.9206583748813839
12,A,0.05,5,2,0.5134810281838914
12,A,0.05,5,3,0.7512383798896769
12,A,0.05,5,4,0.7197872032814517
12,A,0.05,5,5,0.565654644763675
12,A,0.05,5,6,0.6920376610311737
12,A,0.05,5,7,0.9161302220834261
12,A,0.05,5,8,0.9380548193570045
12,A,0.05,5,9,0.7891946722648681
12,A,0.05,6,0,-0.3818112113822952
12,A,0.05,6,1,-0.18892890803407308
12,A,0.05,6,2,-0.3585774893335749
12,A,0.05,6,3,-0.33290957213937067
12,A,0.05,6,4,-0.3947503186618881
12,A,0.05,6,5,-0.5574017286186064
12,A,0.05,6,6,-0.020330763470486297
12,A,0.05,6,7,0.10547859100432688
12,A,0.05,6,8,0.01586456751766478
12,A,0.05,6,9,-0.013676154904178244
12,A,0.05,7,0,1.1959964965813006
12,A,0.05,7,1,1.2958595342523218
12,A,0.05,7,2,1.0783871767551452
12,A,0.05,7,3,1.2787305692066098
12,A,0.05,7,4,1.4211269203401173
12,A,0.05,7,5,1.1644182223620345
12,A,0.05,7,6,1.3950486119069496
12,A,0.05,7,7,1.176560178410321
12,A,0.05,7,8,1.2207346383652897
12,A,0.05,7,9,1.335528737948442
12,A,0.05,8,0,-0.3770375041131625
12,A,0.05,8,1,-0.22713622694349556
12,A,0.05,8,2,-0.37075197808064175
12,A,0.05,8,3,-0.15979974138487368
12,A,0.05,8,4,-0.7261930853101493
12,A,0.05,8,5,-0.3597960434287261
12,A,0.05,8,6,-0.3525919579580364
12,A,0.05,8,7,-0.42356967713717203
12,A,0.05,8,8,-0.5601991344192486
12,A,0.05,8,9,-0.19232201139045832
12,A,0.05,9,0,1.8722619615073972
12,A,0.05,9,1,0.9509383059912718
12,A,0.05,9,2,1.1088246474659509
12,A,0.05,9,3,0.9147435940337001
12,A,0.05,9,4,0.9719735690578228
12,A,0.05,9,5,1.6098913042939236
12,A,0.05,9,6,1.2976741749378171
12,A,0.05,9,7,1.9483378817285948
12,A,0.05,9,8,1.1393511615018013
12,A,0.05,9,9,1.4961628190047804
12,B,100,0,0,-0.4393519937140156
12,B,100,0,1,-0.3458260071999402
12,B,100,0,2,-0.2254395492066425
12,B,100,0,3,-0.5232595815174602
12,B,100,0,4,-0.12551350731713418
12,B,100,0,5,-0.30556702596953167
12,B,100,0,6,-0.23591445963091134
12,B,100,0,7,-0.07426254907324649
12,B,100,0,8,-0.44142791741488413
12,B,100,0,9,-0.49599959833082097
12,B,100,1,0,-0.03958233713447849
12,B,100,1,1,0.014739827563243307
12,B,100,1,2,-0.0037779783780025043
12,B,100,1,3,0.006284614321945395
12,B,100,1,4,-0.009319732067615542
12,B,100,1,5,-0.25063183892623525
12,B,100,1,6,-0.018278022725639
12,B,100,1,7,-0.09596967934343836
12,B,100,1,8,-0.6138548037457086
12,B,100,1,9,-0.024685293520966527
12,B,100,2,0,-0.8158888930999688
12,B,100,2,1,-0.8142886619151668
12,B,100,2,2,-0.3923334518852843
12,B,100,2,3,-0.7454339634172821
12,B,100,2,4,-1.0379995617683344
12,B,100,2,5,-0.5988249604693199
12,B,100,2,6,-1.5293776410191908
12,B,100,2,7,-0.8830017128929174
12,B,100,2,8,-1.2541666215334493
12,B,100,2,9,-1.2268062811770075
12,B,100,3,0,-0.24338761190089617
12,B,100,3,1,-0.17242501883987998
12,B,100,3,2,-0.17713095937194437
12,B,100,3,3,-0.22358902252450538
12,B,100,3,4,0.1127650390290713
12,B,100,3,5,-0.036026357914875455
12,B,100,3,6,0.059918311979400896
12,B,100,3,7,-0.27522237676510947
12,B,100,3,8,0.03384560569063044
12,B,100,3,9,-0.2286123841375656
12,B,100,4,0,-0.2982673128604577
12,B,100,4,1,-0.12395499879546051
12,B,100,4,2,-0.09651371591880323
12,B,100,4,3,-0.010265510868548069
12,B,100,4,4,-0.36915115136785914
12,B,100,4,5,0.1578858453181692
12,B,100,4,6,-0.2678570884247865
12,B,100,4,7,0.1296565866794185
12,B,100,4,8,-0.2267686808755668
12,B,100,4,9,0.37430607149796136
12,B,100,5,0,-0.18637088553788103
12,B,100,5,1,-0.1650697908973311
12,B,100,5,2,-0.13770743114424475
12,B,100,5,3,-0.12366202430539107
12,B,100,5,4,-0.06258581082151245
12,B,100,5,5,-0.0845141546445483
12,B,100,5,6,-0.08801162025853693
12,B,100,5,7,-0.06835283634934074
12,B,100,5,8,0.2888504929397044
12,B,100,5,9,0.3140527051043893
12,B,100,6,0,-2.0363751029224173
12,B,100,6,1,-0.8017697032839154
12,B,100,6,2,-1.1153657952379725
12,B,100,6,3,-0.9315057691389974
12,B,100,6,4,-1.1429407852187627
12,B,100,6,5,-1.259984575483456
12,B,100,6,6,-0.9041886537898679
12,B,100,6,7,-0.8175328233242629
12,B,100,6,8,-0.8991762787936083
12,B,100,6,9,-0.7713017064315653
12,B,100,7,0,0.4509888921504469
12,B,100,7,1,0.8308245380623862
12,B,100,7,2,0.14321223699995062
12,B,100,7,3,0.7344828417292513
12,B,100,7,4,0.9560584323788374
12,B,100,7,5,0.3261091703593492
12,B,100,7,6,0.8235338779035181
12,B,100,7,7,0.5694951992636963
12,B,100,7,8,1.066701524256069
12,B,100,7,9,0.611143515855682
12,B,100,8,0,1.065933041513644
12,B,100,8,1,0.7590069918332403
12,B,100,8,2,1.1845411617882289
12,B,100,8,3,0.9952457176504745
12,B,100,8,4,1.1312982215784646
12,B,100,8,5,0.7181197047709903
12,B,100,8,6,1.5525719361448291
12,B,100,8,7,1.4797876351546437
12,B,100,8,8,1.0670523342928615
12,B,100,8,9,1.1674239000069178
12,B,100,9,0,1.4277185377561015
12,B,100,9,1,1.1593348999750703
12,B,100,9,2,1.1146045626102299
12,B,100,9,3,1.271933252120785
12,B,100,9,4,1.0508689064241292
12,B,100,9,5,0.9317371129619183
12,B,100,9,6,1.297721521288878
12,B,100,9,7,1.4163396228032588
12,B,100,9,8,1.43406987551077
12,B,100,9,9,1.284684906628688
13,A,0.05,0,0,-0.8352661110558852
13,A,0.05,0,1,-0.936864490873848
13,A,0.05,0,2,-0.9305557651718007
13,A,0.05,0,3,-0.9079670940605165
13,A,0.05,0,4,-0.8499424778883483
13,A,0.05,0,5,-1.3264948539972543
13,A,0.05,0,6,-0.6506527059316749
13,A,0.05,0,7,-0.9966674463271158
13,A,0.05,0,8,-0.7773040910161261
13,A,0.05,0,9,-0.800913838512361
13,A,0.05,1,0,-0.4833047979766322
13,A,0.05,1,1,-0.4410572080176254
13,A,0.05,1,2,-0.34885105910913
13,A,0.05,1,3,-0.2880557559099689
13,A,0.05,1,4,-0.6051032804668198
13,A,0.05,1,5,-0.5565189872722293
13,A,0.05,1,6,-0.6348454078848911
13,A,0.05,1,7,-0.6532096650016359
13,A,0.05,1,8,-0.3101883236452363
13,A,0.05,1,9,-0.4171767014136025
13,A,0.05,2,0,-1.8028909760536638
13,A,0.05,2,1,-1.549835950164523
13,A,0.05,2,2,-1.567168578906836
13,A,0.05,2,3,-1.376519793753327
13,A,0.05,2,4,-1.621362870002487
13,A,0.05,2,5,-1.4714357317633255
13,A,0.05,2,6,-1.5068693899748216
13,A,0.05,2,7,-1.2775891108223312
13,A,0.05,2,8,-1.6692411884030494
13,A,0.05,2,9,-1.4265233559002235
13,A,0.05,3,0,-0.1039127685464194
13,A,0.05,3,1,-0.07332018995894318
13,A,0.05,3,2,0.0405059174740598
13,A,0.05,3,3,0.027971897132849137
13,A,0.05,3,4,-0.03385300970925565
13,A,0.05,3,5,-0.06735294475246854
13,A,0.05,3,6,0.6219551039520628
13,A,0.05,3,7,0.7513100904582138
13,A,0.05,3,8,0.62720896444602
13,A,0.05,3,9,0.7224604068967356
13,A,0.05,4,0,0.38560666859864656
13,A,0.05,4,1,0.3186375435476208
13,A,0.05,4,2,0.3422501805438479
13,A,0.05,4,3,0.6207583272425085
13,A,0.05,4,4,0.6245398338354674
13,A,0.05,4,5,0.441677317133374
13,A,0.05,4,6,0.8217676251260394
13,A,0.05,4,7,0.20967716423303448
13,A,0.05,4,8,0.25220688257947627
13,A,0.05,4,9,0.26900974085401946
13,A,0.05,5,0,0.17732073226871292
13,A,0.05,5,1,0.48964745563116274
13,A,0.05,5,2,0.48999026644793264
13,A,0.05,5,3,0.6661993147941827
13,A,0.05,5,4,0.2128270629265891
13,A,0.05,5,5,0.5054064016395913
13,A,0.05,5,6,0.306584280164583
13,A,0.05,5,7,0.14441169968954273
13,A,0.05,5,8,0.5743892732175582
13,A,0.05,5,9,0.661599408229874
13,A,0.05,6,0,-0.9572556727123982
13,A,0.05,6,1,-0.7311153947822021
13,A,0.05,6,2,-0.6364084851461105
13,A,0.05,6,3,-0.6395113525348097
13,A,0.05,6,4,-0.8404805188077122
13,A,0.05,6,5,-0.7991263251898818
13,A,0.05,6,6,-0.7982280403447103
13,A,0.05,6,7,-0.5643658797379881
13,A,0.05,6,8,-0.7597972326121571
13,A,0.05,6,9,-0.9036738543262567
13,A,0.05,7,0,1.1886640628365561
13,A,0.05,7,1,0.6312782884140943
13,A,0.05,7,2,1.1091671070107674
13,A,0.05,7,3,0.5942524005870119
13,A,0.05,7,4,1.3043156563183156
13,A,0.05,7,5,0.8998153957732854
13,A,0.05,7,6,0.7983925996801571
13,A,0.05,7,7,1.4505989069595417
13,A,0.05,7,8,1.217956076349885
13,A,0.05,7,9,1.265122510921764
13,A,0.05,8,0,0.40289997569405706
13,A,0.05,8,1,0.506597759372663
13,A,0.05,8,2,0.3576907427003448
13,A,0.05,8,3,0.8496688060934617
13,A,0.05,8,4,0.5975175688424958
13,A,0.05,8,5,0.3642674426500155
13,A,0.05,8,6,0.21268945201252437
13,A,0.05,8,7,0.3457529594609887
13,A,0.05,8,8,0.2258294270941706
13,A,0.05,8,9,0.3407549894201517
13,A,0.05,9,0,-0.038736322693207106
13,A,0.05,9,1,-0.06182949114091355
13,A,0.05,9,2,-0.017283040210761002
13,A,0.05,9,3,-0.001655290056937634
13,A,0.05,9,4,1.6286042374679552
13,A,0.05,9,5,1.6997871731511995
13,A,0.05,9,6,1.3862583062532108
13,A,0.05,9,7,-0.07876948552018151
13,A,0.05,9,8,1.5705964884328496
13,A,0.05,9,9,0.033509009507460004
13,B,100,0,0,1.770788262028176
13,B,100,0,1,-1.1177404586305513
13,B,100,0,2,1.471735947363734
13,B,100,0,3,-0.2817538935704121
13,B,100,0,4,0.08404266057904586
13,B,100,0,5,0.2977560396136119
13,B,100,0,6,1.3520854026734173
13,B,100,0,7,-0.6169243201414205
13,B,100,0,8,-0.5096870966850148
13,B,100,0,9,1.4602368988772472
13,B,100,1,0,0.9669476882727805
13,B,100,1,1,0.6595902811437339
13,B,100,1,2,1.5568045406751618
13,B,100,1,3,0.8243450852287755
13,B,100,1,4,1.2226143072292666
13,B,100,1,5,1.3987361614802876
13,B,100,1,6,1.316202501539666
13,B,100,1,7,1.0686748098850973
13,B,100,1,8,1.139622045145377
13,B,100,1,9,1.0971504178127487
13,B,100,2,0,-0.2999764175420389
13,B,100,2,1,-0.19500764495320366
13,B,100,2,2,-0.25933006582904367
13,B,100,2,3,-0.295466232886758
13,B,100,2,4,-0.09917784590231776
13,B,100,2,5,-0.25099175762480236
13,B,100,2,6,-0.3155116818338082
13,B,100,2,7,-0.12243657173869883
13,B,100,2,8,-0.30284596655243656
13,B,100,2,9,-0.10589686529221372
13,B,100,3,0,1.3299311797205733
13,B,100,3,1,0.5834862914951101
13,B,100,3,2,1.5011328893925175
13,B,100,3,3,0.9842338614207801
13,B,100,3,4,0.944591608088461
13,B,100,3,5,-0.05640588995296254
13,B,100,3,6,0.07517582351916124
13,B,100,3,7,0.9946716860092838
13,B,100,3,8,0.034051188525051075
13,B,100,3,9,1.5269459656366047
13,B,100,4,0,-1.0362508230829064
13,B,100,4,1,-1.1264874775909448
13,B,100,4,2,-0.9024953984488975
13,B,100,4,3,-1.1979297736170833
13,B,100,4,4,-0.6580654452734609
13,B,100,4,5,-0.7309889015805426
13,B,100,4,6,-1.0585368736931777
13,B,100,4,7,-0.6577923609812963
13,B,100,4,8,-0.7565467836822979
13,B,100,4,9,-0.559226646348739
13,B,100,5,0,0.9101507207186178
13,B,100,5,1,0.9772965271350416
13,B,100,5,2,1.3119509579016018
13,B,100,5,3,0.8420538314832176
13,B,100,5,4,0.9516515408969298
13,B,100,5,5,0.043729967841088804
13,B,100,5,6,0.020573453468206417
13,B,100,5,7,0.7159359877542121
13,B,100,5,8,1.1515129219084246
13,B,100,5,9,-0.04224921074077417
13,B,100,6,0,0.8199772007693489
13,B,100,6,1,0.8530518159135368
13,B,100,6,2,1.5048418047713
13,B,100,6,3,1.5763634416143795
13,B,100,6,4,1.144119284742844
13,B,100,6,5,1.2812120240125908
13,B,100,6,6,1.1040911467060055
13,B,100,6,7,1.359205731381223
13,B,100,6,8,1.540907981653994
13,B,100,6,9,1.9669870584002282
13,B,100,7,0,-1.0056418751948002
13,B,100,7,1,-1.1149516829504227
13,B,100,7,2,-0.9740410007578981
13,B,100,7,3,-1.3775256863635483
13,B,100,7,4,-1.3757984388445215
13,B,100,7,5,-0.894630726489309
13,B,100,7,6,-1.441548614889976
13,B,100,7,7,-0.9168915775506888
13,B,100,7,8,-0.828185706553304
13,B,100,7,9,-0.9976662944142991
13,B,100,8,0,-1.6195699747055985
13,B,100,8,1,-1.7669245246717828
13,B,100,8,2,-1.867236477195543
13,B,100,8,3,-1.4382666725321802
13,B,100,8,4,-1.638233151060463
13,B,100,8,5,-1.305116711513817
13,B,100,8,6,-1.7902542942181523
13,B,100,8,7,-1.6369422096342505
13,B,100,8,8,-1.3105136998150506
13,B,100,8,9,-1.4855999491129952
13,B,100,9,0,1.0577323459006711
13,B,100,9,1,0.7692267385656018
13,B,100,9,2,1.4174498421229391
13,B,100,9,3,0.7230030535472287
13,B,100,9,4,1.5541271541659567
13,B,100,9,5,1.4896382037001081
13,B,100,9,6,0.9073402124836117
13,B,100,9,7,1.2907101535710275
13,B,100,9,8,1.2078558417174619
13,B,100,9,9,1.226376750416936
14,A,0.05,0,0,1.2510537409697775
14,A,0.05,0,1,1.910054598277552
14,A,0.05,0,2,1.8400856996641068
14,A,0.05,0,3,2.105390759287569
14,A,0.05,0,4,1.293002466100613
14,A,0.05,0,5,1.7869162034796229
14,A,0.05,0,6,1.9736306444191802
14,A,0.05,0,7,1.89801521105306
14,A,0.05,0,8,1.2847736535087653
14,A,0.05,0,9,1.2614803660041018
14,A,0.05,1,0,-0.48926694614015814
14,A,0.05,1,1,-0.06941190879730445
14,A,0.05,1,2,-0.6701299406621526
14,A,0.05,1,3,-0.11288743868718042
14,A,0.05,1,4,-0.04189549713452442
14,A,0.05,1,5,-0.09028600905862666
14,A,0.05,1,6,-0.2923966225835095
14,A,0.05,1,7,0.001829182047881433
14,A,0.05,1,8,-0.06282378111298277
14,A,0.05,1,9,-0.11161343388028865
14,A,0.05,2,0,0.5074392671545054
14,A,0.05,2,1,0.42132448161383457
14,A,0.05,2,2,0.6674672216057328
14,A,0.05,2,3,-0.19752955920889592
14,A,0.05,2,4,0.42293389074254384
14,A,0.05,2,5,0.7534524844297621
14,A,0.05,2,6,0.3095240798814824
14,A,0.05,2,7,0.9117238423198178
14,A,0.05,2,8,0.9694145213662761
14,A,0.05,2,9,0.19676423330693454
14,A,0.05,3,0,-1.1481911129069229
14,A,0.05,3,1,-0.8576479025515483
14,A,0.05,3,2,-1.5978554035972958
14,A,0.05,3,3,-0.9369646139645195
14,A,0.05,3,4,0.11774881648328914
14,A,0.05,3,5,-0.14665145047711947
14,A,0.05,3,6,-0.8492448788769639
14,A,0.05,3,7,0.17032819577324362
14,A,0.05,3,8,-0.34042392217762407
14,A,0.05,3,9,-1.509539794871207
14,A,0.05,4,0,1.3927379740234318
14,A,0.05,4,1,2.445983093927049
14,A,0.05,4,2,3.440917751225139
14,A,0.05,4,3,1.5785764896533359
14,A,0.05,4,4,2.0137885581464214
14,A,0.05,4,5,2.238761014479998
14,A,0.05,4,6,2.3716744483132097
14,A,0.05,4,7,1.3958281899893155
14,A,0.05,4,8,2.540448684792818
14,A,0.05,4,9,2.0952141694253292
14,A,0.05,5,0,-0.9429707266388334
14,A,0.05,5,1,-0.3189359934268329
14,A,0.05,5,2,-0.3387115336194514
14,A,0.05,5,3,-0.2763967777750216
14,A,0.05,5,4,-0.12114560732977107
14,A,0.05,5,5,-0.35630342545827387
14,A,0.05,5,6,-0.055825068037753306
14,A,0.05,5,7,-0.13322250425069462
14,A,0.05,5,8,-0.0810995997732581
14,A,0.05,5,9,0.041506840683660486
14,A,0.05,6,0,-2.4206672995552645
14,A,0.05,6,1,-2.853017662959973
14,A,0.05,6,2,-3.071215131737482
14,A,0.05,6,3,-1.8605982715126383
14,A,0.05,6,4,-2.2373236408137713
14,A,0.05,6,5,-2.964687043804886
14,A,0.05,6,6,-2.7573153754266526
14,A,0.05,6,7,-2.356912581145519
14,A,0.05,6,8,-2.663672640150402
14,A,0.05,6,9,-3.22665223042997
14,A,0.05,7,0,0.10334605645505106
14,A,0.05,7,1,-0.10670568594257666
14,A,0.05,7,2,0.05058893536383085
14,A,0.05,7,3,-0.4606869665740718
14,A,0.05,7,4,0.08846268133619431
14,A,0.05,7,5,-0.12697091261811358
14,A,0.05,7,6,0.03223456007744271
14,A,0.05,7,7,-0.3347422913137963
14,A,0.05,7,8,-0.12639170983366643
14,A,0.05,7,9,-0.06898224389138413
14,A,0.05,8,0,0.08826314763409586
14,A,0.05,8,1,-0.21434880177861632
14,A,0.05,8,2,0.1783671961788396
14,A,0.05,8,3,0.016094097087037674
14,A,0.05,8,4,0.053728475808641846
14,A,0.05,8,5,0.8778257238377829
14,A,0.05,8,6,0.3752369009799263
14,A,0.05,8,7,0.7216210476545116
14,A,0.05,8,8,-0.7539964735399538
14,A,0.05,8,9,0.8317531561333334
14,A,0.05,9,0,-0.9987334090220955
14,A,0.05,9,1,-1.2585939013106848
14,A,0.05,9,2,-1.1658882232690606
14,A,0.05,9,3,-0.4205651033328799
14,A,0.05,9,4,-0.6105109879902065
14,A,0.05,9,5,-0.6063386338620955
14,A,0.05,9,6,-0.4957252030836198
14,A,0.05,9,7,-0.3136512642278274
14,A,0.05,9,8,-0.29096154465739726
14,A,0.05,9,9,-0.5098186381354094
14,B,100,0,0,0.010206412918966195
14,B,100,0,1,0.06598102188040374
14,B,100,0,2,0.072709454122084
14,B,100,0,3,0.0757965501745936
14,B,100,0,4,-0.004573038606939394
14,B,100,0,5,0.10167013598332757
14,B,100,0,6,0.09053276020371495
14,B,100,0,7,0.05422529370985929
14,B,100,0,8,0.08938257057389556
14,B,100,0,9,0.11482627402045836
14,B,100,1,0,-0.9619725389588695
14,B,100,1,1,-0.0984707914156875
14,B,100,1,2,-0.07460232975498411
14,B,100,1,3,-1.241016425620968
14,B,100,1,4,-0.762151618116425
14,B,100,1,5,-1.1823279234107775
14,B,100,1,6,-0.05673816200852357
14,B,100,1,7,-0.4285906928781218
14,B,100,1,8,-0.12758069521491622
14,B,100,1,9,-0.09529795598379491
14,B,100,2,0,-0.6912703295146707
14,B,100,2,1,-0.497316345262549
14,B,100,2,2,-0.5990775353896594
14,B,100,2,3,-0.5338028631332774
14,B,100,2,4,-0.6281518871234575
14,B,100,2,5,-0.5668668405032538
14,B,100,2,6,-0.4562588936429219
14,B,100,2,7,-0.4178294389348901
14,B,100,2,8,-0.5614622502651438
14,B,100,2,9,-0.4708203460694407
14,B,100,3,0,2.167990050416676
14,B,100,3,1,1.9651012769921012
14,B,100,3,2,2.0750090744377907
14,B,100,3,3,1.9719499738371478
14,B,100,3,4,2.258574498324589
14,B,100,3,5,1.7728363026109852
14,B,100,3,6,1.872828501170604
14,B,100,3,7,1.7677950319802618
14,B,100,3,8,2.216808362317565
14,B,100,3,9,2.155602177160557
14,B,100,4,0,0.5794391952701692
14,B,100,4,1,0.4998418041123483
14,B,100,4,2,0.21580163136529734
14,B,100,4,3,0.4850287988144873
14,B,100,4,4,0.4511323659191516
14,B,100,4,5,0.4335247923117783
14,B,100,4,6,0.09286192100857259
14,B,100,4,7,0.3352056342552433
14,B,100,4,8,0.3760507457009422
14,B,100,4,9,-0.01426942933652962
14,B,100,5,0,-0.8806437491097654
14,B,100,5,1,-0.6568740930821986
14,B,100,5,2,-0.9730358113272385
14,B,100,5,3,-0.7821526079426279
14,B,100,5,4,-0.6968331908664156
14,B,100,5,5,-0.9181672280044015
14,B,100,5,6,-0.7513597445876061
14,B,100,5,7,-0.6790357859753656
14,B,100,5,8,-0.6286839963080578
14,B,100,5,9,-0.8914349797231275
14,B,100,6,0,-1.1560095946130913
14,B,100,6,1,-1.0298919055065776
14,B,100,6,2,-1.0647712135474556
14,B,100,6,3,-1.0226561428839398
14,B,100,6,4,-0.8685120479031949
14,B,100,6,5,-1.1488044956572687
14,B,100,6,6,-0.8935463707309472
14,B,100,6,7,-0.8384595031569217
14,B,100,6,8,-0.8069721245845256
14,B,100,6,9,-0.7694657521288066
14,B,100,7,0,-0.8473802966026738
14,B,100,7,1,1.2386692943816318
14,B,100,7,2,1.1867275681509912
14,B,100,7,3,-0.34667137103638296
14,B,100,7,4,-0.20690841523658016
14,B,100,7,5,-0.1311973616806432
14,B,100,7,6,0.7519632875388749
14,B,100,7,7,0.8733196038512437
14,B,100,7,8,1.3163494580675696
14,B,100,7,9,0.13501675857053014
14,B,100,8,0,-0.5899058288524865
14,B,100,8,1,-0.012384502958293409
14,B,100,8,2,-0.5970483827070536
14,B,100,8,3,0.0013463801119308141
14,B,100,8,4,-0.6621124868579565
14,B,100,8,5,-0.32096154111207237
14,B,100,8,6,-0.3037796153698939
14,B,100,8,7,-0.06311286382046667
14,B,100,8,8,-0.5334605250623737
14,B,100,8,9,0.01731947086669871
14,B,100,9,0,-0.3677541735559433
14,B,100,9,1,-0.551189803192608
14,B,100,9,2,-0.3099180009071509
14,B,100,9,3,-0.8588910903124123
14,B,100,9,4,-0.6187571788299284
14,B,100,9,5,-1.4535601193660082
14,B,100,9,6,-1.079969330999286
14,B,100,9,7,-0.2054403692593264
14,B,100,9,8,-0.9614502368924771
14,B,100,9,9,-0.9486224264896007
15,A,0.05,0,0,-0.1978661626195729
15,A,0.05,0,1,-0.12358079194665235
15,A,0.05,0,2,0.552632022299474
15,A,0.05,0,3,0.3296623608440476
15,A,0.05,0,4,0.3735203973415273
15,A,0.05,0,5,0.5327842731786572
15,A,0.05,0,6,0.528080966324231
15,A,0.05,0,7,-0.21422484245526136
15,A,0.05,0,8,0.44070146386193
15,A,0.05,0,9,0.24827831645735646
15,A,0.05,1,0,0.8454668737321723
15,A,0.05,1,1,1.0078691172368575
15,A,0.05,1,2,0.9419512012994383
15,A,0.05,1,3,1.07629193688718
15,A,0.05,1,4,0.9042645185258633
15,A,0.05,1,5,0.3500531825901399
15,A,0.05,1,6,0.7777939150734693
15,A,0.05,1,7,0.8191470558459923
15,A,0.05,1,8,0.948057326695737
15,A,0.05,1,9,0.7601498075345045
15,A,0.05,2,0,-0.7086132165558217
15,A,0.05,2,1,-0.5269882254224132
15,A,0.05,2,2,-0.6832904665600458
15,A,0.05,2,3,-0.16966993040522219
15,A,0.05,2,4,-0.47148819479232723
15,A,0.05,2,5,-0.4067227125927402
15,A,0.05,2,6,-0.4417119168476429
15,A,0.05,2,7,-0.5716220418713798
15,A,0.05,2,8,-0.44623370222437286
15,A,0.05,2,9,-0.5311633994555809
15,A,0.05,3,0,0.05444854324257717
15,A,0.05,3,1,0.07258224996313083
15,A,0.05,3,2,0.13084932892307463
15,A,0.05,3,3,0.027762533218034697
15,A,0.05,3,4,0.06219729850366013
15,A,0.05,3,5,0.04516223661786187
15,A,0.05,3,6,0.06040533751115987
15,A,0.05,3,7,0.03421053871227228
15,A,0.05,3,8,0.2568591090454233
15,A,0.05,3,9,0.28947463672181406
15,A,0.05,4,0,0.24746174813049127
15,A,0.05,4,1,0.07804361979082836
15,A,0.05,4,2,-0.007835640478537654
15,A,0.05,4,3,0.22295107912374185
15,A,0.05,4,4,-0.08204331161492812
15,A,0.05,4,5,0.07813702946127296
15,A,0.05,4,6,-0.024355818895659624
15,A,0.05,4,7,0.14176046733814018
15,A,0.05,4,8,-0.06688096148214237
15,A,0.05,4,9,0.21018982647827647
15,A,0.05,5,0,0.29115806270914524
15,A,0.05,5,1,-0.04623736666179815
15,A,0.05,5,2,0.314109773752053
15,A,0.05,5,3,0.39108218016140306
15,A,0.05,5,4,0.33073322914643644
15,A,0.05,5,5,0.20168569931129726
15,A,0.05,5,6,-0.08223736872866251
15,A,0.05,5,7,0.37340399187060336
15,A,0.05,5,8,0.25404344126907175
15,A,0.05,5,9,0.2754551995956549
15,A,0.05,6,0,-0.7163082841313585
15,A,0.05,6,1,-0.7502778463433573
15,A,0.05,6,2,-0.14369660989656208
15,A,0.05,6,3,-0.7068743378542915
15,A,0.05,6,4,-0.7615739204949227
15,A,0.05,6,5,-0.4141835964470236
15,A,0.05,6,6,-0.3946187524963679
15,A,0.05,6,7,-0.7060545136836058
15,A,0.05,6,8,-0.32934832413997805
15,A,0.05,6,9,-0.6801514390076252
15,A,0.05,7,0,-0.27684544870992056
15,A,0.05,7,1,-0.2283668296760049
15,A,0.05,7,2,-0.7310487956805308
15,A,0.05,7,3,-0.4874182505725306
15,A,0.05,7,4,0.18342996492015648
15,A,0.05,7,5,0.12909025846543762
15,A,0.05,7,6,0.04319609273662141
15,A,0.05,7,7,-0.35484260017089403
15,A,0.05,7,8,0.3642001340991571
15,A,0.05,7,9,0.2878238994142094
15,A,0.05,8,0,1.5309287458869703
15,A,0.05,8,1,2.1653766338597897
15,A,0.05,8,2,2.128313899162906
15,A,0.05,8,3,1.1404126461093134
15,A,0.05,8,4,1.402315084923961
15,A,0.05,8,5,1.9492212846103945
15,A,0.05,8,6,1.6672037961139157
15,A,0.05,8,7,2.013120554373644
15,A,0.05,8,8,1.6852450746801513
15,A,0.05,8,9,1.634248620186347
15,A,0.05,9,0,-0.9982312204919153
15,A,0.05,9,1,-1.2884337513268986
15,A,0.05,9,2,-0.6496326042935789
15,A,0.05,9,3,-0.3290012020009007
15,A,0.05,9,4,-0.860650222928095
15,A,0.05,9,5,-0.8566278222531644
15,A,0.05,9,6,-1.1403817171111919
15,A,0.05,9,7,-0.7934205075594214
15,A,0.05,9,8,-1.0692237760284622
15,A,0.05,9,9,-1.3578751674154659
15,B,100,0,0,5.499107688449063
15,B,100,0,1,5.234416790924169
15,B,100,0,2,5.7212201334611
15,B,100,0,3,4.834106453761678
15,B,100,0,4,5.821681666163992
15,B,100,0,5,4.7152020792831175
15,B,100,0,6,4.663377135708262
15,B,100,0,7,3.9988813650370214
15,B,100,0,8,4.5098207942990225
15,B,100,0,9,3.7875841491034548
15,B,100,1,0,1.8534597461478801
15,B,100,1,1,1.784891802952689
15,B,100,1,2,1.2817527614680764
15,B,100,1,3,1.510534128755673
15,B,100,1,4,1.9636086092091347
15,B,100,1,5,1.8264733266651094
15,B,100,1,6,1.214944906166121
15,B,100,1,7,1.4563782639921863
15,B,100,1,8,1.6521809630413273
15,B,100,1,9,1.3250183268790507
15,B,100,2,0,-0.7072376936831557
15,B,100,2,1,-0.43637659716765664
15,B,100,2,2,-0.5790443149300661
15,B,100,2,3,-0.7706348973018307
15,B,100,2,4,-0.6194633310639378
15,B,100,2,5,-0.6801124440171775
15,B,100,2,6,-0.43007577876574254
15,B,100,2,7,-0.7195157447917269
15,B,100,2,8,-0.7037699890301288
15,B,100,2,9,-0.49415316787984453
15,B,100,3,0,-0.22728163687656489
15,B,100,3,1,0.10014034948009062
15,B,100,3,2,-0.6082601272930742
15,B,100,3,3,-0.09038291740095372
15,B,100,3,4,-0.5996839347570324
15,B,100,3,5,-0.3674816576317282
15,B,100,3,6,-0.33798393583261677
15,B,100,3,7,-0.7231502365902464
15,B,100,3,8,-0.3462176380715042
15,B,100,3,9,-0.618386006476583
15,B,100,4,0,-0.03688029680831796
15,B,100,4,1,-0.8034918677656675
15,B,100,4,2,-0.3701817848954872
15,B,100,4,3,-0.27126955680085835
15,B,100,4,4,-0.22337329003847306
15,B,100,4,5,-0.36423355658870676
15,B,100,4,6,-0.17136288695198515
15,B,100,4,7,0.11646475190960517
15,B,100,4,8,-0.15081613506725672
15,B,100,4,9,-0.17993468347290584
15,B,100,5,0,-0.509535700120353
15,B,100,5,1,-0.6010692962317259
15,B,100,5,2,-0.4874181497505668
15,B,100,5,3,-0.3587709168212657
15,B,100,5,4,-0.3262579539721141
15,B,100,5,5,-0.47329007804497564
15,B,100,5,6,-0.1371549816102928
15,B,100,5,7,-0.57444716531154
15,B,100,5,8,-0.6243582352943559
15,B,100,5,9,-0.5551126545275961
15,B,100,6,0,0.25120145913380687
15,B,100,6,1,0.5125605785269483
15,B,100,6,2,-0.16513523517712483
15,B,100,6,3,0.754258608040612
15,B,100,6,4,0.38737647203370995
15,B,100,6,5,0.8893684070274922
15,B,100,6,6,0.4009263737206794
15,B,100,6,7,-0.0019932483932474793
15,B,100,6,8,0.9303156680469261
15,B,100,6,9,0.4010472079707596
15,B,100,7,0,-0.14455438037600624
15,B,100,7,1,-0.13837729308522886
15,B,100,7,2,-0.12032168520346191
15,B,100,7,3,0.015706271692906768
15,B,100,7,4,-0.17030259452443053
15,B,100,7,5,-0.031851082587691634
15,B,100,7,6,0.016610281864587618
15,B,100,7,7,-0.00921921671132265
15,B,100,7,8,0.023055546438217393
15,B,100,7,9,-0.022187105364942887
15,B,100,8,0,-0.5892267620109028
15,B,100,8,1,-0.8814486540053239
15,B,100,8,2,-0.37561997849490075
15,B,100,8,3,-0.6468720238131316
15,B,100,8,4,-0.17015828829483085
15,B,100,8,5,-0.7173395856916759
15,B,100,8,6,-0.5630225825337624
15,B,100,8,7,-0.538389587199229
15,B,100,8,8,-0.62012972171115
15,B,100,8,9,-0.6792010839429159
15,B,100,9,0,1.2176909950310673
15,B,100,9,1,0.9460942144760409
15,B,100,9,2,0.6620770037192425
15,B,100,9,3,0.6733577428885894
15,B,100,9,4,1.060780844501466
15,B,100,9,5,0.994323894035643
15,B,100,9,6,0.8457566833349308
15,B,100,9,7,1.079223559336742
15,B,100,9,8,1.0520260723354211
15,B,100,9,9,0.519873742996559
16,A,0.05,0,0,1.8815034475350598
16,A,0.05,0,1,1.5060481100397825
16,A,0.05,0,2,1.6078450774836726
16,A,0.05,0,3,0.7528214074162886
16,A,0.05,0,4,1.374880852810546
16,A,0.05,0,5,1.207983007514166
16,A,0.05,0,6,1.4855495962180119
16,A,0.05,0,7,1.72351574014925
16,A,0.05,0,8,1.2717841287011828
16,A,0.05,0,9,1.5816853400600848
16,A,0.05,1,0,1.2640298554144307
16,A,0.05,1,1,1.8228334179121364
16,A,0.05,1,2,1.7553996432495362
16,A,0.05,1,3,1.860590152214143
16,A,0.05,1,4,1.726122041032166
16,A,0.05,1,5,1.7044012495488075
16,A,0.05,1,6,2.098653576622778
16,A,0.05,1,7,1.621502839082543
16,A,0.05,1,8,1.756013433373324
16,A,0.05,1,9,1.6123204948337886
16,A,0.05,2,0,0.4396912867960745
16,A,0.05,2,1,-0.1431809837374596
16,A,0.05,2,2,0.3862085368575807
16,A,0.05,2,3,0.4464880793214087
16,A,0.05,2,4,0.33493744117130875
16,A,0.05,2,5,0.44768073951847254
16,A,0.05,2,6,0.16324694445879315
16,A,0.05,2,7,0.37607424771771125
16,A,0.05,2,8,-0.38701595535037747
16,A,0.05,2,9,0.3131190261725376
16,A,0.05,3,0,0.9711174419092158
16,A,0.05,3,1,1.2564703830198456
16,A,0.05,3,2,0.9315618384081309
16,A,0.05,3,3,1.148618911181791
16,A,0.05,3,4,0.9674762442924935
16,A,0.05,3,5,1.728679153044255
16,A,0.05,3,6,0.8633431151265042
16,A,0.05,3,7,1.1922543760886684
16,A,0.05,3,8,1.9725422295632975
16,A,0.05,3,9,0.9827340594103263
16,A,0.05,4,0,0.004655662620952083
16,A,0.05,4,1,0.05430296158776082
16,A,0.05,4,2,0.13776994705176926
16,A,0.05,4,3,-0.11203882664160619
16,A,0.05,4,4,0.04653661452603811
16,A,0.05,4,5,0.05553952571168804
16,A,0.05,4,6,0.09150346999400773
16,A,0.05,4,7,0.12508526483749915
16,A,0.05,4,8,0.1492412022028907
16,A,0.05,4,9,0.12801264812597332
16,A,0.05,5,0,-0.6072481370882943
16,A,0.05,5,1,-0.5638664040813117
16,A,0.05,5,2,-0.632756689483266
16,A,0.05,5,3,-0.020084531466652747
16,A,0.05,5,4,0.030374423075843635
16,A,0.05,5,5,-0.20831263954196522
16,A,0.05,5,6,1.4501686318771732
16,A,0.05,5,7,0.4746869897694188
16,A,0.05,5,8,0.37647520883349067
16,A,0.05,5,9,0.4877161493693116
16,A,0.05,6,0,-0.2747013650313283
16,A,0.05,6,1,0.41267367497283247
16,A,0.05,6,2,0.5305495161102335
16,A,0.05,6,3,-0.5181097482183309
16,A,0.05,6,4,0.11788062185286252
16,A,0.05,6,5,0.18415142525132214
16,A,0.05,6,6,0.4998473760187042
16,A,0.05,6,7,0.5380028732400703
16,A,0.05,6,8,0.7112324270074057
16,A,0.05,6,9,0.42763900593864435
16,A,0.05,7,0,1.482011979048486
16,A,0.05,7,1,1.9396167706501037
16,A,0.05,7,2,0.9816150030580681
16,A,0.05,7,3,1.0916385215885116
16,A,0.05,7,4,1.2298685805798244
16,A,0.05,7,5,1.4828746966027637
16,A,0.05,7,6,1.3250701479861324
16,A,0.05,7,7,0.900189572036125
16,A,0.05,7,8,1.0569099682684138
16,A,0.05,7,9,2.068316538482347
16,A,0.05,8,0,0.7694572834727454
16,A,0.05,8,1,1.5488645883515002
16,A,0.05,8,2,0.6712401968489451
16,A,0.05,8,3,1.126680431491092
16,A,0.05,8,4,1.409588514555212
16,A,0.05,8,5,0.902482875922657
16,A,0.05,8,6,1.2790424326404202
16,A,0.05,8,7,0.8589375414421137
16,A,0.05,8,8,0.9353972499496563
16,A,0.05,8,9,1.0267866729712876
16,A,0.05,9,0,0.5778464707300461
16,A,0.05,9,1,0.6431423560445032
16,A,0.05,9,2,0.2833273244326502
16,A,0.05,9,3,0.5967197177663761
16,A,0.05,9,4,1.1205807108019723
16,A,0.05,9,5,0.6713841887304521
16,A,0.05,9,6,0.5812813133834334
16,A,0.05,9,7,0.36372247041869465
16,A,0.05,9,8,1.3281111590423111
16,A,0.05,9,9,0.5568294941096001
16,B,100,0,0,1.4657217894599475
16,B,100,0,1,0.9556852175108502
16,B,100,0,2,1.1548779342126614
16,B,100,0,3,1.1218413695154217
16,B,100,0,4,1.1906759473751989
16,B,100,0,5,1.674184164482716
16,B,100,0,6,1.4984894728533156
16,B,100,0,7,1.2972224576744917
16,B,100,0,8,1.4225131059734915
16,B,100,0,9,1.4107848609003808
16,B,100,1,0,0.02165018182002426
16,B,100,1,1,0.026253835575342357
16,B,100,1,2,0.024830178583320976
16,B,100,1,3,0.026380116064506874
16,B,100,1,4,-0.33159151541130966
16,B,100,1,5,0.04013772821341206
16,B,100,1,6,0.02224696192317211
16,B,100,1,7,0.032356432692614505
16,B,100,1,8,0.018300095361754237
16,B,100,1,9,0.00173738236173841
16,B,100,2,0,1.5887545764566104
16,B,100,2,1,1.59188863442241
16,B,100,2,2,1.011892285588777
16,B,100,2,3,0.1661984405780525
16,B,100,2,4,1.8124418877384505
16,B,100,2,5,1.292463407894761
16,B,100,2,6,0.43214320035952825
16,B,100,2,7,0.22585404468543557
16,B,100,2,8,0.5831118417286674
16,B,100,2,9,0.6800224750341117
16,B,100,3,0,-0.659104607520369
16,B,100,3,1,-0.6639578915334147
16,B,100,3,2,-0.9729839093387757
16,B,100,3,3,-0.9763492301780871
16,B,100,3,4,-0.22954696760020427
16,B,100,3,5,-0.036019520830432146
16,B,100,3,6,-0.6765151845242972
16,B,100,3,7,-1.1777902338675152
16,B,100,3,8,-1.2011604711921422
16,B,100,3,9,-0.6433648137694358
16,B,100,4,0,-1.0304610191434997
16,B,100,4,1,-0.04052932223198522
16,B,100,4,2,-0.37197682510950414
16,B,100,4,3,-0.29123820334777034
16,B,100,4,4,-0.00335268652577818
16,B,100,4,5,-0.14892885975492778
16,B,100,4,6,-0.27892672881958575
16,B,100,4,7,-0.7956430136056055
16,B,100,4,8,-0.23628260394751344
16,B,100,4,9,-0.18724267639687922
16,B,100,5,0,1.1712241127439
16,B,100,5,1,1.2692400430319133
16,B,100,5,2,1.22592536085799
16,B,100,5,3,1.2432716979076088
16,B,100,5,4,0.718228956716806
16,B,100,5,5,1.6282205231868725
16,B,100,5,6,1.2273233654876057
16,B,100,5,7,1.5870440527824432
16,B,100,5,8,1.6254082139938264
16,B,100,5,9,0.9976540901907702
16,B,100,6,0,0.4199402530000177
16,B,100,6,1,0.015508410146435775
16,B,100,6,2,0.266589261708273
16,B,100,6,3,-0.013528746014732067
16,B,100,6,4,0.04107412859347423
16,B,100,6,5,0.4217712102376969
16,B,100,6,6,0.0722883772300242
16,B,100,6,7,0.1842097225854635
16,B,100,6,8,0.1291722959741319
16,B,100,6,9,-0.19342185324167124
16,B,100,7,0,-0.501341494848351
16,B,100,7,1,-0.39702023466128566
16,B,100,7,2,-0.923608971011162
16,B,100,7,3,-0.25334818773868817
16,B,100,7,4,-0.4056651058686131
16,B,100,7,5,-0.5591577820576085
16,B,100,7,6,-0.0653503546042959
16,B,100,7,7,-0.4246118398772819
16,B,100,7,8,-0.47027136022382454
16,B,100,7,9,0.01281401640631221
16,B,100,8,0,0.4636626029662147
16,B,100,8,1,0.3677343795312031
16,B,100,8,2,0.07820922844648584
16,B,100,8,3,-0.23661448565620027
16,B,100,8,4,0.4945450146244304
16,B,100,8,5,0.5702330489182474
16,B,100,8,6,0.012926308881414312
16,B,100,8,7,0.2833421267778009
16,B,100,8,8,0.6280325640095277
16,B,100,8,9,-0.06234073110228109
16,B,100,9,0,-0.4655032986966823
16,B,100,9,1,-0.35917294245974535
16,B,100,9,2,-0.35682805915829896
16,B,100,9,3,-0.46715973473594313
16,B,100,9,4,-0.481829380076133
16,B,100,9,5,-0.4758236648615933
16,B,100,9,6,-0.34490976886356023
16,B,100,9,7,-0.2720736136385896
16,B,100,9,8,-0.24186412086333048
16,B,100,9,9,-0.07124356776264294
17,A,0.05,0,0,-0.27062106724816
17,A,0.05,0,1,-0.2218182686455738
17,A,0.05,0,2,-0.15451512670364062
17,A,0.05,0,3,-0.1721332807730827
17,A,0.05,0,4,-0.5380333713958082
17,A,0.05,0,5,-0.15377371938241022
17,A,0.05,0,6,-0.2329949419940554
17,A,0.05,0,7,-0.5326495586566768
17,A,0.05,0,8,-0.14056380952196104
17,A,0.05,0,9,-0.1943264239026081
17,A,0.05,1,0,1.6942374795606998
17,A,0.05,1,1,1.0501888598158986
17,A,0.05,1,2,1.1285534179593566
17,A,0.05,1,3,1.7772940456213722
17,A,0.05,1,4,1.243876526844951
17,A,0.05,1,5,1.5308012691840447
17,A,0.05,1,6,1.7963268282926026
17,A,0.05,1,7,1.636803664922208
17,A,0.05,1,8,2.050498205673049
17,A,0.05,1,9,1.4741676084103885
17,A,0.05,2,0,0.07686048257716116
17,A,0.05,2,1,-0.07334231532335325
17,A,0.05,2,2,-0.14425334732847994
17,A,0.05,2,3,0.06707543819037537
17,A,0.05,2,4,0.0746129638261663
17,A,0.05,2,5,0.0962322808997114
17,A,0.05,2,6,0.40665882069023185
17,A,0.05,2,7,0.3786882739678827
17,A,0.05,2,8,0.6356973330568481
17,A,0.05,2,9,-0.17856754795065802
17,A,0.05,3,0,-0.3124427124175688
17,A,0.05,3,1,0.11185093463057216
17,A,0.05,3,2,-0.2866361838803062
17,A,0.05,3,3,-0.6520606811302623
17,A,0.05,3,4,-0.06313220754741632
17,A,0.05,3,5,-0.10926685064061827
17,A,0.05,3,6,-0.3565098737588434
17,A,0.05,3,7,-0.21264508723498673
17,A,0.05,3,8,-0.13321127134450214
17,A,0.05,3,9,-0.5850340002918297
17,A,0.05,4,0,-2.283923918199984
17,A,0.05,4,1,-3.4033028602652777
17,A,0.05,4,2,-2.4697675112141093
17,A,0.05,4,3,-2.4271475138948535
17,A,0.05,4,4,-1.9832194446488112
17,A,0.05,4,5,-3.046253123849706
17,A,0.05,4,6,-2.1231681522114902
17,A,0.05,4,7,-1.9326280750595826
17,A,0.05,4,8,-1.876110348675213
17,A,0.05,4,9,-3.0644052282637317
17,A,0.05,5,0,-0.15417448797372288
17,A,0.05,5,1,-0.0743035084091695
17,A,0.05,5,2,0.1580234580400666
17,A,0.05,5,3,0.21715547386802322
17,A,0.05,5,4,-0.20928273634213024
17,A,0.05,5,5,0.25661580310939197
17,A,0.05,5,6,0.12327485518585739
17,A,0.05,5,7,-0.08972430822741442
17,A,0.05,5,8,-0.07619635950270844
17,A,0.05,5,9,-0.17272628416145153
17,A,0.05,6,0,-0.12082214161797704
17,A,0.05,6,1,0.15744560657807555
17,A,0.05,6,2,-0.40604931050971194
17,A,0.05,6,3,-0.03983004473821442
17,A,0.05,6,4,-0.1412592334287748
17,A,0.05,6,5,-0.053249100284535965
17,A,0.05,6,6,0.05840970787462278
17,A,0.05,6,7,-0.052329823073539
17,A,0.05,6,8,-0.3369917994158787
17,A,0.05,6,9,0.008179860630362171
17,A,0.05,7,0,1.1819948345534643
17,A,0.05,7,1,0.9340549573847966
17,A,0.05,7,2,0.6778250122340507
17,A,0.05,7,3,0.48930452235769395
17,A,0.05,7,4,0.9208785561261914
17,A,0.05,7,5,0.7879408818674588
17,A,0.05,7,6,1.1433546941796817
17,A,0.05,7,7,0.3318647007811187
17,A,0.05,7,8,1.1842944325184281
17,A,0.05,7,9,1.4618229121077817
17,A,0.05,8,0,-0.24205927189231471
17,A,0.05,8,1,-0.6189000105583599
17,A,0.05,8,2,-0.9989978436246391
17,A,0.05,8,3,-1.1857403367351578
17,A,0.05,8,4,-1.0831029186880854
17,A,0.05,8,5,-1.090127165652575
17,A,0.05,8,6,-0.9351130323047947
17,A,0.05,8,7,-0.6906855969256007
17,A,0.05,8,8,-1.4212172809539814
17,A,0.05,8,9,-0.692788010420377
17,A,0.05,9,0,-0.45114472856228793
17,A,0.05,9,1,-0.8950545629054143
17,A,0.05,9,2,0.23208108077367612
17,A,0.05,9,3,-0.872150198086385
17,A,0.05,9,4,0.4332264016566132
17,A,0.05,9,5,0.08543050085153224
17,A,0.05,9,6,-0.09483272162215255
17,A,0.05,9,7,0.5382890079589661
17,A,0.05,9,8,-0.2617040795378769
17,A,0.05,9,9,0.39851997308796466
17,B,100,0,0,0.30765971584207397
17,B,100,0,1,0.03835290661515608
17,B,100,0,2,0.08896103471171907
17,B,100,0,3,0.18151137714496896
17,B,100,0,4,0.39230786245750643
17,B,100,0,5,0.3169794111433114
17,B,100,0,6,0.33088159116192756
17,B,100,0,7,0.011305192160625891
17,B,100,0,8,0.5541052191859265
17,B,100,0,9,0.3193448227833884
17,B,100,1,0,1.1675985212302096
17,B,100,1,1,0.515875559409197
17,B,100,1,2,1.0477551902408775
17,B,100,1,3,0.9922158116450237
17,B,100,1,4,0.8286310148334763
17,B,100,1,5,0.5613949852996969
17,B,100,1,6,1.0445266030066929
17,B,100,1,7,0.6238754283655059
17,B,100,1,8,0.6026702739064075
17,B,100,1,9,0.6147877393610192
17,B,100,2,0,0.3281956894137087
17,B,100,2,1,-0.3967814705240554
17,B,100,2,2,-0.04943031402222332
17,B,100,2,3,-0.10691705201922055
17,B,100,2,4,0.3903740885379267
17,B,100,2,5,0.14443339272769642
17,B,100,2,6,-1.2126348274983907
17,B,100,2,7,-0.10202447039058048
17,B,100,2,8,-1.0291094542867314
17,B,100,2,9,-0.03870261767297145
17,B,100,3,0,-0.5033695950319574
17,B,100,3,1,-0.6893190198927637
17,B,100,3,2,-0.28852735201181984
17,B,100,3,3,-0.33814662471764156
17,B,100,3,4,-0.5016166315613112
17,B,100,3,5,-0.6022453004908473
17,B,100,3,6,-0.38453202900411865
17,B,100,3,7,-0.5387326084171026
17,B,100,3,8,-0.6542479946502664
17,B,100,3,9,-0.5844049820134322
17,B,100,4,0,-0.2586848914573265
17,B,100,4,1,0.3405323285916516
17,B,100,4,2,0.21279628799669056
17,B,100,4,3,0.14001223803170462
17,B,100,4,4,-0.33918418461042155
17,B,100,4,5,-0.217279452055921
17,B,100,4,6,-0.1070081898870197
17,B,100,4,7,0.44772408663765695
17,B,100,4,8,-0.1694823207285377
17,B,100,4,9,0.24959675398963052
17,B,100,5,0,-0.004196007287404813
17,B,100,5,1,-0.02225256132017855
17,B,100,5,2,-0.011288662251948816
17,B,100,5,3,-0.015790641272128595
17,B,100,5,4,0.019959401627953493
17,B,100,5,5,-0.16644964481277846
17,B,100,5,6,0.034074840307738684
17,B,100,5,7,-0.030905710771238104
17,B,100,5,8,0.044327300988850675
17,B,100,5,9,-0.01162633873937778
17,B,100,6,0,-0.6739298131883908
17,B,100,6,1,-0.320401361031337
17,B,100,6,2,-0.3606868926667282
17,B,100,6,3,0.5404972478516683
17,B,100,6,4,0.01618534751509784
17,B,100,6,5,0.4948581674903372
17,B,100,6,6,0.3833547734096586
17,B,100,6,7,0.4303361260447821
17,B,100,6,8,0.7448009356799549
17,B,100,6,9,0.2908861420278884
17,B,100,7,0,1.4558392377960256
17,B,100,7,1,1.203189602341172
17,B,100,7,2,1.4639936122685628
17,B,100,7,3,1.4986643854253003
17,B,100,7,4,1.4528627190385495
17,B,100,7,5,1.5630772624059928
17,B,100,7,6,1.385439905461135
17,B,100,7,7,1.3042997546884478
17,B,100,7,8,1.3517935068241054
17,B,100,7,9,1.2132562279955759
17,B,100,8,0,-0.8894638251028358
17,B,100,8,1,-0.9008891719008658
17,B,100,8,2,-1.2242137152962769
17,B,100,8,3,-0.8008059538314587
17,B,100,8,4,-0.8475136181333608
17,B,100,8,5,-1.0002688037793586
17,B,100,8,6,-0.890431808313828
17,B,100,8,7,-0.7627066441545506
17,B,100,8,8,-0.9908830636439099
17,B,100,8,9,-0.825932030476624
17,B,100,9,0,0.40190090078580676
17,B,100,9,1,0.5993957498467979
17,B,100,9,2,0.5394821467409004
17,B,100,9,3,0.49664695041617984
17,B,100,9,4,0.4462930021558585
17,B,100,9,5,0.406143965975594
17,B,100,9,6,0.3443192645772009
17,B,100,9,7,0.03256085141396203
17,B,100,9,8,0.36762199931952705
17,B,100,9,9,0.5045898086861618
18,A,0.05,0,0,-0.0025642736011166345
18,A,0.05,0,1,0.2013774450996326
18,A,0.05,0,2,-0.32822485189671574
18,A,0.05,0,3,0.5454824508084806
18,A,0.05,0,4,0.019342016286557722
18,A,0.05,0,5,0.2290595007010527
18,A,0.05,0,6,-0.2354815474266274
18,A,0.05,0,7,0.10478887664131746
18,A,0.05,0,8,0.6477111565178864
18,A,0.05,0,9,0.356474250154085
18,A,0.05,1,0,0.059241704597616594
18,A,0.05,1,1,-0.009339246800261916
18,A,0.05,1,2,-0.02209402918521711
18,A,0.05,1,3,0.0916641014141792
18,A,0.05,1,4,0.04684172323247227
18,A,0.05,1,5,0.07159489615305724
18,A,0.05,1,6,0.10797860366973391
18,A,0.05,1,7,-0.036181029647686214
18,A,0.05,1,8,-0.016217092719537033
18,A,0.05,1,9,0.12936665464910843
18,A,0.05,2,0,-0.27075285508310076
18,A,0.05,2,1,-0.475213661394255
18,A,0.05,2,2,-0.14705255538904222
18,A,0.05,2,3,-0.4026926883941576
18,A,0.05,2,4,-0.5201749672998403
18,A,0.05,2,5,-0.46816831239345696
18,A,0.05,2,6,-0.15375968490392217
18,A,0.05,2,7,-0.30875844590751794
18,A,0.05,2,8,-0.35898946034873697
18,A,0.05,2,9,-0.15349949307483005
18,A,0.05,3,0,0.22649229781268165
18,A,0.05,3,1,-0.07607003951565111
18,A,0.05,3,2,-0.8033507476737154
18,A,0.05,3,3,-0.34885449173151706
18,A,0.05,3,4,-0.4803081110310655
18,A,0.05,3,5,-1.0219320060058639
18,A,0.05,3,6,-0.9597270466663608
18,A,0.05,3,7,-0.45647169249805747
18,A,0.05,3,8,-0.8840032191127009
18,A,0.05,3,9,-0.2126443559314398
18,A,0.05,4,0,-0.8325762199743981
18,A,0.05,4,1,-1.0169823021528293
18,A,0.05,4,2,-1.3358869025739724
18,A,0.05,4,3,-1.387776881503219
18,A,0.05,4,4,-0.6832575910577384
18,A,0.05,4,5,-0.8632683042072875
18,A,0.05,4,6,-0.3390828877420699
18,A,0.05,4,7,-0.7970357140421548
18,A,0.05,4,8,-0.3409240255809379
18,A,0.05,4,9,-0.24020398844818222
18,A,0.05,5,0,0.4662476252458751
18,A,0.05,5,1,0.7655598479501939
18,A,0.05,5,2,0.5906489575555661
18,A,0.05,5,3,0.7182110555576621
18,A,0.05,5,4,0.3955391228998603
18,A,0.05,5,5,0.7536661503178752
18,A,0.05,5,6,0.28783326019429945
18,A,0.05,5,7,0.6082592409218519
18,A,0.05,5,8,1.1342473788369332
18,A,0.05,5,9,0.55825544806818
18,A,0.05,6,0,2.700109833376541
18,A,0.05,6,1,1.741917201955503
18,A,0.05,6,2,2.3209033079664954
18,A,0.05,6,3,1.8068545995093064
18,A,0.05,6,4,1.9042392515414
18,A,0.05,6,5,2.221959636436121
18,A,0.05,6,6,1.9471035238742287
18,A,0.05,6,7,2.188448421601595
18,A,0.05,6,8,2.5015586422895555
18,A,0.05,6,9,2.010446250735435
18,A,0.05,7,0,0.10089001097477972
18,A,0.05,7,1,0.16888938982855367
18,A,0.05,7,2,-0.45652818716725263
18,A,0.05,7,3,-0.06495734861121619
18,A,0.05,7,4,-0.020427885999641023
18,A,0.05,7,5,-0.3272655709642542
18,A,0.05,7,6,0.17494257254399148
18,A,0.05,7,7,0.1923312370558956
18,A,0.05,7,8,-0.11679572415975067
18,A,0.05,7,9,-0.815339997878796
18,A,0.05,8,0,-3.105194889933313
18,A,0.05,8,1,-2.9508601209355554
18,A,0.05,8,2,-3.3314786498000806
18,A,0.05,8,3,-2.7996651102985246
18,A,0.05,8,4,-3.26525226433421
18,A,0.05,8,5,-2.970530355456328
18,A,0.05,8,6,-3.1011985761256575
18,A,0.05,8,7,-2.983923006037724
18,A,0.05,8,8,-3.3303704229189597
18,A,0.05,8,9,-2.9248626805016644
18,A,0.05,9,0,1.6807247454434782
18,A,0.05,9,1,1.6737272123920628
18,A,0.05,9,2,1.718974340874373
18,A,0.05,9,3,2.1071564196411012
18,A,0.05,9,4,2.5174556804526533
18,A,0.05,9,5,2.514054718514743
18,A,0.05,9,6,2.613370543878081
18,A,0.05,9,7,1.9008682078378702
18,A,0.05,9,8,2.446115265821883
18,A,0.05,9,9,2.521409344057777
18,B,100,0,0,1.057206702714042
18,B,100,0,1,1.5753991097791853
18,B,100,0,2,1.266377052006251
18,B,100,0,3,1.3405879512608005
18,B,100,0,4,1.2986595323136945
18,B,100,0,5,1.035082844435938
18,B,100,0,6,0.8077123237131828
18,B,100,0,7,1.3920777808748583
18,B,100,0,8,1.7419641130715493
18,B,100,0,9,1.2196076959302586
18,B,100,1,0,-0.7577215345938503
18,B,100,1,1,-0.9034211508448831
18,B,100,1,2,-1.007268047914622
18,B,100,1,3,-0.6835811895933427
18,B,100,1,4,-1.0982374774278698
18,B,100,1,5,-0.8467979520748918
18,B,100,1,6,-1.2163979994903547
18,B,100,1,7,-1.455132956266353
18,B,100,1,8,-1.0480581275683256
18,B,100,1,9,-1.107776828936036
18,B,100,2,0,1.412380926673381
18,B,100,2,1,0.5156410322110846
18,B,100,2,2,1.7208655923008935
18,B,100,2,3,1.9655833191866587
18,B,100,2,4,1.964980187184551
18,B,100,2,5,1.296328688301176
18,B,100,2,6,1.4806012967122157
18,B,100,2,7,1.7272872549308995
18,B,100,2,8,0.9285863443721171
18,B,100,2,9,1.8854204214802257
18,B,100,3,0,-1.599570710193909
18,B,100,3,1,0.09281983773048293
18,B,100,3,2,-0.7510050859211309
18,B,100,3,3,0.407418127452674
18,B,100,3,4,-0.14596969894092174
18,B,100,3,5,-0.4339753657373376
18,B,100,3,6,-0.06978388918551662
18,B,100,3,7,-0.5673367291067591
18,B,100,3,8,-0.5688719639502444
18,B,100,3,9,-1.0138042272618881
18,B,100,4,0,0.27148687022997836
18,B,100,4,1,0.4182467128899568
18,B,100,4,2,0.5646285416650125
18,B,100,4,3,0.5465563775070407
18,B,100,4,4,0.7978420575799047
18,B,100,4,5,0.3157941201226798
18,B,100,4,6,0.1932358348609413
18,B,100,4,7,0.2588235688882727
18,B,100,4,8,0.5767735208615776
18,B,100,4,9,0.025181715228071853
18,B,100,5,0,0.1466564596082586
18,B,100,5,1,0.1038494813822485
18,B,100,5,2,0.13872702724804828
18,B,100,5,3,0.19960999330014922
18,B,100,5,4,0.19416532567409656
18,B,100,5,5,0.09521310860624298
18,B,100,5,6,-0.003295704742264692
18,B,100,5,7,0.21022217074335475
18,B,100,5,8,0.129948577981066
18,B,100,5,9,0.052835844929982265
18,B,100,6,0,-0.5758495246186294
18,B,100,6,1,-0.6580986615836203
18,B,100,6,2,-0.3715179658826999
18,B,100,6,3,-0.21785502792195388
18,B,100,6,4,-0.2176446780158218
18,B,100,6,5,-0.6295344428897635
18,B,100,6,6,-0.6964473821131255
18,B,100,6,7,-0.51957475517638
18,B,100,6,8,-0.6479682557704208
18,B,100,6,9,-0.5640602944000779
18,B,100,7,0,-1.027480059741555
18,B,100,7,1,-0.4327236419927109
18,B,100,7,2,-0.44010782529474235
18,B,100,7,3,-0.06912792099133247
18,B,100,7,4,-1.021357437476378
18,B,100,7,5,-0.6187569096425709
18,B,100,7,6,-0.8876045198913783
18,B,100,7,7,-0.7107709648127924
18,B,100,7,8,-0.33446011585804575
18,B,100,7,9,-0.9340978970078153
18,B,100,8,0,-0.1037536108813436
18,B,100,8,1,-0.19909083810714384
18,B,100,8,2,0.08895505875436513
18,B,100,8,3,0.01618645921926554
18,B,100,8,4,-0.06426937872117795
18,B,100,8,5,0.6175357387114321
18,B,100,8,6,-0.6107891967885687
18,B,100,8,7,-0.3090091649224731
18,B,100,8,8,0.5844340940560824
18,B,100,8,9,0.19787446012003793
18,B,100,9,0,-0.6978761498398538
18,B,100,9,1,-0.8634057562846461
18,B,100,9,2,-0.7785441127650963
18,B,100,9,3,-0.7418196484876305
18,B,100,9,4,-0.4862278890696806
18,B,100,9,5,-0.9732262237551417
18,B,100,9,6,-0.9190757046259258
18,B,100,9,7,-0.8419310490073246
18,B,100,9,8,-0.950949279926015
18,B,100,9,9,-1.1427658254755573
19,A,0.05,0,0,0.3563429853167655
19,A,0.05,0,1,0.749111183708546
19,A,0.05,0,2,0.6532887060579433
19,A,0.05,0,3,0.5284797176050933
19,A,0.05,0,4,0.48571985573335574
19,A,0.05,0,5,0.9721468712299717
19,A,0.05,0,6,0.8606429922663597
19,A,0.05,0,7,0.9103467556476433
19,A,0.05,0,8,0.6629471906168464
19,A,0.05,0,9,-0.2362553304833679
19,A,0.05,1,0,1.422451742114341
19,A,0.05,1,1,1.6321921776512762
19,A,0.05,1,2,1.6184653311433617
19,A,0.05,1,3,1.479397799810362
19,A,0.05,1,4,1.406393764992047
19,A,0.05,1,5,1.494137122095126
19,A,0.05,1,6,1.5291782260772364
19,A,0.05,1,7,1.0475846437778693
19,A,0.05,1,8,1.1903907258099793
19,A,0.05,1,9,1.5902402710624535
19,A,0.05,2,0,2.294003950042404
19,A,0.05,2,1,2.350661702998205
19,A,0.05,2,2,1.9667129180339764
19,A,0.05,2,3,2.2442507536297382
19,A,0.05,2,4,2.2851006115540544
19,A,0.05,2,5,2.076075622192848
19,A,0.05,2,6,2.1495201977032385
19,A,0.05,2,7,1.3721045322376435
19,A,0.05,2,8,1.7508560716692734
19,A,0.05,2,9,1.6708957349489553
19,A,0.05,3,0,0.023216334041916094
19,A,0.05,3,1,-0.05479833748912943
19,A,0.05,3,2,0.1504076382741695
19,A,0.05,3,3,-0.23355454846815749
19,A,0.05,3,4,-0.048211668226041046
19,A,0.05,3,5,-0.19030822266528571
19,A,0.05,3,6,0.017625765836659348
19,A,0.05,3,7,0.07864416215460628
19,A,0.05,3,8,-0.018019127416219062
19,A,0.05,3,9,-0.05894595578789976
19,A,0.05,4,0,-0.5116480266496127
19,A,0.05,4,1,-0.7233012946139544
19,A,0.05,4,2,-0.5880206888637302
19,A,0.05,4,3,-0.9875713302486974
19,A,0.05,4,4,-1.071612637752763
19,A,0.05,4,5,-0.6256818404034015
19,A,0.05,4,6,-1.039173533880172
19,A,0.05,4,7,-0.618153861973932
19,A,0.05,4,8,-1.2941993660286772
19,A,0.05,4,9,-0.8227408583463572
19,A,0.05,5,0,0.9471102767606869
19,A,0.05,5,1,1.0822002165565565
19,A,0.05,5,2,0.3190229976879167
19,A,0.05,5,3,1.0465666528473867
19,A,0.05,5,4,1.1269408706178012
19,A,0.05,5,5,0.3821809867773524
19,A,0.05,5,6,0.9736442554105117
19,A,0.05,5,7,0.32834265969904397
19,A,0.05,5,8,0.47205620293757244
19,A,0.05,5,9,0.21179747359137957
19,A,0.05,6,0,0.1084409089690657
19,A,0.05,6,1,0.07118675708794536
19,A,0.05,6,2,0.3955631322013045
19,A,0.05,6,3,0.3250986826190257
19,A,0.05,6,4,0.4224122456117112
19,A,0.05,6,5,0.0249229470921906
19,A,0.05,6,6,0.09086535432292571
19,A,0.05,6,7,0.1881599458092307
19,A,0.05,6,8,0.2254165180300644
19,A,0.05,6,9,0.2257866432023181
19,A,0.05,7,0,0.4337936611010662
19,A,0.05,7,1,-0.059354823468971495
19,A,0.05,7,2,0.2224703291485807
19,A,0.05,7,3,0.8104370656235291
19,A,0.05,7,4,0.8397654005221434
19,A,0.05,7,5,0.4320702348807629
19,A,0.05,7,6,0.3107818519142923
19,A,0.05,7,7,0.5687868789061609
19,A,0.05,7,8,0.26221454671978334
19,A,0.05,7,9,-0.05338680797466882
19,A,0.05,8,0,0.04514150044147594
19,A,0.05,8,1,0.09760222603000047
19,A,0.05,8,2,0.09946559950519958
19,A,0.05,8,3,-0.30947719074845315
19,A,0.05,8,4,-0.028238271580006392
19,A,0.05,8,5,0.10374182276967567
19,A,0.05,8,6,-0.02140980725427696
19,A,0.05,8,7,0.09766001423722083
19,A,0.05,8,8,0.03849561757944753
19,A,0.05,8,9,0.1274357701092357
19,A,0.05,9,0,-2.792263425249099
19,A,0.05,9,1,-2.44735755410138
19,A,0.05,9,2,-2.4238231533442907
19,A,0.05,9,3,-1.8609536059582887
19,A,0.05,9,4,-2.6577031241954217
19,A,0.05,9,5,-2.2527166364316122
19,A,0.05,9,6,-2.2583673145786003
19,A,0.05,9,7,-2.438588702492615
19,A,0.05,9,8,-2.440580748834475
19,A,0.05,9,9,-2.7365112497864055
19,B,100,0,0,0.5293664207315002
19,B,100,0,1,-0.011017984565701846
19,B,100,0,2,0.5206583822987528
19,B,100,0,3,0.4360700217222075
19,B,100,0,4,0.43542503254357084
19,B,100,0,5,0.5112781107373809
19,B,100,0,6,0.17592348303933944
19,B,100,0,7,0.5701471328479638
19,B,100,0,8,0.512565531664158
19,B,100,0,9,0.4651239384605295
19,B,100,1,0,-0.4236644197029772
19,B,100,1,1,-0.7419401400425231
19,B,100,1,2,-0.7444116401274959
19,B,100,1,3,-0.5305922191212435
19,B,100,1,4,-0.4789503241610612
19,B,100,1,5,-0.564466490940701
19,B,100,1,6,-0.6735487323617088
19,B,100,1,7,-0.03666834854676849
19,B,100,1,8,-0.35416805793988854
19,B,100,1,9,-0.21017991284419543
19,B,100,2,0,-0.5773307386035035
19,B,100,2,1,-0.3729681534039884
19,B,100,2,2,-0.44382971560047657
19,B,100,2,3,-0.329267745398115
19,B,100,2,4,0.41984057302736993
19,B,100,2,5,0.4275011344874954
19,B,100,2,6,-0.06736687299108768
19,B,100,2,7,0.7083531561826645
19,B,100,2,8,0.3653272086397946
19,B,100,2,9,0.10275350576821794
19,B,100,3,0,0.0029188603757222312
19,B,100,3,1,0.024962460610369996
19,B,100,3,2,-0.26863367996411935
19,B,100,3,3,-0.07663206109694667
19,B,100,3,4,-0.15055409323404143
19,B,100,3,5,-0.2312107941883718
19,B,100,3,6,-0.3333088674778455
19,B,100,3,7,0.07144364185603852
19,B,100,3,8,-0.23964080101501362
19,B,100,3,9,-0.3432422768583648
19,B,100,4,0,-0.23303489176366018
19,B,100,4,1,-0.09594889747615978
19,B,100,4,2,0.30109042065053276
19,B,100,4,3,-0.053703787715709085
19,B,100,4,4,0.08127109035988934
19,B,100,4,5,-0.12383757044974582
19,B,100,4,6,0.11020739184637687
19,B,100,4,7,0.18407694537173175
19,B,100,4,8,-0.006938826799823302
19,B,100,4,9,-0.13104807138947575
19,B,100,5,0,-0.2616184115977625
19,B,100,5,1,-0.1918234023919012
19,B,100,5,2,-0.11285868044953422
19,B,100,5,3,-0.19686513222385554
19,B,100,5,4,-0.3644136819498899
19,B,100,5,5,-0.07514668135739665
19,B,100,5,6,-0.29207021197905103
19,B,100,5,7,-0.16581311215699027
19,B,100,5,8,-0.18492772772888535
19,B,100,5,9,-0.2207014793220786
19,B,100,6,0,-0.48236202963079877
19,B,100,6,1,-0.566186966548197
19,B,100,6,2,-0.48150113621755786
19,B,100,6,3,-0.7382791808911342
19,B,100,6,4,-0.08256482472584327
19,B,100,6,5,-0.23085573000049267
19,B,100,6,6,-1.0119697779148331
19,B,100,6,7,-0.03566397814953162
19,B,100,6,8,-0.565131077742901
19,B,100,6,9,-0.03435088984063827
19,B,100,7,0,-0.6140455900508189
19,B,100,7,1,-0.3278403185405599
19,B,100,7,2,-0.3578718907287748
19,B,100,7,3,-0.37031214593354866
19,B,100,7,4,-0.6193060730011458
19,B,100,7,5,-0.8037282282953357
19,B,100,7,6,-0.3299844233271117
19,B,100,7,7,-0.42051149228112256
19,B,100,7,8,-0.7953853005096994
19,B,100,7,9,-0.6362650115196912
19,B,100,8,0,-0.20269748898998974
19,B,100,8,1,-0.7100679204496632
19,B,100,8,2,-0.20977808247499602
19,B,100,8,3,0.19017775825744154
19,B,100,8,4,-0.0060306399219152915
19,B,100,8,5,-0.6055297783555256
19,B,100,8,6,-0.25230094487578547
19,B,100,8,7,-0.9830143190853403
19,B,100,8,8,-0.09269619746379776
19,B,100,8,9,-1.3803323958513274
19,B,100,9,0,1.1262303677865033
19,B,100,9,1,0.8208781955957494
19,B,100,9,2,0.9528730957318311
19,B,100,9,3,1.0382225815459385
19,B,100,9,4,0.6667147352204761
19,B,100,9,5,0.822762294654984
19,B,100,9,6,0.9815137985138143
19,B,100,9,7,1.0939259994931991
19,B,100,9,8,0.8654046564260554
19,B,100,9,9,0.7230473330237767
20,A,0.05,0,0,0.5223011592910648
20,A,0.05,0,1,1.3070688982132583
20,A,0.05,0,2,1.0667270764582928
20,A,0.05,0,3,1.0151733792156392
20,A,0.05,0,4,0.8838421847723943
20,A,0.05,0,5,1.4272356559723949
20,A,0.05,0,6,0.9135770556901678
20,A,0.05,0,7,0.856622991603478
20,A,0.05,0,8,0.6394872106000015
20,A,0.05,0,9,0.6671879382209889
20,A,0.05,1,0,0.04165610182453529
20,A,0.05,1,1,0.4273798401767161
20,A,0.05,1,2,0.48682755531580335
20,A,0.05,1,3,-0.1455195354013689
20,A,0.05,1,4,-0.17118341390979158
20,A,0.05,1,5,0.6822896203861535
20,A,0.05,1,6,0.3352781057887113
20,A,0.05,1,7,0.7297245546462844
20,A,0.05,1,8,0.41282511981536457
20,A,0.05,1,9,0.2293367321352221
20,A,0.05,2,0,1.295882671002744
20,A,0.05,2,1,1.1108899431820778
20,A,0.05,2,2,1.3072825028981014
20,A,0.05,2,3,1.0719078722491573
20,A,0.05,2,4,1.1897709416396243
20,A,0.05,2,5,1.1911218867345235
20,A,0.05,2,6,1.132521387192965
20,A,0.05,2,7,1.040199655018449
20,A,0.05,2,8,1.3148971534131397
20,A,0.05,2,9,1.2142053599158165
20,A,0.05,3,0,0.5001965115278321
20,A,0.05,3,1,0.19217549388017782
20,A,0.05,3,2,0.46927023791174005
20,A,0.05,3,3,0.2924624896364885
20,A,0.05,3,4,0.3468080627055296
20,A,0.05,3,5,0.34801463404337135
20,A,0.05,3,6,0.2932918564327839
20,A,0.05,3,7,0.189970918491122
20,A,0.05,3,8,0.24839285175919512
20,A,0.05,3,9,0.5913209392519732
20,A,0.05,4,0,-0.12351204675536567
20,A,0.05,4,1,0.07058500897842475
20,A,0.05,4,2,-0.289693459312485
20,A,0.05,4,3,-0.6760525257320297
20,A,0.05,4,4,-0.3777791230647349
20,A,0.05,4,5,-0.7208386893985994
20,A,0.05,4,6,0.03737686585392639
20,A,0.05,4,7,0.2587874436398114
20,A,0.05,4,8,0.15804962331883513
20,A,0.05,4,9,0.339528667853426
20,A,0.05,5,0,0.47350280598281747
20,A,0.05,5,1,0.6327655204291264
20,A,0.05,5,2,0.018214783005723406
20,A,0.05,5,3,0.3355235091517582
20,A,0.05,5,4,0.6246367953176961
20,A,0.05,5,5,0.33482677813057105
20,A,0.05,5,6,0.5035393969304401
20,A,0.05,5,7,0.19004255472403406
20,A,0.05,5,8,0.6950338011333834
20,A,0.05,5,9,0.18065330288801446
20,A,0.05,6,0,0.16994636193794388
20,A,0.05,6,1,0.41914751771857867
20,A,0.05,6,2,0.49273783335675175
20,A,0.05,6,3,0.649053102795327
20,A,0.05,6,4,0.6174775423253687
20,A,0.05,6,5,0.27898419926591567
20,A,0.05,6,6,0.38767805902655583
20,A,0.05,6,7,0.6543668948063089
20,A,0.05,6,8,0.9746442999768762
20,A,0.05,6,9,0.7521883838572004
20,A,0.05,7,0,0.17224711868021433
20,A,0.05,7,1,0.4736080573246474
20,A,0.05,7,2,0.1074533076500051
20,A,0.05,7,3,0.27275093216986634
20,A,0.05,7,4,0.3714178626374484
20,A,0.05,7,5,0.5343452099165172
20,A,0.05,7,6,0.48188245661052154
20,A,0.05,7,7,0.47335263705474245
20,A,0.05,7,8,0.45219366243194303
20,A,0.05,7,9,0.7393025779475964
20,A,0.05,8,0,-0.650321547911282
20,A,0.05,8,1,-1.3555648712560777
20,A,0.05,8,2,-1.4007669146395199
20,A,0.05,8,3,-1.1690557357208795
20,A,0.05,8,4,-1.1473963946580805
20,A,0.05,8,5,-0.08676383733998029
20,A,0.05,8,6,-0.33613396989891925
20,A,0.05,8,7,-0.17386848229759747
20,A,0.05,8,8,-0.2609142240350093
20,A,0.05,8,9,0.23875861006430263
20,A,0.05,9,0,0.0668926431891469
20,A,0.05,9,1,0.10897661591554178
20,A,0.05,9,2,0.32267044269852285
20,A,0.05,9,3,0.09873422847934946
20,A,0.05,9,4,-0.04568667758959051
20,A,0.05,9,5,-0.7285696716733273
20,A,0.05,9,6,-0.08675419805471936
20,A,0.05,9,7,-0.1916777844458686
20,A,0.05,9,8,0.30347525290853455
20,A,0.05,9,9,-0.2559399181145048
20,B,100,0,0,0.479367621868471
20,B,100,0,1,0.10215778531407936
20,B,100,0,2,0.10008161875165589
20,B,100,0,3,0.14464844504383634
20,B,100,0,4,-0.12255209906244782
20,B,100,0,5,-0.171917174005962
20,B,100,0,6,-0.11888665431923265
20,B,100,0,7,-0.16795770591101147
20,B,100,0,8,-0.06954813737146812
20,B,100,0,9,-0.4302659085176332
20,B,100,1,0,-0.7548586780319642
20,B,100,1,1,-0.2755468940965532
20,B,100,1,2,-0.06721006159237344
20,B,100,1,3,-0.17806203053553085
20,B,100,1,4,-0.4218778260494589
20,B,100,1,5,-0.2158269048349665
20,B,100,1,6,-0.43152146114292844
20,B,100,1,7,-0.22182938521269782
20,B,100,1,8,-0.27793248377247703
20,B,100,1,9,-0.32431081474603973
20,B,100,2,0,-0.016860926449733454
20,B,100,2,1,-0.5902633997050201
20,B,100,2,2,-0.44417574206656946
20,B,100,2,3,-0.45053381124769115
20,B,100,2,4,-0.46561411231881444
20,B,100,2,5,-0.7254397338170983
20,B,100,2,6,-0.41803507850929783
20,B,100,2,7,0.23754035104550839
20,B,100,2,8,-0.28923265574730056
20,B,100,2,9,-0.6280005563029899
20,B,100,3,0,-1.270109714853288
20,B,100,3,1,-1.3110737177200082
20,B,100,3,2,-0.857393853978255
20,B,100,3,3,-1.177087629908865
20,B,100,3,4,-1.0771553955578266
20,B,100,3,5,-0.6905224100309216
20,B,100,3,6,-1.2765991768720366
20,B,100,3,7,-1.2770527289070257
20,B,100,3,8,-1.0683057766820296
20,B,100,3,9,-1.0861404970752584
20,B,100,4,0,-0.08441761028097577
20,B,100,4,1,0.05917265999745558
20,B,100,4,2,0.4681858392703348
20,B,100,4,3,-0.14628828691210716
20,B,100,4,4,-0.059567102713119546
20,B,100,4,5,0.2802121859761894
20,B,100,4,6,-0.19125010485315252
20,B,100,4,7,0.6505448566722575
20,B,100,4,8,0.2949993611899222
20,B,100,4,9,0.5006986877637419
20,B,100,5,0,0.005746628444019717
20,B,100,5,1,-0.25621050396051304
20,B,100,5,2,0.19311792188633645
20,B,100,5,3,0.5025202709679745
20,B,100,5,4,0.12573174668093495
20,B,100,5,5,-0.29006015202485136
20,B,100,5,6,0.5729058666211009
20,B,100,5,7,0.06129382507767467
20,B,100,5,8,-0.3693625786183753
20,B,100,5,9,0.38061036776162815
20,B,100,6,0,1.0055548362665354
20,B,100,6,1,0.6531035131223484
20,B,100,6,2,1.3187133779779254
20,B,100,6,3,1.2374044646211964
20,B,100,6,4,0.9966328239053238
20,B,100,6,5,0.6991234611865021
20,B,100,6,6,1.2326246229009614
20,B,100,6,7,0.6329365183313492
20,B,100,6,8,1.377758140138663
20,B,100,6,9,1.520213730663699
20,B,100,7,0,-0.7319158716177311
20,B,100,7,1,-0.1875747716391432
20,B,100,7,2,-0.264704385167789
20,B,100,7,3,-0.1540379612318094
20,B,100,7,4,-0.24904240697235128
20,B,100,7,5,-0.6901413178765887
20,B,100,7,6,-0.1528019162228635
20,B,100,7,7,-0.3299106964776639
20,B,100,7,8,-0.1800362687592451
20,B,100,7,9,-0.32444945357487537
20,B,100,8,0,1.0022716717182834
20,B,100,8,1,1.3448857348316026
20,B,100,8,2,1.1597029620139045
20,B,100,8,3,1.439634710336713
20,B,100,8,4,1.4949576120198886
20,B,100,8,5,1.2898300800899165
20,B,100,8,6,1.0310040132394442
20,B,100,8,7,1.8186575043232547
20,B,100,8,8,1.622486037885231
20,B,100,8,9,1.168007549759599
20,B,100,9,0,0.17039956229416697
20,B,100,9,1,0.3997622361544485
20,B,100,9,2,0.21230242145736367
20,B,100,9,3,0.3349602721935623
20,B,100,9,4,0.2571769605890185
20,B,100,9,5,0.566559444938014
20,B,100,9,6,-0.01239979420652067
20,B,100,9,7,0.03613871973991693
20,B,100,9,8,0.6697506623389978
20,B,100,9,9,0.7724670106733
21,A,0.05,0,0,-1.230819573608937
21,A,0.05,0,1,-0.21881258431650533
21,A,0.05,0,2,-0.5727450208675803
21,A,0.05,0,3,-0.6025984094555932
21,A,0.05,0,4,-0.4484326776807199
21,A,0.05,0,5,0.2148136855448192
21,A,0.05,0,6,-0.33309327547270506
21,A,0.05,0,7,-0.7693583372694608
21,A,0.05,0,8,-1.4353185814076188
21,A,0.05,0,9,-1.061330569424941
21,A,0.05,1,0,-0.6213312636474903
21,A,0.05,1,1,-0.7044791495009545
21,A,0.05,1,2,-0.4544138127706206
21,A,0.05,1,3,0.1387768869371248
21,A,0.05,1,4,0.1781699595714509
21,A,0.05,1,5,-0.5462461131864811
21,A,0.05,1,6,-0.054672224513448345
21,A,0.05,1,7,-0.12723105100119297
21,A,0.05,1,8,-0.40598386066981534
21,A,0.05,1,9,-0.4504907511688039
21,A,0.05,2,0,-0.6419115077552189
21,A,0.05,2,1,-0.6430846864675485
21,A,0.05,2,2,-0.53154072186077
21,A,0.05,2,3,-0.3969051866335001
21,A,0.05,2,4,0.08670005437671016
21,A,0.05,2,5,-0.7922322289339548
21,A,0.05,2,6,-0.15707465167861756
21,A,0.05,2,7,-0.8300365732579839
21,A,0.05,2,8,-0.4649737867259719
21,A,0.05,2,9,-0.731297150453571
21,A,0.05,3,0,-0.8248461682035719
21,A,0.05,3,1,-1.9226996722386918
21,A,0.05,3,2,-1.8181766477612331
21,A,0.05,3,3,-1.051227687148263
21,A,0.05,3,4,-1.3298476396604435
21,A,0.05,3,5,-0.2556351521224966
21,A,0.05,3,6,-1.3758098250912603
21,A,0.05,3,7,-0.6126790227979885
21,A,0.05,3,8,-1.0514550624423873
21,A,0.05,3,9,-0.9396824527848975
21,A,0.05,4,0,-0.3819186732195484
21,A,0.05,4,1,-0.7091159398877865
21,A,0.05,4,2,-0.4023730720247839
21,A,0.05,4,3,-0.6009640186604608
21,A,0.05,4,4,-0.4468925748202231
21,A,0.05,4,5,-0.5684760010965262
21,A,0.05,4,6,-0.2151765346929403
21,A,0.05,4,7,-0.5409217954057064
21,A,0.05,4,8,-0.7220011261268985
21,A,0.05,4,9,-0.11390696002361725
21,A,0.05,5,0,0.09756588121366312
21,A,0.05,5,1,0.20858214250910814
21,A,0.05,5,2,0.5881547885645058
21,A,0.05,5,3,0.2599576532122253
21,A,0.05,5,4,0.13426332164102026
21,A,0.05,5,5,-0.25838599099044435
21,A,0.05,5,6,0.2671490658958664
21,A,0.05,5,7,0.12754187289966154
21,A,0.05,5,8,0.497938477141642
21,A,0.05,5,9,0.7870141163360115
21,A,0.05,6,0,0.36600480639390215
21,A,0.05,6,1,0.7012445714901614
21,A,0.05,6,2,0.3002926609031319
21,A,0.05,6,3,0.6822750319420906
21,A,0.05,6,4,0.2669602889137549
21,A,0.05,6,5,0.7884776912436603
21,A,0.05,6,6,0.7407842402432423
21,A,0.05,6,7,0.5290913848690827
21,A,0.05,6,8,0.7650550030713194
21,A,0.05,6,9,0.6892169484455507
21,A,0.05,7,0,1.4818625076192746
21,A,0.05,7,1,1.327667221638193
21,A,0.05,7,2,1.3616394985012745
21,A,0.05,7,3,1.2538415853352045
21,A,0.05,7,4,1.6318216558419143
21,A,0.05,7,5,1.1165489052793824
21,A,0.05,7,6,1.6037728581153925
21,A,0.05,7,7,1.3788180800256464
21,A,0.05,7,8,1.4417310811394024
21,A,0.05,7,9,0.41752306714156123
21,A,0.05,8,0,0.8102981902516645
21,A,0.05,8,1,1.6851425899250145
21,A,0.05,8,2,2.290149001352101
21,A,0.05,8,3,0.9711032880867158
21,A,0.05,8,4,1.9348493678209902
21,A,0.05,8,5,1.8729262302254903
21,A,0.05,8,6,2.211020994355
21,A,0.05,8,7,0.38712327220000003
21,A,0.05,8,8,2.216629038088322
21,A,0.05,8,9,1.457714739125272
21,A,0.05,9,0,0.23464876666114082
21,A,0.05,9,1,0.3756306594116722
21,A,0.05,9,2,0.028828749896154686
21,A,0.05,9,3,0.20814845991686504
21,A,0.05,9,4,0.254086150204848
21,A,0.05,9,5,-0.050010494083372506
21,A,0.05,9,6,0.08107288422669577
21,A,0.05,9,7,0.17388529479670975
21,A,0.05,9,8,0.34649807339145094
21,A,0.05,9,9,0.20348531589522514
21,B,100,0,0,-0.07735329178616258
21,B,100,0,1,-0.1355955054511053
21,B,100,0,2,-0.6611776347852568
21,B,100,0,3,-0.38569203613908054
21,B,100,0,4,-0.38438377152569153
21,B,100,0,5,-0.4751156284417527
21,B,100,0,6,-0.6426051333576085
21,B,100,0,7,-0.3127181552813207
21,B,100,0,8,-0.10194682349435644
21,B,100,0,9,-0.42904793184775
21,B,100,1,0,-0.2949547367418804
21,B,100,1,1,-0.1039740457959521
21,B,100,1,2,0.10483587191642861
21,B,100,1,3,0.10688003089056727
21,B,100,1,4,0.22138199387397778
21,B,100,1,5,0.2511154692501766
21,B,100,1,6,0.1794115031881697
21,B,100,1,7,0.10345109599292157
21,B,100,1,8,-0.08542911292816546
21,B,100,1,9,0.18411952471065932
21,B,100,2,0,0.9134727536105265
21,B,100,2,1,0.9160390265235216
21,B,100,2,2,0.8032993861274382
21,B,100,2,3,0.6221045637995513
21,B,100,2,4,1.083085908879074
21,B,100,2,5,0.5221152347572449
21,B,100,2,6,1.4657807304613342
21,B,100,2,7,1.418704462680744
21,B,100,2,8,0.8806382660145935
21,B,100,2,9,0.772506876231819
21,B,100,3,0,-0.3550820459909631
21,B,100,3,1,0.05147183862969614
21,B,100,3,2,-0.22926784097374345
21,B,100,3,3,-0.334773070260836
21,B,100,3,4,-0.2179345312316525
21,B,100,3,5,0.19855314718637854
21,B,100,3,6,-0.3002673271323394
21,B,100,3,7,-0.11708463093990039
21,B,100,3,8,-0.03674706009887312
21,B,100,3,9,-0.28629020050104703
21,B,100,4,0,0.4764620671705792
21,B,100,4,1,0.5203003077745749
21,B,100,4,2,0.22669807089099453
21,B,100,4,3,0.5892721015863814
21,B,100,4,4,0.3698586100828705
21,B,100,4,5,0.357529358283853
21,B,100,4,6,0.4192747901377667
21,B,100,4,7,0.9314859173834055
21,B,100,4,8,0.13893353586899768
21,B,100,4,9,0.36214559715871086
21,B,100,5,0,1.320363910392116
21,B,100,5,1,1.4600210481509213
21,B,100,5,2,1.5256680871141988
21,B,100,5,3,1.5093943922752073
21,B,100,5,4,1.6560710655814377
21,B,100,5,5,1.9332474164437967
21,B,100,5,6,1.2245811707077894
21,B,100,5,7,1.8433521363882388
21,B,100,5,8,1.1863291969831147
21,B,100,5,9,1.387362021741925
21,B,100,6,0,0.033952791876477574
21,B,100,6,1,0.4053727991210163
21,B,100,6,2,0.4043412355133346
21,B,100,6,3,0.580197505421529
21,B,100,6,4,0.2993767517003952
21,B,100,6,5,0.28876845140472523
21,B,100,6,6,0.3018369490832218
21,B,100,6,7,0.4742599967959758
21,B,100,6,8,0.15193638301478374
21,B,100,6,9,0.304541240523868
21,B,100,7,0,0.1296770714295466
21,B,100,7,1,0.11396626905327988
21,B,100,7,2,0.26609691799060337
21,B,100,7,3,0.06992510494873838
21,B,100,7,4,0.1917366897464122
21,B,100,7,5,0.36064367793126134
21,B,100,7,6,0.3361481159847672
21,B,100,7,7,0.6204641936984255
21,B,100,7,8,0.6481401740181414
21,B,100,7,9,0.5497663403948689
21,B,100,8,0,1.5136810864690464
21,B,100,8,1,0.4176114727754737
21,B,100,8,2,1.6748470016524017
21,B,100,8,3,2.357672690692269
21,B,100,8,4,1.7192417091775483
21,B,100,8,5,2.1373026381742983
21,B,100,8,6,1.2330521868318736
21,B,100,8,7,2.206828984883488
21,B,100,8,8,1.9579135391655036
21,B,100,8,9,2.1829080692569818
21,B,100,9,0,-0.6069293536889646
21,B,100,9,1,-0.5558111893038459
21,B,100,9,2,-0.19692170974941658
21,B,100,9,3,-0.31836366149465434
21,B,100,9,4,-0.20934860360567337
21,B,100,9,5,-0.3561990463246053
21,B,100,9,6,-0.39968316074100335
21,B,100,9,7,-0.15229438080199983
21,B,100,9,8,-0.1972697530240612
21,B,100,9,9,-0.490997565335676
22,A,0.05,0,0,-0.252493555901178
22,A,0.05,0,1,-0.43765887651613794
22,A,0.05,0,2,-0.24098854952425447
22,A,0.05,0,3,-0.09127165937980634
22,A,0.05,0,4,-0.1511576007222615
22,A,0.05,0,5,-0.9788844610750379
22,A,0.05,0,6,-0.08265630638423843
22,A,0.05,0,7,0.03817774321412229
22,A,0.05,0,8,0.17994436729692828
22,A,0.05,0,9,-0.9894943619569713
22,A,0.05,1,0,-0.926862067874881
22,A,0.05,1,1,-1.3459522500457104
22,A,0.05,1,2,-0.6793430232872433
22,A,0.05,1,3,-0.8346000194853993
22,A,0.05,1,4,-0.5845317311228828
22,A,0.05,1,5,-0.445540016700851
22,A,0.05,1,6,-0.6631528797880109
22,A,0.05,1,7,-0.42601800308984045
22,A,0.05,1,8,-1.145477863407433
22,A,0.05,1,9,-0.14761462574495246
22,A,0.05,2,0,-0.5566001710978838
22,A,0.05,2,1,-0.016536299424520905
22,A,0.05,2,2,-0.18294081262369427
22,A,0.05,2,3,0.0037273026585655437
22,A,0.05,2,4,-1.3107337484552573
22,A,0.05,2,5,-1.878358468718991
22,A,0.05,2,6,-0.6576508435421846
22,A,0.05,2,7,0.04517775167889114
22,A,0.05,2,8,-0.4618381360081802
22,A,0.05,2,9,0.011399246270135766
22,A,0.05,3,0,-0.8175462216325755
22,A,0.05,3,1,-0.9950391117961261
22,A,0.05,3,2,-0.902895875650819
22,A,0.05,3,3,-0.7171881786593456
22,A,0.05,3,4,-0.9255307956496867
22,A,0.05,3,5,-0.44621883782090066
22,A,0.05,3,6,-0.8043735394917554
22,A,0.05,3,7,-0.796224726434816
22,A,0.05,3,8,-1.1494114505963304
22,A,0.05,3,9,-0.9216185519866062
22,A,0.05,4,0,-0.0031668455177887673
22,A,0.05,4,1,0.08276498759021685
22,A,0.05,4,2,0.4497889702297702
22,A,0.05,4,3,0.11115437824601473
22,A,0.05,4,4,0.4385298188289776
22,A,0.05,4,5,0.16145866186419042
22,A,0.05,4,6,0.20554768716147595
22,A,0.05,4,7,0.06748639186968096
22,A,0.05,4,8,0.7520883338966851
22,A,0.05,4,9,0.16596928529506372
22,A,0.05,5,0,-0.2777887862255556
22,A,0.05,5,1,-0.33475840107345795
22,A,0.05,5,2,-0.29239407570493137
22,A,0.05,5,3,-0.4533344606422944
22,A,0.05,5,4,-0.4300878395462931
22,A,0.05,5,5,-0.2527010292826986
22,A,0.05,5,6,-0.4651917267882758
22,A,0.05,5,7,-0.254079086515985
22,A,0.05,5,8,-0.4693524332571543
22,A,0.05,5,9,-0.4795182286589544
22,A,0.05,6,0,0.8915685119684732
22,A,0.05,6,1,0.17770728014405257
22,A,0.05,6,2,0.8118787770827994
22,A,0.05,6,3,1.231153175287972
22,A,0.05,6,4,0.48065924501395413
22,A,0.05,6,5,-0.02292530018871702
22,A,0.05,6,6,0.5925704400531753
22,A,0.05,6,7,0.7380522620206744
22,A,0.05,6,8,0.7605276617444233
22,A,0.05,6,9,0.4970449579755417
22,A,0.05,7,0,-0.3071621824139355
22,A,0.05,7,1,-0.12320242350263591
22,A,0.05,7,2,-0.13534979979748005
22,A,0.05,7,3,-0.0210101436746123
22,A,0.05,7,4,-0.543776700500637
22,A,0.05,7,5,-0.008045798152884165
22,A,0.05,7,6,-0.14531793974112703
22,A,0.05,7,7,-0.3388337977514689
22,A,0.05,7,8,-0.2134422730296576
22,A,0.05,7,9,0.05878484477460369
22,A,0.05,8,0,1.5801209072206712
22,A,0.05,8,1,1.5273440450108788
22,A,0.05,8,2,1.3921192952085775
22,A,0.05,8,3,0.6599048009469645
22,A,0.05,8,4,0.9583729108205321
22,A,0.05,8,5,1.1316211481937108
22,A,0.05,8,6,0.4707066838526807
22,A,0.05,8,7,1.5699368612428055
22,A,0.05,8,8,1.2459107935855844
22,A,0.05,8,9,0.578820278852877
22,A,0.05,9,0,0.07090559007383257
22,A,0.05,9,1,0.37569874493944194
22,A,0.05,9,2,0.3586599933289827
22,A,0.05,9,3,0.5736379036235804
22,A,0.05,9,4,0.06707455020550675
22,A,0.05,9,5,-0.007144918145805203
22,A,0.05,9,6,0.11346064096445647
22,A,0.05,9,7,0.597178883095908
22,A,0.05,9,8,0.31182692204870305
22,A,0.05,9,9,0.19900868397076152
22,B,100,0,0,-1.0881638993570353
22,B,100,0,1,-0.9852372525514981
22,B,100,0,2,-1.0456951585098593
22,B,100,0,3,-1.037817234219849
22,B,100,0,4,-0.9690409047051104
22,B,100,0,5,-1.024878490999032
22,B,100,0,6,-0.9640058393369242
22,B,100,0,7,-0.9706907637260115
22,B,100,0,8,-1.19593980352082
22,B,100,0,9,-1.0261950661279904
22,B,100,1,0,2.4629084959925507
22,B,100,1,1,2.6068206774368043
22,B,100,1,2,2.482635787871137
22,B,100,1,3,2.1147543081764404
22,B,100,1,4,2.5888675228187013
22,B,100,1,5,2.315391013018177
22,B,100,1,6,2.2651475395729475
22,B,100,1,7,2.161066444458698
22,B,100,1,8,1.9580570881348633
22,B,100,1,9,2.379818443981946
22,B,100,2,0,-0.5282509640789425
22,B,100,2,1,-0.39768292037185105
22,B,100,2,2,-0.7004419338898009
22,B,100,2,3,-0.492933001406981
22,B,100,2,4,-0.5929589957509892
22,B,100,2,5,-0.6277943522862168
22,B,100,2,6,-0.5356832865942849
22,B,100,2,7,-0.40583707825241266
22,B,100,2,8,-0.6477917259150507
22,B,100,2,9,-0.7569927631223603
22,B,100,3,0,-1.2639474011007414
22,B,100,3,1,-1.3823019070301559
22,B,100,3,2,-1.4663580201598883
22,B,100,3,3,-1.3888131495530465
22,B,100,3,4,-1.626480092914588
22,B,100,3,5,-1.212019590712015
22,B,100,3,6,-1.4481927672517945
22,B,100,3,7,-1.5904209969103789
22,B,100,3,8,-1.539029321149521
22,B,100,3,9,-1.121847621379823
22,B,100,4,0,-1.202701794660942
22,B,100,4,1,-0.4429083385765856
22,B,100,4,2,-0.8213752595242146
22,B,100,4,3,-0.9027083538724558
22,B,100,4,4,-1.054753486961838
22,B,100,4,5,-1.1865590416922251
22,B,100,4,6,-1.0012527747622206
22,B,100,4,7,-1.2976095174748132
22,B,100,4,8,-0.9608324370200366
22,B,100,4,9,-1.257123733006072
22,B,100,5,0,-0.20906309434858086
22,B,100,5,1,-0.018813926813121003
22,B,100,5,2,-0.006847145778694968
22,B,100,5,3,-0.011291603765387178
22,B,100,5,4,0.006963443292524406
22,B,100,5,5,0.00818589680834567
22,B,100,5,6,0.008662363433732004
22,B,100,5,7,-0.04882588069227673
22,B,100,5,8,-0.073350746794083
22,B,100,5,9,0.02338623092092593
22,B,100,6,0,-2.1444488862129
22,B,100,6,1,-1.1228696695201672
22,B,100,6,2,-1.449875880949959
22,B,100,6,3,-2.03079999808534
22,B,100,6,4,-2.0750598868760197
22,B,100,6,5,-3.0117334625026753
22,B,100,6,6,-2.717114175573911
22,B,100,6,7,-2.9647136721553435
22,B,100,6,8,-2.0429166591299412
22,B,100,6,9,-2.8506001481150047
22,B,100,7,0,-0.12323110388233674
22,B,100,7,1,-0.13257187075158508
22,B,100,7,2,-0.1175707458868565
22,B,100,7,3,-0.45776918866477023
22,B,100,7,4,-0.1066572011842476
22,B,100,7,5,-0.08459928611158365
22,B,100,7,6,-1.679226225335203
22,B,100,7,7,-1.2437333554747156
22,B,100,7,8,-0.24057008033854793
22,B,100,7,9,-0.10842046879181746
22,B,100,8,0,2.4443735341495265
22,B,100,8,1,2.0741255283846094
22,B,100,8,2,2.9518062234428455
22,B,100,8,3,2.689398273816114
22,B,100,8,4,2.08875496022473
22,B,100,8,5,2.639895818198761
22,B,100,8,6,2.814093952321811
22,B,100,8,7,2.1505476305080986
22,B,100,8,8,1.0904252515281745
22,B,100,8,9,1.9873695188831553
22,B,100,9,0,-1.0077694156751502
22,B,100,9,1,-0.8771681248344441
22,B,100,9,2,-0.893757052148125
22,B,100,9,3,-0.8062914846335311
22,B,100,9,4,-0.9174038878920691
22,B,100,9,5,-0.8768606229085347
22,B,100,9,6,-1.121401800011873
22,B,100,9,7,-1.0155487052044392
22,B,100,9,8,-1.073652714580135
22,B,100,9,9,-1.1667310761666345
23,A,0.05,0,0,-0.2512813377313167
23,A,0.05,0,1,-0.1996619141394035
23,A,0.05,0,2,0.5013418940138863
23,A,0.05,0,3,0.6156044423082068
23,A,0.05,0,4,0.4313362406811082
23,A,0.05,0,5,0.11340835515466506
23,A,0.05,0,6,-0.04668687071768199
23,A,0.05,0,7,0.5416759479636263
23,A,0.05,0,8,-0.062244680805935315
23,A,0.05,0,9,-0.02778918773732627
23,A,0.05,1,0,0.49685676662614636
23,A,0.05,1,1,0.2901633919583671
23,A,0.05,1,2,-0.7052577215880109
23,A,0.05,1,3,-0.1586794925471146
23,A,0.05,1,4,-0.05727631604245924
23,A,0.05,1,5,-0.12921190010001585
23,A,0.05,1,6,0.34081224222091777
23,A,0.05,1,7,-0.7431329839686958
23,A,0.05,1,8,0.015921331417846483
23,A,0.05,1,9,0.3096325436728891
23,A,0.05,2,0,0.5884911929608639
23,A,0.05,2,1,0.437520223343227
23,A,0.05,2,2,0.05948648208924423
23,A,0.05,2,3,0.6811265998190983
23,A,0.05,2,4,0.04231909741718526
23,A,0.05,2,5,0.4910420869172289
23,A,0.05,2,6,0.4694622494939552
23,A,0.05,2,7,0.1845216820557411
23,A,0.05,2,8,0.27244978256021624
23,A,0.05,2,9,-0.06381187395704908
23,A,0.05,3,0,1.8129262444531309
23,A,0.05,3,1,2.242086312843213
23,A,0.05,3,2,1.9135063618534833
23,A,0.05,3,3,1.7114704476631497
23,A,0.05,3,4,1.821561133295188
23,A,0.05,3,5,1.4077906928510657
23,A,0.05,3,6,0.7232108571640913
23,A,0.05,3,7,1.2549544050546255
23,A,0.05,3,8,1.2877165147907756
23,A,0.05,3,9,1.8960745947422295
23,A,0.05,4,0,1.0777044905676378
23,A,0.05,4,1,0.29279523456202794
23,A,0.05,4,2,0.8438131406706331
23,A,0.05,4,3,1.109140126816174
23,A,0.05,4,4,0.976044920812814
23,A,0.05,4,5,0.9890913700332199
23,A,0.05,4,6,0.4924157568514804
23,A,0.05,4,7,1.1677153346113893
23,A,0.05,4,8,1.233887679385534
23,A,0.05,4,9,0.6129241700974486
23,A,0.05,5,0,0.6664265493142048
23,A,0.05,5,1,0.9984302304528795
23,A,0.05,5,2,0.7717255143240851
23,A,0.05,5,3,0.5363300389375716
23,A,0.05,5,4,0.8026287793745593
23,A,0.05,5,5,0.8631785454403789
23,A,0.05,5,6,0.6634596845619497
23,A,0.05,5,7,0.5588251435505808
23,A,0.05,5,8,0.9002497860984532
23,A,0.05,5,9,0.5062955757349681
23,A,0.05,6,0,-0.5736849060202583
23,A,0.05,6,1,-0.7008215434259412
23,A,0.05,6,2,-0.4855641372913667
23,A,0.05,6,3,-0.5609843189208475
23,A,0.05,6,4,-0.7605837716358611
23,A,0.05,6,5,0.1751066965834619
23,A,0.05,6,6,-0.4130811890123554
23,A,0.05,6,7,-0.3363984307128715
23,A,0.05,6,8,-0.7209446371167093
23,A,0.05,6,9,-0.514201845442698
23,A,0.05,7,0,0.35290579739409816
23,A,0.05,7,1,0.3129360481965432
23,A,0.05,7,2,0.6864671614876039
23,A,0.05,7,3,0.891516469170615
23,A,0.05,7,4,0.5227073737120594
23,A,0.05,7,5,0.5228979792146692
23,A,0.05,7,6,0.3535251994000826
23,A,0.05,7,7,0.4040738858663984
23,A,0.05,7,8,0.22191259175295158
23,A,0.05,7,9,0.8528971284354707
23,A,0.05,8,0,2.52626649003928
23,A,0.05,8,1,2.102626267593192
23,A,0.05,8,2,2.1307304185796556
23,A,0.05,8,3,1.9702513227738767
23,A,0.05,8,4,2.0330596944735877
23,A,0.05,8,5,2.0919747966377082
23,A,0.05,8,6,2.26443667695098
23,A,0.05,8,7,2.2119947951006456
23,A,0.05,8,8,1.7396051195325073
23,A,0.05,8,9,2.413497419417805
23,A,0.05,9,0,-1.8958806131861048
23,A,0.05,9,1,-1.896861052300217
23,A,0.05,9,2,-2.283154894025177
23,A,0.05,9,3,-2.0703189159890534
23,A,0.05,9,4,-2.023411007747019
23,A,0.05,9,5,-1.9182978951550296
23,A,0.05,9,6,-1.5584790300004006
23,A,0.05,9,7,-1.7154392321512295
23,A,0.05,9,8,-2.1059322517785706
23,A,0.05,9,9,-1.4900259711216528
23,B,100,0,0,1.3920800035080378
23,B,100,0,1,1.2864158992738062
23,B,100,0,2,1.4440220081115382
23,B,100,0,3,0.5504828324591762
23,B,100,0,4,1.015126094753239
23,B,100,0,5,1.4957303869062533
23,B,100,0,6,1.0988977574471985
23,B,100,0,7,0.8568955769603265
23,B,100,0,8,1.2257644201634839
23,B,100,0,9,0.960049192871737
23,B,100,1,0,-0.3319965261481046
23,B,100,1,1,-0.225019131426018
23,B,100,1,2,-0.2858432554477706
23,B,100,1,3,-0.10308250255052073
23,B,100,1,4,-0.15697567810298937
23,B,100,1,5,0.0414764030489186
23,B,100,1,6,0.15513440243285082
23,B,100,1,7,-0.0562023602208351
23,B,100,1,8,0.03111152046062754
23,B,100,1,9,0.2629649930228073
23,B,100,2,0,1.0856967495985994
23,B,100,2,1,1.1910119963418062
23,B,100,2,2,1.4272547264197715
23,B,100,2,3,1.5678196869533179
23,B,100,2,4,1.2552345925466124
23,B,100,2,5,1.1708184230769736
23,B,100,2,6,1.3122951316924152
23,B,100,2,7,1.5625821226442156
23,B,100,2,8,1.0675175069829559
23,B,100,2,9,1.5557131229183463
23,B,100,3,0,-0.2666877885712572
23,B,100,3,1,-0.6670946920738109
23,B,100,3,2,-1.0100976106113841
23,B,100,3,3,-1.271826737660149
23,B,100,3,4,-0.7409948856220416
23,B,100,3,5,-0.3165841137737698
23,B,100,3,6,-0.34002716489807205
23,B,100,3,7,-0.712584086909603
23,B,100,3,8,-0.40844418771321056
23,B,100,3,9,-0.6070547093970953
23,B,100,4,0,0.017160525539994368
23,B,100,4,1,0.049439380521745076
23,B,100,4,2,0.06669193722940954
23,B,100,4,3,0.14046805675916796
23,B,100,4,4,-0.0653002619990647
23,B,100,4,5,0.19904132496841095
23,B,100,4,6,-0.16540171621264976
23,B,100,4,7,0.21075375004006955
23,B,100,4,8,0.14505998048396349
23,B,100,4,9,-0.037480304938709005
23,B,100,5,0,-0.06279948084191198
23,B,100,5,1,-0.44777546728665385
23,B,100,5,2,-0.3818082994935319
23,B,100,5,3,-0.40360634447181704
23,B,100,5,4,0.09022605971807679
23,B,100,5,5,-0.1312213313413872
23,B,100,5,6,0.20082982195807103
23,B,100,5,7,-0.3404107166321683
23,B,100,5,8,-0.19030186839935462
23,B,100,5,9,-0.334699825630899
23,B,100,6,0,-0.41321763493206876
23,B,100,6,1,-0.1215659928377328
23,B,100,6,2,-0.03725490238574058
23,B,100,6,3,0.0786735149042222
23,B,100,6,4,-0.35243675748401354
23,B,100,6,5,-0.08106741161073942
23,B,100,6,6,-0.4604967932907429
23,B,100,6,7,-0.18801797003144835
23,B,100,6,8,-0.37971731251805135
23,B,100,6,9,-0.32945156464105857
23,B,100,7,0,-0.1781228008329677
23,B,100,7,1,-0.7079534719493991
23,B,100,7,2,-0.19643250671598406
23,B,100,7,3,-0.209174505669609
23,B,100,7,4,-0.5229772600007566
23,B,100,7,5,-0.6105002219390673
23,B,100,7,6,-0.43977550355711637
23,B,100,7,7,-0.03851104990180787
23,B,100,7,8,-1.0648109385662836
23,B,100,7,9,-0.47874519474241684
23,B,100,8,0,-0.12163531964574263
23,B,100,8,1,0.016368086883940876
23,B,100,8,2,-0.07622950654600935
23,B,100,8,3,0.06800163508643646
23,B,100,8,4,-0.06846711209909152
23,B,100,8,5,-0.26902844541226456
23,B,100,8,6,0.08927137352797955
23,B,100,8,7,0.04976700332595224
23,B,100,8,8,0.1403283391665813
23,B,100,8,9,0.018732240600486408
23,B,100,9,0,1.157104884037366
23,B,100,9,1,0.6274255666957971
23,B,100,9,2,0.9879704751622436
23,B,100,9,3,0.6551863836913034
23,B,100,9,4,0.9335820204534182
23,B,100,9,5,0.6275793772990335
23,B,100,9,6,0.7608099921191238
23,B,100,9,7,0.9180493364159737
23,B,100,9,8,0.901341271066714
23,B,100,9,9,1.0518860522126208
24,A,0.05,0,0,1.339247177169214
24,A,0.05,0,1,1.7980612104018245
24,A,0.05,0,2,1.5410542467653403
24,A,0.05,0,3,1.569030834061715
24,A,0.05,0,4,1.4261311721001066
24,A,0.05,0,5,2.412127016106748
24,A,0.05,0,6,1.9918878548249408
24,A,0.05,0,7,1.7184324858171451
24,A,0.05,0,8,2.188949514093021
24,A,0.05,0,9,1.967064343154987
24,A,0.05,1,0,0.2656004409493233
24,A,0.05,1,1,0.24173864046660423
24,A,0.05,1,2,0.2256001669180449
24,A,0.05,1,3,0.2546585166511033
24,A,0.05,1,4,0.22743597781254069
24,A,0.05,1,5,0.261196774976026
24,A,0.05,1,6,0.2498310062436704
24,A,0.05,1,7,0.010829921354364194
24,A,0.05,1,8,0.2428308189892341
24,A,0.05,1,9,0.25366808980060035
24,A,0.05,2,0,0.23649334727970667
24,A,0.05,2,1,0.04319811600330067
24,A,0.05,2,2,0.2583572946312884
24,A,0.05,2,3,0.3788743477285897
24,A,0.05,2,4,0.2875673987833307
24,A,0.05,2,5,0.3036811968226378
24,A,0.05,2,6,0.0317477029661518
24,A,0.05,2,7,0.21269456225958552
24,A,0.05,2,8,0.11729541791594264
24,A,0.05,2,9,0.22043002454103325
24,A,0.05,3,0,-0.0544210706659559
24,A,0.05,3,1,0.5553707827574988
24,A,0.05,3,2,-0.18593279754607
24,A,0.05,3,3,0.10278649693988842
24,A,0.05,3,4,0.5907298984576929
24,A,0.05,3,5,0.5717192284385962
24,A,0.05,3,6,0.5938077884068058
24,A,0.05,3,7,0.5847728647658929
24,A,0.05,3,8,0.5501908270154351
24,A,0.05,3,9,0.23638796167986392
24,A,0.05,4,0,-1.6997202985987452
24,A,0.05,4,1,-2.034375262894954
24,A,0.05,4,2,-2.118280079708829
24,A,0.05,4,3,-1.9679909384601824
24,A,0.05,4,4,-2.09104189657629
24,A,0.05,4,5,-1.506776573141198
24,A,0.05,4,6,-1.7180551477159873
24,A,0.05,4,7,-1.551568505189443
24,A,0.05,4,8,-1.882933316611598
24,A,0.05,4,9,-1.7016940492992483
24,A,0.05,5,0,0.6054777046285948
24,A,0.05,5,1,0.4304604450670687
24,A,0.05,5,2,0.6823058765553315
24,A,0.05,5,3,0.6356756162268781
24,A,0.05,5,4,0.6346369439673067
24,A,0.05,5,5,0.5386847277525803
24,A,0.05,5,6,0.7608747952787281
24,A,0.05,5,7,0.45064761371358686
24,A,0.05,5,8,0.5620997546549376
24,A,0.05,5,9,0.48834263792974736
24,A,0.05,6,0,0.21834874099277796
24,A,0.05,6,1,-0.09403775815774092
24,A,0.05,6,2,-0.1246173993266825
24,A,0.05,6,3,0.19427836735969786
24,A,0.05,6,4,0.003821067823427741
24,A,0.05,6,5,0.3786475508909512
24,A,0.05,6,6,-0.5243452052525585
24,A,0.05,6,7,-0.18614542449308114
24,A,0.05,6,8,0.12316019625910433
24,A,0.05,6,9,-0.05313096431218172
24,A,0.05,7,0,-0.11886961301056226
24,A,0.05,7,1,-0.4121448022119633
24,A,0.05,7,2,0.6014759871667977
24,A,0.05,7,3,0.5049107617757845
24,A,0.05,7,4,0.020247018880424458
24,A,0.05,7,5,0.41077965995867227
24,A,0.05,7,6,0.21235855219473637
24,A,0.05,7,7,0.0950679645532232
24,A,0.05,7,8,0.6295814704524241
24,A,0.05,7,9,0.015790627569676356
24,A,0.05,8,0,-0.4240641670834422
24,A,0.05,8,1,-0.22336524614726833
24,A,0.05,8,2,0.33541550017037886
24,A,0.05,8,3,-0.03672480335581463
24,A,0.05,8,4,-0.07385577950802111
24,A,0.05,8,5,0.42527498564108573
24,A,0.05,8,6,-0.29362724168954285
24,A,0.05,8,7,-0.07410990707778618
24,A,0.05,8,8,0.35514723998109304
24,A,0.05,8,9,0.15956515760522832
24,A,0.05,9,0,0.14340576739191666
24,A,0.05,9,1,0.18204010975802695
24,A,0.05,9,2,0.1641228500153342
24,A,0.05,9,3,0.15410953845430306
24,A,0.05,9,4,0.08296830739457527
24,A,0.05,9,5,0.7869117283143308
24,A,0.05,9,6,0.41979165849821215
24,A,0.05,9,7,0.04554851697418879
24,A,0.05,9,8,0.8462295799639514
24,A,0.05,9,9,0.0001117189057767621
24,B,100,0,0,-0.256331782852647
24,B,100,0,1,-0.28763831246710325
24,B,100,0,2,-0.2516448046820031
24,B,100,0,3,-0.25303851890345425
24,B,100,0,4,-0.20601935605316973
24,B,100,0,5,-0.48656812869043015
24,B,100,0,6,-0.17756827796261843
24,B,100,0,7,0.20827417647442392
24,B,100,0,8,0.14691316574482408
24,B,100,0,9,-0.029704084047051448
24,B,100,1,0,0.5637990813490664
24,B,100,1,1,0.3197307537439178
24,B,100,1,2,0.8845279045275071
24,B,100,1,3,0.8747525928627439
24,B,100,1,4,0.7652422749616078
24,B,100,1,5,0.4088489100628991
24,B,100,1,6,0.8653574388095041
24,B,100,1,7,0.3685546840640723
24,B,100,1,8,0.49955810550791385
24,B,100,1,9,0.4807692162970145
24,B,100,2,0,-3.583738978871087
24,B,100,2,1,-3.946306805944256
24,B,100,2,2,-3.291433033599012
24,B,100,2,3,-3.505209519053399
24,B,100,2,4,-3.97696444377998
24,B,100,2,5,-3.6465785540712283
24,B,100,2,6,-3.0898574563419023
24,B,100,2,7,-3.4626554643818843
24,B,100,2,8,-3.1907710821690056
24,B,100,2,9,-3.1586103334733755
24,B,100,3,0,-0.021509062410082387
24,B,100,3,1,-0.00354687439535115
24,B,100,3,2,-0.010229682961603717
24,B,100,3,3,0.0025504203833462916
24,B,100,3,4,-0.022523147907516243
24,B,100,3,5,-0.020004156611080015
24,B,100,3,6,-0.011917731393180786
24,B,100,3,7,0.003634871341120557
24,B,100,3,8,0.00968641315923754
24,B,100,3,9,-0.021330436590834403
24,B,100,4,0,0.717550051021365
24,B,100,4,1,0.7436087414482704
24,B,100,4,2,0.8079922663626785
24,B,100,4,3,0.5598597585052331
24,B,100,4,4,0.861671852882565
24,B,100,4,5,0.7946185624499603
24,B,100,4,6,0.574856504903169
24,B,100,4,7,0.7255092575115439
24,B,100,4,8,0.9642840382287413
24,B,100,4,9,0.6408150478439797
24,B,100,5,0,1.2963746511942498
24,B,100,5,1,1.444453535342
24,B,100,5,2,1.4663984066095088
24,B,100,5,3,1.7266250103353527
24,B,100,5,4,1.1787677681483115
24,B,100,5,5,1.4153272090383866
24,B,100,5,6,1.4193506165937226
24,B,100,5,7,1.482108503773876
24,B,100,5,8,0.9876971121557987
24,B,100,5,9,1.3151562570141169
24,B,100,6,0,-0.11598582180387743
24,B,100,6,1,-0.0256241104021784
24,B,100,6,2,-0.06780262191366648
24,B,100,6,3,-0.8598315919027618
24,B,100,6,4,-0.07441378559004776
24,B,100,6,5,-0.06169503487116198
24,B,100,6,6,-0.02561245124344009
24,B,100,6,7,-0.041281297087947144
24,B,100,6,8,-0.04401020656060984
24,B,100,6,9,-0.04356327512272352
24,B,100,7,0,-0.4713308455086697
24,B,100,7,1,-0.22490549570181476
24,B,100,7,2,-0.2808322182443807
24,B,100,7,3,-0.32282053125025545
24,B,100,7,4,-0.38088367549801716
24,B,100,7,5,-0.25078548094076086
24,B,100,7,6,-0.26493758526500344
24,B,100,7,7,-0.4869602737673867
24,B,100,7,8,-0.33821717149238034
24,B,100,7,9,-0.4643537881756208
24,B,100,8,0,-2.7653700875264526
24,B,100,8,1,-2.5365313080189122
24,B,100,8,2,-2.9680449823318615
24,B,100,8,3,-2.6448734881051905
24,B,100,8,4,-2.745835794692115
24,B,100,8,5,-2.865767706546812
24,B,100,8,6,-3.195501375081797
24,B,100,8,7,-3.017070455055791
24,B,100,8,8,-2.770966145469636
24,B,100,8,9,-2.6894648935606673
24,B,100,9,0,1.22416703582228
24,B,100,9,1,1.3215545231439147
24,B,100,9,2,1.5193695612370473
24,B,100,9,3,1.2890012273542872
24,B,100,9,4,0.5406758953331379
24,B,100,9,5,1.0918379183421971
24,B,100,9,6,1.2093361904184046
24,B,100,9,7,0.5033348656214024
24,B,100,9,8,0.7266103076190064
24,B,100,9,9,0.4655748124541172
25,A,0.05,0,0,0.18595166408482147
25,A,0.05,0,1,0.35873816209232906
25,A,0.05,0,2,0.5106981713854983
25,A,0.05,0,3,0.5912816021761501
25,A,0.05,0,4,-0.14389921577997755
25,A,0.05,0,5,0.5535465999581647
25,A,0.05,0,6,0.30672454192483894
25,A,0.05,0,7,0.6614828077280853
25,A,0.05,0,8,0.40878573721608225
25,A,0.05,0,9,0.3620792353820224
25,A,0.05,1,0,1.0416842855238928
25,A,0.05,1,1,1.0328239981235225
25,A,0.05,1,2,0.4666054729879971
25,A,0.05,1,3,0.9002596041721467
25,A,0.05,1,4,1.0060872002688568
25,A,0.05,1,5,1.1829165049174704
25,A,0.05,1,6,0.6624689273691834
25,A,0.05,1,7,0.6874053705030068
25,A,0.05,1,8,0.9388819108871802
25,A,0.05,1,9,1.7167324399437884
25,A,0.05,2,0,-0.10008555063797697
25,A,0.05,2,1,0.015638095721128113
25,A,0.05,2,2,0.21279845662932415
25,A,0.05,2,3,0.04051400506825657
25,A,0.05,2,4,-0.05989188926419552
25,A,0.05,2,5,-0.38977180520409543
25,A,0.05,2,6,0.2950703117356631
25,A,0.05,2,7,-0.2451158344554328
25,A,0.05,2,8,-0.21311977053495565
25,A,0.05,2,9,-0.15605573437768594
25,A,0.05,3,0,-0.2815122050062915
25,A,0.05,3,1,-0.07023300014233001
25,A,0.05,3,2,-0.003542072970701192
25,A,0.05,3,3,-0.14959803824540904
25,A,0.05,3,4,-0.41269955645561235
25,A,0.05,3,5,-0.03148462987697665
25,A,0.05,3,6,-0.14371691357990868
25,A,0.05,3,7,-0.3256942247311037
25,A,0.05,3,8,-0.23504961580189712
25,A,0.05,3,9,-0.2871404389233415
25,A,0.05,4,0,0.6340045703294076
25,A,0.05,4,1,0.08982628505579997
25,A,0.05,4,2,0.9724100539985072
25,A,0.05,4,3,0.24655593305904613
25,A,0.05,4,4,0.5387938720142018
25,A,0.05,4,5,0.7466009535571865
25,A,0.05,4,6,1.2201888610864722
25,A,0.05,4,7,1.1212293389722958
25,A,0.05,4,8,1.002813182755643
25,A,0.05,4,9,0.8904374015397031
25,A,0.05,5,0,1.0363973845127106
25,A,0.05,5,1,1.4882444843899678
25,A,0.05,5,2,0.9946670822155407
25,A,0.05,5,3,0.9985047376739801
25,A,0.05,5,4,0.8818087412898634
25,A,0.05,5,5,0.6507119152577185
25,A,0.05,5,6,1.0677781248375253
25,A,0.05,5,7,1.0370962880145078
25,A,0.05,5,8,1.490655166698255
25,A,0.05,5,9,0.785931276671593
25,A,0.05,6,0,3.4519551008097875
25,A,0.05,6,1,3.5288662920559903
25,A,0.05,6,2,3.2786315538278785
25,A,0.05,6,3,3.3586777056288253
25,A,0.05,6,4,3.2863721732990587
25,A,0.05,6,5,3.6460693956435732
25,A,0.05,6,6,3.2778164607606413
25,A,0.05,6,7,3.4398003936777113
25,A,0.05,6,8,2.959058506705967
25,A,0.05,6,9,3.7152503393956686
25,A,0.05,7,0,-0.0873277978376761
25,A,0.05,7,1,-0.005510240811013786
25,A,0.05,7,2,0.009263485349706668
25,A,0.05,7,3,0.0702736013244163
25,A,0.05,7,4,0.15459255096877708
25,A,0.05,7,5,0.16628623155965794
25,A,0.05,7,6,0.10696951334673464
25,A,0.05,7,7,0.15653494765271422
25,A,0.05,7,8,0.053673249493553704
25,A,0.05,7,9,0.004112887798962154
25,A,0.05,8,0,-0.8026224464551589
25,A,0.05,8,1,-0.5234743332240163
25,A,0.05,8,2,-0.278997309784346
25,A,0.05,8,3,-0.6783320036047791
25,A,0.05,8,4,-0.4042649289987545
25,A,0.05,8,5,-0.37574078010504286
25,A,0.05,8,6,-0.555772293478917
25,A,0.05,8,7,-0.12385000419395058
25,A,0.05,8,8,-0.8022175737545906
25,A,0.05,8,9,-0.6361524076295809
25,A,0.05,9,0,0.9655808852256244
25,A,0.05,9,1,0.9152809841603475
25,A,0.05,9,2,0.61244459024569
25,A,0.05,9,3,0.8149136469526208
25,A,0.05,9,4,0.2805579054010156
25,A,0.05,9,5,0.37775179370904044
25,A,0.05,9,6,0.5520770716782613
25,A,0.05,9,7,0.5611872017358147
25,A,0.05,9,8,1.0692039500077248
25,A,0.05,9,9,0.005118387861266925
25,B,100,0,0,-1.9437118958293749
25,B,100,0,1,-2.6156047325649867
25,B,100,0,2,-2.344401433676539
25,B,100,0,3,-2.542128519297865
25,B,100,0,4,-3.2666213979747307
25,B,100,0,5,-2.48702513419303
25,B,100,0,6,-1.8470284946388604
25,B,100,0,7,-2.2438055390536467
25,B,100,0,8,-3.1634042749493814
25,B,100,0,9,-2.9391460115242465
25,B,100,1,0,-1.8317540648680706
25,B,100,1,1,-1.171980709732983
25,B,100,1,2,-1.404751280387036
25,B,100,1,3,-1.5881094024377058
25,B,100,1,4,-2.836037184166187
25,B,100,1,5,-1.6022802710405095
25,B,100,1,6,-1.3798347664613342
25,B,100,1,7,-1.0176791010627002
25,B,100,1,8,-1.3923862490680232
25,B,100,1,9,-1.0016511602668565
25,B,100,2,0,-0.23080172595917264
25,B,100,2,1,-0.37027013212969584
25,B,100,2,2,0.5317390585001764
25,B,100,2,3,-0.7510840685034496
25,B,100,2,4,-0.2555539856749185
25,B,100,2,5,-0.5955668842531541
25,B,100,2,6,-0.10799729790127431
25,B,100,2,7,-0.8374552626252629
25,B,100,2,8,-0.0016292936259133437
25,B,100,2,9,-1.4245558210624343
25,B,100,3,0,-0.3791481791640561
25,B,100,3,1,-0.42519242717846206
25,B,100,3,2,-0.4693813406052224
25,B,100,3,3,-0.34885688493746325
25,B,100,3,4,-0.4515608893758765
25,B,100,3,5,-0.061057291545775876
25,B,100,3,6,-0.12726926286047252
25,B,100,3,7,-0.2626584937181216
25,B,100,3,8,-0.3135290767834169
25,B,100,3,9,-0.40103495227923697
25,B,100,4,0,-0.6724559967370274
25,B,100,4,1,0.5480917022194451
25,B,100,4,2,0.27047672319022414
25,B,100,4,3,-0.05858370334862276
25,B,100,4,4,0.19847737293477258
25,B,100,4,5,-0.268158854492131
25,B,100,4,6,0.033250591373105744
25,B,100,4,7,-0.526725147399966
25,B,100,4,8,-0.44047772681169994
25,B,100,4,9,-0.545526500807126
25,B,100,5,0,0.5124489495470642
25,B,100,5,1,0.8261482177466165
25,B,100,5,2,0.5271492737518175
25,B,100,5,3,0.8326866923021414
25,B,100,5,4,0.9998081182772395
25,B,100,5,5,1.2770846306986885
25,B,100,5,6,0.5482162512453261
25,B,100,5,7,0.11306597791863504
25,B,100,5,8,0.8210840464281475
25,B,100,5,9,0.9937942065163683
25,B,100,6,0,0.3249238787574201
25,B,100,6,1,0.28578995260790524
25,B,100,6,2,0.579375754592009
25,B,100,6,3,0.6876408142469981
25,B,100,6,4,0.315126169654599
25,B,100,6,5,0.3936820512765616
25,B,100,6,6,0.4554618558062607
25,B,100,6,7,0.6601313205632521
25,B,100,6,8,0.4432502088113753
25,B,100,6,9,0.4359206959544971
25,B,100,7,0,-0.6819856211950722
25,B,100,7,1,-0.6444748759098946
25,B,100,7,2,-1.3633042015200467
25,B,100,7,3,-1.0435666085518862
25,B,100,7,4,-1.301263711242433
25,B,100,7,5,-0.9568457582396418
25,B,100,7,6,-1.2759944897368505
25,B,100,7,7,-1.2175198141843981
25,B,100,7,8,-1.2753679355184633
25,B,100,7,9,-1.2606387382473518
25,B,100,8,0,0.051799343726569365
25,B,100,8,1,0.8611478345589897
25,B,100,8,2,0.6469582126488239
25,B,100,8,3,0.3253416147699463
25,B,100,8,4,0.5483241824264491
25,B,100,8,5,0.7119521784253257
25,B,100,8,6,0.38269599049324854
25,B,100,8,7,0.9977966445018154
25,B,100,8,8,0.6148239348375599
25,B,100,8,9,0.3826183657920556
25,B,100,9,0,0.45277448164060274
25,B,100,9,1,0.19601039504700957
25,B,100,9,2,0.5460060358331256
25,B,100,9,3,0.17728482349128674
25,B,100,9,4,1.1780966173251886
25,B,100,9,5,0.8183706192260793
25,B,100,9,6,0.7364895481929475
25,B,100,9,7,1.0254233947271532
25,B,100,9,8,0.7231362767715668
25,B,100,9,9,1.144799980324449
26,A,0.05,0,0,1.6605815360282796
26,A,0.05,0,1,1.5224690687506766
26,A,0.05,0,2,1.9020640717652397
26,A,0.05,0,3,1.155285239618039
26,A,0.05,0,4,1.7169660525021457
26,A,0.05,0,5,1.08312927782549
26,A,0.05,0,6,1.6389616061615173
26,A,0.05,0,7,1.5529163082669635
26,A,0.05,0,8,1.5665701278337267
26,A,0.05,0,9,1.7079948963950198
26,A,0.05,1,0,-2.88419428908857
26,A,0.05,1,1,-3.1582202842077516
26,A,0.05,1,2,-2.979809842960677
26,A,0.05,1,3,-3.0128616075795898
26,A,0.05,1,4,-2.922945801062161
26,A,0.05,1,5,-2.9872471690430515
26,A,0.05,1,6,-3.549622609866569
26,A,0.05,1,7,-3.2634214512703346
26,A,0.05,1,8,-3.379168336645433
26,A,0.05,1,9,-3.108856632799905
26,A,0.05,2,0,0.5150294089086098
26,A,0.05,2,1,1.415855721698288
26,A,0.05,2,2,0.7713917833680521
26,A,0.05,2,3,1.4540888398579357
26,A,0.05,2,4,1.6450283936176744
26,A,0.05,2,5,1.837800929998871
26,A,0.05,2,6,0.554032030420388
26,A,0.05,2,7,1.6893715971108834
26,A,0.05,2,8,0.5978478718743356
26,A,0.05,2,9,1.6609645528127488
26,A,0.05,3,0,-0.6954095210564775
26,A,0.05,3,1,-0.7728531616509979
26,A,0.05,3,2,-0.7162536449703671
26,A,0.05,3,3,-0.5945754126237494
26,A,0.05,3,4,-0.602897150103604
26,A,0.05,3,5,-0.39162659576695014
26,A,0.05,3,6,-0.29197447413971384
26,A,0.05,3,7,-0.5312279628729265
26,A,0.05,3,8,-0.5906757045324927
26,A,0.05,3,9,-0.6256049081058774
26,A,0.05,4,0,0.826208692189497
26,A,0.05,4,1,0.5429458103588108
26,A,0.05,4,2,0.916650573068973
26,A,0.05,4,3,0.7608313550227556
26,A,0.05,4,4,0.5382640021726398
26,A,0.05,4,5,0.7759231516681926
26,A,0.05,4,6,0.8787239699445337
26,A,0.05,4,7,0.8489266081057915
26,A,0.05,4,8,0.5704228436207008
26,A,0.05,4,9,0.9112315398453665
26,A,0.05,5,0,1.9688810508664907
26,A,0.05,5,1,1.713448712247848
26,A,0.05,5,2,1.8379065500383982
26,A,0.05,5,3,1.805717583609583
26,A,0.05,5,4,2.185111925108185
26,A,0.05,5,5,2.082217700337011
26,A,0.05,5,6,1.9269669244366208
26,A,0.05,5,7,1.9030370764235311
26,A,0.05,5,8,1.935370535886132
26,A,0.05,5,9,1.759190181551838
26,A,0.05,6,0,0.29883471927397376
26,A,0.05,6,1,0.2850637043307884
26,A,0.05,6,2,0.5144632164409814
26,A,0.05,6,3,0.18934796039501262
26,A,0.05,6,4,0.7909483347043301
26,A,0.05,6,5,0.1656616626190336
26,A,0.05,6,6,0.27313954018677333
26,A,0.05,6,7,-0.33228106199113333
26,A,0.05,6,8,0.3610692101936527
26,A,0.05,6,9,0.6313813009199206
26,A,0.05,7,0,0.4814635815582423
26,A,0.05,7,1,0.7133038252454362
26,A,0.05,7,2,0.8870680558892893
26,A,0.05,7,3,0.774841465705629
26,A,0.05,7,4,0.6866393895258424
26,A,0.05,7,5,0.5253881163826678
26,A,0.05,7,6,0.9036777503442076
26,A,0.05,7,7,0.6456557787317884
26,A,0.05,7,8,0.7554630784384692
26,A,0.05,7,9,0.8066649450332984
26,A,0.05,8,0,-0.3815816842871525
26,A,0.05,8,1,-1.3977541722944766
26,A,0.05,8,2,-0.910867115113758
26,A,0.05,8,3,-1.447342428355471
26,A,0.05,8,4,-0.9944276523856975
26,A,0.05,8,5,-0.9146828464353781
26,A,0.05,8,6,-0.38587819730262
26,A,0.05,8,7,-1.3946283628515344
26,A,0.05,8,8,-1.7921407135335248
26,A,0.05,8,9,-0.24324198915976022
26,A,0.05,9,0,1.0759927714800086
26,A,0.05,9,1,1.2795168993460722
26,A,0.05,9,2,0.396432554682491
26,A,0.05,9,3,1.4063076465564726
26,A,0.05,9,4,0.8804459462347117
26,A,0.05,9,5,0.9513584331409676
26,A,0.05,9,6,1.4364555648033164
26,A,0.05,9,7,1.0959087063371384
26,A,0.05,9,8,1.5884186306830568
26,A,0.05,9,9,0.5240455645109171
26,B,100,0,0,0.6404465243843691
26,B,100,0,1,1.39506389848362
26,B,100,0,2,1.4738585645818
26,B,100,0,3,1.7416413056522377
26,B,100,0,4,1.511745935169676
26,B,100,0,5,1.1029468187423936
26,B,100,0,6,1.3404437066276484
26,B,100,0,7,1.1399527133858922
26,B,100,0,8,1.8127956757042887
26,B,100,0,9,1.7431942365183046
26,B,100,1,0,0.25007733875971067
26,B,100,1,1,0.19357915307188295
26,B,100,1,2,0.27265796659959063
26,B,100,1,3,0.3290467060069151
26,B,100,1,4,0.28836645950881623
26,B,100,1,5,0.26213831684971556
26,B,100,1,6,0.35279970720374965
26,B,100,1,7,0.2541372860960402
26,B,100,1,8,0.34732776552696143
26,B,100,1,9,0.3227954601787996
26,B,100,2,0,-0.03321193222369911
26,B,100,2,1,-0.34241421406252026
26,B,100,2,2,-0.7568906794787054
26,B,100,2,3,-0.37183238307777544
26,B,100,2,4,-1.1249135825103729
26,B,100,2,5,0.04898210745404152
26,B,100,2,6,-1.0089080440827867
26,B,100,2,7,-0.42486944373319013
26,B,100,2,8,-0.7134181876302295
26,B,100,2,9,-0.1517494522095666
26,B,100,3,0,-1.3577042944283584
26,B,100,3,1,-0.9836887371090292
26,B,100,3,2,-1.2688235681728204
26,B,100,3,3,-1.096697823795526
26,B,100,3,4,-0.8548182201150157
26,B,100,3,5,-0.9376632594471048
26,B,100,3,6,-0.7545339129081614
26,B,100,3,7,-1.313882155614591
26,B,100,3,8,-0.9121525260119866
26,B,100,3,9,-1.0657415966025787
26,B,100,4,0,-2.306084438593262
26,B,100,4,1,-2.674318162764355
26,B,100,4,2,-2.249790811340942
26,B,100,4,3,-2.7064463438144095
26,B,100,4,4,-2.55629864440037
26,B,100,4,5,-2.7657398132710385
26,B,100,4,6,-2.634953732859324
26,B,100,4,7,-2.0435245695616717
26,B,100,4,8,-2.6664450437559695
26,B,100,4,9,-2.2415054040537186
26,B,100,5,0,1.2977566048679958
26,B,100,5,1,1.635760971134018
26,B,100,5,2,1.7338152221709595
26,B,100,5,3,1.6018799929080003
26,B,100,5,4,1.5079602407892811
26,B,100,5,5,1.7364016635818207
26,B,100,5,6,1.8449408862092858
26,B,100,5,7,1.910956480009944
26,B,100,5,8,1.3287658216371778
26,B,100,5,9,1.249242874620768
26,B,100,6,0,0.8138426711837106
26,B,100,6,1,0.8329480449856459
26,B,100,6,2,1.2463607364216314
26,B,100,6,3,0.6079430524413305
26,B,100,6,4,0.8119836656642563
26,B,100,6,5,0.7492988532868752
26,B,100,6,6,0.5976676470843044
26,B,100,6,7,1.3152064878703642
26,B,100,6,8,0.7634248863270073
26,B,100,6,9,1.2411612995022459
26,B,100,7,0,-0.6236373797505629
26,B,100,7,1,-0.11504987949044106
26,B,100,7,2,-1.1118048632057629
26,B,100,7,3,-0.2876207367599789
26,B,100,7,4,-1.0193710385879309
26,B,100,7,5,-0.9029313136378139
26,B,100,7,6,-2.102535272164709
26,B,100,7,7,-0.8377861851501582
26,B,100,7,8,-0.7223522489159271
26,B,100,7,9,-0.0324930142181752
26,B,100,8,0,0.030073765941439356
26,B,100,8,1,0.6060448900246048
26,B,100,8,2,-0.11206683494814004
26,B,100,8,3,0.5542068463973385
26,B,100,8,4,0.504660209385659
26,B,100,8,5,0.5791214775053313
26,B,100,8,6,0.5005291731092111
26,B,100,8,7,0.2766681408724907
26,B,100,8,8,0.380264470038079
26,B,100,8,9,0.2746964814625372
26,B,100,9,0,0.6034182741036995
26,B,100,9,1,0.3273705859312169
26,B,100,9,2,1.1714234000634378
26,B,100,9,3,1.0805540861973049
26,B,100,9,4,0.6455748301982558
26,B,100,9,5,0.833510172738507
26,B,100,9,6,0.772224928425332
26,B,100,9,7,0.930113080185935
26,B,100,9,8,0.9156486780978861
26,B,100,9,9,1.5498689124605562
27,A,0.05,0,0,1.063433786302793
27,A,0.05,0,1,0.6510136536930647
27,A,0.05,0,2,1.3790563754597733
27,A,0.05,0,3,0.7563987073246247
27,A,0.05,0,4,1.1247984331687084
27,A,0.05,0,5,1.2006760691411706
27,A,0.05,0,6,0.44823456435073006
27,A,0.05,0,7,1.1981210999863396
27,A,0.05,0,8,1.1197758546716903
27,A,0.05,0,9,1.2447061870613985
27,A,0.05,1,0,-0.3815387112064476
27,A,0.05,1,1,-0.30186301891464373
27,A,0.05,1,2,-0.22249413527173315
27,A,0.05,1,3,-0.16548410817284198
27,A,0.05,1,4,-0.28177725961480343
27,A,0.05,1,5,-0.42910572896624827
27,A,0.05,1,6,-0.3050339403255051
27,A,0.05,1,7,-0.1667390641424667
27,A,0.05,1,8,-0.2266095037738745
27,A,0.05,1,9,-0.1747111736568331
27,A,0.05,2,0,-0.4291512831232008
27,A,0.05,2,1,-0.5514231052206939
27,A,0.05,2,2,-0.8872307786765657
27,A,0.05,2,3,-0.3380116366430672
27,A,0.05,2,4,-0.15497899079847663
27,A,0.05,2,5,-0.2379804743637581
27,A,0.05,2,6,-0.4375128871417771
27,A,0.05,2,7,-0.681651647161112
27,A,0.05,2,8,-0.08175338699682136
27,A,0.05,2,9,-0.12677393594970285
27,A,0.05,3,0,0.4268267900303821
27,A,0.05,3,1,0.023463267247641965
27,A,0.05,3,2,0.027246982931588358
27,A,0.05,3,3,0.4687444486695509
27,A,0.05,3,4,0.24511934124109389
27,A,0.05,3,5,0.2794689303249657
27,A,0.05,3,6,0.2803699479546671
27,A,0.05,3,7,0.5786268995175018
27,A,0.05,3,8,0.4235950414465221
27,A,0.05,3,9,0.26247972703337774
27,A,0.05,4,0,-0.32338792600340455
27,A,0.05,4,1,-0.4804737573562656
27,A,0.05,4,2,-0.17001750409857178
27,A,0.05,4,3,-0.21419141681893766
27,A,0.05,4,4,-0.049661178877325476
27,A,0.05,4,5,-0.12536084856206772
27,A,0.05,4,6,-0.03925150454257291
27,A,0.05,4,7,-0.02023083843267522
27,A,0.05,4,8,-0.10569380629741487
27,A,0.05,4,9,0.1465363680023077
27,A,0.05,5,0,-0.5757179999239865
27,A,0.05,5,1,-1.35994666887557
27,A,0.05,5,2,-0.7196328078706383
27,A,0.05,5,3,-1.257957274790364
27,A,0.05,5,4,-0.7338772713901519
27,A,0.05,5,5,-1.0486082568181654
27,A,0.05,5,6,-0.7883443700021656
27,A,0.05,5,7,-1.1626458039843317
27,A,0.05,5,8,-0.8856652520083501
27,A,0.05,5,9,-1.3396241419835437
27,A,0.05,6,0,0.0010519061829149263
27,A,0.05,6,1,-0.06187013098194569
27,A,0.05,6,2,0.027083274470775135
27,A,0.05,6,3,0.34824337128188526
27,A,0.05,6,4,0.31452090765447643
27,A,0.05,6,5,0.4210623958499953
27,A,0.05,6,6,-0.12312595477451801
27,A,0.05,6,7,0.08598120268313258
27,A,0.05,6,8,0.06183696130712275
27,A,0.05,6,9,0.6273291860675397
27,A,0.05,7,0,-2.396000129838197
27,A,0.05,7,1,-1.1272615474386218
27,A,0.05,7,2,-2.455390327372284
27,A,0.05,7,3,-2.7671813982160147
27,A,0.05,7,4,-3.3219145692017134
27,A,0.05,7,5,-2.113263794387905
27,A,0.05,7,6,-2.963774386049637
27,A,0.05,7,7,-2.2482453453634026
27,A,0.05,7,8,-2.7219735018886984
27,A,0.05,7,9,-1.078798008582667
27,A,0.05,8,0,-1.8943929380308275
27,A,0.05,8,1,-1.428904178915268
27,A,0.05,8,2,-1.0509987818123165
27,A,0.05,8,3,-1.002776057220968
27,A,0.05,8,4,-1.0628232197126237
27,A,0.05,8,5,-1.2358154950987956
27,A,0.05,8,6,-1.159951041433432
27,A,0.05,8,7,-0.8466864121694835
27,A,0.05,8,8,-0.9505965527155023
27,A,0.05,8,9,-0.9696881241016901
27,A,0.05,9,0,-3.1294818146811147
27,A,0.05,9,1,-2.791504299514176
27,A,0.05,9,2,-2.2754587285827745
27,A,0.05,9,3,-2.138309155207618
27,A,0.05,9,4,-1.9612454387610612
27,A,0.05,9,5,-2.9613354913112553
27,A,0.05,9,6,-2.183919519442758
27,A,0.05,9,7,-2.0278590612559935
27,A,0.05,9,8,-2.882755800857137
27,A,0.05,9,9,-2.1384704721307237
27,B,100,0,0,0.3219593930218749
27,B,100,0,1,0.6126339711169382
27,B,100,0,2,0.9350292811319195
27,B,100,0,3,0.5519972409758471
27,B,100,0,4,0.39123997231736407
27,B,100,0,5,0.8453789510252109
27,B,100,0,6,0.7694896147318537
27,B,100,0,7,0.5906103811480623
27,B,100,0,8,0.7938392239236762
27,B,100,0,9,0.6334738583019579
27,B,100,1,0,0.023911083992583453
27,B,100,1,1,-0.07905934017970868
27,B,100,1,2,0.1066366424305014
27,B,100,1,3,0.29741131770131324
27,B,100,1,4,-0.10493044840126216
27,B,100,1,5,-0.04733671944855115
27,B,100,1,6,-0.004319587816924176
27,B,100,1,7,-0.10918123902735492
27,B,100,1,8,0.25585800235839345
27,B,100,1,9,-0.5314988344511526
27,B,100,2,0,0.9786995099036602
27,B,100,2,1,1.445980462193002
27,B,100,2,2,1.618376587281134
27,B,100,2,3,1.5419533584549332
27,B,100,2,4,1.0392424811409076
27,B,100,2,5,1.3489253297241453
27,B,100,2,6,1.5757927932253155
27,B,100,2,7,1.2918744276296166
27,B,100,2,8,2.029411043053028
27,B,100,2,9,1.3493412058970675
27,B,100,3,0,0.7230523299194549
27,B,100,3,1,0.49650618508506894
27,B,100,3,2,0.6638490681715614
27,B,100,3,3,0.5837762629111074
27,B,100,3,4,0.5272418449867674
27,B,100,3,5,0.7485961796576902
27,B,100,3,6,1.0065815994331138
27,B,100,3,7,0.802925701877103
27,B,100,3,8,0.677064971017761
27,B,100,3,9,0.9951317682632793
27,B,100,4,0,-0.314264467653516
27,B,100,4,1,0.005411051215004655
27,B,100,4,2,0.33503065922207553
27,B,100,4,3,0.09061350508904989
27,B,100,4,4,0.07199895828879943
27,B,100,4,5,0.0005933827703997193
27,B,100,4,6,0.10194076517255686
27,B,100,4,7,0.07890175419869645
27,B,100,4,8,0.19588515037510085
27,B,100,4,9,-0.1625378243914855
27,B,100,5,0,1.959117328553326
27,B,100,5,1,1.8086187203481108
27,B,100,5,2,1.5475336463051583
27,B,100,5,3,0.9597363034476799
27,B,100,5,4,1.51220837706371
27,B,100,5,5,1.0339658417853732
27,B,100,5,6,1.1335879554313795
27,B,100,5,7,1.5026762800707218
27,B,100,5,8,1.5345911997470232
27,B,100,5,9,1.4920385640603002
27,B,100,6,0,0.22248646728267857
27,B,100,6,1,0.3588450785442824
27,B,100,6,2,0.3004502774558502
27,B,100,6,3,-0.06319748647519788
27,B,100,6,4,0.15548986612258994
27,B,100,6,5,0.34096173950137487
27,B,100,6,6,0.20612894194411596
27,B,100,6,7,0.1968253730465361
27,B,100,6,8,0.19176263839751423
27,B,100,6,9,0.19426729915229934
27,B,100,7,0,0.8480515710754583
27,B,100,7,1,0.8590280492889227
27,B,100,7,2,0.27096993164206284
27,B,100,7,3,0.05715073356046455
27,B,100,7,4,0.4417751314212204
27,B,100,7,5,0.5720755176935094
27,B,100,7,6,1.369437850511644
27,B,100,7,7,1.3774100723463452
27,B,100,7,8,1.2407504162650878
27,B,100,7,9,1.3374362755706413
27,B,100,8,0,-2.0036818513072716
27,B,100,8,1,-1.9694604552486221
27,B,100,8,2,-3.031285473836025
27,B,100,8,3,-2.309548721097573
27,B,100,8,4,-1.336672567003936
27,B,100,8,5,-1.1056506601602853
27,B,100,8,6,-1.0049311893152488
27,B,100,8,7,-2.1100768573079556
27,B,100,8,8,-1.825807764525283
27,B,100,8,9,-1.036628918797992
27,B,100,9,0,-1.5080593632075594
27,B,100,9,1,-1.3467167740225028
27,B,100,9,2,-1.2807432685623577
27,B,100,9,3,-1.2362675345350427
27,B,100,9,4,-1.827236535860438
27,B,100,9,5,-1.2307798752379364
27,B,100,9,6,-1.4904864712402743
27,B,100,9,7,-1.3798844917227293
27,B,100,9,8,-1.4634613502303409
27,B,100,9,9,-1.0592908467330502
28,A,0.05,0,0,0.539914888125778
28,A,0.05,0,1,0.6185961603654611
28,A,0.05,0,2,0.6229494571027362
28,A,0.05,0,3,0.5520196970179091
28,A,0.05,0,4,0.3819449435114321
28,A,0.05,0,5,0.35694468168978866
28,A,0.05,0,6,0.9535681138334423
28,A,0.05,0,7,-0.1632154547119851
28,A,0.05,0,8,0.6351071555333334
28,A,0.05,0,9,0.061756993058737567
28,A,0.05,1,0,-0.39063358555730865
28,A,0.05,1,1,-0.4456759904334368
28,A,0.05,1,2,-0.3296054811488589
28,A,0.05,1,3,-0.38277710074400106
28,A,0.05,1,4,-0.27479449484293145
28,A,0.05,1,5,-0.2795963117694049
28,A,0.05,1,6,-0.21520511093572478
28,A,0.05,1,7,-0.22964859856826886
28,A,0.05,1,8,-0.08073947762284205
28,A,0.05,1,9,-0.27161801730533824
28,A,0.05,2,0,-0.3630979442931178
28,A,0.05,2,1,-0.8833747617241829
28,A,0.05,2,2,-0.7107137029273047
28,A,0.05,2,3,-0.3387737388738369
28,A,0.05,2,4,-0.8483753058714263
28,A,0.05,2,5,-0.29542940870797124
28,A,0.05,2,6,-0.6588162970600933
28,A,0.05,2,7,-0.30400788291672437
28,A,0.05,2,8,-0.538519745138497
28,A,0.05,2,9,0.0038736740232488227
28,A,0.05,3,0,-0.41527502626511104
28,A,0.05,3,1,-0.3184062778755263
28,A,0.05,3,2,-0.26725467553998783
28,A,0.05,3,3,-0.32116535596178414
28,A,0.05,3,4,-0.4061227559522769
28,A,0.05,3,5,-0.08923952944222911
28,A,0.05,3,6,-0.1361102284518316
28,A,0.05,3,7,-0.3148074219308112
28,A,0.05,3,8,-0.18170645164958008
28,A,0.05,3,9,-0.4586715737401692
28,A,0.05,4,0,-2.0927779184925157
28,A,0.05,4,1,-1.9952890310516522
28,A,0.05,4,2,-2.015295943718957
28,A,0.05,4,3,-2.3207672547255545
28,A,0.05,4,4,-2.07009693442595
28,A,0.05,4,5,-2.0870837794914014
28,A,0.05,4,6,-2.181197824149102
28,A,0.05,4,7,-1.579599004595814
28,A,0.05,4,8,-2.0727729775919967
28,A,0.05,4,9,-1.9881377245635858
28,A,0.05,5,0,1.8926120900773533
28,A,0.05,5,1,0.9261244681319875
28,A,0.05,5,2,0.6698894018602407
28,A,0.05,5,3,1.3158277779750163
28,A,0.05,5,4,1.1192328384973698
28,A,0.05,5,5,0.10696951565181556
28,A,0.05,5,6,1.8187777679255037
28,A,0.05,5,7,1.8560978037410565
28,A,0.05,5,8,1.0290805981319047
28,A,0.05,5,9,0.991329110005612
28,A,0.05,6,0,-0.3479052065478887
28,A,0.05,6,1,-0.2228947448244163
28,A,0.05,6,2,-0.4593284903311689
28,A,0.05,6,3,-0.3201517738955212
28,A,0.05,6,4,-0.6966740633169486
28,A,0.05,6,5,-0.4255337782471771
28,A,0.05,6,6,-0.14924141124060217
28,A,0.05,6,7,-0.14332921185524372
28,A,0.05,6,8,-0.7322616696655491
28,A,0.05,6,9,-0.43997768987384694
28,A,0.05,7,0,-0.4894962227258667
28,A,0.05,7,1,-0.8772472064188035
28,A,0.05,7,2,-0.9752386669140599
28,A,0.05,7,3,-1.2195112199211633
28,A,0.05,7,4,-0.8696018547198678
28,A,0.05,7,5,-1.221707599518631
28,A,0.05,7,6,-0.8583650261546785
28,A,0.05,7,7,-0.2359966377525469
28,A,0.05,7,8,-0.7055810680744852
28,A,0.05,7,9,-0.18558180269736715
28,A,0.05,8,0,0.8583742298731024
28,A,0.05,8,1,1.1449655838158144
28,A,0.05,8,2,0.5269654473146661
28,A,0.05,8,3,1.075976734012421
28,A,0.05,8,4,0.7148141228702206
28,A,0.05,8,5,0.5353027180496378
28,A,0.05,8,6,0.5349882975105988
28,A,0.05,8,7,0.6969156792480459
28,A,0.05,8,8,0.8052150772838426
28,A,0.05,8,9,0.5996106187573765
28,A,0.05,9,0,-0.1020194146976459
28,A,0.05,9,1,0.20148938579683656
28,A,0.05,9,2,0.012791588660156313
28,A,0.05,9,3,0.18926654384384317
28,A,0.05,9,4,0.4210370077034195
28,A,0.05,9,5,0.5348627555011437
28,A,0.05,9,6,0.1797596452469627
28,A,0.05,9,7,0.15662292771392705
28,A,0.05,9,8,0.5860979639058959
28,A,0.05,9,9,-0.09170552437154818
28,B,100,0,0,-0.06016202683099575
28,B,100,0,1,-0.41945493108686277
28,B,100,0,2,-0.6837855574824281
28,B,100,0,3,-0.19234159784734384
28,B,100,0,4,-0.010087091642986075
28,B,100,0,5,-0.3054106295650718
28,B,100,0,6,-0.46086590286703877
28,B,100,0,7,-0.0864100242486686
28,B,100,0,8,-0.4373337979491423
28,B,100,0,9,-0.673202423375002
28,B,100,1,0,-0.17133999405564979
28,B,100,1,1,-0.3947712476156517
28,B,100,1,2,-0.17380743643678923
28,B,100,1,3,-0.07689304530865335
28,B,100,1,4,-0.14047821006639608
28,B,100,1,5,-0.17140477996093467
28,B,100,1,6,-0.39432471098852895
28,B,100,1,7,-0.1785265941694993
28,B,100,1,8,-0.3876277552616007
28,B,100,1,9,-0.2630475238760251
28,B,100,2,0,-0.48371960896981414
28,B,100,2,1,-0.241183250552079
28,B,100,2,2,-0.005538482726031803
28,B,100,2,3,-0.2764261512770745
28,B,100,2,4,-0.3302893299469244
28,B,100,2,5,-0.6486615920592844
28,B,100,2,6,-0.3049929756882002
28,B,100,2,7,-0.18227986323171622
28,B,100,2,8,-0.06504722204269087
28,B,100,2,9,0.2088994242175909
28,B,100,3,0,-0.027547350853964956
28,B,100,3,1,0.32148067686229864
28,B,100,3,2,-0.15419859285670456
28,B,100,3,3,0.11741929271361494
28,B,100,3,4,0.22383296051996113
28,B,100,3,5,0.21865686703400106
28,B,100,3,6,0.23816105050740222
28,B,100,3,7,-0.16737463080450055
28,B,100,3,8,0.2598607098159824
28,B,100,3,9,0.1802633488645438
28,B,100,4,0,-0.11462100804447205
28,B,100,4,1,0.09388358298590305
28,B,100,4,2,0.193469124372219
28,B,100,4,3,0.24105186813213547
28,B,100,4,4,0.2590618449338706
28,B,100,4,5,-0.2812171943893846
28,B,100,4,6,0.023282474582793495
28,B,100,4,7,0.026683265807252162
28,B,100,4,8,-0.04613494734904897
28,B,100,4,9,-0.04022932794670185
28,B,100,5,0,-1.7036231687129932
28,B,100,5,1,-1.358902306664512
28,B,100,5,2,-1.6273744838820652
28,B,100,5,3,-1.455504782379553
28,B,100,5,4,-1.5890626064638842
28,B,100,5,5,-2.0564871274019785
28,B,100,5,6,-1.1073851795291212
28,B,100,5,7,-1.6402823594989264
28,B,100,5,8,-1.586331731819467
28,B,100,5,9,-1.176304256060411
28,B,100,6,0,0.09989954121106599
28,B,100,6,1,0.429584223634102
28,B,100,6,2,0.6615939119509971
28,B,100,6,3,0.05067107863865797
28,B,100,6,4,-0.1189966890400688
28,B,100,6,5,-0.04055688778516349
28,B,100,6,6,0.5454628636425025
28,B,100,6,7,0.5030890219724344
28,B,100,6,8,0.47008119480131605
28,B,100,6,9,0.22678748194409337
28,B,100,7,0,-1.319630837421043
28,B,100,7,1,-1.4998209089352768
28,B,100,7,2,-1.4943778942771808
28,B,100,7,3,-0.7898405266561576
28,B,100,7,4,0.03292846684452373
28,B,100,7,5,-0.5892321882547701
28,B,100,7,6,-0.5661281691183463
28,B,100,7,7,-1.070380176038437
28,B,100,7,8,-0.7006267240211993
28,B,100,7,9,-1.149129520641958
28,B,100,8,0,0.9730505162001448
28,B,100,8,1,0.008376828371142786
28,B,100,8,2,0.8939148821191234
28,B,100,8,3,-0.2703247296419643
28,B,100,8,4,0.5998712044122311
28,B,100,8,5,0.6638815561950556
28,B,100,8,6,-0.17457547934923232
28,B,100,8,7,0.41163134515823324
28,B,100,8,8,0.08089905575955098
28,B,100,8,9,0.7970141995443962
28,B,100,9,0,0.21324698023273614
28,B,100,9,1,0.2930410346956756
28,B,100,9,2,0.12772056444145782
28,B,100,9,3,0.34963751278879124
28,B,100,9,4,-0.01960006257742422
28,B,100,9,5,-0.01271658105587023
28,B,100,9,6,-0.15318468835701146
28,B,100,9,7,0.38763350528241775
28,B,100,9,8,0.19334548646436164
28,B,100,9,9,0.00804723931412226
29,A,0.05,0,0,-1.5752710616306282
29,A,0.05,0,1,-2.461278713760106
29,A,0.05,0,2,-1.779209653474054
29,A,0.05,0,3,-2.119061305264149
29,A,0.05,0,4,-2.140340568422098
29,A,0.05,0,5,-1.7514104943086972
29,A,0.05,0,6,-2.0870326515764415
29,A,0.05,0,7,-2.0520273181671094
29,A,0.05,0,8,-1.6491153860823677
29,A,0.05,0,9,-1.7350920128005327
29,A,0.05,1,0,3.5454311913991154
29,A,0.05,1,1,3.978608113849097
29,A,0.05,1,2,3.368075029960433
29,A,0.05,1,3,3.6212369976760295
29,A,0.05,1,4,3.4733902951441245
29,A,0.05,1,5,3.754297788552015
29,A,0.05,1,6,3.146097766891739
29,A,0.05,1,7,3.7387135682682904
29,A,0.05,1,8,3.3903520368943276
29,A,0.05,1,9,3.5672838255023387
29,A,0.05,2,0,1.4892423817348455
29,A,0.05,2,1,2.294279015803517
29,A,0.05,2,2,1.965194404484451
29,A,0.05,2,3,1.5768477443430882
29,A,0.05,2,4,1.9345382177370316
29,A,0.05,2,5,1.4585141608127272
29,A,0.05,2,6,1.8184250714003125
29,A,0.05,2,7,2.1351161823807643
29,A,0.05,2,8,1.9154188464397397
29,A,0.05,2,9,2.0470785288986924
29,A,0.05,3,0,-0.1497113772231395
29,A,0.05,3,1,-0.024959678768816766
29,A,0.05,3,2,-0.14039978058292416
29,A,0.05,3,3,-0.18479925310393458
29,A,0.05,3,4,0.10448047361329803
29,A,0.05,3,5,-0.4618818168783992
29,A,0.05,3,6,0.29559800025244837
29,A,0.05,3,7,-0.23546503563041357
29,A,0.05,3,8,-0.07597793466634455
29,A,0.05,3,9,-0.18642139089129484
29,A,0.05,4,0,-0.4949492343158883
29,A,0.05,4,1,-0.9115842399752756
29,A,0.05,4,2,-0.39301951552079134
29,A,0.05,4,3,-0.24625682395201373
29,A,0.05,4,4,-0.8973904446515928
29,A,0.05,4,5,-0.3021527095268772
29,A,0.05,4,6,-0.16633949474729712
29,A,0.05,4,7,-0.37700561431196355
29,A,0.05,4,8,-0.2997612956454021
29,A,0.05,4,9,-0.5167665139836873
29,A,0.05,5,0,0.3489652103043494
29,A,0.05,5,1,1.4065640476412997
29,A,0.05,5,2,2.171883860983417
29,A,0.05,5,3,1.4477232440974286
29,A,0.05,5,4,1.6830266022426696
29,A,0.05,5,5,1.1741796003192624
29,A,0.05,5,6,0.9718225746339969
29,A,0.05,5,7,1.9138872216033835
29,A,0.05,5,8,1.3360358632838256
29,A,0.05,5,9,0.006100089317138789
29,A,0.05,6,0,-0.1338335248466185
29,A,0.05,6,1,0.17867364043547274
29,A,0.05,6,2,0.3178343306543803
29,A,0.05,6,3,0.22145793470298117
29,A,0.05,6,4,0.21922962498989276
29,A,0.05,6,5,-0.11905866482756002
29,A,0.05,6,6,0.43608578324897185
29,A,0.05,6,7,0.02934306770130359
29,A,0.05,6,8,0.33642015404275205
29,A,0.05,6,9,0.37280832687374593
29,A,0.05,7,0,-0.3950683669716008
29,A,0.05,7,1,-0.09802839137026585
29,A,0.05,7,2,-0.4339842022879081
29,A,0.05,7,3,-0.069228146389326
29,A,0.05,7,4,-0.15768251054501542
29,A,0.05,7,5,-0.08930537359534754
29,A,0.05,7,6,-0.052503447970972665
29,A,0.05,7,7,-0.18027659830920012
29,A,0.05,7,8,-0.41185700263016806
29,A,0.05,7,9,-0.08878490667947578
29,A,0.05,8,0,0.25449446112084184
29,A,0.05,8,1,0.6557991383224065
29,A,0.05,8,2,0.10971439825140977
29,A,0.05,8,3,0.23038796644417028
29,A,0.05,8,4,0.007972270578327842
29,A,0.05,8,5,0.762772079935952
29,A,0.05,8,6,0.33929485581775415
29,A,0.05,8,7,0.36523251135647744
29,A,0.05,8,8,0.35897665343852836
29,A,0.05,8,9,0.661014945056254
29,A,0.05,9,0,-1.8226283562785819
29,A,0.05,9,1,-1.546831999036336
29,A,0.05,9,2,-1.397845004549469
29,A,0.05,9,3,-1.2167417559462868
29,A,0.05,9,4,-1.3507899181849239
29,A,0.05,9,5,-1.7841214784141624
29,A,0.05,9,6,-2.202455102468676
29,A,0.05,9,7,-1.9623166362877051
29,A,0.05,9,8,-1.6786450379055016
29,A,0.05,9,9,-1.5983765213282577
29,B,100,0,0,0.25226076540454506
29,B,100,0,1,0.35059912570964796
29,B,100,0,2,-0.1101230277380646
29,B,100,0,3,0.09963574031825302
29,B,100,0,4,0.4469278830973138
29,B,100,0,5,0.07871118942975998
29,B,100,0,6,0.047848651171152834
29,B,100,0,7,0.30648012457195817
29,B,100,0,8,0.2816823022970944
29,B,100,0,9,0.47601636992105256
29,B,100,1,0,-1.1902019997732864
29,B,100,1,1,-1.075114311779174
29,B,100,1,2,-1.0639249073789088
29,B,100,1,3,-0.7920541796554054
29,B,100,1,4,-0.7740696996922639
29,B,100,1,5,-0.858237006758031
29,B,100,1,6,-1.5015174680148702
29,B,100,1,7,-1.3377947098395249
29,B,100,1,8,-1.0226136071044727
29,B,100,1,9,-1.1997748463434128
29,B,100,2,0,-0.009222847726428916
29,B,100,2,1,0.020973435230966404
29,B,100,2,2,-0.00024185744123028283
29,B,100,2,3,0.024656537858362984
29,B,100,2,4,-0.003013489692408142
29,B,100,2,5,0.9983627528836426
29,B,100,2,6,0.7175877873277428
29,B,100,2,7,1.1747389763171003
29,B,100,2,8,0.32663231012550525
29,B,100,2,9,-0.23982088194779286
29,B,100,3,0,-1.7829202965528184
29,B,100,3,1,-1.0033889043974926
29,B,100,3,2,-1.2633130618705162
29,B,100,3,3,-1.5148162991311855
29,B,100,3,4,-1.4729934483174807
29,B,100,3,5,-0.8437391740341823
29,B,100,3,6,-1.7052468832014953
29,B,100,3,7,-1.6052602680856702
29,B,100,3,8,-1.3322674059849537
29,B,100,3,9,-1.5242040119239875
29,B,100,4,0,-0.11594742446071768
29,B,100,4,1,-0.014508353355545423
29,B,100,4,2,-0.22580960690098625
29,B,100,4,3,-0.3006803694334735
29,B,100,4,4,-0.3674979126964172
29,B,100,4,5,-0.3509272520681782
29,B,100,4,6,-0.9075160313283672
29,B,100,4,7,-0.06977674556818649
29,B,100,4,8,-0.38840491603788607
29,B,100,4,9,-0.19866925067209887
29,B,100,5,0,0.24771760353633193
29,B,100,5,1,0.4451040604543203
29,B,100,5,2,0.009093838231075315
29,B,100,5,3,0.44404228931119305
29,B,100,5,4,0.06948512741486698
29,B,100,5,5,0.5602975047955969
29,B,100,5,6,0.37029049822364585
29,B,100,5,7,0.41908568924973216
29,B,100,5,8,0.37653062888156164
29,B,100,5,9,0.5684966941769841
29,B,100,6,0,-1.1812618874828764
29,B,100,6,1,-0.9650227223716479
29,B,100,6,2,-1.0846766035409576
29,B,100,6,3,-1.46640549654032
29,B,100,6,4,-0.9678992090418471
29,B,100,6,5,-1.564108320539155
29,B,100,6,6,-1.7459222652208874
29,B,100,6,7,-1.6510141013724182
29,B,100,6,8,-1.3818145402552504
29,B,100,6,9,-1.7205915973653223
29,B,100,7,0,2.0379529033982737
29,B,100,7,1,1.5206597400526736
29,B,100,7,2,1.0109368233884994
29,B,100,7,3,2.378841701637159
29,B,100,7,4,1.930162650369225
29,B,100,7,5,1.9721378044016697
29,B,100,7,6,0.6959045754730097
29,B,100,7,7,1.681507416503222
29,B,100,7,8,1.5203332579260616
29,B,100,7,9,0.8651011546618512
29,B,100,8,0,0.43205376175699256
29,B,100,8,1,0.11525478073157754
29,B,100,8,2,0.8269252206098231
29,B,100,8,3,0.7414373163531027
29,B,100,8,4,-0.0036775339450384227
29,B,100,8,5,0.9097040643714445
29,B,100,8,6,0.7343144620598906
29,B,100,8,7,-0.11868772539031436
29,B,100,8,8,0.14983434082754252
29,B,100,8,9,0.31573338812060747
29,B,100,9,0,-0.5659124745725013
29,B,100,9,1,-0.5418904463337196
29,B,100,9,2,-0.6217416764768687
29,B,100,9,3,-0.5146279583011392
29,B,100,9,4,-0.4775753726701158
29,B,100,9,5,-0.49318306001407264
29,B,100,9,6,-0.5119333590832462
29,B,100,9,7,-0.45208740737411557
29,B,100,9,8,-0.4510490342106181
29,B,100,9,9,-0.3732029420747639
30,A,0.05,0,0,-0.40870103445651407
30,A,0.05,0,1,-1.100724164838309
30,A,0.05,0,2,-0.45079665137450814
30,A,0.05,0,3,-0.25974580417538906
30,A,0.05,0,4,-0.23709477484535726
30,A,0.05,0,5,-1.2485533015984243
30,A,0.05,0,6,-1.414113092766578
30,A,0.05,0,7,-0.7822324022472977
30,A,0.05,0,8,-1.010967238017574
30,A,0.05,0,9,-1.0012366651175746
30,A,0.05,1,0,0.19748026661113924
30,A,0.05,1,1,0.1206624111938478
30,A,0.05,1,2,0.2459606836265215
30,A,0.05,1,3,-0.3945603005601765
30,A,0.05,1,4,0.0012363393844990306
30,A,0.05,1,5,0.950853483598401
30,A,0.05,1,6,-0.12451387317547614
30,A,0.05,1,7,-0.23351659551374462
30,A,0.05,1,8,0.07343636473562676
30,A,0.05,1,9,-0.016458735967153075
30,A,0.05,2,0,-1.2262133563054223
30,A,0.05,2,1,-1.6590601564134275
30,A,0.05,2,2,-1.3943953278548165
30,A,0.05,2,3,-1.3960868111817981
30,A,0.05,2,4,-0.9844064707960185
30,A,0.05,2,5,-2.053229685943069
30,A,0.05,2,6,-2.2667256452152476
30,A,0.05,2,7,-1.7679586083329861
30,A,0.05,2,8,-1.6831910177620983
30,A,0.05,2,9,-1.2785638710904461
30,A,0.05,3,0,-0.18247567499361975
30,A,0.05,3,1,-0.02363791672841996
30,A,0.05,3,2,0.3531713404143201
30,A,0.05,3,3,0.11100333345627474
30,A,0.05,3,4,0.15156580712791978
30,A,0.05,3,5,0.09202494665805526
30,A,0.05,3,6,-0.24552760786130412
30,A,0.05,3,7,0.13545084661176784
30,A,0.05,3,8,0.05433018135321599
30,A,0.05,3,9,-0.006133314607507965
30,A,0.05,4,0,-1.670001656032654
30,A,0.05,4,1,-2.0898417827575337
30,A,0.05,4,2,-1.7947645909995722
30,A,0.05,4,3,-1.9562277765937186
30,A,0.05,4,4,-1.7483439433799532
30,A,0.05,4,5,-1.2853032379271876
30,A,0.05,4,6,-0.996871558884187
30,A,0.05,4,7,-1.9078827205945712
30,A,0.05,4,8,-1.320336541354529
30,A,0.05,4,9,-1.7248351440587149
30,A,0.05,5,0,0.42124494384481814
30,A,0.05,5,1,1.035510831827526
30,A,0.05,5,2,1.1248258713624324
30,A,0.05,5,3,1.1922571405131015
30,A,0.05,5,4,0.9658563485547228
30,A,0.05,5,5,0.8063049144645336
30,A,0.05,5,6,0.7620676996304542
30,A,0.05,5,7,1.0131735768856396
30,A,0.05,5,8,0.3445583816255539
30,A,0.05,5,9,0.30302865369669
30,A,0.05,6,0,0.44788556199502727
30,A,0.05,6,1,0.4845928512941077
30,A,0.05,6,2,-0.07116956927206641
30,A,0.05,6,3,0.3278110509888071
30,A,0.05,6,4,0.2423215844294922
30,A,0.05,6,5,-0.3814638267576977
30,A,0.05,6,6,-0.09912586058937128
30,A,0.05,6,7,0.21417950102180738
30,A,0.05,6,8,0.05479903035665966
30,A,0.05,6,9,0.06790690888822691
30,A,0.05,7,0,0.6113469842811899
30,A,0.05,7,1,0.4462711590340816
30,A,0.05,7,2,0.5236833074485239
30,A,0.05,7,3,0.6757012269657496
30,A,0.05,7,4,0.49543628622375024
30,A,0.05,7,5,0.4242211092979287
30,A,0.05,7,6,0.5297144940431059
30,A,0.05,7,7,0.5144181832192396
30,A,0.05,7,8,0.4144013207688365
30,A,0.05,7,9,0.4615314985520063
30,A,0.05,8,0,-0.8315115552981238
30,A,0.05,8,1,-0.7443050905501557
30,A,0.05,8,2,-0.775635259754635
30,A,0.05,8,3,-0.8494430496280202
30,A,0.05,8,4,-0.6735757943410856
30,A,0.05,8,5,-0.6683531144269251
30,A,0.05,8,6,-0.6709195296141588
30,A,0.05,8,7,-0.9901956608427113
30,A,0.05,8,8,-0.8707843135556179
30,A,0.05,8,9,-1.1280365735666738
30,A,0.05,9,0,-0.7913127058168549
30,A,0.05,9,1,-1.222684974906212
30,A,0.05,9,2,-1.1898737925967475
30,A,0.05,9,3,-1.9834029850721988
30,A,0.05,9,4,-1.354239822243539
30,A,0.05,9,5,-1.0202671027423338
30,A,0.05,9,6,-1.197151410450288
30,A,0.05,9,7,-1.622670473597811
30,A,0.05,9,8,-1.3939499769164825
30,A,0.05,9,9,-0.7831815210840779
30,B,100,0,0,-0.3529688540166232
30,B,100,0,1,-0.42451266866775983
30,B,100,0,2,-0.6480565885218071
30,B,100,0,3,-0.06657866990039725
30,B,100,0,4,-0.15980505446964965
30,B,100,0,5,-0.1726499067677105
30,B,100,0,6,-0.3255450031441603
30,B,100,0,7,-0.7344145881165509
30,B,100,0,8,-0.14721850240426362
30,B,100,0,9,-0.13894931508369504
30,B,100,1,0,-0.8290163516046212
30,B,100,1,1,-0.6389258660816491
30,B,100,1,2,-1.0239190374566651
30,B,100,1,3,-0.43131198136342636
30,B,100,1,4,-1.472494590310326
30,B,100,1,5,-0.97912314197184
30,B,100,1,6,-0.8263162046035728
30,B,100,1,7,-1.5039829258692305
30,B,100,1,8,-0.6286258345064044
30,B,100,1,9,-1.5912496917885017
30,B,100,2,0,-1.9851695984042712
30,B,100,2,1,-1.4903796140166565
30,B,100,2,2,-1.0921820108689078
30,B,100,2,3,-1.4964595743027762
30,B,100,2,4,-1.1063840187836242
30,B,100,2,5,-1.9472769102603678
30,B,100,2,6,-1.1204747875292231
30,B,100,2,7,-0.8043879037213649
30,B,100,2,8,-1.393098216868812
30,B,100,2,9,-1.2842377482962979
30,B,100,3,0,1.1813935739074601
30,B,100,3,1,1.391411689152619
30,B,100,3,2,0.7214036000498075
30,B,100,3,3,1.2607917784837486
30,B,100,3,4,0.7494307846004323
30,B,100,3,5,1.1411695970365203
30,B,100,3,6,0.6718714005598141
30,B,100,3,7,1.0892340192892502
30,B,100,3,8,0.9564398595502164
30,B,100,3,9,1.2413229775775543
30,B,100,4,0,0.15850540677859537
30,B,100,4,1,-0.14113863033673804
30,B,100,4,2,0.25130164799331695
30,B,100,4,3,0.09551585003700792
30,B,100,4,4,0.07277586303980564
30,B,100,4,5,0.1799238325785891
30,B,100,4,6,0.30441314353738763
30,B,100,4,7,0.332261494355148
30,B,100,4,8,0.3431690934186533
30,B,100,4,9,0.16589842470296776
30,B,100,5,0,0.2959644389838636
30,B,100,5,1,0.18489064672583652
30,B,100,5,2,0.504611781733526
30,B,100,5,3,0.33356006249604864
30,B,100,5,4,0.284953228426414
30,B,100,5,5,0.5863244930318383
30,B,100,5,6,0.24586615526665573
30,B,100,5,7,0.3169202295243573
30,B,100,5,8,0.15700908195586344
30,B,100,5,9,0.3496475015235505
30,B,100,6,0,-0.4718516984398828
30,B,100,6,1,-0.5745116524937411
30,B,100,6,2,-0.4623271502566945
30,B,100,6,3,-0.589586207003062
30,B,100,6,4,-0.42832232979947715
30,B,100,6,5,-0.44889524788391555
30,B,100,6,6,-0.6322473735042994
30,B,100,6,7,-0.41980218023999244
30,B,100,6,8,-0.707263293244372
30,B,100,6,9,-0.4172799883127606
30,B,100,7,0,0.007592672846842392
30,B,100,7,1,0.21350557947889998
30,B,100,7,2,-0.34837534128480985
30,B,100,7,3,0.0015961195273227367
30,B,100,7,4,-0.15744233732790025
30,B,100,7,5,-0.15964688872191504
30,B,100,7,6,-0.3023097521137783
30,B,100,7,7,0.2774606912935423
30,B,100,7,8,-0.5208781515666625
30,B,100,7,9,-0.1682606195353965
30,B,100,8,0,-1.2598147232072594
30,B,100,8,1,-0.8951098074641839
30,B,100,8,2,-0.7868087219180572
30,B,100,8,3,-1.5601845061542603
30,B,100,8,4,-1.237516345574534
30,B,100,8,5,-0.3370176395862902
30,B,100,8,6,-1.4540630712336273
30,B,100,8,7,-1.1444337471234565
30,B,100,8,8,-1.004010853934556
30,B,100,8,9,-0.8791031740378391
30,B,100,9,0,0.40666642004958753
30,B,100,9,1,0.6195835678195298
30,B,100,9,2,0.4522240496495482
30,B,100,9,3,0.6577394565030774
30,B,100,9,4,0.16377480920683285
30,B,100,9,5,0.5948164397347157
30,B,100,9,6,0.5932349945058939
30,B,100,9,7,0.5023031945116958
30,B,100,9,8,0.6371572822172636
30,B,100,9,9,0.3157019261784922
31,A,0.05,0,0,-0.31722381208230427
31,A,0.05,0,1,-0.6652807988042584
31,A,0.05,0,2,-0.48043943363689307
31,A,0.05,0,3,-0.43747485905526
31,A,0.05,0,4,-0.487475556822107
31,A,0.05,0,5,-0.05134346870353305
31,A,0.05,0,6,-0.1347852295618127
31,A,0.05,0,7,-0.51036041565195
31,A,0.05,0,8,-0.24546878114011916
31,A,0.05,0,9,-0.30026869413736357
31,A,0.05,1,0,0.7898240196953388
31,A,0.05,1,1,0.7098695942538052
31,A,0.05,1,2,0.7523324328596845
31,A,0.05,1,3,0.4448722734746576
31,A,0.05,1,4,-0.4013841693879361
31,A,0.05,1,5,1.3732786592601582
31,A,0.05,1,6,1.5285908082836523
31,A,0.05,1,7,1.1795394532390522
31,A,0.05,1,8,1.1690059526688301
31,A,0.05,1,9,1.2444565071841436
31,A,0.05,2,0,-1.422356368566127
31,A,0.05,2,1,-0.4975477072101108
31,A,0.05,2,2,-0.6626496961196204
31,A,0.05,2,3,-0.6658706921572651
31,A,0.05,2,4,-0.9706039127346227
31,A,0.05,2,5,-0.5661099147560893
31,A,0.05,2,6,-0.5206321411291146
31,A,0.05,2,7,-0.4302538531347846
31,A,0.05,2,8,-1.1059345336437199
31,A,0.05,2,9,-1.0487288386976117
31,A,0.05,3,0,-1.0197522578011158
31,A,0.05,3,1,-1.1317733301232167
31,A,0.05,3,2,-0.6214863931468309
31,A,0.05,3,3,-0.9416236875032776
31,A,0.05,3,4,-0.6183922285508021
31,A,0.05,3,5,-0.9809560513580156
31,A,0.05,3,6,-0.7813799184242622
31,A,0.05,3,7,-1.0231570067017646
31,A,0.05,3,8,-0.4936409896177158
31,A,0.05,3,9,-1.3879068060833073
31,A,0.05,4,0,-0.41270238341190774
31,A,0.05,4,1,-0.79808420845329
31,A,0.05,4,2,-0.6479853968374373
31,A,0.05,4,3,-0.5926732959074545
31,A,0.05,4,4,0.1880468507285304
31,A,0.05,4,5,-1.02901050222607
31,A,0.05,4,6,-1.6759167586245773
31,A,0.05,4,7,-0.1733863354608682
31,A,0.05,4,8,-0.5188080291119046
31,A,0.05,4,9,-0.41767105142789135
31,A,0.05,5,0,0.6666642328221883
31,A,0.05,5,1,-0.2673596087025803
31,A,0.05,5,2,0.2677196093677634
31,A,0.05,5,3,0.315569336206452
31,A,0.05,5,4,0.240060715335133
31,A,0.05,5,5,0.12482715471280495
31,A,0.05,5,6,-0.08193489461448579
31,A,0.05,5,7,0.0414716781069073
31,A,0.05,5,8,-0.2635327822588721
31,A,0.05,5,9,0.3482676758154776
31,A,0.05,6,0,1.6910416958961765
31,A,0.05,6,1,2.117759309850041
31,A,0.05,6,2,2.296278546594631
31,A,0.05,6,3,1.6432104350611265
31,A,0.05,6,4,2.1719513868932063
31,A,0.05,6,5,2.086369486992129
31,A,0.05,6,6,2.0745823979726707
31,A,0.05,6,7,1.8742705136819189
31,A,0.05,6,8,1.7415131848695262
31,A,0.05,6,9,2.022759107128334
31,A,0.05,7,0,0.0277799982870736
31,A,0.05,7,1,-0.39470705913710835
31,A,0.05,7,2,0.3866567187137044
31,A,0.05,7,3,0.23256022154295883
31,A,0.05,7,4,0.40527640121079855
31,A,0.05,7,5,-0.37109861647357745
31,A,0.05,7,6,0.1430738079120272
31,A,0.05,7,7,0.36042598193868436
31,A,0.05,7,8,0.08483813650921308
31,A,0.05,7,9,0.2950031712204884
31,A,0.05,8,0,4.227778601042817
31,A,0.05,8,1,4.988189860277929
31,A,0.05,8,2,4.1655376496581855
31,A,0.05,8,3,4.526680933835197
31,A,0.05,8,4,4.47729472281722
31,A,0.05,8,5,4.754819910423021
31,A,0.05,8,6,4.2641303091156315
31,A,0.05,8,7,4.707869109153398
31,A,0.05,8,8,4.2510153774864525
31,A,0.05,8,9,5.398935920168451
31,A,0.05,9,0,2.3937225550563794
31,A,0.05,9,1,2.7486939539667086
31,A,0.05,9,2,2.3247873831593058
31,A,0.05,9,3,2.467435086570483
31,A,0.05,9,4,2.431563611898866
31,A,0.05,9,5,2.989043681575208
31,A,0.05,9,6,3.0166362478990885
31,A,0.05,9,7,3.501678807228809
31,A,0.05,9,8,2.5674924010135407
31,A,0.05,9,9,3.0601349873983787
31,B,100,0,0,-0.16474663052838848
31,B,100,0,1,0.6830843292743013
31,B,100,0,2,0.1579191849468562
31,B,100,0,3,0.3543847662440739
31,B,100,0,4,0.03276980927708245
31,B,100,0,5,0.44599108022884065
31,B,100,0,6,0.21622146412117815
31,B,100,0,7,0.941985779802363
31,B,100,0,8,0.6960654079821992
31,B,100,0,9,0.553293616911521
31,B,100,1,0,0.04552726398000953
31,B,100,1,1,0.11793094578121924
31,B,100,1,2,0.15990384939213864
31,B,100,1,3,0.06504384547925854
31,B,100,1,4,0.1447474833207576
31,B,100,1,5,-0.14529421408211216
31,B,100,1,6,-0.042384463747875724
31,B,100,1,7,0.102863054566416
31,B,100,1,8,0.3328345316100182
31,B,100,1,9,0.07161513337973104
31,B,100,2,0,0.13110163778909129
31,B,100,2,1,0.3390104595340758
31,B,100,2,2,0.3259803194581074
31,B,100,2,3,0.039484196750811294
31,B,100,2,4,0.2926045045543287
31,B,100,2,5,0.08533775467897438
31,B,100,2,6,0.3238310147184453
31,B,100,2,7,0.30437886313179585
31,B,100,2,8,0.1311698500914422
31,B,100,2,9,0.3860855994076625
31,B,100,3,0,1.9615492374064405
31,B,100,3,1,1.7253583339322747
31,B,100,3,2,2.860751638206494
31,B,100,3,3,2.2919708734650697
31,B,100,3,4,1.5602100781885653
31,B,100,3,5,1.2216025684277012
31,B,100,3,6,2.052214260515691
31,B,100,3,7,2.0595971150932115
31,B,100,3,8,1.5370748883278769
31,B,100,3,9,1.7859633962502035
31,B,100,4,0,-0.506075119983561
31,B,100,4,1,-0.537563738147488
31,B,100,4,2,-0.5117877210950265
31,B,100,4,3,-0.6395191878698804
31,B,100,4,4,-1.1386128531055468
31,B,100,4,5,-0.5825993688748209
31,B,100,4,6,-0.5316698547292588
31,B,100,4,7,-0.6219093601908338
31,B,100,4,8,-0.43278256381920627
31,B,100,4,9,-0.734416727360398
31,B,100,5,0,-0.013852475012616612
31,B,100,5,1,-0.012749880787965557
31,B,100,5,2,0.022703385724463458
31,B,100,5,3,0.029531362687177397
31,B,100,5,4,0.04071322552053206
31,B,100,5,5,0.05698189629932528
31,B,100,5,6,0.0462567846818273
31,B,100,5,7,0.020610520226710886
31,B,100,5,8,0.10092589290703463
31,B,100,5,9,0.0713265843490096
31,B,100,6,0,-0.2337976263594327
31,B,100,6,1,-0.34420134456484736
31,B,100,6,2,-0.4142856526027348
31,B,100,6,3,-0.2696467896954815
31,B,100,6,4,-0.6606894180941338
31,B,100,6,5,-0.5285810061689891
31,B,100,6,6,-0.19627958068939588
31,B,100,6,7,-0.3392542734657533
31,B,100,6,8,-0.3819950373307852
31,B,100,6,9,-0.27445209853283326
31,B,100,7,0,-0.9167052515543246
31,B,100,7,1,-0.7555792833368806
31,B,100,7,2,-0.38122831714534633
31,B,100,7,3,-0.652823940664663
31,B,100,7,4,-0.35132266107514565
31,B,100,7,5,-0.8718371860867324
31,B,100,7,6,-0.4614166490280536
31,B,100,7,7,0.1087524108859373
31,B,100,7,8,-0.4361294050276693
31,B,100,7,9,-0.441802112187145
31,B,100,8,0,-1.0284538418558569
31,B,100,8,1,-1.4611127049478876
31,B,100,8,2,-0.7886592207810029
31,B,100,8,3,-0.02926227776584127
31,B,100,8,4,-1.0932713311377453
31,B,100,8,5,-1.083906958127542
31,B,100,8,6,-0.9183020553944217
31,B,100,8,7,-0.8485302627084398
31,B,100,8,8,-0.9735606415098429
31,B,100,8,9,-0.7127719221727287
31,B,100,9,0,-2.084865482212579
31,B,100,9,1,-2.8127372791879974
31,B,100,9,2,-2.666607610156055
31,B,100,9,3,-2.1671925303242268
31,B,100,9,4,-2.7532657802674687
31,B,100,9,5,-2.3745685886796815
31,B,100,9,6,-2.6839086626232134
31,B,100,9,7,-3.2062475054040327
31,B,100,9,8,-2.4675164331239468
31,B,100,9,9,-2.5303137745386985
32,A,0.05,0,0,-0.2048232261117783
32,A,0.05,0,1,-0.08551956356548877
32,A,0.05,0,2,-0.0029369612123308323
32,A,0.05,0,3,0.10436618584776203
32,A,0.05,0,4,-0.16831102473909124
32,A,0.05,0,5,-0.047152855807315444
32,A,0.05,0,6,0.43389049441622857
32,A,0.05,0,7,-0.30987692867309785
32,A,0.05,0,8,-0.09635693070033555
32,A,0.05,0,9,0.06427118122175517
32,A,0.05,1,0,-0.25243719570102086
32,A,0.05,1,1,-0.7646326488085142
32,A,0.05,1,2,-0.552248207294239
32,A,0.05,1,3,-0.7635009937691621
32,A,0.05,1,4,-0.24167467029269574
32,A,0.05,1,5,-0.8655915366168503
32,A,0.05,1,6,-0.7593314926257763
32,A,0.05,1,7,-1.023386692363438
32,A,0.05,1,8,-0.19163953786356205
32,A,0.05,1,9,-0.3790696071009734
32,A,0.05,2,0,-0.6102659117578529
32,A,0.05,2,1,-0.547582529828458
32,A,0.05,2,2,-0.5354197515171466
32,A,0.05,2,3,-0.6878912967664071
32,A,0.05,2,4,-0.5120836084527497
32,A,0.05,2,5,-0.6042460188773418
32,A,0.05,2,6,-0.37675208616994244
32,A,0.05,2,7,-0.4321573612911562
32,A,0.05,2,8,-0.20955866072962925
32,A,0.05,2,9,-0.11404795475521884
32,A,0.05,3,0,-2.259859988932075
32,A,0.05,3,1,-2.210328635698755
32,A,0.05,3,2,-1.9630846892473506
32,A,0.05,3,3,-2.7716119135177197
32,A,0.05,3,4,-2.318073866516745
32,A,0.05,3,5,-2.202246403274974
32,A,0.05,3,6,-2.556458918426877
32,A,0.05,3,7,-2.5078391424639257
32,A,0.05,3,8,-2.18849260133387
32,A,0.05,3,9,-1.545514433566886
32,A,0.05,4,0,0.17050142585071282
32,A,0.05,4,1,0.202997051259245
32,A,0.05,4,2,-0.344248110134578
32,A,0.05,4,3,0.2830334767623755
32,A,0.05,4,4,-0.17885539977266232
32,A,0.05,4,5,0.0399410625055811
32,A,0.05,4,6,-0.26416930915452125
32,A,0.05,4,7,-0.08860941931660456
32,A,0.05,4,8,0.3345270039166755
32,A,0.05,4,9,0.507644715741999
32,A,0.05,5,0,-0.1627412905358685
32,A,0.05,5,1,-0.2564806624590457
32,A,0.05,5,2,-0.33595797353553997
32,A,0.05,5,3,-0.2419540569669108
32,A,0.05,5,4,-0.22592787570347128
32,A,0.05,5,5,-0.2049373246418573
32,A,0.05,5,6,-0.25464815193886897
32,A,0.05,5,7,0.20456333514901792
32,A,0.05,5,8,-0.05332454062233202
32,A,0.05,5,9,-0.26671219675876495
32,A,0.05,6,0,-0.836564809543947
32,A,0.05,6,1,-1.1143715158703655
32,A,0.05,6,2,-1.0878704341724366
32,A,0.05,6,3,-1.1739574379710684
32,A,0.05,6,4,-0.9784511312409153
32,A,0.05,6,5,-1.7457804979951732
32,A,0.05,6,6,-0.7984686945866655
32,A,0.05,6,7,-1.6009674882520242
32,A,0.05,6,8,-1.028878440555335
32,A,0.05,6,9,-1.0943389120453424
32,A,0.05,7,0,-0.27557806971619564
32,A,0.05,7,1,0.10002532591432818
32,A,0.05,7,2,0.11587339561029325
32,A,0.05,7,3,-0.15993862442578294
32,A,0.05,7,4,0.15424909367863304
32,A,0.05,7,5,0.13421631396049133
32,A,0.05,7,6,0.14792801082833743
32,A,0.05,7,7,0.10470302133532067
32,A,0.05,7,8,0.08437008646583921
32,A,0.05,7,9,0.24774783229556718
32,A,0.05,8,0,-2.047535427424368
32,A,0.05,8,1,-2.5410269236738094
32,A,0.05,8,2,-1.6265922539138615
32,A,0.05,8,3,-2.0569285861639353
32,A,0.05,8,4,-1.9778380301744527
32,A,0.05,8,5,-2.258607658696234
32,A,0.05,8,6,-1.0151187559037596
32,A,0.05,8,7,-1.4363880300164196
32,A,0.05,8,8,-1.4723995560832368
32,A,0.05,8,9,-1.3614965264002747
32,A,0.05,9,0,0.11331063759912255
32,A,0.05,9,1,-0.07984052238531064
32,A,0.05,9,2,-0.06448657551276774
32,A,0.05,9,3,-0.13424369270612335
32,A,0.05,9,4,-0.22905789102759638
32,A,0.05,9,5,-0.00822983447363988
32,A,0.05,9,6,-0.05498010267124417
32,A,0.05,9,7,-0.0033116337825484037
32,A,0.05,9,8,-0.24377285766094006
32,A,0.05,9,9,-0.17154213000421115
32,B,100,0,0,1.2156279945223352
32,B,100,0,1,1.240614104767236
32,B,100,0,2,0.8670549074112001
32,B,100,0,3,1.0779756679389123
32,B,100,0,4,0.9178489293363172
32,B,100,0,5,1.1834166481933375
32,B,100,0,6,0.7935991108160327
32,B,100,0,7,1.4402659673900224
32,B,100,0,8,1.1286782404258155
32,B,100,0,9,0.9314013973399836
32,B,100,1,0,1.411475147808493
32,B,100,1,1,1.117358054449933
32,B,100,1,2,1.2081996106794146
32,B,100,1,3,1.0620710496378307
32,B,100,1,4,0.6105329816489193
32,B,100,1,5,0.563183434486401
32,B,100,1,6,0.8022602280241302
32,B,100,1,7,1.1942463779602068
32,B,100,1,8,1.0740623241634728
32,B,100,1,9,0.9221772025329547
32,B,100,2,0,-0.7435436491762508
32,B,100,2,1,-1.4523410871547557
32,B,100,2,2,-0.4964013554214537
32,B,100,2,3,-0.851518182342815
32,B,100,2,4,-0.7861687276050596
32,B,100,2,5,-2.1743598742304737
32,B,100,2,6,-0.9447589399452495
32,B,100,2,7,-0.6589964744804875
32,B,100,2,8,-0.6607608093079774
32,B,100,2,9,-0.8936799025203385
32,B,100,3,0,-0.8779556046974835
32,B,100,3,1,-1.0123488368225886
32,B,100,3,2,-0.6001961619794387
32,B,100,3,3,-0.8881386517979415
32,B,100,3,4,-0.5716520876910479
32,B,100,3,5,-0.5654338086679952
32,B,100,3,6,-1.03422235285803
32,B,100,3,7,-0.6637216085006451
32,B,100,3,8,-0.6523282395173551
32,B,100,3,9,-0.739834757398233
32,B,100,4,0,-0.9135206349415733
32,B,100,4,1,-0.900846568991925
32,B,100,4,2,-1.1648385496064313
32,B,100,4,3,-1.0804574037127914
32,B,100,4,4,-1.0717246727409886
32,B,100,4,5,-0.9427077327040346
32,B,100,4,6,-1.072282643080089
32,B,100,4,7,-1.1394043178723205
32,B,100,4,8,-1.060942728473834
32,B,100,4,9,-0.9018519337906827
32,B,100,5,0,-1.1536795371117212
32,B,100,5,1,-1.1713961613385273
32,B,100,5,2,-0.8428280874364797
32,B,100,5,3,-1.1157877243371082
32,B,100,5,4,-1.2308785732376897
32,B,100,5,5,-2.3330461840601644
32,B,100,5,6,-2.5985522791127207
32,B,100,5,7,-0.9262544404238264
32,B,100,5,8,-1.8838009803368108
32,B,100,5,9,-1.8037622417820884
32,B,100,6,0,0.14976578501332333
32,B,100,6,1,0.2510426785196885
32,B,100,6,2,0.3999850160566562
32,B,100,6,3,0.061448376061792216
32,B,100,6,4,0.1129675104783243
32,B,100,6,5,0.031081486579104558
32,B,100,6,6,0.2852141791785471
32,B,100,6,7,-0.04739236555945175
32,B,100,6,8,-0.03464402982631639
32,B,100,6,9,0.04559508476999
32,B,100,7,0,-0.17337501557225402
32,B,100,7,1,0.27423206933495736
32,B,100,7,2,-0.03020446663813201
32,B,100,7,3,-0.14719993976691934
32,B,100,7,4,-0.07002540955550157
32,B,100,7,5,0.25395523878258347
32,B,100,7,6,-0.18556708247413803
32,B,100,7,7,-0.03755890758059509
32,B,100,7,8,-0.05466295265791556
32,B,100,7,9,0.18714963928913295
32,B,100,8,0,0.6080555885706601
32,B,100,8,1,0.4885474246509315
32,B,100,8,2,0.20044199969638743
32,B,100,8,3,0.44407315996358215
32,B,100,8,4,0.22282362566902011
32,B,100,8,5,0.4081327231739674
32,B,100,8,6,0.6329271355433006
32,B,100,8,7,0.48609893074484545
32,B,100,8,8,0.5738288773707904
32,B,100,8,9,0.34982350961834763
32,B,100,9,0,1.4138478280688498
32,B,100,9,1,1.3361049079068816
32,B,100,9,2,1.4921769643754754
32,B,100,9,3,1.6540851800724066
32,B,100,9,4,1.4930528115857988
32,B,100,9,5,1.657404907472584
32,B,100,9,6,1.2732421905253823
32,B,100,9,7,1.4100168502692052
32,B,100,9,8,1.498215765759416
32,B,100,9,9,1.3800354568461253
33,A,0.05,0,0,0.09052616841355625
33,A,0.05,0,1,0.001791759513485543
33,A,0.05,0,2,-0.35405023583532924
33,A,0.05,0,3,-0.5119406594278786
33,A,0.05,0,4,-0.0765559592266368
33,A,0.05,0,5,-0.12836645870834956
33,A,0.05,0,6,-0.10150900569902473
33,A,0.05,0,7,-0.026288977065925753
33,A,0.05,0,8,-0.11838757185688883
33,A,0.05,0,9,-0.035274454172287494
33,A,0.05,1,0,1.175916756224688
33,A,0.05,1,1,1.3725439502952501
33,A,0.05,1,2,1.2902485123894638
33,A,0.05,1,3,1.2259129252081624
33,A,0.05,1,4,1.1849619396343736
33,A,0.05,1,5,1.2781085140334503
33,A,0.05,1,6,1.3430753772713433
33,A,0.05,1,7,1.561432833252727
33,A,0.05,1,8,1.5633843711735107
33,A,0.05,1,9,1.2594990276551181
33,A,0.05,2,0,0.7441103197131443
33,A,0.05,2,1,0.6896226538405007
33,A,0.05,2,2,0.9809659299316965
33,A,0.05,2,3,0.7202199101958614
33,A,0.05,2,4,1.2265968415279582
33,A,0.05,2,5,0.10497079204113995
33,A,0.05,2,6,1.8704641623460596
33,A,0.05,2,7,1.2231624928505989
33,A,0.05,2,8,1.4457430753728806
33,A,0.05,2,9,0.1479647516842624
33,A,0.05,3,0,-0.20395751890716068
33,A,0.05,3,1,-0.2341691783294311
33,A,0.05,3,2,-0.3552769734920625
33,A,0.05,3,3,-0.14595454935530544
33,A,0.05,3,4,-0.2902825318511332
33,A,0.05,3,5,-0.4085440190876009
33,A,0.05,3,6,-0.12999690206499434
33,A,0.05,3,7,0.7824822393663737
33,A,0.05,3,8,1.3851413597772875
33,A,0.05,3,9,0.7162477915820288
33,A,0.05,4,0,-1.0353030037009217
33,A,0.05,4,1,-1.3197162263085136
33,A,0.05,4,2,-1.441752357319568
33,A,0.05,4,3,-0.6405559602920696
33,A,0.05,4,4,-0.7256338870987525
33,A,0.05,4,5,-1.0037336864066355
33,A,0.05,4,6,-1.1434076583713193
33,A,0.05,4,7,-0.9017893835876025
33,A,0.05,4,8,-1.2316081520710083
33,A,0.05,4,9,-1.0467537947932157
33,A,0.05,5,0,1.002561385707404
33,A,0.05,5,1,-0.012354085428373148
33,A,0.05,5,2,0.21988609840552992
33,A,0.05,5,3,0.19498197305885667
33,A,0.05,5,4,0.730003328470198
33,A,0.05,5,5,0.2768939659242617
33,A,0.05,5,6,0.6756363030570127
33,A,0.05,5,7,0.8446185110626359
33,A,0.05,5,8,0.6463646299243647
33,A,0.05,5,9,0.3265319562089226
33,A,0.05,6,0,0.08593697619353372
33,A,0.05,6,1,0.25511747281198716
33,A,0.05,6,2,0.4345197149364149
33,A,0.05,6,3,0.16628344960543406
33,A,0.05,6,4,0.36535789396597423
33,A,0.05,6,5,0.4994565198089059
33,A,0.05,6,6,0.45415283368893217
33,A,0.05,6,7,0.3125046766713794
33,A,0.05,6,8,0.4790821847062202
33,A,0.05,6,9,0.6493613361599594
33,A,0.05,7,0,-1.1690666256298141
33,A,0.05,7,1,-1.0601787669921343
33,A,0.05,7,2,-1.0104996878928532
33,A,0.05,7,3,-0.9210058859076178
33,A,0.05,7,4,-0.9684167234873693
33,A,0.05,7,5,-1.0025444699787973
33,A,0.05,7,6,-1.2696813215715472
33,A,0.05,7,7,-1.1235951951657013
33,A,0.05,7,8,-1.3753901567059406
33,A,0.05,7,9,-0.4013347393478192
33,A,0.05,8,0,-0.4092761248875436
33,A,0.05,8,1,-0.659271936441942
33,A,0.05,8,2,-0.39088949581432547
33,A,0.05,8,3,-0.4082487234348202
33,A,0.05,8,4,-0.29702874610479424
33,A,0.05,8,5,-0.4430133586051094
33,A,0.05,8,6,-0.42008318780549553
33,A,0.05,8,7,-0.4345367288625754
33,A,0.05,8,8,-0.5802112234526564
33,A,0.05,8,9,-0.43107896899621373
33,A,0.05,9,0,0.4893441460842815
33,A,0.05,9,1,0.6046847453722606
33,A,0.05,9,2,0.8526231514669703
33,A,0.05,9,3,0.6462008134767304
33,A,0.05,9,4,0.5586974484316505
33,A,0.05,9,5,0.645315880569978
33,A,0.05,9,6,0.6993979141520946
33,A,0.05,9,7,0.4349727037185473
33,A,0.05,9,8,0.9834487118574559
33,A,0.05,9,9,0.8577274097185864
33,B,100,0,0,-1.2476049530251163
33,B,100,0,1,-0.6467204222640766
33,B,100,0,2,-0.5863720500915617
33,B,100,0,3,-0.2101903713245412
33,B,100,0,4,-0.8028188023695181
33,B,100,0,5,-0.34787408580903223
33,B,100,0,6,-0.44919539814771153
33,B,100,0,7,-0.2555671293567773
33,B,100,0,8,-0.26261966906191664
33,B,100,0,9,-0.3399734297943766
33,B,100,1,0,-0.6731447630869215
33,B,100,1,1,-0.00024631102324716757
33,B,100,1,2,-0.463404001978898
33,B,100,1,3,-0.6758219131186771
33,B,100,1,4,0.2681076437899545
33,B,100,1,5,-0.4962835433263768
33,B,100,1,6,-0.26062788031595274
33,B,100,1,7,0.0805692353843408
33,B,100,1,8,-1.082679173994266
33,B,100,1,9,0.1399476841491164
33,B,100,2,0,-0.21415224548260425
33,B,100,2,1,-0.39833500473697336
33,B,100,2,2,0.3420152263145708
33,B,100,2,3,0.35387093225214294
33,B,100,2,4,0.30673345182771183
33,B,100,2,5,-0.5331047201762719
33,B,100,2,6,0.9417795360925355
33,B,100,2,7,0.7181553409296991
33,B,100,2,8,0.4951522249426618
33,B,100,2,9,0.7211484585721988
33,B,100,3,0,0.26448065740335197
33,B,100,3,1,0.1685771747940384
33,B,100,3,2,0.33670393772563423
33,B,100,3,3,-0.12836512006632478
33,B,100,3,4,0.3759217697235493
33,B,100,3,5,0.18354159865745964
33,B,100,3,6,0.3591383427089371
33,B,100,3,7,0.3880299932726871
33,B,100,3,8,0.1428100097760312
33,B,100,3,9,0.24658445458627273
33,B,100,4,0,0.3931203515595173
33,B,100,4,1,0.7351287951471279
33,B,100,4,2,1.1548664156311628
33,B,100,4,3,0.633323698268758
33,B,100,4,4,0.5861421282557514
33,B,100,4,5,0.7674831014293981
33,B,100,4,6,0.6983913585305646
33,B,100,4,7,0.7095929172912235
33,B,100,4,8,0.652489657323246
33,B,100,4,9,0.7961415562368621
33,B,100,5,0,-0.07313862848911477
33,B,100,5,1,-0.2578711933817475
33,B,100,5,2,0.0327635021985243
33,B,100,5,3,-0.4019653871815627
33,B,100,5,4,-0.14099480579190202
33,B,100,5,5,0.23905522180211267
33,B,100,5,6,-0.22104120439920558
33,B,100,5,7,-0.3759498171051575
33,B,100,5,8,-0.36031287727544603
33,B,100,5,9,-0.44437058139949387
33,B,100,6,0,0.5041583942076742
33,B,100,6,1,-0.02473683071824762
33,B,100,6,2,0.3485471531250313
33,B,100,6,3,0.5048925119791576
33,B,100,6,4,-0.09784505746392441
33,B,100,6,5,0.5623776631234738
33,B,100,6,6,0.4378009262221243
33,B,100,6,7,0.2689925396923995
33,B,100,6,8,0.16335929573503116
33,B,100,6,9,0.42388979823735595
33,B,100,7,0,-1.161343559079778
33,B,100,7,1,-1.6585790325530398
33,B,100,7,2,-0.8794943291102567
33,B,100,7,3,-1.031076752739636
33,B,100,7,4,-1.160001017196086
33,B,100,7,5,-1.1794885913249815
33,B,100,7,6,-1.5719513832767127
33,B,100,7,7,-1.3278045322236587
33,B,100,7,8,-1.5825886249652907
33,B,100,7,9,-1.3950175977363763
33,B,100,8,0,-1.3801104520733924
33,B,100,8,1,-0.23470118116436242
33,B,100,8,2,-0.924870055746763
33,B,100,8,3,-1.2515617459836779
33,B,100,8,4,-0.7644506015022532
33,B,100,8,5,-0.25565331073319886
33,B,100,8,6,-0.8309515044352217
33,B,100,8,7,-1.5715153046503265
33,B,100,8,8,-1.4519787197086922
33,B,100,8,9,-0.6347256498086475
33,B,100,9,0,-1.1284058025535162
33,B,100,9,1,-1.1846264311643442
33,B,100,9,2,-1.0572272564551026
33,B,100,9,3,-0.8005669666088427
33,B,100,9,4,-0.584003243347868
33,B,100,9,5,-1.2654582779135222
33,B,100,9,6,-0.984101985730286
33,B,100,9,7,-1.4140383397282794
33,B,100,9,8,-1.2816912648286374
33,B,100,9,9,-0.921386484811619
34,A,0.05,0,0,-0.28044942757682795
34,A,0.05,0,1,0.27386464978621766
34,A,0.05,0,2,0.026565644029860683
34,A,0.05,0,3,0.14267493809048548
34,A,0.05,0,4,0.16960300809243134
34,A,0.05,0,5,0.2892624725956786
34,A,0.05,0,6,0.1288349609639651
34,A,0.05,0,7,-0.5360471119695855
34,A,0.05,0,8,0.407197869212652
34,A,0.05,0,9,0.15758036502649364
34,A,0.05,1,0,0.5985838456298802
34,A,0.05,1,1,0.1735861798985667
34,A,0.05,1,2,0.14172092985367082
34,A,0.05,1,3,0.5765536824425119
34,A,0.05,1,4,0.6547051753741089
34,A,0.05,1,5,0.5178972033645919
34,A,0.05,1,6,-0.06099311029145612
34,A,0.05,1,7,0.7075183611056366
34,A,0.05,1,8,0.7404338054941905
34,A,0.05,1,9,0.2857501247227122
34,A,0.05,2,0,-0.7988949938503915
34,A,0.05,2,1,-0.24685092950033302
34,A,0.05,2,2,-0.7637091437711111
34,A,0.05,2,3,-0.5315047641438525
34,A,0.05,2,4,-0.3194425436506566
34,A,0.05,2,5,-0.24607032342970006
34,A,0.05,2,6,-0.3482347434341479
34,A,0.05,2,7,-0.27392582770844404
34,A,0.05,2,8,-1.0841095930214038
34,A,0.05,2,9,-1.042501603892869
34,A,0.05,3,0,-0.40350239163426116
34,A,0.05,3,1,-0.5687979953606577
34,A,0.05,3,2,-0.06935110854774278
34,A,0.05,3,3,-0.038630303887313984
34,A,0.05,3,4,-0.2648208141985709
34,A,0.05,3,5,0.02068306991607043
34,A,0.05,3,6,-0.14996539289719127
34,A,0.05,3,7,0.36094401675956644
34,A,0.05,3,8,-0.09047668794263232
34,A,0.05,3,9,0.08087765411870972
34,A,0.05,4,0,-1.0195565089928311
34,A,0.05,4,1,-1.4724154608467535
34,A,0.05,4,2,-1.2421326840590472
34,A,0.05,4,3,-0.8825982904628306
34,A,0.05,4,4,-1.1815826653116954
34,A,0.05,4,5,-1.0645898025902634
34,A,0.05,4,6,-0.8544789214121645
34,A,0.05,4,7,-0.9540747996287693
34,A,0.05,4,8,-0.7497176371952545
34,A,0.05,4,9,-0.8504104637818928
34,A,0.05,5,0,0.341020842170526
34,A,0.05,5,1,0.570101293949671
34,A,0.05,5,2,0.6511822245265484
34,A,0.05,5,3,0.5636660034404615
34,A,0.05,5,4,1.2334356678420482
34,A,0.05,5,5,1.0468951805824709
34,A,0.05,5,6,0.5018863315121062
34,A,0.05,5,7,0.56655807819949
34,A,0.05,5,8,0.784548008975808
34,A,0.05,5,9,0.5622538408549066
34,A,0.05,6,0,2.748283149632065
34,A,0.05,6,1,2.579114126535025
34,A,0.05,6,2,2.777181750975675
34,A,0.05,6,3,2.681357488441735
34,A,0.05,6,4,2.880072617912648
34,A,0.05,6,5,2.593666831211715
34,A,0.05,6,6,2.336786868242639
34,A,0.05,6,7,2.019469081794784
34,A,0.05,6,8,2.1212180623336048
34,A,0.05,6,9,2.8118972714981174
34,A,0.05,7,0,-0.24479510973026766
34,A,0.05,7,1,-0.5344760048059276
34,A,0.05,7,2,-0.1887278880316275
34,A,0.05,7,3,0.027326386637602527
34,A,0.05,7,4,-0.24798860022093178
34,A,0.05,7,5,0.06748921482613919
34,A,0.05,7,6,0.05494125780514862
34,A,0.05,7,7,0.08596840300199393
34,A,0.05,7,8,0.11055477903867289
34,A,0.05,7,9,0.12504707668669976
34,A,0.05,8,0,0.8950880898290358
34,A,0.05,8,1,1.288737129567461
34,A,0.05,8,2,0.6485977523509722
34,A,0.05,8,3,1.157493199651961
34,A,0.05,8,4,1.1970062635242742
34,A,0.05,8,5,1.2462181627781304
34,A,0.05,8,6,1.239757084872787
34,A,0.05,8,7,1.3304451716292642
34,A,0.05,8,8,0.763679879802624
34,A,0.05,8,9,1.3152050176627832
34,A,0.05,9,0,1.1041436351038736
34,A,0.05,9,1,1.5046858899878748
34,A,0.05,9,2,1.3450415832831455
34,A,0.05,9,3,1.2068904648563863
34,A,0.05,9,4,1.4668557595058134
34,A,0.05,9,5,1.5383093655942985
34,A,0.05,9,6,1.267473916693569
34,A,0.05,9,7,1.3952564675578834
34,A,0.05,9,8,0.8176911739374455
34,A,0.05,9,9,0.705399228348211
34,B,100,0,0,0.12471359249534218
34,B,100,0,1,1.534734978651066
34,B,100,0,2,0.9814586052219249
34,B,100,0,3,0.3365780367203035
34,B,100,0,4,1.4678564800727905
34,B,100,0,5,1.2792335201264842
34,B,100,0,6,0.9197663429990325
34,B,100,0,7,0.44598576887613506
34,B,100,0,8,0.39561166575307505
34,B,100,0,9,1.0040289452152904
34,B,100,1,0,0.02083697340106523
34,B,100,1,1,-0.03230653058583453
34,B,100,1,2,0.3123241378257775
34,B,100,1,3,0.2031168809926955
34,B,100,1,4,1.1033455426211956
34,B,100,1,5,0.7240839623421987
34,B,100,1,6,0.4697139197478868
34,B,100,1,7,0.98043364485905
34,B,100,1,8,1.264614027857013
34,B,100,1,9,0.7369590317714021
34,B,100,2,0,-0.09552714763588958
34,B,100,2,1,-0.04652959002260636
34,B,100,2,2,-0.0473019613806681
34,B,100,2,3,-0.02351757615114374
34,B,100,2,4,-0.00036548117875932306
34,B,100,2,5,-0.04266942535686257
34,B,100,2,6,0.02390203016573422
34,B,100,2,7,-0.047690485888269164
34,B,100,2,8,0.03351435123990619
34,B,100,2,9,-0.09350150076207991
34,B,100,3,0,-1.4183838056727451
34,B,100,3,1,-1.5138549112136293
34,B,100,3,2,-1.0318610575566438
34,B,100,3,3,-0.7971631262617953
34,B,100,3,4,-0.41616424448655837
34,B,100,3,5,-0.7750582239722374
34,B,100,3,6,-0.757790960213425
34,B,100,3,7,0.07661765187321913
34,B,100,3,8,-0.7862093033101029
34,B,100,3,9,-0.7911231946651737
34,B,100,4,0,-0.10626468866981692
34,B,100,4,1,-0.03705949882179136
34,B,100,4,2,0.42475817669436466
34,B,100,4,3,0.2645577018638265
34,B,100,4,4,0.0014646121090716264
34,B,100,4,5,0.13673695057489219
34,B,100,4,6,-0.11631163700274459
34,B,100,4,7,-0.0738508132459131
34,B,100,4,8,0.46206507669290675
34,B,100,4,9,0.2957720246892759
34,B,100,5,0,0.1410202838895852
34,B,100,5,1,0.10614666863853761
34,B,100,5,2,0.001350921882357682
34,B,100,5,3,0.1378320127435191
34,B,100,5,4,0.14871687058609548
34,B,100,5,5,0.2797277136000748
34,B,100,5,6,0.5854449072476777
34,B,100,5,7,0.04749556998751837
34,B,100,5,8,0.5090393408404698
34,B,100,5,9,0.09073400542716606
34,B,100,6,0,-1.073609004193847
34,B,100,6,1,-0.8972068331312943
34,B,100,6,2,-0.4794318230158652
34,B,100,6,3,-0.7760649203168595
34,B,100,6,4,-1.1222013346658835
34,B,100,6,5,-0.7760401574795478
34,B,100,6,6,-0.7079066455079956
34,B,100,6,7,-1.0420702609832047
34,B,100,6,8,-0.6004900122295399
34,B,100,6,9,-0.7271358483133473
34,B,100,7,0,-0.19094757950393862
34,B,100,7,1,-0.13796856085924894
34,B,100,7,2,-0.25505330054892766
34,B,100,7,3,-0.5334229377494089
34,B,100,7,4,-0.2929542923428865
34,B,100,7,5,-1.0166284241822474
34,B,100,7,6,-0.2246836625088448
34,B,100,7,7,-0.15033654222912965
34,B,100,7,8,-0.5935981905137551
34,B,100,7,9,-0.5688990788458936
34,B,100,8,0,0.8927318229612082
34,B,100,8,1,0.9145359973413636
34,B,100,8,2,0.5768377112941863
34,B,100,8,3,0.6011350829967834
34,B,100,8,4,0.48295588220995694
34,B,100,8,5,0.5676097362535638
34,B,100,8,6,0.5301029434234337
34,B,100,8,7,0.0867669645934367
34,B,100,8,8,0.4588968179775625
34,B,100,8,9,0.4684313222830766
34,B,100,9,0,-1.4999354344514917
34,B,100,9,1,-1.2673881006567709
34,B,100,9,2,-1.6366418160669343
34,B,100,9,3,-1.675169150621492
34,B,100,9,4,-1.6475671976492348
34,B,100,9,5,-2.3937881142952238
34,B,100,9,6,-1.6670793793173713
34,B,100,9,7,-1.5715741573448194
34,B,100,9,8,-0.6386468510748464
34,B,100,9,9,-2.5341949953174736
35,A,0.05,0,0,0.40864574836865825
35,A,0.05,0,1,-0.2728263329447675
35,A,0.05,0,2,-0.5474347908121039
35,A,0.05,0,3,-0.7035661126418937
35,A,0.05,0,4,0.2729637363772513
35,A,0.05,0,5,-0.26705800749476927
35,A,0.05,0,6,-0.38638402312793824
35,A,0.05,0,7,-0.25303000082757987
35,A,0.05,0,8,-0.4026122065431507
35,A,0.05,0,9,-0.9634124076294336
35,A,0.05,1,0,-1.1166058585724592
35,A,0.05,1,1,-0.20542991174974487
35,A,0.05,1,2,-0.143798492178075
35,A,0.05,1,3,-0.47837714021122835
35,A,0.05,1,4,-1.0643860365047983
35,A,0.05,1,5,-1.1983051989673843
35,A,0.05,1,6,-0.20715843715369409
35,A,0.05,1,7,-0.6493124173324616
35,A,0.05,1,8,-0.6238113940504298
35,A,0.05,1,9,-0.5865638345893807
35,A,0.05,2,0,-1.1331265478892512
35,A,0.05,2,1,-1.0543400214414038
35,A,0.05,2,2,-0.7975439082221297
35,A,0.05,2,3,-0.7312319052955313
35,A,0.05,2,4,-0.8920063862941073
35,A,0.05,2,5,-0.8657062391001068
35,A,0.05,2,6,-0.30758671881781674
35,A,0.05,2,7,-1.062538087172739
35,A,0.05,2,8,-1.0844545919640698
35,A,0.05,2,9,-0.9808806794970084
35,A,0.05,3,0,-0.6551547408202304
35,A,0.05,3,1,-1.0397336751693282
35,A,0.05,3,2,-1.2880767496408365
35,A,0.05,3,3,-1.3131887867186376
35,A,0.05,3,4,-1.0862006665257442
35,A,0.05,3,5,-0.65500037017131
35,A,0.05,3,6,-1.262831010255822
35,A,0.05,3,7,-1.2990962865738163
35,A,0.05,3,8,-1.0833604671702055
35,A,0.05,3,9,-1.5559021493717586
35,A,0.05,4,0,-0.284429230089331
35,A,0.05,4,1,-0.5103109879838644
35,A,0.05,4,2,0.1021553869669578
35,A,0.05,4,3,-0.20335241979884333
35,A,0.05,4,4,0.021179539045166004
35,A,0.05,4,5,0.24712211118424215
35,A,0.05,4,6,-0.01869408396469727
35,A,0.05,4,7,-0.5192239266210948
35,A,0.05,4,8,-0.21844171291669906
35,A,0.05,4,9,-0.06415749293458022
35,A,0.05,5,0,1.1122849412704308
35,A,0.05,5,1,1.2962360327937856
35,A,0.05,5,2,1.284056542692782
35,A,0.05,5,3,1.6154181439305166
35,A,0.05,5,4,1.4729598208700259
35,A,0.05,5,5,1.6141450861461832
35,A,0.05,5,6,2.05102015698085
35,A,0.05,5,7,1.4084510735684577
35,A,0.05,5,8,1.8588360684181984
35,A,0.05,5,9,1.6785973286877556
35,A,0.05,6,0,0.21530466638198203
35,A,0.05,6,1,0.22339048420100904
35,A,0.05,6,2,1.6435169872999429
35,A,0.05,6,3,0.5941529156827525
35,A,0.05,6,4,0.29694346510904956
35,A,0.05,6,5,0.3722938612123307
35,A,0.05,6,6,1.3187878498969758
35,A,0.05,6,7,0.8483083729825958
35,A,0.05,6,8,0.4969103472334837
35,A,0.05,6,9,0.9080023766863887
35,A,0.05,7,0,-0.35473497755067945
35,A,0.05,7,1,-0.564983757104541
35,A,0.05,7,2,0.17393405562134162
35,A,0.05,7,3,-0.2525489690930744
35,A,0.05,7,4,-0.16847685199123652
35,A,0.05,7,5,0.44860189737695877
35,A,0.05,7,6,-0.16408527988728033
35,A,0.05,7,7,0.0710373093571541
35,A,0.05,7,8,0.09943432371876743
35,A,0.05,7,9,-0.6774057643215158
35,A,0.05,8,0,0.6570459173470365
35,A,0.05,8,1,0.27572303940293214
35,A,0.05,8,2,0.8916479372190472
35,A,0.05,8,3,0.7792777544014953
35,A,0.05,8,4,0.25091961450057626
35,A,0.05,8,5,0.2107838299881479
35,A,0.05,8,6,0.45485299385697603
35,A,0.05,8,7,0.8291223250307799
35,A,0.05,8,8,0.31157449888010763
35,A,0.05,8,9,-0.09357935979504799
35,A,0.05,9,0,-0.2039768481096932
35,A,0.05,9,1,-0.06751516094928826
35,A,0.05,9,2,-0.04832964516585604
35,A,0.05,9,3,0.3340455119767333
35,A,0.05,9,4,0.025248747705719974
35,A,0.05,9,5,-0.08204872402441418
35,A,0.05,9,6,-0.13569601793335606
35,A,0.05,9,7,-0.7145565452893984
35,A,0.05,9,8,-0.04792932305912995
35,A,0.05,9,9,0.4262097247626266
35,B,100,0,0,1.3834509099139778
35,B,100,0,1,1.2868659466051446
35,B,100,0,2,1.0504941166740995
35,B,100,0,3,1.4988476611519779
35,B,100,0,4,1.513958780569672
35,B,100,0,5,1.386462380817512
35,B,100,0,6,0.9022607606089722
35,B,100,0,7,1.4052373914707286
35,B,100,0,8,1.405994070601404
35,B,100,0,9,1.4644066505652187
35,B,100,1,0,0.5938348736583533
35,B,100,1,1,0.7154474154607383
35,B,100,1,2,0.8386411660244731
35,B,100,1,3,0.5617580344814703
35,B,100,1,4,0.8333822549039361
35,B,100,1,5,0.8733431904081871
35,B,100,1,6,0.8317547334153979
35,B,100,1,7,0.7586864132494541
35,B,100,1,8,0.7779398734725756
35,B,100,1,9,0.8210027633565498
35,B,100,2,0,0.8082121604837457
35,B,100,2,1,0.7168318515596652
35,B,100,2,2,0.8629635120518239
35,B,100,2,3,0.7264964062797957
35,B,100,2,4,0.8956346823701022
35,B,100,2,5,0.6898831926846687
35,B,100,2,6,0.8815973320318734
35,B,100,2,7,0.7577473486378212
35,B,100,2,8,0.964926329754582
35,B,100,2,9,0.2685728163479392
35,B,100,3,0,-0.31268118102613063
35,B,100,3,1,-0.6122210250120431
35,B,100,3,2,-0.13282662451394234
35,B,100,3,3,-0.5209179745999991
35,B,100,3,4,-0.5340323715538562
35,B,100,3,5,0.006680222075813458
35,B,100,3,6,-0.19022699960872855
35,B,100,3,7,-0.36075602606908597
35,B,100,3,8,-0.3413856595695497
35,B,100,3,9,-0.32794003110046777
35,B,100,4,0,0.8458164879284976
35,B,100,4,1,1.0385505002739468
35,B,100,4,2,0.7358197234974965
35,B,100,4,3,0.5839417418041811
35,B,100,4,4,0.10600257588717807
35,B,100,4,5,1.4455324897504673
35,B,100,4,6,1.1710827063491598
35,B,100,4,7,0.5014449332565282
35,B,100,4,8,0.043550168579426785
35,B,100,4,9,0.3167082790401831
35,B,100,5,0,0.5742001778040193
35,B,100,5,1,0.4212354829253674
35,B,100,5,2,0.6603506906800762
35,B,100,5,3,0.8789809661909496
35,B,100,5,4,0.7761242214736538
35,B,100,5,5,0.48838684526622134
35,B,100,5,6,0.8047410353175514
35,B,100,5,7,0.7196497031950148
35,B,100,5,8,0.798882669477214
35,B,100,5,9,0.661649665226554
35,B,100,6,0,0.014905661235778047
35,B,100,6,1,-0.03733824065555012
35,B,100,6,2,0.018992047847944317
35,B,100,6,3,0.1889856313568043
35,B,100,6,4,0.22534040773544992
35,B,100,6,5,-0.014028714207069479
35,B,100,6,6,0.09414056326718527
35,B,100,6,7,0.2878721839075545
35,B,100,6,8,-0.288452876873404
35,B,100,6,9,0.20494954540428847
35,B,100,7,0,1.2492373226598381
35,B,100,7,1,1.0305421562516426
35,B,100,7,2,1.8275727838651745
35,B,100,7,3,1.8205636955777857
35,B,100,7,4,1.9366312531604264
35,B,100,7,5,1.730755224546243
35,B,100,7,6,1.4339897248249045
35,B,100,7,7,1.8414104199085772
35,B,100,7,8,1.4464447946092187
35,B,100,7,9,1.3254843940491279
35,B,100,8,0,0.3474694377365077
35,B,100,8,1,0.5964892382410638
35,B,100,8,2,0.8776162187744736
35,B,100,8,3,0.2395047015053839
35,B,100,8,4,0.39305350609408635
35,B,100,8,5,0.6172903296512025
35,B,100,8,6,0.30843946917765985
35,B,100,8,7,0.6874720063950827
35,B,100,8,8,0.45459225814449594
35,B,100,8,9,0.7416587875671888
35,B,100,9,0,0.6508222746824206
35,B,100,9,1,1.2008346726613686
35,B,100,9,2,0.9542668176785851
35,B,100,9,3,0.7366430778482675
35,B,100,9,4,0.657672817211399
35,B,100,9,5,0.9254126640291632
35,B,100,9,6,1.434259547723495
35,B,100,9,7,0.9753967500217499
35,B,100,9,8,1.1948282686122138
35,B,100,9,9,0.8043209462455081
36,A,0.05,0,0,0.8489205288819055
36,A,0.05,0,1,0.45535264949678955
36,A,0.05,0,2,0.5810419877340839
36,A,0.05,0,3,0.38010590946970996
36,A,0.05,0,4,1.2617739822906662
36,A,0.05,0,5,1.0310284076687855
36,A,0.05,0,6,0.49199356903341696
36,A,0.05,0,7,0.5973285427023901
36,A,0.05,0,8,0.4685440449549822
36,A,0.05,0,9,1.1723946191895254
36,A,0.05,1,0,-1.9635978696031209
36,A,0.05,1,1,-1.9915740461160565
36,A,0.05,1,2,-2.0873067687309224
36,A,0.05,1,3,-2.568347864743652
36,A,0.05,1,4,-2.084134673852317
36,A,0.05,1,5,-1.8754308093427567
36,A,0.05,1,6,-2.2333378281379654
36,A,0.05,1,7,-2.0565451293672328
36,A,0.05,1,8,-2.0370885514021997
36,A,0.05,1,9,-2.17615220857476
36,A,0.05,2,0,-0.36436676718718686
36,A,0.05,2,1,-0.46899091494292866
36,A,0.05,2,2,-0.4222435023442695
36,A,0.05,2,3,-0.6089569966289707
36,A,0.05,2,4,-0.3564694251209102
36,A,0.05,2,5,-0.07410865533822382
36,A,0.05,2,6,-0.6922627880582416
36,A,0.05,2,7,-0.026940183763266717
36,A,0.05,2,8,-0.013576170989335794
36,A,0.05,2,9,0.11997116022942547
36,A,0.05,3,0,-0.3979603704721373
36,A,0.05,3,1,-0.3932766838618296
36,A,0.05,3,2,-0.3008799487744948
36,A,0.05,3,3,-0.5918554546975431
36,A,0.05,3,4,-0.9296520323067529
36,A,0.05,3,5,-0.44516550814447176
36,A,0.05,3,6,-0.5768571250907318
36,A,0.05,3,7,-0.6209625016492283
36,A,0.05,3,8,-1.065665766871272
36,A,0.05,3,9,-0.48105627084364805
36,A,0.05,4,0,0.0521779239203717
36,A,0.05,4,1,-0.14213159230854197
36,A,0.05,4,2,0.0657227539009352
36,A,0.05,4,3,0.06036415709842703
36,A,0.05,4,4,0.09705877368079587
36,A,0.05,4,5,-0.16756580348602054
36,A,0.05,4,6,-0.09397937279173356
36,A,0.05,4,7,0.28226733646830837
36,A,0.05,4,8,0.2156236209381269
36,A,0.05,4,9,0.020403877694350495
36,A,0.05,5,0,1.027796700461347
36,A,0.05,5,1,0.7600088614236785
36,A,0.05,5,2,0.6965817349918605
36,A,0.05,5,3,0.9765309443268281
36,A,0.05,5,4,0.9364210255878954
36,A,0.05,5,5,0.8194775934079405
36,A,0.05,5,6,0.7584393393411909
36,A,0.05,5,7,0.08817658188448517
36,A,0.05,5,8,0.6544372091340224
36,A,0.05,5,9,0.7798236586088352
36,A,0.05,6,0,-0.2278808819987427
36,A,0.05,6,1,-0.4287141550310222
36,A,0.05,6,2,-0.4324839459202753
36,A,0.05,6,3,-0.757117599293293
36,A,0.05,6,4,-0.689151579475468
36,A,0.05,6,5,-0.5355665513328649
36,A,0.05,6,6,-0.45470074835123037
36,A,0.05,6,7,-0.38370107570804174
36,A,0.05,6,8,-0.5760581819661826
36,A,0.05,6,9,-0.9531317501096964
36,A,0.05,7,0,1.7030337492707337
36,A,0.05,7,1,1.6695378110833339
36,A,0.05,7,2,1.1533404239006162
36,A,0.05,7,3,1.328853058429688
36,A,0.05,7,4,1.140125446015422
36,A,0.05,7,5,1.553386675272581
36,A,0.05,7,6,1.0205985348381854
36,A,0.05,7,7,1.4099245202652702
36,A,0.05,7,8,1.7131366276877296
36,A,0.05,7,9,1.3589222045270404
36,A,0.05,8,0,-0.07546869970725784
36,A,0.05,8,1,-0.358208884761429
36,A,0.05,8,2,0.14116502669577757
36,A,0.05,8,3,-0.07481266121232365
36,A,0.05,8,4,-0.27137210415368584
36,A,0.05,8,5,-0.13059546167919894
36,A,0.05,8,6,-0.17647145229994124
36,A,0.05,8,7,-0.04636103717018355
36,A,0.05,8,8,-0.21590865084015484
36,A,0.05,8,9,-0.16374655004517114
36,A,0.05,9,0,-0.12194979450469057
36,A,0.05,9,1,-0.09134205355844341
36,A,0.05,9,2,1.0344563768911983
36,A,0.05,9,3,0.4309901129235889
36,A,0.05,9,4,0.8636047058710311
36,A,0.05,9,5,2.3893956998870496
36,A,0.05,9,6,1.5468630614796344
36,A,0.05,9,7,0.6315198181808829
36,A,0.05,9,8,0.41709900558520036
36,A,0.05,9,9,2.7000945526001146
36,B,100,0,0,-0.37141167278600384
36,B,100,0,1,0.4885891202926032
36,B,100,0,2,0.1573285487620206
36,B,100,0,3,0.2027906015643312
36,B,100,0,4,0.7061455538291783
36,B,100,0,5,0.17998760316289897
36,B,100,0,6,0.6605738298198219
36,B,100,0,7,0.46850406901150454
36,B,100,0,8,0.2995258767512064
36,B,100,0,9,0.3186531984106254
36,B,100,1,0,-0.30098650171643426
36,B,100,1,1,0.05479693834797106
36,B,100,1,2,-0.5156812798050766
36,B,100,1,3,-0.13579080053046683
36,B,100,1,4,-0.3783912890888371
36,B,100,1,5,-0.05715018587940174
36,B,100,1,6,-0.1414770811822747
36,B,100,1,7,0.03500558172414369
36,B,100,1,8,-0.24573480967850292
36,B,100,1,9,-0.43325510254808897
36,B,100,2,0,-0.8898073245768645
36,B,100,2,1,-0.7975133059201619
36,B,100,2,2,-0.9403007247621957
36,B,100,2,3,-0.20456916750648452
36,B,100,2,4,-0.8567833437993647
36,B,100,2,5,-0.7378775187859147
36,B,100,2,6,-0.7643803371881409
36,B,100,2,7,-0.4027874369402309
36,B,100,2,8,-0.7212500257312019
36,B,100,2,9,-1.11297533789418
36,B,100,3,0,1.791741517189049
36,B,100,3,1,2.3076146721687234
36,B,100,3,2,1.5551428532949647
36,B,100,3,3,2.370823856087565
36,B,100,3,4,2.0222350701749794
36,B,100,3,5,1.9880197141494993
36,B,100,3,6,1.996062644546796
36,B,100,3,7,1.8659926527000237
36,B,100,3,8,2.302807268831834
36,B,100,3,9,1.9186393707969018
36,B,100,4,0,0.688516837974783
36,B,100,4,1,0.4877690657435472
36,B,100,4,2,0.24782007799317515
36,B,100,4,3,0.7442442100290809
36,B,100,4,4,0.6796083658005585
36,B,100,4,5,1.1317475536211534
36,B,100,4,6,0.6430239810397532
36,B,100,4,7,1.0654515225310128
36,B,100,4,8,1.0015812455675457
36,B,100,4,9,0.543594814305146
36,B,100,5,0,-0.8963494111989605
36,B,100,5,1,-0.9487076605034059
36,B,100,5,2,-1.1905398543378545
36,B,100,5,3,-0.9520108959059638
36,B,100,5,4,-0.783564312956649
36,B,100,5,5,-0.7010033308469734
36,B,100,5,6,-0.9104194811139857
36,B,100,5,7,-0.6213741890577013
36,B,100,5,8,-0.6675710583341488
36,B,100,5,9,-0.7281951437704701
36,B,100,6,0,-0.05343632202999186
36,B,100,6,1,0.10725166186053114
36,B,100,6,2,-0.2288103665335139
36,B,100,6,3,0.41232657886445784
36,B,100,6,4,-0.02017296307279418
36,B,100,6,5,0.2026052763346845
36,B,100,6,6,0.004115190602424754
36,B,100,6,7,0.37659455272684844
36,B,100,6,8,-0.03485836708705165
36,B,100,6,9,0.8921511113097053
36,B,100,7,0,-1.7252435671328288
36,B,100,7,1,-1.3066346986590947
36,B,100,7,2,-1.674860317700556
36,B,100,7,3,-1.4319042369104251
36,B,100,7,4,-1.2538251984465747
36,B,100,7,5,-1.729691785241807
36,B,100,7,6,-1.4370241812877385
36,B,100,7,7,-1.0433688267997687
36,B,100,7,8,-1.1680306695943945
36,B,100,7,9,-1.6461385177661922
36,B,100,8,0,-1.2956638674326153
36,B,100,8,1,-1.2979416705284685
36,B,100,8,2,-0.9963798365095811
36,B,100,8,3,-1.520032611988415
36,B,100,8,4,-1.109274432428463
36,B,100,8,5,-1.1359662000965007
36,B,100,8,6,-1.0692651723154871
36,B,100,8,7,-1.2864205626366467
36,B,100,8,8,-1.2966219693951069
36,B,100,8,9,-1.2009896145633445
36,B,100,9,0,-2.137443766305459
36,B,100,9,1,-2.150156016529695
36,B,100,9,2,-1.751300630452747
36,B,100,9,3,-1.9673719397378735
36,B,100,9,4,-2.083965726331045
36,B,100,9,5,-2.0495590878634173
36,B,100,9,6,-1.7782468851452338
36,B,100,9,7,-2.2102417054461534
36,B,100,9,8,-1.687756631388145
36,B,100,9,9,-1.9897253796143552
37,A,0.05,0,0,0.7164853375761798
37,A,0.05,0,1,0.5620577275223017
37,A,0.05,0,2,0.5220257742718726
37,A,0.05,0,3,0.6511524753259972
37,A,0.05,0,4,0.6682918949073724
37,A,0.05,0,5,0.3797168811942433
37,A,0.05,0,6,0.4530229614670191
37,A,0.05,0,7,0.5439972594663327
37,A,0.05,0,8,0.7357859004875105
37,A,0.05,0,9,0.591377268588236
37,A,0.05,1,0,0.6251651735994006
37,A,0.05,1,1,0.10095269807527157
37,A,0.05,1,2,0.10282046522491568
37,A,0.05,1,3,0.2104451734925601
37,A,0.05,1,4,0.5293568755311576
37,A,0.05,1,5,0.9213464223813619
37,A,0.05,1,6,1.0693096875754466
37,A,0.05,1,7,1.0283060722078312
37,A,0.05,1,8,1.0603989332228292
37,A,0.05,1,9,0.5846403291938047
37,A,0.05,2,0,1.0181729913150217
37,A,0.05,2,1,0.8465336611482448
37,A,0.05,2,2,1.0076435881949564
37,A,0.05,2,3,0.8862173231495571
37,A,0.05,2,4,1.1662554787754142
37,A,0.05,2,5,1.2565865815489317
37,A,0.05,2,6,1.1184851688741302
37,A,0.05,2,7,1.116126747155945
37,A,0.05,2,8,1.0604036620346244
37,A,0.05,2,9,0.8371832317682144
37,A,0.05,3,0,-0.7220231236453003
37,A,0.05,3,1,-0.3496173070826616
37,A,0.05,3,2,-0.6642490603108072
37,A,0.05,3,3,-0.48574097290202684
37,A,0.05,3,4,-0.5982277698644404
37,A,0.05,3,5,-0.35571065902774013
37,A,0.05,3,6,-0.5674738320876137
37,A,0.05,3,7,-0.17871500932382106
37,A,0.05,3,8,-1.2407433582675296
37,A,0.05,3,9,-0.054423602461975744
37,A,0.05,4,0,-0.29745386372557914
37,A,0.05,4,1,-0.5196718024042115
37,A,0.05,4,2,-0.24722928260682783
37,A,0.05,4,3,-0.591874236271978
37,A,0.05,4,4,-0.7408323596351591
37,A,0.05,4,5,-0.4217201930705654
37,A,0.05,4,6,-0.963151820436728
37,A,0.05,4,7,-0.5242195028289879
37,A,0.05,4,8,-0.6302801057763946
37,A,0.05,4,9,-0.5075727591504396
37,A,0.05,5,0,-0.3145311787212015
37,A,0.05,5,1,-0.4005910996690774
37,A,0.05,5,2,-0.4328178992348547
37,A,0.05,5,3,-0.2368838270206293
37,A,0.05,5,4,-0.4607542232749922
37,A,0.05,5,5,-0.2545374537153461
37,A,0.05,5,6,-0.5396022932659363
37,A,0.05,5,7,-0.27019048709186444
37,A,0.05,5,8,-0.5550378093811161
37,A,0.05,5,9,-0.297919191977399
37,A,0.05,6,0,-0.7502059616392641
37,A,0.05,6,1,0.2315713554556081
37,A,0.05,6,2,0.2356566597916649
37,A,0.05,6,3,-0.30137172949188473
37,A,0.05,6,4,-0.6420547295147395
37,A,0.05,6,5,-0.5405614915948794
37,A,0.05,6,6,0.3282015299983037
37,A,0.05,6,7,0.24794957450094915
37,A,0.05,6,8,0.25999583271764415
37,A,0.05,6,9,-0.19866305382775876
37,A,0.05,7,0,1.2268065307897733
37,A,0.05,7,1,1.158430969596674
37,A,0.05,7,2,0.7722179781213028
37,A,0.05,7,3,1.0359197632660646
37,A,0.05,7,4,0.750143845181137
37,A,0.05,7,5,1.1942721530268987
37,A,0.05,7,6,0.9486764459403646
37,A,0.05,7,7,1.1385380354314294
37,A,0.05,7,8,1.0385611782843347
37,A,0.05,7,9,1.0578018202873072
37,A,0.05,8,0,0.27479210900586637
37,A,0.05,8,1,0.14930432147871625
37,A,0.05,8,2,0.49962517103672566
37,A,0.05,8,3,-0.1543194365313287
37,A,0.05,8,4,0.6478126822448609
37,A,0.05,8,5,0.2362612905913626
37,A,0.05,8,6,-0.06965824614603815
37,A,0.05,8,7,-0.046022793775809874
37,A,0.05,8,8,-0.2327336150683102
37,A,0.05,8,9,0.12119529674621615
37,A,0.05,9,0,-4.90138799559056
37,A,0.05,9,1,-3.732491278419983
37,A,0.05,9,2,-5.33496515751337
37,A,0.05,9,3,-3.5355421907348514
37,A,0.05,9,4,-4.514434750727278
37,A,0.05,9,5,-5.401731514379462
37,A,0.05,9,6,-2.7530901020031795
37,A,0.05,9,7,-3.693585224194607
37,A,0.05,9,8,-4.372609655957615
37,A,0.05,9,9,-3.3690788974036447
37,B,100,0,0,-0.7940541970013614
37,B,100,0,1,-0.4134091028572542
37,B,100,0,2,-0.6600293559947342
37,B,100,0,3,-0.5780697181643895
37,B,100,0,4,-0.8400676772011821
37,B,100,0,5,-0.44313852611057464
37,B,100,0,6,-0.4739947742436025
37,B,100,0,7,-0.4524546224928448
37,B,100,0,8,-0.42210703779213216
37,B,100,0,9,-0.6234437371651258
37,B,100,1,0,0.5065825926815725
37,B,100,1,1,0.02169641151227817
37,B,100,1,2,-0.05313124758829651
37,B,100,1,3,0.19646379497460514
37,B,100,1,4,-0.3272736490303124
37,B,100,1,5,0.12152978049044223
37,B,100,1,6,-0.42226648738964867
37,B,100,1,7,0.40827323184550013
37,B,100,1,8,0.11939783015435794
37,B,100,1,9,-0.29960876307291656
37,B,100,2,0,-0.22074185696528945
37,B,100,2,1,-0.007335217998448348
37,B,100,2,2,-0.12599223731388456
37,B,100,2,3,0.3009144306539448
37,B,100,2,4,0.3621940321457219
37,B,100,2,5,-0.06665150293333412
37,B,100,2,6,0.12802862479304572
37,B,100,2,7,0.24791136448253392
37,B,100,2,8,0.10462609852530248
37,B,100,2,9,0.04762227336357006
37,B,100,3,0,-0.21323974361010406
37,B,100,3,1,0.11342683167288418
37,B,100,3,2,-0.4755808092317809
37,B,100,3,3,-0.6116490052623518
37,B,100,3,4,-0.15620578500654653
37,B,100,3,5,-0.10671687903301784
37,B,100,3,6,-0.015486337733840746
37,B,100,3,7,-0.3381336473464494
37,B,100,3,8,-0.16186179065047493
37,B,100,3,9,0.4756345240026328
37,B,100,4,0,-1.410325079251701
37,B,100,4,1,-1.6577753497932108
37,B,100,4,2,-1.8105528015843457
37,B,100,4,3,-1.3707648320958543
37,B,100,4,4,-0.8273311360829386
37,B,100,4,5,-0.7694615199666893
37,B,100,4,6,-0.961664268042994
37,B,100,4,7,-1.315566154098978
37,B,100,4,8,-1.6040420740407701
37,B,100,4,9,-2.0933186026650534
37,B,100,5,0,0.23231082214832782
37,B,100,5,1,0.6476447108581129
37,B,100,5,2,0.7200069148172179
37,B,100,5,3,0.5527418938414912
37,B,100,5,4,0.9667546058861014
37,B,100,5,5,0.5600590959209147
37,B,100,5,6,0.5808993061131227
37,B,100,5,7,1.0212562189707226
37,B,100,5,8,0.8388296993068904
37,B,100,5,9,0.27738222531529705
37,B,100,6,0,-0.17033882186774632
37,B,100,6,1,0.12122677768357246
37,B,100,6,2,0.2616533844056828
37,B,100,6,3,0.44987064660156034
37,B,100,6,4,0.3490721851286422
37,B,100,6,5,0.04843351798197191
37,B,100,6,6,-0.18358402051265965
37,B,100,6,7,-0.3408259030783654
37,B,100,6,8,0.07709434065326341
37,B,100,6,9,0.48937151380805904
37,B,100,7,0,-0.015735209110528642
37,B,100,7,1,-0.01597174012113018
37,B,100,7,2,0.09231247680971559
37,B,100,7,3,-0.12358398391973323
37,B,100,7,4,-0.0031731674516205016
37,B,100,7,5,-0.040518783624392145
37,B,100,7,6,0.16114492846708994
37,B,100,7,7,-0.004748727382729813
37,B,100,7,8,-0.04780620082586844
37,B,100,7,9,0.19692540581897083
37,B,100,8,0,-0.04069300838348376
37,B,100,8,1,0.4154553854373216
37,B,100,8,2,0.3099541882569778
37,B,100,8,3,0.09968320389541596
37,B,100,8,4,0.1830227019379045
37,B,100,8,5,0.13210326133301678
37,B,100,8,6,0.06421276022743207
37,B,100,8,7,0.7288996072411359
37,B,100,8,8,-0.15894978312426303
37,B,100,8,9,-0.14147558202721214
37,B,100,9,0,-0.004370615564736439
37,B,100,9,1,-0.02443299960734835
37,B,100,9,2,0.016064042625141415
37,B,100,9,3,-0.09300497437124555
37,B,100,9,4,-0.03156969983688593
37,B,100,9,5,-0.060171653656320705
37,B,100,9,6,-0.006361018626128356
37,B,100,9,7,-0.0671512031553701
37,B,100,9,8,0.07250486430103514
37,B,100,9,9,0.0640640457319483
38,A,0.05,0,0,-0.5652350569906559
38,A,0.05,0,1,-0.23394473961040083
38,A,0.05,0,2,0.094923717491635
38,A,0.05,0,3,-0.4509522015285474
38,A,0.05,0,4,-0.06661509431271724
38,A,0.05,0,5,-0.0927978599446211
38,A,0.05,0,6,-0.000560735933487616
38,A,0.05,0,7,0.15278502339063446
38,A,0.05,0,8,-0.03471917985101361
38,A,0.05,0,9,0.06927591914436751
38,A,0.05,1,0,-0.4220563026400637
38,A,0.05,1,1,-0.5466872362019013
38,A,0.05,1,2,-0.3427179230751351
38,A,0.05,1,3,-0.1315010944008305
38,A,0.05,1,4,-0.313283315715044
38,A,0.05,1,5,-0.26848974605722287
38,A,0.05,1,6,-0.43332790835765994
38,A,0.05,1,7,-0.014324475380538174
38,A,0.05,1,8,0.08445716720464827
38,A,0.05,1,9,0.07321335583777536
38,A,0.05,2,0,0.803848214893217
38,A,0.05,2,1,0.4536678138949032
38,A,0.05,2,2,0.3897728624050813
38,A,0.05,2,3,0.8786152977986634
38,A,0.05,2,4,0.5146890293452914
38,A,0.05,2,5,0.4368787058740654
38,A,0.05,2,6,0.1984089142662969
38,A,0.05,2,7,0.5864297966600114
38,A,0.05,2,8,0.5819599572077789
38,A,0.05,2,9,0.5521119360498339
38,A,0.05,3,0,-0.026369097302538398
38,A,0.05,3,1,0.05831729284508069
38,A,0.05,3,2,0.30762463081753594
38,A,0.05,3,3,0.083540299112171
38,A,0.05,3,4,0.18774921277795084
38,A,0.05,3,5,-0.081033041098018
38,A,0.05,3,6,-0.09550427013849518
38,A,0.05,3,7,0.7153614579112126
38,A,0.05,3,8,0.719620018938476
38,A,0.05,3,9,0.8506468799656077
38,A,0.05,4,0,0.34059809430871824
38,A,0.05,4,1,0.17519507636286513
38,A,0.05,4,2,0.1959624516208434
38,A,0.05,4,3,0.21082348547692928
38,A,0.05,4,4,0.28395114934287286
38,A,0.05,4,5,0.14258741288547894
38,A,0.05,4,6,0.22863177350960406
38,A,0.05,4,7,0.2094117223353144
38,A,0.05,4,8,0.2309934083674833
38,A,0.05,4,9,0.3004321886558252
38,A,0.05,5,0,-0.00287024040570112
38,A,0.05,5,1,-0.012806626403150617
38,A,0.05,5,2,-0.01574223847936618
38,A,0.05,5,3,-0.03145493351621739
38,A,0.05,5,4,0.04764040160276666
38,A,0.05,5,5,0.004047735895813116
38,A,0.05,5,6,-0.0030808853715101905
38,A,0.05,5,7,-0.008183430800288246
38,A,0.05,5,8,0.0764578179409164
38,A,0.05,5,9,0.1406928071977293
38,A,0.05,6,0,1.056955007565917
38,A,0.05,6,1,1.1532462031215232
38,A,0.05,6,2,1.2640563829987885
38,A,0.05,6,3,0.7190797134025417
38,A,0.05,6,4,0.6317682879158991
38,A,0.05,6,5,0.7138584163291959
38,A,0.05,6,6,1.454966629119361
38,A,0.05,6,7,0.4553448701784629
38,A,0.05,6,8,1.2123400083332503
38,A,0.05,6,9,1.6083792089848528
38,A,0.05,7,0,-0.370146975835854
38,A,0.05,7,1,-0.44354599230102787
38,A,0.05,7,2,-0.5629920548241265
38,A,0.05,7,3,-0.33214277706369816
38,A,0.05,7,4,-0.367865194422625
38,A,0.05,7,5,-0.3092665043104173
38,A,0.05,7,6,-0.34880691078757864
38,A,0.05,7,7,-0.3383161343329227
38,A,0.05,7,8,-0.4258083825929473
38,A,0.05,7,9,-0.48454090445474557
38,A,0.05,8,0,-1.2909546640078113
38,A,0.05,8,1,-2.2583043659826654
38,A,0.05,8,2,-1.6159725888846455
38,A,0.05,8,3,-1.9671128217125413
38,A,0.05,8,4,-1.5859286350323052
38,A,0.05,8,5,-1.580242770491681
38,A,0.05,8,6,-1.0693507431907612
38,A,0.05,8,7,-1.3990412866823017
38,A,0.05,8,8,-1.6066314426290456
38,A,0.05,8,9,-1.2002606326983067
38,A,0.05,9,0,-0.05037617155461859
38,A,0.05,9,1,0.0012088334926289826
38,A,0.05,9,2,-0.4710733318209713
38,A,0.05,9,3,0.183630814936878
38,A,0.05,9,4,0.0019433371718904223
38,A,0.05,9,5,0.028335725021133285
38,A,0.05,9,6,0.1880992183440416
38,A,0.05,9,7,0.21806659825411145
38,A,0.05,9,8,-0.03907855688529131
38,A,0.05,9,9,-0.04716355297845348
38,B,100,0,0,-0.04078538147078059
38,B,100,0,1,0.08828600669832934
38,B,100,0,2,0.41076129232277525
38,B,100,0,3,0.3366482588600645
38,B,100,0,4,0.03567004733302954
38,B,100,0,5,0.3972178468503154
38,B,100,0,6,0.1615083184138766
38,B,100,0,7,-0.34886714606993036
38,B,100,0,8,0.26710795082238276
38,B,100,0,9,0.18473439873176828
38,B,100,1,0,-2.3995156315473136
38,B,100,1,1,-2.0411913687671377
38,B,100,1,2,-2.0259849377910775
38,B,100,1,3,-2.0337360882913287
38,B,100,1,4,-1.6713615086508475
38,B,100,1,5,-1.6684367251224368
38,B,100,1,6,-2.4248892814475287
38,B,100,1,7,-1.8188503973282386
38,B,100,1,8,-1.8181857541113213
38,B,100,1,9,-1.05766392960812
38,B,100,2,0,-1.5615892206131794
38,B,100,2,1,-0.979960964290149
38,B,100,2,2,-0.23117108747186824
38,B,100,2,3,-0.9117260504191373
38,B,100,2,4,-1.5518292789212362
38,B,100,2,5,-0.16503524751877605
38,B,100,2,6,-1.3026256132365273
38,B,100,2,7,-1.4101174697681462
38,B,100,2,8,-0.05896832575228308
38,B,100,2,9,-1.1588993022972576
38,B,100,3,0,-1.219263294405997
38,B,100,3,1,-1.243174070412359
38,B,100,3,2,-1.2177722558643753
38,B,100,3,3,-1.2654574576515085
38,B,100,3,4,-1.085319861463501
38,B,100,3,5,-1.1287785560471433
38,B,100,3,6,-1.2730115520381209
38,B,100,3,7,-1.2818534027616304
38,B,100,3,8,-1.1269725329384581
38,B,100,3,9,-1.3842275872363479
38,B,100,4,0,-1.000782769262552
38,B,100,4,1,-0.8334402920871923
38,B,100,4,2,-0.8540988746339292
38,B,100,4,3,-0.652143608479183
38,B,100,4,4,-0.900298554357593
38,B,100,4,5,-0.3805420997431004
38,B,100,4,6,-0.7980993075824007
38,B,100,4,7,-0.3739619887506642
38,B,100,4,8,-0.32510415155253
38,B,100,4,9,-0.5700490047493522
38,B,100,5,0,1.71576950908845
38,B,100,5,1,0.7404892291651288
38,B,100,5,2,1.0459399196557966
38,B,100,5,3,1.5031913736853015
38,B,100,5,4,1.219273656644875
38,B,100,5,5,1.129093876581924
38,B,100,5,6,1.0853275333119876
38,B,100,5,7,1.966984830291914
38,B,100,5,8,1.4853221602273021
38,B,100,5,9,1.5472893085742419
38,B,100,6,0,-0.0251780253992205
38,B,100,6,1,0.07211412265400222
38,B,100,6,2,-0.1486278773150531
38,B,100,6,3,0.11063631271109914
38,B,100,6,4,0.0920115568430732
38,B,100,6,5,-0.05068853984775713
38,B,100,6,6,0.22795468712657688
38,B,100,6,7,-0.08773530291168131
38,B,100,6,8,0.14817378110470072
38,B,100,6,9,0.019249581214959437
38,B,100,7,0,1.3218244302085476
38,B,100,7,1,1.0518109082580243
38,B,100,7,2,1.2953282511713897
38,B,100,7,3,1.1600309278214005
38,B,100,7,4,1.382558052302851
38,B,100,7,5,1.4941924727865308
38,B,100,7,6,0.9741095069611254
38,B,100,7,7,1.2254687419648342
38,B,100,7,8,1.2839438298528745
38,B,100,7,9,1.2240000669473763
38,B,100,8,0,-0.6607377620612485
38,B,100,8,1,-0.9056653152232583
38,B,100,8,2,-0.5205314935577786
38,B,100,8,3,-0.28169968919392235
38,B,100,8,4,-0.9990126726377861
38,B,100,8,5,-1.3589501132583661
38,B,100,8,6,-0.14044529555154425
38,B,100,8,7,-0.615909549801509
38,B,100,8,8,-1.9872471234678177
38,B,100,8,9,-0.7365433265262223
38,B,100,9,0,-0.05158223181962681
38,B,100,9,1,0.14122469283099315
38,B,100,9,2,0.21756223849316317
38,B,100,9,3,0.02902412467868997
38,B,100,9,4,0.226258592142782
38,B,100,9,5,0.09033346920758271
38,B,100,9,6,0.3580563502598591
38,B,100,9,7,0.4329414765144405
38,B,100,9,8,0.38016203630604223
38,B,100,9,9,0.2491862771726412
39,A,0.05,0,0,-0.6128663003600167
39,A,0.05,0,1,-1.1624975786614808
39,A,0.05,0,2,-0.4542224457660525
39,A,0.05,0,3,-0.6114384199177997
39,A,0.05,0,4,-0.8468035976189598
39,A,0.05,0,5,-0.7162627695896437
39,A,0.05,0,6,-0.7485299269403398
39,A,0.05,0,7,-1.1165454880663737
39,A,0.05,0,8,-1.1017938475968747
39,A,0.05,0,9,-1.1775450625455142
39,A,0.05,1,0,1.0899792561648454
39,A,0.05,1,1,0.8763567828162975
39,A,0.05,1,2,0.9887460904527904
39,A,0.05,1,3,1.0534936651449534
39,A,0.05,1,4,0.37103209088789646
39,A,0.05,1,5,1.2783806211585094
39,A,0.05,1,6,1.2280601060218914
39,A,0.05,1,7,1.2093356642549156
39,A,0.05,1,8,1.2474399585190583
39,A,0.05,1,9,1.1673106472792256
39,A,0.05,2,0,-0.3957089780368066
39,A,0.05,2,1,0.19260351866335174
39,A,0.05,2,2,0.43309443060734787
39,A,0.05,2,3,0.02204997661021325
39,A,0.05,2,4,-0.03531992549573943
39,A,0.05,2,5,-0.1658837865738736
39,A,0.05,2,6,-0.1099441935833178
39,A,0.05,2,7,-0.3754808111638263
39,A,0.05,2,8,-0.5150946798480909
39,A,0.05,2,9,-0.05743041627313523
39,A,0.05,3,0,-0.3521848364531444
39,A,0.05,3,1,-0.819965994677981
39,A,0.05,3,2,-0.47995425486097054
39,A,0.05,3,3,-0.34234888758641685
39,A,0.05,3,4,-0.47486724201562797
39,A,0.05,3,5,-0.589247251080106
39,A,0.05,3,6,-0.261585507791951
39,A,0.05,3,7,-0.1666218709253927
39,A,0.05,3,8,-0.31924064714616157
39,A,0.05,3,9,-0.35913378480624397
39,A,0.05,4,0,-0.08966786323390721
39,A,0.05,4,1,0.05464427430049954
39,A,0.05,4,2,-0.07833681649099951
39,A,0.05,4,3,-0.451856523998335
39,A,0.05,4,4,0.16451761175993976
39,A,0.05,4,5,-0.268387554726596
39,A,0.05,4,6,-0.10963166760743125
39,A,0.05,4,7,-0.03978660887240966
39,A,0.05,4,8,-0.12027341520120734
39,A,0.05,4,9,0.004928082839910085
39,A,0.05,5,0,0.24407735681984286
39,A,0.05,5,1,0.034450036287850594
39,A,0.05,5,2,0.3171118175454382
39,A,0.05,5,3,0.2948324775876706
39,A,0.05,5,4,0.44204918216933187
39,A,0.05,5,5,0.33945268057707834
39,A,0.05,5,6,0.5548473116392891
39,A,0.05,5,7,0.3323925649012914
39,A,0.05,5,8,0.2940975406063843
39,A,0.05,5,9,0.44347082014971195
39,A,0.05,6,0,-0.2105975180322026
39,A,0.05,6,1,-0.6909381617169094
39,A,0.05,6,2,-0.32203011730205566
39,A,0.05,6,3,-0.6472054682232379
39,A,0.05,6,4,-0.26310130916774294
39,A,0.05,6,5,-0.4459453512318347
39,A,0.05,6,6,-0.5708888843661303
39,A,0.05,6,7,-0.5535309788733072
39,A,0.05,6,8,-0.26237146782753973
39,A,0.05,6,9,-0.5199233434744363
39,A,0.05,7,0,-0.007127696507024512
39,A,0.05,7,1,-0.6607487502067242
39,A,0.05,7,2,-0.629724116237688
39,A,0.05,7,3,-1.1035044001051608
39,A,0.05,7,4,-1.6878753303307608
39,A,0.05,7,5,-1.1314707168803038
39,A,0.05,7,6,-0.33840041594968023
39,A,0.05,7,7,0.006876605929894773
39,A,0.05,7,8,-0.05197481932499387
39,A,0.05,7,9,-1.5466522833645555
39,A,0.05,8,0,0.20236804318545587
39,A,0.05,8,1,0.2681909129880052
39,A,0.05,8,2,0.07323264759922171
39,A,0.05,8,3,0.13090158202668953
39,A,0.05,8,4,-0.10236702395075838
39,A,0.05,8,5,0.3342226183221804
39,A,0.05,8,6,0.23325766642289164
39,A,0.05,8,7,0.3564520970148798
39,A,0.05,8,8,-0.07387026005373436
39,A,0.05,8,9,0.19733684260965353
39,A,0.05,9,0,-0.018543221313869165
39,A,0.05,9,1,0.2640824535774018
39,A,0.05,9,2,0.21976204608239175
39,A,0.05,9,3,0.24347021186002007
39,A,0.05,9,4,0.17139760957674724
39,A,0.05,9,5,0.2591263500431634
39,A,0.05,9,6,0.2225594570807847
39,A,0.05,9,7,0.2967010119797838
39,A,0.05,9,8,0.16380586195540625
39,A,0.05,9,9,0.158502884267865
39,B,100,0,0,-0.053508721920982355
39,B,100,0,1,-0.24016454608341886
39,B,100,0,2,-0.4534301960390366
39,B,100,0,3,-0.2571709690055042
39,B,100,0,4,-0.14823987893224472
39,B,100,0,5,-0.07479375208130262
39,B,100,0,6,-0.25352899508058685
39,B,100,0,7,-0.2944814079338418
39,B,100,0,8,-0.3736352121788516
39,B,100,0,9,-0.0450906567970192
39,B,100,1,0,0.16621188982108248
39,B,100,1,1,-0.3937418409997518
39,B,100,1,2,-0.29093165834139073
39,B,100,1,3,-0.6921549475560304
39,B,100,1,4,-0.8994076446599606
39,B,100,1,5,-0.5842839883733891
39,B,100,1,6,-0.7073917660737745
39,B,100,1,7,-1.3121597731443522
39,B,100,1,8,-0.10972300503069395
39,B,100,1,9,-0.31156492849884143
39,B,100,2,0,0.7040865948818459
39,B,100,2,1,0.021140885247215743
39,B,100,2,2,0.3847274911548669
39,B,100,2,3,0.08233829760246633
39,B,100,2,4,0.12673133440777834
39,B,100,2,5,0.5868115912154351
39,B,100,2,6,0.2323939385325759
39,B,100,2,7,0.4245851693983748
39,B,100,2,8,0.32379044450365696
39,B,100,2,9,0.26835218331327265
39,B,100,3,0,-1.243678366282404
39,B,100,3,1,-1.0648773516784933
39,B,100,3,2,-1.1802530879949853
39,B,100,3,3,-0.9474803298674553
39,B,100,3,4,-1.8213573171448396
39,B,100,3,5,-0.9722219855994128
39,B,100,3,6,-1.0842753467945878
39,B,100,3,7,-0.9632723006458257
39,B,100,3,8,-1.6148689974529433
39,B,100,3,9,-2.1352915915486808
39,B,100,4,0,0.6360830262871464
39,B,100,4,1,1.1256944021784676
39,B,100,4,2,1.186168308031098
39,B,100,4,3,1.0780207541124356
39,B,100,4,4,0.852667637321697
39,B,100,4,5,0.695028973018436
39,B,100,4,6,1.1133565794940266
39,B,100,4,7,1.442750194061299
39,B,100,4,8,0.8201322040309483
39,B,100,4,9,1.6239433229119624
39,B,100,5,0,-0.8034890038351732
39,B,100,5,1,-0.6183871752509993
39,B,100,5,2,-0.7658302810347248
39,B,100,5,3,-0.5616325665760235
39,B,100,5,4,-0.3988167979322712
39,B,100,5,5,-0.39100582868179695
39,B,100,5,6,-0.44556511640406804
39,B,100,5,7,-0.6629364941821951
39,B,100,5,8,-0.6076016140262378
39,B,100,5,9,-1.1657073693669124
39,B,100,6,0,0.7294753524911415
39,B,100,6,1,0.9362787732604212
39,B,100,6,2,0.8920952405475261
39,B,100,6,3,1.0508609004373473
39,B,100,6,4,0.5864861233864559
39,B,100,6,5,0.9661969027331785
39,B,100,6,6,0.7489681454566735
39,B,100,6,7,1.014332756450061
39,B,100,6,8,1.1712631479260043
39,B,100,6,9,0.6486836087024129
39,B,100,7,0,-1.310118293803206
39,B,100,7,1,-1.5537586403651737
39,B,100,7,2,-1.346744040201676
39,B,100,7,3,-1.8861515783183231
39,B,100,7,4,-1.3396501203848414
39,B,100,7,5,-1.8466694277984534
39,B,100,7,6,-1.9137901095571133
39,B,100,7,7,-1.341772779793251
39,B,100,7,8,-1.5359844007961536
39,B,100,7,9,-1.4047805637745447
39,B,100,8,0,0.13561851866636707
39,B,100,8,1,0.7390796078742969
39,B,100,8,2,0.11118378004586357
39,B,100,8,3,0.24622305410305173
39,B,100,8,4,0.2548138923423334
39,B,100,8,5,0.4935751623872437
39,B,100,8,6,0.9742715543330169
39,B,100,8,7,0.6647082860896454
39,B,100,8,8,0.3273451258314741
39,B,100,8,9,-0.407615354319302
39,B,100,9,0,-0.14467584331616598
39,B,100,9,1,-0.07224444068627507
39,B,100,9,2,0.35379343159630666
39,B,100,9,3,-0.4274271811603053
39,B,100,9,4,0.06060728360159184
39,B,100,9,5,-0.01055097142955395
39,B,100,9,6,0.6105727251378206
39,B,100,9,7,0.6128117156510394
39,B,100,9,8,0.4251106355102318
39,B,100,9,9,0.32128347995191175
40,A,0.05,0,0,-0.6949605526447493
40,A,0.05,0,1,-1.5804337256977494
40,A,0.05,0,2,-1.1614499117447792
40,A,0.05,0,3,-0.43111940193524945
40,A,0.05,0,4,-1.0900234080316415
40,A,0.05,0,5,-1.1851230705369733
40,A,0.05,0,6,0.13389499022765095
40,A,0.05,0,7,0.16274662416842514
40,A,0.05,0,8,-0.7413522927792241
40,A,0.05,0,9,-0.779596320729789
40,A,0.05,1,0,-0.08567866895494909
40,A,0.05,1,1,0.18029793363274751
40,A,0.05,1,2,0.06039951485978514
40,A,0.05,1,3,0.17788601437599022
40,A,0.05,1,4,-0.032586487436461996
40,A,0.05,1,5,-0.12377700089328611
40,A,0.05,1,6,0.2043231604261748
40,A,0.05,1,7,-0.19844743674574492
40,A,0.05,1,8,0.03322670535169774
40,A,0.05,1,9,-0.2511044846992377
40,A,0.05,2,0,0.07625813428272957
40,A,0.05,2,1,0.394237933849221
40,A,0.05,2,2,0.28206042233107304
40,A,0.05,2,3,0.3215559825763847
40,A,0.05,2,4,0.29624631787901745
40,A,0.05,2,5,-0.09138803296624204
40,A,0.05,2,6,0.312669993538368
40,A,0.05,2,7,0.1493911858471291
40,A,0.05,2,8,0.24532238091287195
40,A,0.05,2,9,0.14148434728269954
40,A,0.05,3,0,0.5281855524249591
40,A,0.05,3,1,0.30632570056058217
40,A,0.05,3,2,0.40343555523992747
40,A,0.05,3,3,0.30151612657206295
40,A,0.05,3,4,0.5190299819634653
40,A,0.05,3,5,0.5591036090997904
40,A,0.05,3,6,0.3481571113550931
40,A,0.05,3,7,0.447466388196783
40,A,0.05,3,8,0.5887058327346367
40,A,0.05,3,9,0.4893123769881034
40,A,0.05,4,0,-1.0721703932335098
40,A,0.05,4,1,-0.8227206807906442
40,A,0.05,4,2,-0.8049209656457612
40,A,0.05,4,3,-1.026257085185766
40,A,0.05,4,4,-1.0960143701309095
40,A,0.05,4,5,-0.9574991814017019
40,A,0.05,4,6,-1.1936604069239167
40,A,0.05,4,7,-0.5499071306415653
40,A,0.05,4,8,-1.246291317815334
40,A,0.05,4,9,-1.0081702029335184
40,A,0.05,5,0,0.19953858557808823
40,A,0.05,5,1,0.2525372029378901
40,A,0.05,5,2,0.8282445614160311
40,A,0.05,5,3,-0.4447992175869132
40,A,0.05,5,4,-0.15909502434935321
40,A,0.05,5,5,-0.1830824435992142
40,A,0.05,5,6,-0.34709863794293283
40,A,0.05,5,7,-0.6940782677759995
40,A,0.05,5,8,0.13344849475108336
40,A,0.05,5,9,0.16637413471264906
40,A,0.05,6,0,0.030395934146565176
40,A,0.05,6,1,-0.02339230271499366
40,A,0.05,6,2,-0.4754834417360331
40,A,0.05,6,3,0.08945349886391543
40,A,0.05,6,4,-0.22514859525560338
40,A,0.05,6,5,-0.0005035071696098814
40,A,0.05,6,6,-0.388435817390679
40,A,0.05,6,7,0.04015774302748073
40,A,0.05,6,8,-0.5925418405499967
40,A,0.05,6,9,-0.2183050961393989
40,A,0.05,7,0,-1.1298239745776115
40,A,0.05,7,1,-0.8661332821597014
40,A,0.05,7,2,-0.641625877636656
40,A,0.05,7,3,-1.1134919638230014
40,A,0.05,7,4,-1.48864359338942
40,A,0.05,7,5,-0.8887886388671911
40,A,0.05,7,6,-0.8767794841700777
40,A,0.05,7,7,-0.7906749514844547
40,A,0.05,7,8,-1.089517306568957
40,A,0.05,7,9,-0.8020112450023379
40,A,0.05,8,0,1.5458052543517147
40,A,0.05,8,1,1.179349194631506
40,A,0.05,8,2,1.1402503996728932
40,A,0.05,8,3,1.3284068579829862
40,A,0.05,8,4,1.245446140188836
40,A,0.05,8,5,1.0235803426357082
40,A,0.05,8,6,1.0695697884667972
40,A,0.05,8,7,0.7891425450883454
40,A,0.05,8,8,1.5090402029972136
40,A,0.05,8,9,1.2550232544253137
40,A,0.05,9,0,0.686065065351348
40,A,0.05,9,1,0.5950916386177898
40,A,0.05,9,2,-0.06019039827536693
40,A,0.05,9,3,0.7087278776313496
40,A,0.05,9,4,0.32427018275651986
40,A,0.05,9,5,0.9601136121676808
40,A,0.05,9,6,0.30645260890881687
40,A,0.05,9,7,0.6464500816030373
40,A,0.05,9,8,0.8027896861310034
40,A,0.05,9,9,0.49625816519193405
40,B,100,0,0,-1.1628493690590613
40,B,100,0,1,-0.7368766664913196
40,B,100,0,2,-0.6545535105520527
40,B,100,0,3,-0.592749130828627
40,B,100,0,4,-0.58467134817242
40,B,100,0,5,-0.6057823313940249
40,B,100,0,6,-0.9205322469723883
40,B,100,0,7,-0.7664554710251748
40,B,100,0,8,-0.419022176567587
40,B,100,0,9,-0.6924544336633903
40,B,100,1,0,1.0212050644791917
40,B,100,1,1,1.4111435914485009
40,B,100,1,2,1.5528990169443422
40,B,100,1,3,1.5808972188537609
40,B,100,1,4,1.568121416855254
40,B,100,1,5,1.140331323564634
40,B,100,1,6,1.162283523244815
40,B,100,1,7,1.7153312906668725
40,B,100,1,8,1.4923117585092172
40,B,100,1,9,1.392897353772697
40,B,100,2,0,-0.627272573389207
40,B,100,2,1,-0.6245043826752947
40,B,100,2,2,-0.2606574242503086
40,B,100,2,3,-0.6912379842142921
40,B,100,2,4,-0.8104769240189759
40,B,100,2,5,0.0585314972828326
40,B,100,2,6,-0.6031221169529718
40,B,100,2,7,-0.3282905006619131
40,B,100,2,8,-0.5484695905209374
40,B,100,2,9,-0.010045193561707145
40,B,100,3,0,-0.534207295809629
40,B,100,3,1,-0.13069084571489337
40,B,100,3,2,-0.42859269347066364
40,B,100,3,3,-0.5139691386283053
40,B,100,3,4,-0.903869895932531
40,B,100,3,5,-0.5994997852973988
40,B,100,3,6,-0.44615676283906014
40,B,100,3,7,-0.567592417718965
40,B,100,3,8,-0.7958881452853802
40,B,100,3,9,-0.8300539315277741
40,B,100,4,0,-0.124066631714445
40,B,100,4,1,0.09431515358134493
40,B,100,4,2,0.3559084076792028
40,B,100,4,3,-0.2136257381401008
40,B,100,4,4,-1.1981043411058685
40,B,100,4,5,-2.0220325648784483
40,B,100,4,6,-0.06711924525801262
40,B,100,4,7,-0.2770516678263063
40,B,100,4,8,-0.08103402294140914
40,B,100,4,9,0.3884056202177861
40,B,100,5,0,-0.3798293501551329
40,B,100,5,1,-0.6030428084894366
40,B,100,5,2,-0.7550027752055106
40,B,100,5,3,-0.2551059413270017
40,B,100,5,4,-1.1020410128489084
40,B,100,5,5,-0.6533856119489568
40,B,100,5,6,-0.3177261265855097
40,B,100,5,7,-1.008150765669707
40,B,100,5,8,-1.1472892797795784
40,B,100,5,9,-1.1093928011016272
40,B,100,6,0,0.01674926449361839
40,B,100,6,1,-0.535212837907347
40,B,100,6,2,-0.2888369733871932
40,B,100,6,3,-0.4477604668455701
40,B,100,6,4,-0.1779088268865912
40,B,100,6,5,-0.12986057252664895
40,B,100,6,6,-0.3308855834956873
40,B,100,6,7,-0.24910147986271083
40,B,100,6,8,-0.39143240157389686
40,B,100,6,9,-0.3757002388757273
40,B,100,7,0,0.6474330374747964
40,B,100,7,1,0.34696550385230834
40,B,100,7,2,0.4899838490536385
40,B,100,7,3,0.9987282204471293
40,B,100,7,4,0.2574023365648375
40,B,100,7,5,1.068029932888877
40,B,100,7,6,0.6808246728201196
40,B,100,7,7,0.5261079671376861
40,B,100,7,8,0.14202298474005637
40,B,100,7,9,0.007519402579781627
40,B,100,8,0,-0.14512937285718053
40,B,100,8,1,-0.24900629363451832
40,B,100,8,2,0.11083624040215005
40,B,100,8,3,-0.16116224912061303
40,B,100,8,4,0.05132725832765222
40,B,100,8,5,-0.016713855303055473
40,B,100,8,6,-0.10861653870060177
40,B,100,8,7,-0.045812047895251916
40,B,100,8,8,0.038037311285978585
40,B,100,8,9,-0.06681868876652565
40,B,100,9,0,-0.36173079343838965
40,B,100,9,1,-0.3571241946730578
40,B,100,9,2,-0.3215372581481702
40,B,100,9,3,-0.07575630968814677
40,B,100,9,4,-0.3785003496883444
40,B,100,9,5,-0.2727836477908377
40,B,100,9,6,0.03164854613740046
40,B,100,9,7,-0.4121741431374359
40,B,100,9,8,-0.37240145779246103
40,B,100,9,9,0.0043597347952751804
41,A,0.05,0,0,0.30834369352147145
41,A,0.05,0,1,0.38365396129102514
41,A,0.05,0,2,0.02430762762808451
41,A,0.05,0,3,-0.02727640396676396
41,A,0.05,0,4,0.2576461304914287
41,A,0.05,0,5,0.22513097766157653
41,A,0.05,0,6,0.18708359490924847
41,A,0.05,0,7,0.09602180551263373
41,A,0.05,0,8,-0.2771797600836235
41,A,0.05,0,9,0.12120037567845447
41,A,0.05,1,0,0.874914838891058
41,A,0.05,1,1,0.9612507571344042
41,A,0.05,1,2,0.6125384701146022
41,A,0.05,1,3,0.6926275310861401
41,A,0.05,1,4,1.0829923024972388
41,A,0.05,1,5,0.4121294871273027
41,A,0.05,1,6,0.48108057794466785
41,A,0.05,1,7,1.1540354185714898
41,A,0.05,1,8,0.530833864976381
41,A,0.05,1,9,0.8537012434318925
41,A,0.05,2,0,0.07970925606838734
41,A,0.05,2,1,0.1331360547217288
41,A,0.05,2,2,0.04942383590977846
41,A,0.05,2,3,0.3436653408087141
41,A,0.05,2,4,0.23045837494376056
41,A,0.05,2,5,0.057210714696505176
41,A,0.05,2,6,-0.17728195082384066
41,A,0.05,2,7,0.8182695965474193
41,A,0.05,2,8,-0.01835895601634855
41,A,0.05,2,9,0.15136995386478114
41,A,0.05,3,0,-0.09978608535878607
41,A,0.05,3,1,0.11211102620199354
41,A,0.05,3,2,0.0481116322380282
41,A,0.05,3,3,0.709406042620989
41,A,0.05,3,4,0.6551503523078539
41,A,0.05,3,5,0.9102669696520853
41,A,0.05,3,6,-0.029525680793964455
41,A,0.05,3,7,0.8762849322163337
41,A,0.05,3,8,1.2399320224358583
41,A,0.05,3,9,0.9251136461643205
41,A,0.05,4,0,-0.14825328826089088
41,A,0.05,4,1,-0.27803600009009144
41,A,0.05,4,2,0.15036283313457618
41,A,0.05,4,3,0.20844697412107602
41,A,0.05,4,4,0.1421911086665434
41,A,0.05,4,5,-0.07549135371740874
41,A,0.05,4,6,0.060701853406703754
41,A,0.05,4,7,0.4203830163318493
41,A,0.05,4,8,-0.020205302663224105
41,A,0.05,4,9,-0.5035756381708248
41,A,0.05,5,0,-2.14124944526401
41,A,0.05,5,1,-2.777035527046346
41,A,0.05,5,2,-1.9505144036253663
41,A,0.05,5,3,-2.7198357521225884
41,A,0.05,5,4,-1.7759009003468138
41,A,0.05,5,5,-1.8840004371072419
41,A,0.05,5,6,-1.8337829944843327
41,A,0.05,5,7,-1.623114131024316
41,A,0.05,5,8,-1.9518389122262403
41,A,0.05,5,9,-2.3319479853624427
41,A,0.05,6,0,1.2036846587177736
41,A,0.05,6,1,0.7394116613725326
41,A,0.05,6,2,0.3509125080802154
41,A,0.05,6,3,1.025677183807833
41,A,0.05,6,4,0.6552975811674493
41,A,0.05,6,5,0.7013061317782132
41,A,0.05,6,6,1.0545227129066344
41,A,0.05,6,7,0.6564701149073761
41,A,0.05,6,8,0.6166401451435678
41,A,0.05,6,9,0.6753013407931997
41,A,0.05,7,0,0.7508772252731712
41,A,0.05,7,1,0.7341391563237197
41,A,0.05,7,2,0.31237786766296155
41,A,0.05,7,3,0.8118009232026817
41,A,0.05,7,4,0.7759094097433021
41,A,0.05,7,5,0.37752383006981416
41,A,0.05,7,6,0.7619624541988644
41,A,0.05,7,7,0.9698071005929932
41,A,0.05,7,8,0.6099200176030828
41,A,0.05,7,9,0.41364568633677334
41,A,0.05,8,0,0.012218093539286995
41,A,0.05,8,1,0.1521864596473602
41,A,0.05,8,2,0.19064012039656014
41,A,0.05,8,3,0.29215898062655704
41,A,0.05,8,4,0.07100222815180826
41,A,0.05,8,5,0.05443775116792382
41,A,0.05,8,6,0.0348405870143073
41,A,0.05,8,7,-0.47567850025564
41,A,0.05,8,8,0.1104992688857571
41,A,0.05,8,9,0.13873483768791373
41,A,0.05,9,0,0.6282219144988435
41,A,0.05,9,1,0.5216152158800778
41,A,0.05,9,2,-0.12263685051255452
41,A,0.05,9,3,0.18131125759658245
41,A,0.05,9,4,1.3055895267682516
41,A,0.05,9,5,0.6046395723591734
41,A,0.05,9,6,1.096586588181913
41,A,0.05,9,7,1.1622347417930181
41,A,0.05,9,8,0.4727091818989086
41,A,0.05,9,9,0.9147133179085946
41,B,100,0,0,0.7523389263971162
41,B,100,0,1,0.7134811932721746
41,B,100,0,2,1.01368129448978
41,B,100,0,3,0.8780171954546336
41,B,100,0,4,1.0953352623317305
41,B,100,0,5,0.8855849790572697
41,B,100,0,6,0.6420286133310434
41,B,100,0,7,0.9495133361987147
41,B,100,0,8,1.150036343223876
41,B,100,0,9,0.6945831705582561
41,B,100,1,0,-0.3081963851075533
41,B,100,1,1,-0.39300669423882684
41,B,100,1,2,0.01510270522408589
41,B,100,1,3,-0.37197455218529013
41,B,100,1,4,-0.1666890753579597
41,B,100,1,5,-0.1588406666089788
41,B,100,1,6,-0.3277690030869494
41,B,100,1,7,-0.4120948567277715
41,B,100,1,8,0.1696703873424322
41,B,100,1,9,0.21581840458591497
41,B,100,2,0,0.3881593242557528
41,B,100,2,1,0.31539992531099675
41,B,100,2,2,0.019730383864832914
41,B,100,2,3,0.34103657779780105
41,B,100,2,4,-0.1572875716853183
41,B,100,2,5,0.249585663499254
41,B,100,2,6,-0.021405944252290147
41,B,100,2,7,-0.11764428895170229
41,B,100,2,8,-0.0966131985896272
41,B,100,2,9,0.058978262310571065
41,B,100,3,0,-0.703127186734712
41,B,100,3,1,-0.8591046030648468
41,B,100,3,2,-0.5679342013688946
41,B,100,3,3,-1.0441264758079332
41,B,100,3,4,-1.1544122266058177
41,B,100,3,5,-0.7081690785294571
41,B,100,3,6,-0.8580264705436623
41,B,100,3,7,-0.9501827943653525
41,B,100,3,8,-0.8627020895996813
41,B,100,3,9,-0.5659591045238707
41,B,100,4,0,-1.6296745930971883
41,B,100,4,1,-1.1739036121909294
41,B,100,4,2,-0.7577543422810068
41,B,100,4,3,-0.3139830390499188
41,B,100,4,4,-0.082975074986432
41,B,100,4,5,-0.6440248431402222
41,B,100,4,6,-0.03294510603385708
41,B,100,4,7,-0.036589324347094096
41,B,100,4,8,-0.4502067086105237
41,B,100,4,9,-0.24906776849259848
41,B,100,5,0,0.005732051134054978
41,B,100,5,1,-0.07827595520444763
41,B,100,5,2,-0.14722394214585063
41,B,100,5,3,-0.7666617105699688
41,B,100,5,4,-0.18084263908327156
41,B,100,5,5,-0.3359967232364087
41,B,100,5,6,-0.5621381613616546
41,B,100,5,7,-0.23665507702521066
41,B,100,5,8,-0.0413621898146933
41,B,100,5,9,-0.5492672340257716
41,B,100,6,0,0.509115611414632
41,B,100,6,1,1.1938023795911306
41,B,100,6,2,0.7595397449904637
41,B,100,6,3,1.1618034627171778
41,B,100,6,4,1.0712417212740137
41,B,100,6,5,0.9135714049675971
41,B,100,6,6,0.8829733830626103
41,B,100,6,7,1.1510774734180305
41,B,100,6,8,1.3323133647193444
41,B,100,6,9,0.6341434158287533
41,B,100,7,0,0.2710291285534406
41,B,100,7,1,0.4936044902356808
41,B,100,7,2,0.3741209892410172
41,B,100,7,3,0.305969555421221
41,B,100,7,4,0.2626923071460944
41,B,100,7,5,0.469888689428115
41,B,100,7,6,0.24427297793514682
41,B,100,7,7,0.28380214889445654
41,B,100,7,8,0.23940360464138538
41,B,100,7,9,0.29184607820729885
41,B,100,8,0,-0.4677852378909242
41,B,100,8,1,0.4519028991877462
41,B,100,8,2,0.2125853448750493
41,B,100,8,3,-0.27216049116817687
41,B,100,8,4,-0.1836343345568491
41,B,100,8,5,0.1450984073878559
41,B,100,8,6,0.22236317517991816
41,B,100,8,7,-0.1379724290696429
41,B,100,8,8,0.37322234902633633
41,B,100,8,9,-0.13170506539647947
41,B,100,9,0,2.4521264383368586
41,B,100,9,1,1.8136418081599044
41,B,100,9,2,1.8227737342234342
41,B,100,9,3,1.8024294058119592
41,B,100,9,4,1.7221494367800956
41,B,100,9,5,1.7912649244655379
41,B,100,9,6,1.5546945259214815
41,B,100,9,7,2.0813833818206113
41,B,100,9,8,1.8315643701199873
41,B,100,9,9,1.7615920045530455
42,A,0.05,0,0,-1.1411779578977137
42,A,0.05,0,1,-0.3789751197477127
42,A,0.05,0,2,-1.290802369730875
42,A,0.05,0,3,-1.157999802604063
42,A,0.05,0,4,-0.8420423360880588
42,A,0.05,0,5,-1.4892449559551826
42,A,0.05,0,6,-1.0366172408307928
42,A,0.05,0,7,-1.0998309801864605
42,A,0.05,0,8,-1.0698789759496414
42,A,0.05,0,9,-1.240535385535482
42,A,0.05,1,0,1.134107161372156
42,A,0.05,1,1,0.8899471207329742
42,A,0.05,1,2,0.8951290337233911
42,A,0.05,1,3,1.0096107778965813
42,A,0.05,1,4,0.8867166036371128
42,A,0.05,1,5,0.7550998119505676
42,A,0.05,1,6,0.7760873431373285
42,A,0.05,1,7,0.5584590557402852
42,A,0.05,1,8,0.8249935565113592
42,A,0.05,1,9,0.9939676100614262
42,A,0.05,2,0,0.6973950189546068
42,A,0.05,2,1,0.3533509357997209
42,A,0.05,2,2,1.1323411072526204
42,A,0.05,2,3,0.8531492959878568
42,A,0.05,2,4,0.5023759690925408
42,A,0.05,2,5,1.5338308169334758
42,A,0.05,2,6,0.6473188383814282
42,A,0.05,2,7,0.9546185785794277
42,A,0.05,2,8,1.0764509011090992
42,A,0.05,2,9,1.0923495705397424
42,A,0.05,3,0,2.31030643502815
42,A,0.05,3,1,3.4484335980838194
42,A,0.05,3,2,2.237558798101593
42,A,0.05,3,3,2.5537145072090057
42,A,0.05,3,4,1.8386511391956846
42,A,0.05,3,5,2.3958971110372493
42,A,0.05,3,6,1.668691954415218
42,A,0.05,3,7,2.3826663541036655
42,A,0.05,3,8,2.333850807680443
42,A,0.05,3,9,2.681741410364732
42,A,0.05,4,0,-0.7757418069090277
42,A,0.05,4,1,-0.8872312476901597
42,A,0.05,4,2,-0.43636853906214096
42,A,0.05,4,3,-0.742892614268576
42,A,0.05,4,4,-0.6287458954066582
42,A,0.05,4,5,-0.5759686660927176
42,A,0.05,4,6,-1.1096341768034934
42,A,0.05,4,7,-0.2993665624830348
42,A,0.05,4,8,-0.8250802929127756
42,A,0.05,4,9,-0.6339372742029352
42,A,0.05,5,0,-0.6035516544146343
42,A,0.05,5,1,-0.9951682019029577
42,A,0.05,5,2,-0.3676274514480114
42,A,0.05,5,3,-0.41939477806133696
42,A,0.05,5,4,-0.44312162674137184
42,A,0.05,5,5,-0.3255578481667532
42,A,0.05,5,6,-1.0251205242602524
42,A,0.05,5,7,-0.3984220414999085
42,A,0.05,5,8,-0.1241722794356941
42,A,0.05,5,9,-0.7930418905347427
42,A,0.05,6,0,0.207746284217675
42,A,0.05,6,1,-0.35356076707736983
42,A,0.05,6,2,0.18845264018887536
42,A,0.05,6,3,-1.047971827416012
42,A,0.05,6,4,-1.137884914937085
42,A,0.05,6,5,0.3227915891952188
42,A,0.05,6,6,0.5706258159414578
42,A,0.05,6,7,0.019906804434644675
42,A,0.05,6,8,-0.9127869048151951
42,A,0.05,6,9,-0.3378946012794345
42,A,0.05,7,0,1.106896886716233
42,A,0.05,7,1,0.42680485652639916
42,A,0.05,7,2,0.5822810820451827
42,A,0.05,7,3,0.42036762230771413
42,A,0.05,7,4,0.8524277392797843
42,A,0.05,7,5,0.30109226677853057
42,A,0.05,7,6,0.7485714528795541
42,A,0.05,7,7,0.349910371577674
42,A,0.05,7,8,1.0155398952731922
42,A,0.05,7,9,1.25545638822346
42,A,0.05,8,0,0.23135692901149946
42,A,0.05,8,1,-0.10085380398921996
42,A,0.05,8,2,0.22575419110834752
42,A,0.05,8,3,-0.00888724928380919
42,A,0.05,8,4,0.2575009282765078
42,A,0.05,8,5,-0.10277189477471464
42,A,0.05,8,6,0.23426159033515095
42,A,0.05,8,7,0.20778742438660922
42,A,0.05,8,8,-0.20329289168721787
42,A,0.05,8,9,0.05685160890163746
42,A,0.05,9,0,1.4723941199602404
42,A,0.05,9,1,1.5923975995906037
42,A,0.05,9,2,1.4296757842547032
42,A,0.05,9,3,0.4556291078735621
42,A,0.05,9,4,1.8758215736380344
42,A,0.05,9,5,-0.3988475292443804
42,A,0.05,9,6,1.6237345979129767
42,A,0.05,9,7,1.6621763893784083
42,A,0.05,9,8,1.7419077166945134
42,A,0.05,9,9,1.7976926680644232
42,B,100,0,0,1.6823804642339488
42,B,100,0,1,1.8603940633751417
42,B,100,0,2,1.3127209084649625
42,B,100,0,3,1.7352688529856695
42,B,100,0,4,1.7431599426771738
42,B,100,0,5,2.145685685673864
42,B,100,0,6,1.4756731202940934
42,B,100,0,7,1.7837432320049764
42,B,100,0,8,2.205220153851758
42,B,100,0,9,1.6783677758440305
42,B,100,1,0,-0.10469256762980789
42,B,100,1,1,-0.09119139392967805
42,B,100,1,2,-0.09669405308563422
42,B,100,1,3,-0.09233623539991738
42,B,100,1,4,-1.5438328571242275
42,B,100,1,5,-0.10507862956654382
42,B,100,1,6,-0.09367635057082344
42,B,100,1,7,-0.08547850070002311
42,B,100,1,8,-1.3258748579863524
42,B,100,1,9,-0.08363305509360908
42,B,100,2,0,-0.002339531913588039
42,B,100,2,1,0.04408930660123399
42,B,100,2,2,-0.04264524692860401
42,B,100,2,3,0.06952967100764271
42,B,100,2,4,0.03305216575524679
42,B,100,2,5,0.08316036749796235
42,B,100,2,6,0.021890453897270443
42,B,100,2,7,0.12606049863706398
42,B,100,2,8,0.04269005033581949
42,B,100,2,9,0.1132385906641324
42,B,100,3,0,1.447648892569006
42,B,100,3,1,1.3805516696063491
42,B,100,3,2,1.7608632568083555
42,B,100,3,3,1.4789170449119595
42,B,100,3,4,1.26640390612287
42,B,100,3,5,1.2402398308160412
42,B,100,3,6,1.2580820541106819
42,B,100,3,7,1.518894761852161
42,B,100,3,8,1.5307423775424067
42,B,100,3,9,1.3042530866111752
42,B,100,4,0,-0.4908286360040678
42,B,100,4,1,-0.0890764698579174
42,B,100,4,2,0.09228769724068228
42,B,100,4,3,0.35866949150654714
42,B,100,4,4,0.05805209834621176
42,B,100,4,5,0.11443454237714486
42,B,100,4,6,-0.08507731840141826
42,B,100,4,7,-0.029674442576229455
42,B,100,4,8,0.22667285948615098
42,B,100,4,9,-0.0898533633715661
42,B,100,5,0,-1.7183000924362444
42,B,100,5,1,-2.468336817187569
42,B,100,5,2,-2.2004186398851373
42,B,100,5,3,-3.2013986088881516
42,B,100,5,4,-2.364107890306971
42,B,100,5,5,-1.8358154066391748
42,B,100,5,6,-2.5481152566106373
42,B,100,5,7,-2.8067002407588406
42,B,100,5,8,-2.723368655906969
42,B,100,5,9,-2.506110404070897
42,B,100,6,0,0.2971421917592853
42,B,100,6,1,0.9893691097939112
42,B,100,6,2,0.7304102022908009
42,B,100,6,3,1.2190482784210281
42,B,100,6,4,0.23298181208611932
42,B,100,6,5,0.6859574600679323
42,B,100,6,6,0.4390054379838349
42,B,100,6,7,0.6343371394865596
42,B,100,6,8,0.3014063348107933
42,B,100,6,9,0.5645746371820722
42,B,100,7,0,-0.5983431041642083
42,B,100,7,1,-0.63417579434678
42,B,100,7,2,-0.7215122780582194
42,B,100,7,3,-0.5596466865940103
42,B,100,7,4,-0.6220974253656576
42,B,100,7,5,-0.3111592933327541
42,B,100,7,6,-0.4545017221822708
42,B,100,7,7,-0.2610325427053255
42,B,100,7,8,-0.23859465690340378
42,B,100,7,9,-0.2177692101556673
42,B,100,8,0,-0.05425550595643747
42,B,100,8,1,-0.09180454174546694
42,B,100,8,2,-0.05088160846809707
42,B,100,8,3,-0.023813940123223038
42,B,100,8,4,-0.08862115342258062
42,B,100,8,5,-0.003120070010762528
42,B,100,8,6,0.021493030703341916
42,B,100,8,7,0.03474173748618225
42,B,100,8,8,-0.027238848374848804
42,B,100,8,9,0.08478436274943421
42,B,100,9,0,0.5006103423059698
42,B,100,9,1,0.7897101503946721
42,B,100,9,2,0.9423747566161178
42,B,100,9,3,0.8002696887039041
42,B,100,9,4,0.8089478329129491
42,B,100,9,5,0.5783351535021297
42,B,100,9,6,0.5333880778745759
42,B,100,9,7,0.9827273756025678
42,B,100,9,8,0.589742090361979
42,B,100,9,9,0.6716511714034971
43,A,0.05,0,0,1.108969855998777
43,A,0.05,0,1,1.2559706398045813
43,A,0.05,0,2,1.3260450250523332
43,A,0.05,0,3,1.4470993402031174
43,A,0.05,0,4,1.1561044558919886
43,A,0.05,0,5,1.511844887597287
43,A,0.05,0,6,1.3564927170867374
43,A,0.05,0,7,1.2734493667736315
43,A,0.05,0,8,1.1908882502940867
43,A,0.05,0,9,1.2470626487990926
43,A,0.05,1,0,0.1155978517099871
43,A,0.05,1,1,-0.17170965418867037
43,A,0.05,1,2,0.554839544754876
43,A,0.05,1,3,0.44715615004821035
43,A,0.05,1,4,0.07887595541867835
43,A,0.05,1,5,0.04637050809560772
43,A,0.05,1,6,0.2938387928511367
43,A,0.05,1,7,0.3452135890815172
43,A,0.05,1,8,0.3259799936233392
43,A,0.05,1,9,0.5543748434478756
43,A,0.05,2,0,1.2171957468364767
43,A,0.05,2,1,0.525664425362861
43,A,0.05,2,2,0.488410658716541
43,A,0.05,2,3,1.0563326101412596
43,A,0.05,2,4,0.8032414237700408
43,A,0.05,2,5,-0.010870848944208315
43,A,0.05,2,6,1.0219760072248494
43,A,0.05,2,7,1.4672747995619406
43,A,0.05,2,8,-0.47783618662774546
43,A,0.05,2,9,0.01782859918650453
43,A,0.05,3,0,0.7351565291549659
43,A,0.05,3,1,0.885269856031378
43,A,0.05,3,2,1.1911943666350067
43,A,0.05,3,3,1.2132777976599298
43,A,0.05,3,4,0.808441897479332
43,A,0.05,3,5,0.7839368032427197
43,A,0.05,3,6,0.7627531725472714
43,A,0.05,3,7,0.9765640255244998
43,A,0.05,3,8,0.7002148051778329
43,A,0.05,3,9,0.8861585397042083
43,A,0.05,4,0,0.6493223738327054
43,A,0.05,4,1,0.5732665181829462
43,A,0.05,4,2,0.5681796283538695
43,A,0.05,4,3,0.6609026959532232
43,A,0.05,4,4,0.6614515542678012
43,A,0.05,4,5,0.6824952550928551
43,A,0.05,4,6,0.6527843244965338
43,A,0.05,4,7,0.6638474784952992
43,A,0.05,4,8,0.432155958713658
43,A,0.05,4,9,0.5138890003701219
43,A,0.05,5,0,-0.16486807824363392
43,A,0.05,5,1,-0.31431261332185956
43,A,0.05,5,2,0.06190447032324089
43,A,0.05,5,3,0.4387019970761857
43,A,0.05,5,4,0.300066589716807
43,A,0.05,5,5,0.9279637726222746
43,A,0.05,5,6,0.3481609830499698
43,A,0.05,5,7,0.32809984524525393
43,A,0.05,5,8,-0.5577461420552762
43,A,0.05,5,9,0.7306094355688757
43,A,0.05,6,0,0.7453579981929653
43,A,0.05,6,1,1.4357706230787068
43,A,0.05,6,2,0.6232628148283441
43,A,0.05,6,3,0.8904643773061298
43,A,0.05,6,4,1.3747514734913342
43,A,0.05,6,5,1.2878809904986401
43,A,0.05,6,6,1.180604289971406
43,A,0.05,6,7,0.9469172720231955
43,A,0.05,6,8,0.7632309347521302
43,A,0.05,6,9,0.8927845295101127
43,A,0.05,7,0,0.8574011632471058
43,A,0.05,7,1,0.7172912461526213
43,A,0.05,7,2,0.4137608022766769
43,A,0.05,7,3,1.1324747356122669
43,A,0.05,7,4,0.9116802282893853
43,A,0.05,7,5,0.27994981246250955
43,A,0.05,7,6,1.54020277485553
43,A,0.05,7,7,0.9241616922248591
43,A,0.05,7,8,0.37176017060620625
43,A,0.05,7,9,0.26540917732590846
43,A,0.05,8,0,1.8352538803447451
43,A,0.05,8,1,2.0914986264759725
43,A,0.05,8,2,1.7827990041846493
43,A,0.05,8,3,1.949719031592721
43,A,0.05,8,4,1.9144297910354047
43,A,0.05,8,5,1.9667573179126026
43,A,0.05,8,6,1.8383155532048823
43,A,0.05,8,7,2.0823122373543264
43,A,0.05,8,8,1.9862306408383705
43,A,0.05,8,9,2.0489002202857627
43,A,0.05,9,0,-0.4918440683942691
43,A,0.05,9,1,-0.5069538673553678
43,A,0.05,9,2,-0.10726126130046447
43,A,0.05,9,3,-0.4004182861596011
43,A,0.05,9,4,-0.3867093694335541
43,A,0.05,9,5,-0.5076821969338842
43,A,0.05,9,6,-0.4323982465890647
43,A,0.05,9,7,-0.4779332736062329
43,A,0.05,9,8,-0.39430158452468284
43,A,0.05,9,9,-0.3550611447354376
43,B,100,0,0,-0.19272432155477282
43,B,100,0,1,-0.18307061177308562
43,B,100,0,2,-0.515986008233979
43,B,100,0,3,-0.034187038099967815
43,B,100,0,4,-0.07048143000706553
43,B,100,0,5,-0.1323106503574581
43,B,100,0,6,-0.08576022627494473
43,B,100,0,7,-0.1912980541843669
43,B,100,0,8,-0.07286655422155844
43,B,100,0,9,-0.616709797149489
43,B,100,1,0,-0.7071079984323306
43,B,100,1,1,-0.7064194680011705
43,B,100,1,2,-0.7587088648034748
43,B,100,1,3,-0.7411476835462735
43,B,100,1,4,-0.9062498506216335
43,B,100,1,5,-0.8542002304350431
43,B,100,1,6,-0.47018336702807145
43,B,100,1,7,-0.6528748276658207
43,B,100,1,8,-1.0077321846159013
43,B,100,1,9,-0.8225495314419969
43,B,100,2,0,0.7740876141209521
43,B,100,2,1,0.17433368550986839
43,B,100,2,2,0.5668522117617846
43,B,100,2,3,0.6821218566746374
43,B,100,2,4,0.7591421497354383
43,B,100,2,5,0.5082548492172132
43,B,100,2,6,0.4489479594341309
43,B,100,2,7,0.5644271264161633
43,B,100,2,8,0.41630641212307995
43,B,100,2,9,0.2671852625334289
43,B,100,3,0,-1.074250787443977
43,B,100,3,1,-1.1774000469871122
43,B,100,3,2,-0.7449871294817668
43,B,100,3,3,-0.9323374999057972
43,B,100,3,4,-1.2155714678386569
43,B,100,3,5,-0.6813078811361233
43,B,100,3,6,-1.2479837679502328
43,B,100,3,7,-0.9109021399245317
43,B,100,3,8,-1.2428094098424944
43,B,100,3,9,-1.1886059916854612
43,B,100,4,0,1.357692226951902
43,B,100,4,1,0.7522319825048062
43,B,100,4,2,1.0750482189739048
43,B,100,4,3,1.5113955934318506
43,B,100,4,4,1.331927464653644
43,B,100,4,5,1.1423022906088232
43,B,100,4,6,0.9241997536814277
43,B,100,4,7,0.9365846351053129
43,B,100,4,8,1.2062818685230468
43,B,100,4,9,1.4663131232262623
43,B,100,5,0,0.6920716017484916
43,B,100,5,1,-0.6061387789308187
43,B,100,5,2,0.5387008277571986
43,B,100,5,3,-0.3503324834302137
43,B,100,5,4,1.078752468988586
43,B,100,5,5,-0.5438168886069902
43,B,100,5,6,0.5596012343610367
43,B,100,5,7,0.4923043754797915
43,B,100,5,8,0.40153951532907617
43,B,100,5,9,-0.18484721396380033
43,B,100,6,0,-0.014598627248025709
43,B,100,6,1,0.39164185797871487
43,B,100,6,2,0.23906268952058396
43,B,100,6,3,0.024189023802583164
43,B,100,6,4,0.05622760070830492
43,B,100,6,5,-0.22974387139456712
43,B,100,6,6,-0.055076889316235327
43,B,100,6,7,0.05255222527303085
43,B,100,6,8,0.02662202453014519
43,B,100,6,9,-0.9546409842632597
43,B,100,7,0,0.8059510622751745
43,B,100,7,1,0.6075001503795785
43,B,100,7,2,-0.17430921109526237
43,B,100,7,3,0.5619118305213746
43,B,100,7,4,0.43310788879790685
43,B,100,7,5,0.34756501220704944
43,B,100,7,6,0.02079276152911852
43,B,100,7,7,0.7840520822593625
43,B,100,7,8,0.24630412355100326
43,B,100,7,9,0.28503967267440267
43,B,100,8,0,-1.3530098993891009
43,B,100,8,1,-0.9784465697266911
43,B,100,8,2,-1.5276152522430986
43,B,100,8,3,-1.3008001787397996
43,B,100,8,4,-1.2167422868001918
43,B,100,8,5,-1.0902001114692268
43,B,100,8,6,-1.069261838144635
43,B,100,8,7,-0.46901142671775176
43,B,100,8,8,-1.0726474157042698
43,B,100,8,9,-2.1333940423111577
43,B,100,9,0,-0.4465951126762046
43,B,100,9,1,-1.0583625106508268
43,B,100,9,2,-0.7867457196828573
43,B,100,9,3,-0.4845469959947516
43,B,100,9,4,-0.5126931940673858
43,B,100,9,5,-1.0134339483915782
43,B,100,9,6,-0.5728983407267009
43,B,100,9,7,-0.828307897066401
43,B,100,9,8,-0.09045516267477906
43,B,100,9,9,-0.4786555117326478
44,A,0.05,0,0,2.340237854918397
44,A,0.05,0,1,2.5022422895290437
44,A,0.05,0,2,1.9842691066294242
44,A,0.05,0,3,1.721735314159909
44,A,0.05,0,4,1.9043543969188743
44,A,0.05,0,5,2.194693416570426
44,A,0.05,0,6,2.8912637362475437
44,A,0.05,0,7,2.40680418899465
44,A,0.05,0,8,2.402956582803589
44,A,0.05,0,9,2.73592430458767
44,A,0.05,1,0,-0.03379117360822681
44,A,0.05,1,1,0.38092691180941646
44,A,0.05,1,2,0.11676610819841883
44,A,0.05,1,3,0.20650335480746596
44,A,0.05,1,4,0.05534609009847775
44,A,0.05,1,5,0.4218043098818745
44,A,0.05,1,6,0.4567022684052098
44,A,0.05,1,7,0.3375952019370045
44,A,0.05,1,8,0.21816668305533618
44,A,0.05,1,9,0.1993514270346937
44,A,0.05,2,0,1.430211905439513
44,A,0.05,2,1,1.663331539316203
44,A,0.05,2,2,1.721884256676321
44,A,0.05,2,3,1.2320538753934889
44,A,0.05,2,4,1.7945372476030148
44,A,0.05,2,5,1.6101396985893608
44,A,0.05,2,6,1.655111198654676
44,A,0.05,2,7,2.386602261706909
44,A,0.05,2,8,1.4813731750484864
44,A,0.05,2,9,1.9334507373419272
44,A,0.05,3,0,-1.5111421989146847
44,A,0.05,3,1,-1.61429698143825
44,A,0.05,3,2,-2.29246276283398
44,A,0.05,3,3,-1.4356474089480078
44,A,0.05,3,4,-1.6267246061674125
44,A,0.05,3,5,-1.7637377021738525
44,A,0.05,3,6,-2.1378093904118054
44,A,0.05,3,7,-2.074402323252192
44,A,0.05,3,8,-1.6417231639550254
44,A,0.05,3,9,-1.9308988017592272
44,A,0.05,4,0,-0.0706665118264956
44,A,0.05,4,1,-0.10200188384843252
44,A,0.05,4,2,-0.38631955043403543
44,A,0.05,4,3,0.17355142883601526
44,A,0.05,4,4,-0.3665237054773943
44,A,0.05,4,5,-0.1864899925862288
44,A,0.05,4,6,-0.03355534987772452
44,A,0.05,4,7,-0.23213478519511374
44,A,0.05,4,8,0.06810560038886797
44,A,0.05,4,9,0.19137145428339064
44,A,0.05,5,0,-1.061761250998101
44,A,0.05,5,1,-1.2433984295375649
44,A,0.05,5,2,-0.8071946791997835
44,A,0.05,5,3,-1.4007580955282015
44,A,0.05,5,4,-0.727559750363036
44,A,0.05,5,5,-0.9882811111007518
44,A,0.05,5,6,-0.7894126948807645
44,A,0.05,5,7,-1.1666857861742554
44,A,0.05,5,8,-0.8342932880479891
44,A,0.05,5,9,-0.8819761355834086
44,A,0.05,6,0,-0.047107644202754526
44,A,0.05,6,1,0.07779585207428574
44,A,0.05,6,2,0.40393920024485447
44,A,0.05,6,3,0.12973310611538683
44,A,0.05,6,4,-0.05909992234571957
44,A,0.05,6,5,-0.06276322584642113
44,A,0.05,6,6,-0.057138411376781634
44,A,0.05,6,7,-0.023855535947380938
44,A,0.05,6,8,-0.08670486191553782
44,A,0.05,6,9,0.011396045588065683
44,A,0.05,7,0,-0.22272353229898734
44,A,0.05,7,1,-0.32234540809554135
44,A,0.05,7,2,-0.24838489354995635
44,A,0.05,7,3,0.0061289776565985315
44,A,0.05,7,4,-0.032934591363604174
44,A,0.05,7,5,0.0377917947816051
44,A,0.05,7,6,-0.12946269305888003
44,A,0.05,7,7,-0.23649745331340738
44,A,0.05,7,8,-0.024878493730848862
44,A,0.05,7,9,-0.22972898251449947
44,A,0.05,8,0,-0.7217303544198983
44,A,0.05,8,1,-0.9254345341650555
44,A,0.05,8,2,-0.5318942024756201
44,A,0.05,8,3,-0.5724196750928262
44,A,0.05,8,4,-0.7334369221477972
44,A,0.05,8,5,-0.4952464920829212
44,A,0.05,8,6,-0.4997594336275465
44,A,0.05,8,7,-0.3028951462386088
44,A,0.05,8,8,-0.36175906142983405
44,A,0.05,8,9,-0.5379969177490795
44,A,0.05,9,0,0.8397015981942438
44,A,0.05,9,1,1.1639863441697198
44,A,0.05,9,2,1.2608678065174082
44,A,0.05,9,3,1.8239945642608806
44,A,0.05,9,4,0.8904647750247436
44,A,0.05,9,5,1.2430528479667005
44,A,0.05,9,6,0.679160924363736
44,A,0.05,9,7,1.1527850094057444
44,A,0.05,9,8,0.7708831983440011
44,A,0.05,9,9,1.7188924575786073
44,B,100,0,0,-0.5965090343500261
44,B,100,0,1,-0.5090779428601304
44,B,100,0,2,-0.2803887743619382
44,B,100,0,3,-0.48721878803192603
44,B,100,0,4,-0.6358486421606967
44,B,100,0,5,-0.5122913961781667
44,B,100,0,6,-0.6144091340753903
44,B,100,0,7,-0.255343167990157
44,B,100,0,8,-0.6816860402691198
44,B,100,0,9,-0.13022670444753215
44,B,100,1,0,0.5437739619460626
44,B,100,1,1,-0.4549217933215342
44,B,100,1,2,-0.10705658891413541
44,B,100,1,3,-0.42713689488964574
44,B,100,1,4,-0.25329847112752174
44,B,100,1,5,0.13510881502062239
44,B,100,1,6,-0.14280773176114914
44,B,100,1,7,-0.29340851590196554
44,B,100,1,8,-0.15115866254624044
44,B,100,1,9,-0.1737000802056433
44,B,100,2,0,-2.165481096405979
44,B,100,2,1,-1.6905269210332543
44,B,100,2,2,-2.3261979513997972
44,B,100,2,3,-1.4176506124793604
44,B,100,2,4,-0.9925008104087462
44,B,100,2,5,-1.4772328606089016
44,B,100,2,6,-2.2691642854672778
44,B,100,2,7,-2.553891716146896
44,B,100,2,8,-2.149691398408151
44,B,100,2,9,-1.5587052133847543
44,B,100,3,0,0.6622371367550605
44,B,100,3,1,0.9318352363719593
44,B,100,3,2,0.5992309238640331
44,B,100,3,3,1.0984627396957543
44,B,100,3,4,0.7239319436971589
44,B,100,3,5,0.931693840633808
44,B,100,3,6,1.07157320397803
44,B,100,3,7,0.7494293021381166
44,B,100,3,8,0.8986335598759209
44,B,100,3,9,1.233527991006272
44,B,100,4,0,2.046362481987437
44,B,100,4,1,1.519762217448904
44,B,100,4,2,2.1677070344205167
44,B,100,4,3,1.359935784072896
44,B,100,4,4,0.1210152118926311
44,B,100,4,5,1.6807670771081613
44,B,100,4,6,1.8314282804543045
44,B,100,4,7,1.5219612656717663
44,B,100,4,8,1.3089621632262185
44,B,100,4,9,2.136326999756416
44,B,100,5,0,-0.002664400937220707
44,B,100,5,1,-0.009414106177507956
44,B,100,5,2,0.08633644250524505
44,B,100,5,3,-0.09105313874744735
44,B,100,5,4,-0.05075741387185153
44,B,100,5,5,0.11902297341434537
44,B,100,5,6,0.43277469214835534
44,B,100,5,7,-0.33013283685824735
44,B,100,5,8,-0.4281334404724607
44,B,100,5,9,-0.38305963025789375
44,B,100,6,0,0.35918816285017857
44,B,100,6,1,0.48616407415442603
44,B,100,6,2,0.2396491129756655
44,B,100,6,3,0.26863172136864977
44,B,100,6,4,0.8863690168686035
44,B,100,6,5,0.6970300833979026
44,B,100,6,6,0.3236822219067443
44,B,100,6,7,0.24934127205006298
44,B,100,6,8,0.4393034360828394
44,B,100,6,9,0.25069797874448846
44,B,100,7,0,1.7631684735336925
44,B,100,7,1,1.8751067319854102
44,B,100,7,2,2.2378456637741566
44,B,100,7,3,2.129389699471938
44,B,100,7,4,2.339328872292251
44,B,100,7,5,1.488839704897856
44,B,100,7,6,1.692617965887953
44,B,100,7,7,1.6581159500295453
44,B,100,7,8,1.5057569720111723
44,B,100,7,9,1.6226437114443908
44,B,100,8,0,0.03135591345136502
44,B,100,8,1,0.030704871012650577
44,B,100,8,2,-0.30632768395389187
44,B,100,8,3,-0.5178451769422139
44,B,100,8,4,-0.18349493023139937
44,B,100,8,5,-0.19985756270090052
44,B,100,8,6,-0.22987502950482436
44,B,100,8,7,-0.10377815350602398
44,B,100,8,8,0.02229099071552501
44,B,100,8,9,-0.4476119145060197
44,B,100,9,0,0.08152242595172378
44,B,100,9,1,0.005469853660319258
44,B,100,9,2,0.07821845037475875
44,B,100,9,3,-0.004457622951403249
44,B,100,9,4,0.011078574496245733
44,B,100,9,5,0.08940505691618311
44,B,100,9,6,-0.19198296381456414
44,B,100,9,7,0.07180109504386005
44,B,100,9,8,-0.14427135581131376
44,B,100,9,9,-0.4415189557516384
45,A,0.05,0,0,-0.0651459196726533
45,A,0.05,0,1,0.8124664284484697
45,A,0.05,0,2,0.5914259177627773
45,A,0.05,0,3,0.621193165276111
45,A,0.05,0,4,1.566095945541993
45,A,0.05,0,5,0.20431903171428184
45,A,0.05,0,6,0.7965574532945566
45,A,0.05,0,7,0.1290697623867093
45,A,0.05,0,8,0.6727920603861456
45,A,0.05,0,9,0.3683763648674389
45,A,0.05,1,0,0.2926605750655192
45,A,0.05,1,1,0.40575615857265485
45,A,0.05,1,2,0.3188403838699974
45,A,0.05,1,3,0.30713774606001587
45,A,0.05,1,4,0.4490138475398699
45,A,0.05,1,5,0.391262966860629
45,A,0.05,1,6,0.31610458743652287
45,A,0.05,1,7,0.33408001013472216
45,A,0.05,1,8,0.39852939018679884
45,A,0.05,1,9,0.4042690983578769
45,A,0.05,2,0,-1.4293217097207664
45,A,0.05,2,1,-0.9187019348129407
45,A,0.05,2,2,-0.7691503543792407
45,A,0.05,2,3,-0.8805497100065862
45,A,0.05,2,4,-0.826718704309763
45,A,0.05,2,5,-0.7094199679919069
45,A,0.05,2,6,-1.1743240680435374
45,A,0.05,2,7,-1.0782783376468184
45,A,0.05,2,8,-1.252790129897273
45,A,0.05,2,9,-1.1597879029482772
45,A,0.05,3,0,-0.027485491912621673
45,A,0.05,3,1,0.23195961343077662
45,A,0.05,3,2,-0.17631961542220265
45,A,0.05,3,3,0.28061455066412
45,A,0.05,3,4,0.44795816652254933
45,A,0.05,3,5,0.4019744016746479
45,A,0.05,3,6,0.24728019992891723
45,A,0.05,3,7,0.6298187419948444
45,A,0.05,3,8,0.6299644440072287
45,A,0.05,3,9,0.7147523303846446
45,A,0.05,4,0,1.174907447502395
45,A,0.05,4,1,1.3492230710777138
45,A,0.05,4,2,0.5632790868584708
45,A,0.05,4,3,1.4760387056540356
45,A,0.05,4,4,0.673194608642541
45,A,0.05,4,5,1.233221691676063
45,A,0.05,4,6,1.5192814663979755
45,A,0.05,4,7,1.2364656615290177
45,A,0.05,4,8,1.8345182812137986
45,A,0.05,4,9,1.461415209627183
45,A,0.05,5,0,-0.6833533867154827
45,A,0.05,5,1,-0.6968924913496215
45,A,0.05,5,2,-0.4422204627288056
45,A,0.05,5,3,-0.8605660548459533
45,A,0.05,5,4,-0.5622865162263249
45,A,0.05,5,5,-0.6157103138888576
45,A,0.05,5,6,-1.072938744398945
45,A,0.05,5,7,-0.6071748036906712
45,A,0.05,5,8,-0.7632615453766982
45,A,0.05,5,9,-0.6389814433947978
45,A,0.05,6,0,0.4941429397675904
45,A,0.05,6,1,0.02860109901616234
45,A,0.05,6,2,0.12602983994544964
45,A,0.05,6,3,-0.21329137388326774
45,A,0.05,6,4,0.12763316637801633
45,A,0.05,6,5,-0.0393716210054967
45,A,0.05,6,6,-0.0013752594973575132
45,A,0.05,6,7,-0.0961845126631943
45,A,0.05,6,8,-0.24745992149923202
45,A,0.05,6,9,-0.16485448690802465
45,A,0.05,7,0,-0.3215982148771325
45,A,0.05,7,1,-0.17210335674432128
45,A,0.05,7,2,0.05549826191690133
45,A,0.05,7,3,-0.35177643775622275
45,A,0.05,7,4,-0.004399385262275975
45,A,0.05,7,5,0.2023782162190954
45,A,0.05,7,6,-0.047974598241082564
45,A,0.05,7,7,-0.9057205828630533
45,A,0.05,7,8,-0.19170852096024796
45,A,0.05,7,9,-0.20243084940065506
45,A,0.05,8,0,-1.7785818315053514
45,A,0.05,8,1,-2.119381920539301
45,A,0.05,8,2,-1.971349978345478
45,A,0.05,8,3,-1.6824624790617568
45,A,0.05,8,4,-1.8883696137926256
45,A,0.05,8,5,-1.5574543467124373
45,A,0.05,8,6,-1.8221626291664106
45,A,0.05,8,7,-1.903388491768711
45,A,0.05,8,8,-1.8283006572422802
45,A,0.05,8,9,-2.445436680508491
45,A,0.05,9,0,-0.42824911488507694
45,A,0.05,9,1,-0.2864468424369627
45,A,0.05,9,2,-0.18518182540441788
45,A,0.05,9,3,0.20177619780541545
45,A,0.05,9,4,0.014759139745640313
45,A,0.05,9,5,-0.5992673695713497
45,A,0.05,9,6,0.18730421298144245
45,A,0.05,9,7,-0.15659704816706144
45,A,0.05,9,8,-0.7743904605735242
45,A,0.05,9,9,-0.0772546370434717
45,B,100,0,0,1.388591652156116
45,B,100,0,1,1.3638133691268073
45,B,100,0,2,1.5131350772014098
45,B,100,0,3,1.2199410813139857
45,B,100,0,4,1.0384144945744929
45,B,100,0,5,1.603161955677429
45,B,100,0,6,1.4096283668415248
45,B,100,0,7,1.7645220956033687
45,B,100,0,8,1.5087262464828852
45,B,100,0,9,1.6922968866951
45,B,100,1,0,-0.26953591478777156
45,B,100,1,1,-0.07933231507016056
45,B,100,1,2,-0.0032896444881089734
45,B,100,1,3,-0.4183620832080561
45,B,100,1,4,0.5202370655068393
45,B,100,1,5,-0.08945790349738622
45,B,100,1,6,0.15289048401544017
45,B,100,1,7,-0.1641638770533915
45,B,100,1,8,-0.08880210258074764
45,B,100,1,9,-0.0923488220460717
45,B,100,2,0,-1.0115523420574526
45,B,100,2,1,-0.8529249771864207
45,B,100,2,2,-0.401696638456554
45,B,100,2,3,-1.0156615273836218
45,B,100,2,4,-0.8782984498379062
45,B,100,2,5,-0.9509505947740252
45,B,100,2,6,-0.019707150221313904
45,B,100,2,7,-0.12389144272569168
45,B,100,2,8,-0.31295763669917237
45,B,100,2,9,-0.7850771489533002
45,B,100,3,0,-0.05654017599997344
45,B,100,3,1,0.04898148797956625
45,B,100,3,2,0.5573748193719908
45,B,100,3,3,0.38866538068483675
45,B,100,3,4,0.020372300980846286
45,B,100,3,5,0.29268777839062876
45,B,100,3,6,0.48635297182473813
45,B,100,3,7,-0.09430015116393853
45,B,100,3,8,0.23784817470540573
45,B,100,3,9,0.21656509997533344
45,B,100,4,0,-1.7851585478278809
45,B,100,4,1,-2.1947554173124106
45,B,100,4,2,-2.1890746617183106
45,B,100,4,3,-1.1963489343960936
45,B,100,4,4,-1.161289532061786
45,B,100,4,5,-1.609445347872832
45,B,100,4,6,-1.9837787002421647
45,B,100,4,7,-1.0680798239752654
45,B,100,4,8,-1.4755339310470916
45,B,100,4,9,-1.2062405245682803
45,B,100,5,0,0.3884233936594971
45,B,100,5,1,1.0394016381901614
45,B,100,5,2,0.11120272001299933
45,B,100,5,3,0.6749450041101672
45,B,100,5,4,0.1098570620623736
45,B,100,5,5,0.38009420577699776
45,B,100,5,6,0.28319510682323873
45,B,100,5,7,-0.12531006857749938
45,B,100,5,8,0.7173787168985083
45,B,100,5,9,0.15921665020520603
45,B,100,6,0,-0.9072272699160936
45,B,100,6,1,-1.0509540257241485
45,B,100,6,2,-0.14661252500144412
45,B,100,6,3,-0.3171216731693066
45,B,100,6,4,-0.376147495078545
45,B,100,6,5,-0.42984938841078935
45,B,100,6,6,-0.0007113316858742541
45,B,100,6,7,-0.39312149510647343
45,B,100,6,8,-0.6634902720111184
45,B,100,6,9,-0.35386086535530326
45,B,100,7,0,1.992974471014557
45,B,100,7,1,2.3303505744306863
45,B,100,7,2,2.0751562189114243
45,B,100,7,3,2.2814407841427364
45,B,100,7,4,2.2727568672715215
45,B,100,7,5,3.068530851420646
45,B,100,7,6,2.296827250525841
45,B,100,7,7,2.1624974846029628
45,B,100,7,8,1.9198792182988518
45,B,100,7,9,2.4031601330808985
45,B,100,8,0,0.4602903151498569
45,B,100,8,1,0.6743681626047691
45,B,100,8,2,0.4037424670898072
45,B,100,8,3,0.25730685371682416
45,B,100,8,4,0.7929816616163935
45,B,100,8,5,0.04391419679262085
45,B,100,8,6,0.57179407926567
45,B,100,8,7,0.6279768173721676
45,B,100,8,8,0.38333518774389785
45,B,100,8,9,1.0523810583672188
45,B,100,9,0,0.21514951182484823
45,B,100,9,1,-0.3206867223712332
45,B,100,9,2,-0.34832106666157686
45,B,100,9,3,0.07188645400440631
45,B,100,9,4,0.17797363471540545
45,B,100,9,5,0.22128101720364027
45,B,100,9,6,-0.5423492279722616
45,B,100,9,7,-0.24778721217452618
45,B,100,9,8,0.0792515019958424
45,B,100,9,9,-0.38350524597472413
46,A,0.05,0,0,0.057323357663079125
46,A,0.05,0,1,0.14390266055558212
46,A,0.05,0,2,0.4654029701592937
46,A,0.05,0,3,-0.2412082210018164
46,A,0.05,0,4,0.14985328505878137
46,A,0.05,0,5,-0.011475630576957089
46,A,0.05,0,6,0.06782881565449513
46,A,0.05,0,7,0.22732944772966635
46,A,0.05,0,8,0.3041172230403671
46,A,0.05,0,9,-0.004772663041249644
46,A,0.05,1,0,0.21642193750300104
46,A,0.05,1,1,-0.28472546634232637
46,A,0.05,1,2,0.14752752970968058
46,A,0.05,1,3,0.5338343102561987
46,A,0.05,1,4,-0.13379926175101775
46,A,0.05,1,5,0.07467028836476527
46,A,0.05,1,6,-0.4104448939789235
46,A,0.05,1,7,0.4267890282105585
46,A,0.05,1,8,0.40839818911380815
46,A,0.05,1,9,-0.38599509144690675
46,A,0.05,2,0,-0.5389973260449987
46,A,0.05,2,1,-0.2649517827240132
46,A,0.05,2,2,-0.17138297606692657
46,A,0.05,2,3,0.009339990095697078
46,A,0.05,2,4,0.16336659484136945
46,A,0.05,2,5,0.29894407534707457
46,A,0.05,2,6,0.2537790016318054
46,A,0.05,2,7,0.11893138238161868
46,A,0.05,2,8,0.0603488707469258
46,A,0.05,2,9,-0.12781131057833334
46,A,0.05,3,0,2.0592634170472106
46,A,0.05,3,1,0.4229212573560242
46,A,0.05,3,2,0.6205249198584314
46,A,0.05,3,3,1.4015790905804986
46,A,0.05,3,4,0.4848078183768685
46,A,0.05,3,5,0.6846525099901742
46,A,0.05,3,6,0.7551490112622324
46,A,0.05,3,7,0.37733938072621753
46,A,0.05,3,8,1.5414890952747289
46,A,0.05,3,9,1.9948494270463661
46,A,0.05,4,0,0.19552685137710293
46,A,0.05,4,1,0.20322048449902083
46,A,0.05,4,2,0.1959350485927654
46,A,0.05,4,3,-0.045003844728819305
46,A,0.05,4,4,0.4214876444095713
46,A,0.05,4,5,0.028828152807229036
46,A,0.05,4,6,0.21739866995693166
46,A,0.05,4,7,0.20985095608334062
46,A,0.05,4,8,0.14519943409377298
46,A,0.05,4,9,0.41903293781642015
46,A,0.05,5,0,0.8072363413922099
46,A,0.05,5,1,0.084469993386406
46,A,0.05,5,2,0.14977251801067104
46,A,0.05,5,3,0.26961999697305716
46,A,0.05,5,4,0.031871812627701133
46,A,0.05,5,5,0.5775319298408482
46,A,0.05,5,6,0.39086180365983897
46,A,0.05,5,7,0.8237027161605415
46,A,0.05,5,8,0.5377618519546139
46,A,0.05,5,9,-0.09635209832523253
46,A,0.05,6,0,-0.9270373334315789
46,A,0.05,6,1,-0.7037982875971304
46,A,0.05,6,2,-1.4546017832545421
46,A,0.05,6,3,-0.5075549150957924
46,A,0.05,6,4,-1.7786353391936403
46,A,0.05,6,5,-1.1784188873680546
46,A,0.05,6,6,-1.2344145776539
46,A,0.05,6,7,-1.1879092019681807
46,A,0.05,6,8,-0.7377354169414057
46,A,0.05,6,9,-0.7077411153193404
46,A,0.05,7,0,-0.06490369784333987
46,A,0.05,7,1,0.0269057995508367
46,A,0.05,7,2,0.07655796845649131
46,A,0.05,7,3,0.05348708442505335
46,A,0.05,7,4,0.4911663039406859
46,A,0.05,7,5,-0.26019621774550544
46,A,0.05,7,6,-0.057214905876367544
46,A,0.05,7,7,0.3728982833675434
46,A,0.05,7,8,0.28600365831990354
46,A,0.05,7,9,0.06081283307008121
46,A,0.05,8,0,-0.022914440184819425
46,A,0.05,8,1,0.1071212906711167
46,A,0.05,8,2,0.12561387659674875
46,A,0.05,8,3,0.4079885866320334
46,A,0.05,8,4,0.27682815968409535
46,A,0.05,8,5,0.005130682597870841
46,A,0.05,8,6,0.44250764382149516
46,A,0.05,8,7,0.4059616739666537
46,A,0.05,8,8,0.10121980127753039
46,A,0.05,8,9,0.09341012243686336
46,A,0.05,9,0,-0.8391769280397816
46,A,0.05,9,1,-0.776237795968867
46,A,0.05,9,2,-0.9304716305740077
46,A,0.05,9,3,-0.7811509214752239
46,A,0.05,9,4,-0.7001970221931013
46,A,0.05,9,5,-0.8317460821144088
46,A,0.05,9,6,-0.6833536815021387
46,A,0.05,9,7,-0.7989589517489191
46,A,0.05,9,8,-0.9287818564474324
46,A,0.05,9,9,-0.7400298713697678
46,B,100,0,0,1.7197868720701561
46,B,100,0,1,1.3700297823176217
46,B,100,0,2,1.7869872894432075
46,B,100,0,3,1.7649218014259909
46,B,100,0,4,2.063070622983137
46,B,100,0,5,1.0923487019454565
46,B,100,0,6,1.7700207257911464
46,B,100,0,7,1.301260481370913
46,B,100,0,8,1.5221318899337195
46,B,100,0,9,2.329821978042428
46,B,100,1,0,0.05931982817986011
46,B,100,1,1,0.08545307733086258
46,B,100,1,2,0.2157601099680113
46,B,100,1,3,0.08239851865450908
46,B,100,1,4,0.277918162757203
46,B,100,1,5,0.030969568531477906
46,B,100,1,6,-0.5201137954913785
46,B,100,1,7,-1.2773270913794106
46,B,100,1,8,-0.586975566745721
46,B,100,1,9,-0.0878706183173752
46,B,100,2,0,0.1745443580038629
46,B,100,2,1,0.36748580396553554
46,B,100,2,2,-0.22969022320051383
46,B,100,2,3,-0.17767737664738076
46,B,100,2,4,0.2578029417795768
46,B,100,2,5,0.21513273538223035
46,B,100,2,6,-0.13292501671039342
46,B,100,2,7,-0.09574148519330923
46,B,100,2,8,0.4229271498885768
46,B,100,2,9,-0.07072463345582058
46,B,100,3,0,0.050992154877410274
46,B,100,3,1,0.007101332563909591
46,B,100,3,2,-0.019009827148909943
46,B,100,3,3,-0.03370300339816567
46,B,100,3,4,-0.050402531695674366
46,B,100,3,5,-0.0008854757675173517
46,B,100,3,6,-0.08972543541979547
46,B,100,3,7,-0.06208943830619809
46,B,100,3,8,-0.02812269105585789
46,B,100,3,9,-0.22752587571729166
46,B,100,4,0,-1.0172320174247709
46,B,100,4,1,-0.7106432162561729
46,B,100,4,2,-1.034598268522838
46,B,100,4,3,-1.1188312119847448
46,B,100,4,4,-1.2461571678286723
46,B,100,4,5,-0.5846321958074467
46,B,100,4,6,-1.17618591093736
46,B,100,4,7,-0.8938350576110271
46,B,100,4,8,-0.9452549584195284
46,B,100,4,9,-1.0597202011879638
46,B,100,5,0,-1.735795425243503
46,B,100,5,1,-2.476474918110283
46,B,100,5,2,-2.7026787700565573
46,B,100,5,3,-2.00014590283498
46,B,100,5,4,-2.354958641245718
46,B,100,5,5,-2.19476359776489
46,B,100,5,6,-1.8370693458874894
46,B,100,5,7,-1.7778560000397723
46,B,100,5,8,-2.557893140347076
46,B,100,5,9,-1.8833145290805882
46,B,100,6,0,1.7354011129273936
46,B,100,6,1,1.616140803362676
46,B,100,6,2,1.1975011893109608
46,B,100,6,3,1.5973527752074046
46,B,100,6,4,1.4832464988075673
46,B,100,6,5,1.6836608529589037
46,B,100,6,6,1.3905801702310587
46,B,100,6,7,2.23526117933451
46,B,100,6,8,1.687081078109956
46,B,100,6,9,1.201871118700042
46,B,100,7,0,0.3278944105295785
46,B,100,7,1,0.3075539150946929
46,B,100,7,2,0.06472590390216186
46,B,100,7,3,0.21080926320573048
46,B,100,7,4,0.19520082183715903
46,B,100,7,5,0.19799275779910183
46,B,100,7,6,0.24402876926026035
46,B,100,7,7,0.397869006089389
46,B,100,7,8,0.3522173392794238
46,B,100,7,9,0.2662783423894405
46,B,100,8,0,1.5259570507398283
46,B,100,8,1,1.2301226706577122
46,B,100,8,2,1.7207308346587422
46,B,100,8,3,1.7196208049777797
46,B,100,8,4,1.7356405523125331
46,B,100,8,5,1.3414825382277462
46,B,100,8,6,1.620283442578223
46,B,100,8,7,2.0596918074450867
46,B,100,8,8,1.6390062648675965
46,B,100,8,9,1.726573886928955
46,B,100,9,0,0.8051056104345313
46,B,100,9,1,0.9084760599388197
46,B,100,9,2,0.21074728343741903
46,B,100,9,3,0.518482871611153
46,B,100,9,4,0.6325930922800908
46,B,100,9,5,0.22235143497322543
46,B,100,9,6,0.9324807465345588
46,B,100,9,7,0.9320324136456091
46,B,100,9,8,0.7118153583329735
46,B,100,9,9,0.9088057953222453
47,A,0.05,0,0,-0.12218753932493427
47,A,0.05,0,1,-0.01892789356901295
47,A,0.05,0,2,0.006539320219678689
47,A,0.05,0,3,0.1479236347350519
47,A,0.05,0,4,0.09156132505773337
47,A,0.05,0,5,0.06148579423489367
47,A,0.05,0,6,-0.028391683551754143
47,A,0.05,0,7,0.20488914654762344
47,A,0.05,0,8,0.06568818214950971
47,A,0.05,0,9,0.12315746177636554
47,A,0.05,1,0,-0.3796525376459901
47,A,0.05,1,1,-0.40724863599113
47,A,0.05,1,2,-0.22392392011968207
47,A,0.05,1,3,-0.4784168071065953
47,A,0.05,1,4,-0.08520966556157077
47,A,0.05,1,5,-0.22059972987878382
47,A,0.05,1,6,-0.210233783617361
47,A,0.05,1,7,-0.7213730542292919
47,A,0.05,1,8,-0.42146373230117534
47,A,0.05,1,9,-0.468119978038845
47,A,0.05,2,0,-0.4369507675109319
47,A,0.05,2,1,-0.43462404672262595
47,A,0.05,2,2,-0.13190569814522124
47,A,0.05,2,3,-0.6295044995589427
47,A,0.05,2,4,-0.6307552641623543
47,A,0.05,2,5,-0.45353453735757926
47,A,0.05,2,6,-0.3777435324540446
47,A,0.05,2,7,-0.008381412131322657
47,A,0.05,2,8,-0.2030149199001443
47,A,0.05,2,9,-0.7639104933957228
47,A,0.05,3,0,0.5244254265142707
47,A,0.05,3,1,0.7608811742496824
47,A,0.05,3,2,0.45533919085384367
47,A,0.05,3,3,0.4655641254954702
47,A,0.05,3,4,0.6497891272667041
47,A,0.05,3,5,0.29178304430982704
47,A,0.05,3,6,0.8125113920149392
47,A,0.05,3,7,0.713307371177918
47,A,0.05,3,8,0.2595814851536496
47,A,0.05,3,9,0.5174131657656922
47,A,0.05,4,0,-0.9208747311848159
47,A,0.05,4,1,-1.3322800091592928
47,A,0.05,4,2,-0.48028858248941736
47,A,0.05,4,3,-1.3631308000688673
47,A,0.05,4,4,-0.7186361753998507
47,A,0.05,4,5,-1.022364635535696
47,A,0.05,4,6,-0.6627490206758156
47,A,0.05,4,7,-1.1263247107304917
47,A,0.05,4,8,-0.9651981197075944
47,A,0.05,4,9,-0.734998041972006
47,A,0.05,5,0,0.06308056153277798
47,A,0.05,5,1,-0.023634901512388538
47,A,0.05,5,2,-0.14987334592064197
47,A,0.05,5,3,-0.18045003659006492
47,A,0.05,5,4,0.0294829332458922
47,A,0.05,5,5,-0.9813880638931569
47,A,0.05,5,6,-0.0668831014009087
47,A,0.05,5,7,-0.0009738951816118327
47,A,0.05,5,8,-0.14039906653701598
47,A,0.05,5,9,-0.001630312298868454
47,A,0.05,6,0,-0.8643043829286269
47,A,0.05,6,1,-1.5602627222786034
47,A,0.05,6,2,-0.27147750294988043
47,A,0.05,6,3,-0.9197314552826689
47,A,0.05,6,4,-0.41934100397568574
47,A,0.05,6,5,-0.5672402676600873
47,A,0.05,6,6,-0.8704996780596658
47,A,0.05,6,7,-0.5217070716025142
47,A,0.05,6,8,-1.0929387219038202
47,A,0.05,6,9,-1.0310406652983082
47,A,0.05,7,0,0.2534103190854405
47,A,0.05,7,1,0.09270135421966595
47,A,0.05,7,2,-0.0017540852516478495
47,A,0.05,7,3,0.07791941914756863
47,A,0.05,7,4,0.17832165952803453
47,A,0.05,7,5,0.11250839545210677
47,A,0.05,7,6,0.34369836104636226
47,A,0.05,7,7,-0.11722375147269483
47,A,0.05,7,8,-0.24730878986732352
47,A,0.05,7,9,0.05136234147994842
47,A,0.05,8,0,2.3099083739846273
47,A,0.05,8,1,1.8700230184849775
47,A,0.05,8,2,1.5727740272123578
47,A,0.05,8,3,2.1833535945864697
47,A,0.05,8,4,2.198689622031183
47,A,0.05,8,5,1.8806300557399938
47,A,0.05,8,6,1.5936227603684385
47,A,0.05,8,7,2.290582509506298
47,A,0.05,8,8,1.9904767510009225
47,A,0.05,8,9,1.127347146845389
47,A,0.05,9,0,1.2717467228131407
47,A,0.05,9,1,1.3756314096261537
47,A,0.05,9,2,2.515613646661348
47,A,0.05,9,3,1.1320991421541688
47,A,0.05,9,4,1.9490715126587803
47,A,0.05,9,5,1.250468302241587
47,A,0.05,9,6,1.5995096410209901
47,A,0.05,9,7,1.9948280429397514
47,A,0.05,9,8,1.5169222083404952
47,A,0.05,9,9,1.4893151668250997
47,B,100,0,0,0.049230118111259616
47,B,100,0,1,0.03489637189366162
47,B,100,0,2,0.37267035226335743
47,B,100,0,3,0.5280745000690621
47,B,100,0,4,0.5338815456307122
47,B,100,0,5,0.6312128431529048
47,B,100,0,6,0.4110152698991201
47,B,100,0,7,0.6540762000784406
47,B,100,0,8,0.7806193603451981
47,B,100,0,9,0.7066359028852005
47,B,100,1,0,-0.6716285253521737
47,B,100,1,1,-1.394168117518537
47,B,100,1,2,-1.0505005039511683
47,B,100,1,3,-1.111055349734432
47,B,100,1,4,-0.8036174969719858
47,B,100,1,5,-0.9566672115550492
47,B,100,1,6,-0.7232321104795816
47,B,100,1,7,-0.9025212358859788
47,B,100,1,8,-0.8994730447042675
47,B,100,1,9,-0.8840504386477803
47,B,100,2,0,-0.028332719496810956
47,B,100,2,1,0.5243610676485069
47,B,100,2,2,-0.022624038405038297
47,B,100,2,3,0.47844504813166394
47,B,100,2,4,0.019820288659003354
47,B,100,2,5,0.23393463787882163
47,B,100,2,6,0.7607818818503571
47,B,100,2,7,0.6477983768892459
47,B,100,2,8,0.9573016890785684
47,B,100,2,9,0.4841042922009386
47,B,100,3,0,0.3253372937765271
47,B,100,3,1,-0.49372840152032416
47,B,100,3,2,-1.4116697388987192
47,B,100,3,3,0.15369828994627646
47,B,100,3,4,-0.7466535179359186
47,B,100,3,5,-0.5979281749096214
47,B,100,3,6,0.023994167209776495
47,B,100,3,7,0.17169905499050567
47,B,100,3,8,-0.7279706873497328
47,B,100,3,9,-0.09343299542380439
47,B,100,4,0,1.8046007290348247
47,B,100,4,1,1.1383941660289507
47,B,100,4,2,0.7312822497461408
47,B,100,4,3,1.4519147917877566
47,B,100,4,4,0.7424462970927109
47,B,100,4,5,1.0299760649927319
47,B,100,4,6,0.0684874377816339
47,B,100,4,7,1.5950012381824679
47,B,100,4,8,0.850367543834597
47,B,100,4,9,1.4197624273341716
47,B,100,5,0,0.8323229443849863
47,B,100,5,1,0.8931372154861836
47,B,100,5,2,0.6563246365993677
47,B,100,5,3,0.9287979305860243
47,B,100,5,4,0.5701261857369766
47,B,100,5,5,0.4900629164228347
47,B,100,5,6,0.6216335260376198
47,B,100,5,7,1.0527573860137474
47,B,100,5,8,0.42039176320829713
47,B,100,5,9,0.6346167745670329
47,B,100,6,0,0.09669758416899736
47,B,100,6,1,0.1950909082894771
47,B,100,6,2,0.07374961168173842
47,B,100,6,3,0.43697117178360306
47,B,100,6,4,0.3724659241152687
47,B,100,6,5,0.1913400675202724
47,B,100,6,6,0.513451735524548
47,B,100,6,7,0.4160209198539223
47,B,100,6,8,0.2517584971158502
47,B,100,6,9,0.04957039379076003
47,B,100,7,0,0.5624939617835911
47,B,100,7,1,0.9821341502039019
47,B,100,7,2,0.3281385036352584
47,B,100,7,3,0.8396839217770159
47,B,100,7,4,0.7620962663755692
47,B,100,7,5,1.5978064016344156
47,B,100,7,6,1.4692942146437564
47,B,100,7,7,1.2387621968196012
47,B,100,7,8,1.5459624856286491
47,B,100,7,9,1.2023206044078867
47,B,100,8,0,0.12880901988686075
47,B,100,8,1,0.15900784817841948
47,B,100,8,2,0.29297043649864124
47,B,100,8,3,0.2814755746544836
47,B,100,8,4,0.19515285563101736
47,B,100,8,5,0.4020957113234563
47,B,100,8,6,0.16152616293735278
47,B,100,8,7,0.180426277825305
47,B,100,8,8,0.15238230318838233
47,B,100,8,9,0.16252464801093927
47,B,100,9,0,-1.6275674861341936
47,B,100,9,1,-1.5887285670407052
47,B,100,9,2,-1.6433900125223275
47,B,100,9,3,-1.6268087396077242
47,B,100,9,4,-1.4302084493784188
47,B,100,9,5,-1.2309013349983684
47,B,100,9,6,-1.5533777749444257
47,B,100,9,7,-1.2426502006182911
47,B,100,9,8,-1.4353568618169448
47,B,100,9,9,-1.420943440283478
48,A,0.05,0,0,-1.332189293664018
48,A,0.05,0,1,-1.3755390832983327
48,A,0.05,0,2,-1.2307713867532106
48,A,0.05,0,3,-1.2551767886670595
48,A,0.05,0,4,-1.380901441333757
48,A,0.05,0,5,-1.3038278719642122
48,A,0.05,0,6,-1.335029745669656
48,A,0.05,0,7,-1.2705227573933044
48,A,0.05,0,8,-0.5120669870354086
48,A,0.05,0,9,-0.5457978550401857
48,A,0.05,1,0,0.8132638277963906
48,A,0.05,1,1,1.1516439920476467
48,A,0.05,1,2,0.7686545280499977
48,A,0.05,1,3,1.0573630024075946
48,A,0.05,1,4,0.5591724985381051
48,A,0.05,1,5,0.9059219436774846
48,A,0.05,1,6,0.9572049665749139
48,A,0.05,1,7,0.7549878378894426
48,A,0.05,1,8,0.8124674303319549
48,A,0.05,1,9,0.6825272232462116
48,A,0.05,2,0,0.0408909056359994
48,A,0.05,2,1,-0.009733439340978065
48,A,0.05,2,2,0.1542034004713669
48,A,0.05,2,3,-0.4673716903546729
48,A,0.05,2,4,-0.15854624590624153
48,A,0.05,2,5,0.35385419608681706
48,A,0.05,2,6,0.006713652203659865
48,A,0.05,2,7,0.08172109082098637
48,A,0.05,2,8,-0.04429329575760671
48,A,0.05,2,9,0.41553205110691394
48,A,0.05,3,0,-0.537075114421841
48,A,0.05,3,1,-1.0461789031439397
48,A,0.05,3,2,-0.6485782266213433
48,A,0.05,3,3,-0.5847039758262776
48,A,0.05,3,4,-1.048963687045158
48,A,0.05,3,5,-0.8204214145377515
48,A,0.05,3,6,-0.6026435779198807
48,A,0.05,3,7,-0.49229677440934083
48,A,0.05,3,8,-0.6378535698353359
48,A,0.05,3,9,-0.390947282698995
48,A,0.05,4,0,0.6334714682997956
48,A,0.05,4,1,0.331288499327459
48,A,0.05,4,2,0.5323418245498558
48,A,0.05,4,3,0.4419076553610122
48,A,0.05,4,4,0.18183171356299782
48,A,0.05,4,5,0.3766904045721147
48,A,0.05,4,6,0.5279264796250114
48,A,0.05,4,7,0.7790068465752141
48,A,0.05,4,8,0.34613754816622055
48,A,0.05,4,9,0.6643132093001671
48,A,0.05,5,0,0.947377458539707
48,A,0.05,5,1,0.9091650775363161
48,A,0.05,5,2,1.1850580013841214
48,A,0.05,5,3,0.9707913107340144
48,A,0.05,5,4,0.8152140076428374
48,A,0.05,5,5,0.9852717002961653
48,A,0.05,5,6,0.8902462842172915
48,A,0.05,5,7,0.8205149392497663
48,A,0.05,5,8,1.0689259076577076
48,A,0.05,5,9,0.9709382072332235
48,A,0.05,6,0,-0.6806321488914393
48,A,0.05,6,1,-0.060833202264963526
48,A,0.05,6,2,-0.8880885700179678
48,A,0.05,6,3,0.12203377779641195
48,A,0.05,6,4,-0.3415341948493977
48,A,0.05,6,5,-0.36740136610589735
48,A,0.05,6,6,-0.2984693060918145
48,A,0.05,6,7,-0.05723559014061273
48,A,0.05,6,8,-0.6208754470335603
48,A,0.05,6,9,-0.23443759686514337
48,A,0.05,7,0,0.2760825791805277
48,A,0.05,7,1,0.1694923262884944
48,A,0.05,7,2,-0.012669456142254194
48,A,0.05,7,3,0.03149804218885254
48,A,0.05,7,4,0.07907421363979791
48,A,0.05,7,5,0.163359847757608
48,A,0.05,7,6,0.2963228352125218
48,A,0.05,7,7,0.16112291687868516
48,A,0.05,7,8,-0.10860482019023636
48,A,0.05,7,9,0.15424535926897037
48,A,0.05,8,0,-0.3774247836444153
48,A,0.05,8,1,-0.6051885992497757
48,A,0.05,8,2,-0.763206772342483
48,A,0.05,8,3,-2.4196076260484274
48,A,0.05,8,4,-1.5841313236729828
48,A,0.05,8,5,-0.7469022630709439
48,A,0.05,8,6,-1.2940648880257788
48,A,0.05,8,7,-1.6831351482303654
48,A,0.05,8,8,-1.1199225090879954
48,A,0.05,8,9,-1.2823664583209693
48,A,0.05,9,0,-0.0182572691681785
48,A,0.05,9,1,-0.04664021223913338
48,A,0.05,9,2,0.6428162695903477
48,A,0.05,9,3,-0.010167354607685634
48,A,0.05,9,4,0.1357279087440504
48,A,0.05,9,5,1.0826420378298454
48,A,0.05,9,6,0.45317718673246626
48,A,0.05,9,7,0.7591919476520067
48,A,0.05,9,8,0.6981919394235139
48,A,0.05,9,9,0.13078020669584978
48,B,100,0,0,0.021454119360188886
48,B,100,0,1,-0.09985446773824899
48,B,100,0,2,-0.024118327986461654
48,B,100,0,3,-0.2958793861940351
48,B,100,0,4,-0.24937712068993162
48,B,100,0,5,-0.5095395791048448
48,B,100,0,6,-0.285170541327637
48,B,100,0,7,-0.1713153896021854
48,B,100,0,8,-0.04051665297924719
48,B,100,0,9,-0.05934711517715406
48,B,100,1,0,-0.46683505449048057
48,B,100,1,1,-0.36458973474748574
48,B,100,1,2,-0.24806635902390395
48,B,100,1,3,-0.3170603128630057
48,B,100,1,4,-0.5210713530111719
48,B,100,1,5,-0.2633840240581373
48,B,100,1,6,-0.34429911720073386
48,B,100,1,7,-0.122656757962285
48,B,100,1,8,-0.3150762057808704
48,B,100,1,9,-0.33039994489755825
48,B,100,2,0,0.03808913466643779
48,B,100,2,1,0.12655716158956173
48,B,100,2,2,0.04412640180694847
48,B,100,2,3,0.014853645366065003
48,B,100,2,4,0.11808583073358077
48,B,100,2,5,0.1326324832062627
48,B,100,2,6,0.19095501487433827
48,B,100,2,7,0.17526703177285463
48,B,100,2,8,0.08459296840345616
48,B,100,2,9,0.14062038787719358
48,B,100,3,0,1.2831655529914179
48,B,100,3,1,1.1771397314769512
48,B,100,3,2,0.9500152953720686
48,B,100,3,3,0.8256925369825437
48,B,100,3,4,1.1545303174373198
48,B,100,3,5,1.4195541090961854
48,B,100,3,6,1.4428197520915582
48,B,100,3,7,1.2884932919758676
48,B,100,3,8,0.7934553088994056
48,B,100,3,9,1.3015329726230587
48,B,100,4,0,-3.5834741394258387
48,B,100,4,1,-3.575979907752243
48,B,100,4,2,-4.632397255544847
48,B,100,4,3,-3.1715035318914446
48,B,100,4,4,-3.6519285507883454
48,B,100,4,5,-1.8634308109879603
48,B,100,4,6,-2.53957726937043
48,B,100,4,7,-4.06400002047486
48,B,100,4,8,-2.221958901586697
48,B,100,4,9,-2.24252326172494
48,B,100,5,0,-1.3909359548316005
48,B,100,5,1,-0.540208601957332
48,B,100,5,2,-0.15245123512729536
48,B,100,5,3,-0.6681864538791167
48,B,100,5,4,-1.722786954120314
48,B,100,5,5,-0.12684273846526908
48,B,100,5,6,-0.31950257087632317
48,B,100,5,7,-0.227419581825996
48,B,100,5,8,-0.7752066442704054
48,B,100,5,9,0.22085815819654556
48,B,100,6,0,0.12950015490758238
48,B,100,6,1,0.08562978191812522
48,B,100,6,2,0.12488967829985496
48,B,100,6,3,0.041394352136152265
48,B,100,6,4,0.09592462346839159
48,B,100,6,5,0.12336540897098992
48,B,100,6,6,-0.052564570401642016
48,B,100,6,7,0.11252281086509458
48,B,100,6,8,0.06474598131334924
48,B,100,6,9,0.15676065548388393
48,B,100,7,0,0.4135367101434657
48,B,100,7,1,0.32668765585014026
48,B,100,7,2,0.3301049099239797
48,B,100,7,3,0.3944969373681498
48,B,100,7,4,0.3936004061970785
48,B,100,7,5,0.398155255113326
48,B,100,7,6,0.37981021373138824
48,B,100,7,7,0.5069478071587479
48,B,100,7,8,0.2746490815492345
48,B,100,7,9,0.521795756865785
48,B,100,8,0,-0.16003764624971675
48,B,100,8,1,-0.672569970678931
48,B,100,8,2,-0.7800971977757313
48,B,100,8,3,-0.5184088995512812
48,B,100,8,4,-0.6353044788290055
48,B,100,8,5,-0.563886446254072
48,B,100,8,6,-0.6451259740912277
48,B,100,8,7,-0.26897423179827473
48,B,100,8,8,-0.4185971390452553
48,B,100,8,9,-0.4538546408035047
48,B,100,9,0,-0.01679887948282751
48,B,100,9,1,-0.3875072533499354
48,B,100,9,2,-0.05696744278835255
48,B,100,9,3,-0.0024517120677968237
48,B,100,9,4,-0.12690042001323318
48,B,100,9,5,0.039005683502404576
48,B,100,9,6,0.05616902347572341
48,B,100,9,7,-0.05014713885960776
48,B,100,9,8,0.045128166123292394
48,B,100,9,9,-0.36225084772145766
49,A,0.05,0,0,-0.7867309844664649
49,A,0.05,0,1,-0.642532508200208
49,A,0.05,0,2,-0.31454563714174144
49,A,0.05,0,3,-0.5489967862343011
49,A,0.05,0,4,-0.2785007589643357
49,A,0.05,0,5,-0.08684581807153524
49,A,0.05,0,6,-0.19333499588457814
49,A,0.05,0,7,-0.6707861960713142
49,A,0.05,0,8,0.5853386230606771
49,A,0.05,0,9,-0.22811892601541345
49,A,0.05,1,0,0.968367219155666
49,A,0.05,1,1,0.4437275090269667
49,A,0.05,1,2,1.0436894494691327
49,A,0.05,1,3,0.8452591195836197
49,A,0.05,1,4,0.7660005856209438
49,A,0.05,1,5,1.2056279513033508
49,A,0.05,1,6,0.8729751031180827
49,A,0.05,1,7,1.2006199422057078
49,A,0.05,1,8,0.9126651068059463
49,A,0.05,1,9,0.7316990735478075
49,A,0.05,2,0,-0.32400867959515545
49,A,0.05,2,1,0.15227888170334894
49,A,0.05,2,2,-0.8313530376792287
49,A,0.05,2,3,-0.21204189521342195
49,A,0.05,2,4,-0.8657641355534977
49,A,0.05,2,5,-0.12276068308955009
49,A,0.05,2,6,-0.9338919422765887
49,A,0.05,2,7,-0.48212605791905516
49,A,0.05,2,8,-0.26457329680663505
49,A,0.05,2,9,-0.7631973860553308
49,A,0.05,3,0,-0.8537064470141618
49,A,0.05,3,1,-1.0399712730543904
49,A,0.05,3,2,-0.8920449740057239
49,A,0.05,3,3,-1.761942048635952
49,A,0.05,3,4,-0.9996300086424277
49,A,0.05,3,5,-0.7798211040587983
49,A,0.05,3,6,-1.1229204469142158
49,A,0.05,3,7,-0.8079623430833117
49,A,0.05,3,8,-1.088884948120411
49,A,0.05,3,9,-1.0648291949047375
49,A,0.05,4,0,0.6474834907026453
49,A,0.05,4,1,0.36136246444005604
49,A,0.05,4,2,0.7690412689882966
49,A,0.05,4,3,0.32389578973546646
49,A,0.05,4,4,0.516875978891866
49,A,0.05,4,5,0.7637459171609474
49,A,0.05,4,6,0.379534304767431
49,A,0.05,4,7,0.5586292224939581
49,A,0.05,4,8,1.1625029756628207
49,A,0.05,4,9,0.9055994240985605
49,A,0.05,5,0,0.03535018947303838
49,A,0.05,5,1,-0.07913605439670066
49,A,0.05,5,2,-0.08276122381523238
49,A,0.05,5,3,-0.15523614954522647
49,A,0.05,5,4,0.04073300734681417
49,A,0.05,5,5,-0.17864951131467535
49,A,0.05,5,6,-0.37928140023002166
49,A,0.05,5,7,-0.33644304017473
49,A,0.05,5,8,-0.005194992437255968
49,A,0.05,5,9,0.21490601310596802
49,A,0.05,6,0,0.0851801942423141
49,A,0.05,6,1,0.8217949489969139
49,A,0.05,6,2,0.43564892564181135
49,A,0.05,6,3,0.3172900772936615
49,A,0.05,6,4,0.2100402723787773
49,A,0.05,6,5,0.5802343009072717
49,A,0.05,6,6,0.3590818427340032
49,A,0.05,6,7,-0.12902758528097333
49,A,0.05,6,8,0.008555235498935576
49,A,0.05,6,9,0.4583402224464801
49,A,0.05,7,0,0.2795455416359244
49,A,0.05,7,1,0.7516819291742471
49,A,0.05,7,2,0.28864418879952825
49,A,0.05,7,3,0.2891626665438193
49,A,0.05,7,4,0.22576852879894
49,A,0.05,7,5,0.7694646058873926
49,A,0.05,7,6,0.3545207952996982
49,A,0.05,7,7,0.7887875566167394
49,A,0.05,7,8,0.8246979754582858
49,A,0.05,7,9,0.6638038302580667
49,A,0.05,8,0,-1.0954623470168177
49,A,0.05,8,1,-1.026851550199742
49,A,0.05,8,2,-1.112784831516919
49,A,0.05,8,3,-0.8302788707972717
49,A,0.05,8,4,-0.5652993013585729
49,A,0.05,8,5,-1.221209916736328
49,A,0.05,8,6,-0.7146580437830854
49,A,0.05,8,7,-0.7361303590716191
49,A,0.05,8,8,-0.49787038534459166
49,A,0.05,8,9,-0.7627776434892032
49,A,0.05,9,0,0.2534058197417367
49,A,0.05,9,1,0.31953459182064525
49,A,0.05,9,2,0.02960662168315011
49,A,0.05,9,3,0.39322417301053997
49,A,0.05,9,4,0.16087483000095726
49,A,0.05,9,5,0.4940221658749644
49,A,0.05,9,6,0.4225643629529006
49,A,0.05,9,7,1.2267681077357486
49,A,0.05,9,8,0.3788148277584416
49,A,0.05,9,9,0.8763372292182111
49,B,100,0,0,0.023361985626602307
49,B,100,0,1,0.2608104854930956
49,B,100,0,2,-0.15804755094187506
49,B,100,0,3,-0.10476931988309805
49,B,100,0,4,0.05922385530544524
49,B,100,0,5,0.10856936820029002
49,B,100,0,6,0.01921149504742511
49,B,100,0,7,0.17665578658438078
49,B,100,0,8,-0.13374992051808166
49,B,100,0,9,0.47058603664012266
49,B,100,1,0,-1.2287103111611646
49,B,100,1,1,-1.2181729779018071
49,B,100,1,2,-0.331758514450443
49,B,100,1,3,-0.14626085906938877
49,B,100,1,4,-0.023013540825327132
49,B,100,1,5,-0.3915029926545816
49,B,100,1,6,-0.07332151712705909
49,B,100,1,7,-0.4359674709318831
49,B,100,1,8,0.2956470541282064
49,B,100,1,9,-0.6890539864590814
49,B,100,2,0,-0.6847762084531716
49,B,100,2,1,-1.0834419054485696
49,B,100,2,2,-0.444793568090487
49,B,100,2,3,-0.631456731900255
49,B,100,2,4,-0.29828450053808553
49,B,100,2,5,-0.37728103686835984
49,B,100,2,6,-0.6438199045664401
49,B,100,2,7,-0.5355622236364341
49,B,100,2,8,-0.12827064607599362
49,B,100,2,9,-0.5087381242462052
49,B,100,3,0,1.199866846594243
49,B,100,3,1,0.8660571875910438
49,B,100,3,2,0.952821438203553
49,B,100,3,3,1.0698041047944096
49,B,100,3,4,1.2239377093723363
49,B,100,3,5,0.9672259495760492
49,B,100,3,6,0.6741226565881918
49,B,100,3,7,0.9196873721816141
49,B,100,3,8,0.9261262488322004
49,B,100,3,9,1.00412562368837
49,B,100,4,0,-0.42600937459852845
49,B,100,4,1,-0.8631986176092917
49,B,100,4,2,-0.8464342199392011
49,B,100,4,3,-1.0701248754335873
49,B,100,4,4,-0.6228215195445944
49,B,100,4,5,-0.47028350397438995
49,B,100,4,6,-0.7977944445312298
49,B,100,4,7,-0.614569939380548
49,B,100,4,8,-1.5794371031193288
49,B,100,4,9,-1.1429592180237313
49,B,100,5,0,0.11089927781342267
49,B,100,5,1,0.24426013963212512
49,B,100,5,2,0.23645232182048054
49,B,100,5,3,0.17591043222175962
49,B,100,5,4,0.4181868673688238
49,B,100,5,5,-0.011316455076793703
49,B,100,5,6,0.3254556546942486
49,B,100,5,7,0.2408627455815512
49,B,100,5,8,0.4737105554859655
49,B,100,5,9,0.30794473594880883
49,B,100,6,0,0.8836738030105697
49,B,100,6,1,0.3068159330999759
49,B,100,6,2,1.1235331091396832
49,B,100,6,3,0.4178448736655268
49,B,100,6,4,0.6198625242868322
49,B,100,6,5,0.640120982714166
49,B,100,6,6,0.0032533569328859896
49,B,100,6,7,0.5129679447509192
49,B,100,6,8,0.507708280892442
49,B,100,6,9,0.009405663295208444
49,B,100,7,0,0.5979723227890211
49,B,100,7,1,0.5204733541223231
49,B,100,7,2,0.7298628425305443
49,B,100,7,3,0.2023233403554656
49,B,100,7,4,0.5311784716777014
49,B,100,7,5,0.6407444279220965
49,B,100,7,6,0.8164122396429259
49,B,100,7,7,0.7641994048329666
49,B,100,7,8,0.4980082419530543
49,B,100,7,9,1.0894560115045173
49,B,100,8,0,0.40977968863748093
49,B,100,8,1,0.23204071104745605
49,B,100,8,2,1.1715716423542162
49,B,100,8,3,0.7382677276767776
49,B,100,8,4,0.08018252836026314
49,B,100,8,5,0.027157024953172213
49,B,100,8,6,0.21474900554897491
49,B,100,8,7,0.8761988790584594
49,B,100,8,8,-0.2529942547599168
49,B,100,8,9,0.8478546580454872
49,B,100,9,0,-1.6528875418387634
49,B,100,9,1,-0.8671273838264709
49,B,100,9,2,-0.8919515040705039
49,B,100,9,3,-0.589717438530227
49,B,100,9,4,-1.0753292910878012
49,B,100,9,5,-0.3320205337464121
49,B,100,9,6,-0.8901258698390992
49,B,100,9,7,-0.9317173801495482
49,B,100,9,8,-0.48445059335744295
49,B,100,9,9,-0.6019485916190924
50,A,0.05,0,0,-0.14646746593343338
50,A,0.05,0,1,-0.40737370238578885
50,A,0.05,0,2,-0.19367232396434403
50,A,0.05,0,3,0.0011946990487994602
50,A,0.05,0,4,-1.0462232909367033
50,A,0.05,0,5,0.06126383631690398
50,A,0.05,0,6,-0.18869742088121635
50,A,0.05,0,7,0.3091976984663777
50,A,0.05,0,8,-0.2842788749710023
50,A,0.05,0,9,0.22680233596241917
50,A,0.05,1,0,0.4288547671050788
50,A,0.05,1,1,0.16734673335079273
50,A,0.05,1,2,0.17384088999004207
50,A,0.05,1,3,0.0981065930997313
50,A,0.05,1,4,0.016503800438991918
50,A,0.05,1,5,0.31462704045590617
50,A,0.05,1,6,-0.21119223002015267
50,A,0.05,1,7,-0.01338765446985309
50,A,0.05,1,8,0.009260778924933467
50,A,0.05,1,9,-0.2388741530018066
50,A,0.05,2,0,2.2882707943890264
50,A,0.05,2,1,2.1160193012238393
50,A,0.05,2,2,2.568760200271975
50,A,0.05,2,3,1.4507803489326256
50,A,0.05,2,4,2.424365178010939
50,A,0.05,2,5,2.71958626751346
50,A,0.05,2,6,2.8033415800017556
50,A,0.05,2,7,1.852576006870218
50,A,0.05,2,8,2.322123084459392
50,A,0.05,2,9,2.1396651715400696
50,A,0.05,3,0,-0.23843656394770407
50,A,0.05,3,1,-0.12771079938710894
50,A,0.05,3,2,-0.05892907551921248
50,A,0.05,3,3,-0.06895708348966835
50,A,0.05,3,4,-0.2237435240764174
50,A,0.05,3,5,-0.25221937778671927
50,A,0.05,3,6,-0.12326081230778226
50,A,0.05,3,7,-0.05286699917739973
50,A,0.05,3,8,-0.05731491842115293
50,A,0.05,3,9,-0.01081024366509795
50,A,0.05,4,0,1.6081981852184917
50,A,0.05,4,1,1.3392161460513121
50,A,0.05,4,2,1.3486339146611397
50,A,0.05,4,3,1.150349855683707
50,A,0.05,4,4,1.4393041022196404
50,A,0.05,4,5,1.490469002884513
50,A,0.05,4,6,1.480307718658278
50,A,0.05,4,7,1.4361705229231956
50,A,0.05,4,8,1.6127795949271528
50,A,0.05,4,9,1.426234576038096
50,A,0.05,5,0,0.015262369390125279
50,A,0.05,5,1,-0.07524950640422509
50,A,0.05,5,2,0.2372799365769986
50,A,0.05,5,3,0.013494664839327094
50,A,0.05,5,4,0.15682833736863772
50,A,0.05,5,5,0.05318169334378327
50,A,0.05,5,6,0.19880218059684726
50,A,0.05,5,7,-0.021675883791387202
50,A,0.05,5,8,-0.17613253108115615
50,A,0.05,5,9,-0.21392456278056676
50,A,0.05,6,0,-0.8979391467861483
50,A,0.05,6,1,-1.03199984708102
50,A,0.05,6,2,-0.7455682219311727
50,A,0.05,6,3,-0.5267017658649531
50,A,0.05,6,4,-0.955297670481396
50,A,0.05,6,5,-0.055158029003124116
50,A,0.05,6,6,-0.3075972342732382
50,A,0.05,6,7,-0.817438497708394
50,A,0.05,6,8,0.15715137949283997
50,A,0.05,6,9,-0.5800236054061
50,A,0.05,7,0,0.36425368209053194
50,A,0.05,7,1,1.3242376409447352
50,A,0.05,7,2,0.4489341930276104
50,A,0.05,7,3,1.2550806065350628
50,A,0.05,7,4,0.4899685173615403
50,A,0.05,7,5,0.5386550334258602
50,A,0.05,7,6,0.6803737649456046
50,A,0.05,7,7,0.5361687314640184
50,A,0.05,7,8,0.8340103703910045
50,A,0.05,7,9,0.6257925466823043
50,A,0.05,8,0,0.15481169886504884
50,A,0.05,8,1,0.13840716543266054
50,A,0.05,8,2,0.40190262639193075
50,A,0.05,8,3,0.3557810526578041
50,A,0.05,8,4,0.693420531228003
50,A,0.05,8,5,0.401501829657573
50,A,0.05,8,6,0.20177744229719252
50,A,0.05,8,7,0.442623984187279
50,A,0.05,8,8,0.20834292306847596
50,A,0.05,8,9,-0.1758817762843441
50,A,0.05,9,0,-0.06930158118678752
50,A,0.05,9,1,0.18092652736868212
50,A,0.05,9,2,0.23822277010262283
50,A,0.05,9,3,0.08082770045926213
50,A,0.05,9,4,0.18659728957239108
50,A,0.05,9,5,0.14401179718623983
50,A,0.05,9,6,0.20104949155728988
50,A,0.05,9,7,0.18543108859832758
50,A,0.05,9,8,-0.054095643589493245
50,A,0.05,9,9,-0.02236315644665738
50,B,100,0,0,-0.16606567910618814
50,B,100,0,1,0.0349339396177613
50,B,100,0,2,0.43396997101129253
50,B,100,0,3,-0.4627433828189269
50,B,100,0,4,-0.028981187125173512
50,B,100,0,5,0.44346466621666364
50,B,100,0,6,-0.28600810721219627
50,B,100,0,7,0.27533087445664484
50,B,100,0,8,-0.08015441656220564
50,B,100,0,9,-0.0862818163428188
50,B,100,1,0,0.8544567901210379
50,B,100,1,1,1.0697785266990272
50,B,100,1,2,1.607960271405976
50,B,100,1,3,1.8933693909823612
50,B,100,1,4,1.101276378246196
50,B,100,1,5,1.458528452561531
50,B,100,1,6,1.7325641306234025
50,B,100,1,7,1.1463003376330922
50,B,100,1,8,0.7678508913941957
50,B,100,1,9,1.039867470702964
50,B,100,2,0,-2.4406313064515865
50,B,100,2,1,-2.1833686501096796
50,B,100,2,2,-2.2366223143014095
50,B,100,2,3,-2.0589072219428917
50,B,100,2,4,-2.0427053928740846
50,B,100,2,5,-1.569788525301146
50,B,100,2,6,-1.742300866640643
50,B,100,2,7,-2.49823103400895
50,B,100,2,8,-1.3981652473422688
50,B,100,2,9,-2.147756947572254
50,B,100,3,0,-0.678867955879031
50,B,100,3,1,-1.8464816291259245
50,B,100,3,2,-1.5497789395254111
50,B,100,3,3,-0.8315852641974438
50,B,100,3,4,-1.6280340715842914
50,B,100,3,5,-1.2824473255956912
50,B,100,3,6,-1.4346986677864053
50,B,100,3,7,-1.2275112102086114
50,B,100,3,8,-0.29196700919157437
50,B,100,3,9,-0.9774719704877927
50,B,100,4,0,-0.3524906620958583
50,B,100,4,1,-0.40531606038766593
50,B,100,4,2,-0.8071416409277165
50,B,100,4,3,-0.18224184914944758
50,B,100,4,4,-0.7677794483660619
50,B,100,4,5,-0.49143960147699634
50,B,100,4,6,-0.6962578757633432
50,B,100,4,7,-0.7940115348332878
50,B,100,4,8,-0.815845814671402
50,B,100,4,9,-0.19519710486931044
50,B,100,5,0,0.891017132843558
50,B,100,5,1,0.8865517781474186
50,B,100,5,2,1.505146905385776
50,B,100,5,3,0.7238547180625351
50,B,100,5,4,1.353769481632988
50,B,100,5,5,1.1036826033743214
50,B,100,5,6,0.8981368962314318
50,B,100,5,7,0.8849290779178457
50,B,100,5,8,1.4455640291377128
50,B,100,5,9,1.0525602994263599
50,B,100,6,0,0.5523352386150469
50,B,100,6,1,0.5590708266025634
50,B,100,6,2,0.6804386028175793
50,B,100,6,3,0.9359287855425141
50,B,100,6,4,0.47565235572652365
50,B,100,6,5,0.6349255967290661
50,B,100,6,6,0.8631026319031859
50,B,100,6,7,0.8435255254853884
50,B,100,6,8,0.3341211556178221
50,B,100,6,9,1.4293197938492437
50,B,100,7,0,-0.08648716201273604
50,B,100,7,1,-0.15777999489407543
50,B,100,7,2,0.1483417535746129
50,B,100,7,3,0.059921723632278094
50,B,100,7,4,0.07765574015624754
50,B,100,7,5,-0.07399592243543222
50,B,100,7,6,0.07685775744142528
50,B,100,7,7,0.06939270511085799
50,B,100,7,8,0.7769474199630444
50,B,100,7,9,0.10871406461175197
50,B,100,8,0,0.670201576477996
50,B,100,8,1,0.39581133323038137
50,B,100,8,2,0.7211679729042643
50,B,100,8,3,0.31113889927896804
50,B,100,8,4,0.39779538537250825
50,B,100,8,5,0.45584659181081877
50,B,100,8,6,0.5978881675981067
50,B,100,8,7,0.7505103164598399
50,B,100,8,8,0.6432826871621254
50,B,100,8,9,0.4283700859660362
50,B,100,9,0,1.6982908999666955
50,B,100,9,1,2.255190741564726
50,B,100,9,2,1.820179689210492
50,B,100,9,3,1.5633662882658543
50,B,100,9,4,1.808942845639331
50,B,100,9,5,1.9759367979631293
50,B,100,9,6,2.414274371893313
50,B,100,9,7,2.899000016837032
50,B,100,9,8,1.827595053914607
50,B,100,9,9,1.4649297556375418
51,A,0.05,0,0,0.12260791646644306
51,A,0.05,0,1,-0.04867981527771678
51,A,0.05,0,2,0.1762982307340085
51,A,0.05,0,3,-0.7940934673260397
51,A,0.05,0,4,0.08729373244328122
51,A,0.05,0,5,-0.04830941889734698
51,A,0.05,0,6,0.23509735363686554
51,A,0.05,0,7,-0.0602620460374581
51,A,0.05,0,8,0.061289649324779635
51,A,0.05,0,9,0.10273798843398947
51,A,0.05,1,0,0.5744360398804959
51,A,0.05,1,1,0.4469458529975366
51,A,0.05,1,2,0.6565843612907694
51,A,0.05,1,3,0.6800310571790634
51,A,0.05,1,4,0.41262332368366206
51,A,0.05,1,5,0.5591657064389687
51,A,0.05,1,6,0.6843972612975108
51,A,0.05,1,7,0.81517943403965
51,A,0.05,1,8,0.6980789075982669
51,A,0.05,1,9,0.7236786541353754
51,A,0.05,2,0,-0.06089353907451258
51,A,0.05,2,1,-0.03359609566627666
51,A,0.05,2,2,-0.08507985480156893
51,A,0.05,2,3,-0.02379538594449855
51,A,0.05,2,4,-0.00982459244042715
51,A,0.05,2,5,-0.013869073863674504
51,A,0.05,2,6,0.01061435539582568
51,A,0.05,2,7,0.0004420194743164231
51,A,0.05,2,8,0.009359912335568153
51,A,0.05,2,9,0.009224721707025306
51,A,0.05,3,0,-0.48020176585788316
51,A,0.05,3,1,-0.3054153658761921
51,A,0.05,3,2,-0.4349262591484044
51,A,0.05,3,3,-0.45277630423349763
51,A,0.05,3,4,-0.5535912518935124
51,A,0.05,3,5,-0.14246473346638547
51,A,0.05,3,6,-0.21444904643145307
51,A,0.05,3,7,-0.10200230096668542
51,A,0.05,3,8,-1.188487619882117
51,A,0.05,3,9,-0.17890603436608457
51,A,0.05,4,0,-0.31585101536593757
51,A,0.05,4,1,-0.3876462763401283
51,A,0.05,4,2,-1.1929984143493109
51,A,0.05,4,3,-0.6625068085065965
51,A,0.05,4,4,-0.27356732219976765
51,A,0.05,4,5,-0.8192931733557184
51,A,0.05,4,6,-0.748026078623897
51,A,0.05,4,7,-0.7047601927842737
51,A,0.05,4,8,-1.470252468600359
51,A,0.05,4,9,-0.6751435986206952
51,A,0.05,5,0,-0.08284425717287922
51,A,0.05,5,1,0.2968817019213556
51,A,0.05,5,2,0.3400229393128766
51,A,0.05,5,3,0.37373806853119873
51,A,0.05,5,4,0.05711538506149615
51,A,0.05,5,5,0.12410561032626322
51,A,0.05,5,6,0.26926696591089877
51,A,0.05,5,7,0.59797523698526
51,A,0.05,5,8,0.04675603272363071
51,A,0.05,5,9,0.07485537755702239
51,A,0.05,6,0,-0.3208934340999596
51,A,0.05,6,1,-0.10888080167348818
51,A,0.05,6,2,-0.1593086282105439
51,A,0.05,6,3,0.034691588682628095
51,A,0.05,6,4,-0.23244072349037198
51,A,0.05,6,5,-0.07071840973062837
51,A,0.05,6,6,-0.3349336953060875
51,A,0.05,6,7,0.1334204643917841
51,A,0.05,6,8,0.1328886812810147
51,A,0.05,6,9,0.051373806727289625
51,A,0.05,7,0,0.08658443123424148
51,A,0.05,7,1,0.216105984567176
51,A,0.05,7,2,0.030676567733099177
51,A,0.05,7,3,0.09892502114312272
51,A,0.05,7,4,-0.047519194896028044
51,A,0.05,7,5,0.08409609541573243
51,A,0.05,7,6,0.009569752251981022
51,A,0.05,7,7,0.4256889266732999
51,A,0.05,7,8,0.03370314157443591
51,A,0.05,7,9,-0.12260181111673678
51,A,0.05,8,0,-0.15147092943241183
51,A,0.05,8,1,0.1691932155263411
51,A,0.05,8,2,0.07631633353187244
51,A,0.05,8,3,0.10536255833925705
51,A,0.05,8,4,0.3583124948000027
51,A,0.05,8,5,0.28930637689232913
51,A,0.05,8,6,0.2883912565807743
51,A,0.05,8,7,0.16034872445168694
51,A,0.05,8,8,0.5595235091132361
51,A,0.05,8,9,0.049640999674573215
51,A,0.05,9,0,0.5351587059272876
51,A,0.05,9,1,0.4786352808581373
51,A,0.05,9,2,0.5036101906103356
51,A,0.05,9,3,0.4730951767642247
51,A,0.05,9,4,0.5581880099623592
51,A,0.05,9,5,0.5360212912842043
51,A,0.05,9,6,0.7582688663306121
51,A,0.05,9,7,0.4667810842954791
51,A,0.05,9,8,0.5361969523507958
51,A,0.05,9,9,0.797515540905508
51,B,100,0,0,-1.511111807607058
51,B,100,0,1,-0.7662887880980038
51,B,100,0,2,-0.6526190149375526
51,B,100,0,3,-1.5776127869439875
51,B,100,0,4,-1.2648106350492567
51,B,100,0,5,-1.1663723247736175
51,B,100,0,6,-1.3963265415271113
51,B,100,0,7,-0.5733810319564189
51,B,100,0,8,-1.1911951842481134
51,B,100,0,9,-0.5716944599921371
51,B,100,1,0,-0.054282087212790084
51,B,100,1,1,-0.17491318566629588
51,B,100,1,2,-0.2633457105400935
51,B,100,1,3,-0.21184570648196877
51,B,100,1,4,-0.2155692805742451
51,B,100,1,5,-0.07844717070864464
51,B,100,1,6,-0.11165452644132495
51,B,100,1,7,-0.07515208918269389
51,B,100,1,8,-0.2885971871538029
51,B,100,1,9,-0.5495830957676231
51,B,100,2,0,0.35514191019297764
51,B,100,2,1,0.6003688498508007
51,B,100,2,2,1.4908361007085376
51,B,100,2,3,0.8913514548659122
51,B,100,2,4,1.2737114499396731
51,B,100,2,5,1.971530105225665
51,B,100,2,6,0.08273368945713519
51,B,100,2,7,1.854326756573284
51,B,100,2,8,0.8176848347751664
51,B,100,2,9,1.0794658635333114
51,B,100,3,0,-1.5898932659270304
51,B,100,3,1,-1.0806721434376074
51,B,100,3,2,-1.1982423165188179
51,B,100,3,3,-1.530892812488923
51,B,100,3,4,-1.106650293080911
51,B,100,3,5,-1.4346772473635296
51,B,100,3,6,-1.430465215516242
51,B,100,3,7,-1.5735518851493455
51,B,100,3,8,-1.3216956925890717
51,B,100,3,9,-1.7801008616773748
51,B,100,4,0,0.3973638983803569
51,B,100,4,1,0.9819259296964896
51,B,100,4,2,0.6207382107837033
51,B,100,4,3,0.4010200972552418
51,B,100,4,4,0.4347224228946173
51,B,100,4,5,-0.07694723567650477
51,B,100,4,6,0.0703939868349802
51,B,100,4,7,0.20554563754073965
51,B,100,4,8,0.5444778528170215
51,B,100,4,9,0.25712253525425766
51,B,100,5,0,1.9086611379204306
51,B,100,5,1,1.0086084868519656
51,B,100,5,2,2.125125741652822
51,B,100,5,3,2.367679784828934
51,B,100,5,4,1.7563601644343034
51,B,100,5,5,2.092816916113522
51,B,100,5,6,2.2885127007902977
51,B,100,5,7,2.416327828347745
51,B,100,5,8,2.1448085902423264
51,B,100,5,9,2.3408441065070114
51,B,100,6,0,0.27754643442314025
51,B,100,6,1,0.17542668840992667
51,B,100,6,2,0.17339466317897523
51,B,100,6,3,0.20943182475716507
51,B,100,6,4,0.2007204266731102
51,B,100,6,5,0.571127504110818
51,B,100,6,6,1.095648983681243
51,B,100,6,7,0.6166111747365985
51,B,100,6,8,0.5712667714750245
51,B,100,6,9,0.9256680713186841
51,B,100,7,0,0.5688711652554935
51,B,100,7,1,-0.6265534207143558
51,B,100,7,2,1.4434239658861376
51,B,100,7,3,0.7811187781098805
51,B,100,7,4,0.9898391464404745
51,B,100,7,5,0.30835226307007224
51,B,100,7,6,0.7356058099031382
51,B,100,7,7,0.9962994516856903
51,B,100,7,8,1.6578197466614706
51,B,100,7,9,0.7104748422260447
51,B,100,8,0,-0.3642649342885411
51,B,100,8,1,-0.7581453939996436
51,B,100,8,2,-0.5611942762661792
51,B,100,8,3,-0.2303364700785165
51,B,100,8,4,-0.44288089163847905
51,B,100,8,5,-0.22118142940705823
51,B,100,8,6,-0.4638487143780903
51,B,100,8,7,-0.31513058296640617
51,B,100,8,8,-0.7272809647508659
51,B,100,8,9,-0.37924606023316976
51,B,100,9,0,-0.12277434096198754
51,B,100,9,1,0.0899777265026018
51,B,100,9,2,0.0129722403639799
51,B,100,9,3,0.05994312930303782
51,B,100,9,4,0.06646361578658017
51,B,100,9,5,0.05143994755327353
51,B,100,9,6,0.12176653259341698
51,B,100,9,7,0.07198197670334114
51,B,100,9,8,0.14369123729999606
51,B,100,9,9,0.04829683643778006
52,A,0.05,0,0,-0.07278188061867269
52,A,0.05,0,1,0.1421225773176893
52,A,0.05,0,2,-0.08122009060007514
52,A,0.05,0,3,-0.3326119474170758
52,A,0.05,0,4,-0.2012241899714665
52,A,0.05,0,5,-0.305863897527106
52,A,0.05,0,6,-0.21035270111361834
52,A,0.05,0,7,0.011397024726386536
52,A,0.05,0,8,-0.23179520924758257
52,A,0.05,0,9,-0.6224200077333464
52,A,0.05,1,0,-0.6278677651113745
52,A,0.05,1,1,-0.35929767599536633
52,A,0.05,1,2,-1.096533371033217
52,A,0.05,1,3,0.5887433169553848
52,A,0.05,1,4,-0.879450822789051
52,A,0.05,1,5,-0.02623949428400555
52,A,0.05,1,6,-0.4860526988588034
52,A,0.05,1,7,0.14544817310145516
52,A,0.05,1,8,0.6023166752544867
52,A,0.05,1,9,0.0548469624920953
52,A,0.05,2,0,-0.30799502528405925
52,A,0.05,2,1,-0.4431834950513695
52,A,0.05,2,2,-0.13682521631550515
52,A,0.05,2,3,0.05012613115710538
52,A,0.05,2,4,-0.08965670588000173
52,A,0.05,2,5,-0.11347353023696193
52,A,0.05,2,6,-0.014546490251587267
52,A,0.05,2,7,-0.20086339121971078
52,A,0.05,2,8,-0.055846253062130875
52,A,0.05,2,9,-0.07111233296139828
52,A,0.05,3,0,-0.8659851311892305
52,A,0.05,3,1,-0.6611556844737748
52,A,0.05,3,2,-0.8445118170781208
52,A,0.05,3,3,0.18722063942725573
52,A,0.05,3,4,0.1224645841518829
52,A,0.05,3,5,0.13584657559558636
52,A,0.05,3,6,0.6884787206205493
52,A,0.05,3,7,0.8888794694191092
52,A,0.05,3,8,1.0970536916088278
52,A,0.05,3,9,1.2414175387148922
52,A,0.05,4,0,-1.1467849472724205
52,A,0.05,4,1,-0.7861463469431003
52,A,0.05,4,2,-1.3682265673145626
52,A,0.05,4,3,-1.3042887143662807
52,A,0.05,4,4,-0.9547045072179297
52,A,0.05,4,5,-0.6230041229624741
52,A,0.05,4,6,-1.3428283970590575
52,A,0.05,4,7,-1.0993280761553157
52,A,0.05,4,8,-1.1339088143573461
52,A,0.05,4,9,-0.8597169475127097
52,A,0.05,5,0,-0.9459903391722767
52,A,0.05,5,1,-0.7634525891425148
52,A,0.05,5,2,-0.8428643846350464
52,A,0.05,5,3,-0.7533246595871708
52,A,0.05,5,4,-0.9063859134202055
52,A,0.05,5,5,-0.8536129124559438
52,A,0.05,5,6,-0.6598729675764882
52,A,0.05,5,7,-0.8276954091544074
52,A,0.05,5,8,-0.8264143510229693
52,A,0.05,5,9,-0.787058594274031
52,A,0.05,6,0,0.499399156565373
52,A,0.05,6,1,0.6750135853388233
52,A,0.05,6,2,0.841999644169146
52,A,0.05,6,3,0.7166130696520895
52,A,0.05,6,4,1.0526127495738196
52,A,0.05,6,5,0.80647720870456
52,A,0.05,6,6,0.7346435124691172
52,A,0.05,6,7,0.8134292284223505
52,A,0.05,6,8,0.8837780093125028
52,A,0.05,6,9,0.7209408786904837
52,A,0.05,7,0,-2.188737144761655
52,A,0.05,7,1,-1.5205239048454973
52,A,0.05,7,2,-1.5247096342551711
52,A,0.05,7,3,-0.6755945291911932
52,A,0.05,7,4,-2.23653043815386
52,A,0.05,7,5,-0.5849775668657787
52,A,0.05,7,6,-1.256249861874035
52,A,0.05,7,7,-0.6364648025361805
52,A,0.05,7,8,-1.2835206944329842
52,A,0.05,7,9,-1.0746810142703243
52,A,0.05,8,0,-0.03423597247031809
52,A,0.05,8,1,-0.12252630764749241
52,A,0.05,8,2,0.1701614463945933
52,A,0.05,8,3,0.3657843334655448
52,A,0.05,8,4,-0.35895007171598653
52,A,0.05,8,5,0.1923530147334233
52,A,0.05,8,6,0.12964348698599604
52,A,0.05,8,7,0.3491064431852318
52,A,0.05,8,8,0.051636169250438686
52,A,0.05,8,9,0.14227525333779853
52,A,0.05,9,0,2.7916073651108455
52,A,0.05,9,1,2.6596311458623076
52,A,0.05,9,2,2.8424328090211763
52,A,0.05,9,3,2.3125402950211673
52,A,0.05,9,4,3.029765615884343
52,A,0.05,9,5,2.8320262074318396
52,A,0.05,9,6,2.667477899492991
52,A,0.05,9,7,2.7846106193296913
52,A,0.05,9,8,2.396555248298561
52,A,0.05,9,9,3.086197880016302
52,B,100,0,0,-0.21571963529167779
52,B,100,0,1,-0.5731711852322098
52,B,100,0,2,-0.3160939434047532
52,B,100,0,3,-0.23793793020429677
52,B,100,0,4,-0.38683906080112074
52,B,100,0,5,-0.1054451689717521
52,B,100,0,6,-0.4106721302864076
52,B,100,0,7,-0.10427864856086183
52,B,100,0,8,-0.2805156971206447
52,B,100,0,9,-0.3121033616006314
52,B,100,1,0,-0.19035474540160535
52,B,100,1,1,0.6286826188238699
52,B,100,1,2,0.6386678169750827
52,B,100,1,3,0.43600736194909345
52,B,100,1,4,0.6360282231279218
52,B,100,1,5,0.7725228554828676
52,B,100,1,6,0.8200489460166415
52,B,100,1,7,0.922727307046369
52,B,100,1,8,0.22678423072580847
52,B,100,1,9,0.7456010867945104
52,B,100,2,0,-0.4017750758546392
52,B,100,2,1,0.592420581952844
52,B,100,2,2,-0.35165831242865936
52,B,100,2,3,0.23838219164563254
52,B,100,2,4,0.23579833765480623
52,B,100,2,5,0.20855273280971143
52,B,100,2,6,-0.4803591539257317
52,B,100,2,7,-0.1927609965496761
52,B,100,2,8,0.5314547940543433
52,B,100,2,9,-0.0446790587083686
52,B,100,3,0,0.025693610398427862
52,B,100,3,1,-0.05878118125524837
52,B,100,3,2,-0.037274891354390195
52,B,100,3,3,0.11708405116873634
52,B,100,3,4,0.02558398033205492
52,B,100,3,5,0.05687027590674946
52,B,100,3,6,-0.09249996156331429
52,B,100,3,7,0.03789686664052055
52,B,100,3,8,0.11572919542513042
52,B,100,3,9,0.05692170727031947
52,B,100,4,0,1.9177218339736053
52,B,100,4,1,1.445693949739187
52,B,100,4,2,1.523639368233455
52,B,100,4,3,1.2061791317341646
52,B,100,4,4,1.7710910578368018
52,B,100,4,5,1.5595001007602045
52,B,100,4,6,1.7443661744045993
52,B,100,4,7,1.6117822414401923
52,B,100,4,8,1.7066166516521124
52,B,100,4,9,1.876555845804892
52,B,100,5,0,-0.17541663841034683
52,B,100,5,1,-0.5601387189999574
52,B,100,5,2,-0.5155057473574655
52,B,100,5,3,-0.34889916493617956
52,B,100,5,4,-0.8753469549835461
52,B,100,5,5,-0.19280364030452946
52,B,100,5,6,-0.6384042500161997
52,B,100,5,7,-0.789280826826306
52,B,100,5,8,-0.16807827812562443
52,B,100,5,9,0.10668070302076471
52,B,100,6,0,0.5207126857023782
52,B,100,6,1,0.3256400187774722
52,B,100,6,2,0.45217169029543514
52,B,100,6,3,0.6614019060688255
52,B,100,6,4,0.5177727602166506
52,B,100,6,5,0.5065126881784829
52,B,100,6,6,0.5762858054995412
52,B,100,6,7,0.8112226573244762
52,B,100,6,8,0.5111220975381102
52,B,100,6,9,0.41957745797506263
52,B,100,7,0,1.9870015028857653
52,B,100,7,1,2.1463224475424507
52,B,100,7,2,1.5143586063617416
52,B,100,7,3,2.1381867676742763
52,B,100,7,4,2.649315315763181
52,B,100,7,5,2.2808441214247894
52,B,100,7,6,2.3154070660051684
52,B,100,7,7,1.8550382009079849
52,B,100,7,8,2.366510475906415
52,B,100,7,9,1.8011271232098716
52,B,100,8,0,-0.44175925318895926
52,B,100,8,1,-0.11411852962905841
52,B,100,8,2,-0.9912107731491613
52,B,100,8,3,0.21649720530239414
52,B,100,8,4,0.14535514074180786
52,B,100,8,5,0.42939883309998106
52,B,100,8,6,-0.5836410029217647
52,B,100,8,7,0.16965489662063615
52,B,100,8,8,-0.4706709532045535
52,B,100,8,9,-0.24188983648540857
52,B,100,9,0,-0.9940829142540479
52,B,100,9,1,-0.6059550276025438
52,B,100,9,2,-1.0371097058421879
52,B,100,9,3,-0.5404406004597305
52,B,100,9,4,-0.7780138426982666
52,B,100,9,5,-1.5360252394585863
52,B,100,9,6,-1.5435483183521834
52,B,100,9,7,-1.6208011428352558
52,B,100,9,8,-0.6940278746769286
52,B,100,9,9,-0.7614144068369216
53,A,0.05,0,0,0.7253210941769797
53,A,0.05,0,1,0.5025145077041596
53,A,0.05,0,2,0.789772526122215
53,A,0.05,0,3,0.5753455136389123
53,A,0.05,0,4,0.11736543635441792
53,A,0.05,0,5,0.8604383739992367
53,A,0.05,0,6,0.6255883401325845
53,A,0.05,0,7,1.4371642256873784
53,A,0.05,0,8,0.49866744384949496
53,A,0.05,0,9,0.8829064588630405
53,A,0.05,1,0,0.18409939489438443
53,A,0.05,1,1,0.15496382571694725
53,A,0.05,1,2,0.188072709281593
53,A,0.05,1,3,0.15483661839409266
53,A,0.05,1,4,0.23710362728641812
53,A,0.05,1,5,0.6405965985431336
53,A,0.05,1,6,0.7793964085854863
53,A,0.05,1,7,0.5705317414324259
53,A,0.05,1,8,0.09608535598481031
53,A,0.05,1,9,0.31341299609744855
53,A,0.05,2,0,0.7863809335706312
53,A,0.05,2,1,0.837503540667259
53,A,0.05,2,2,0.6818168954126921
53,A,0.05,2,3,0.5472787473688532
53,A,0.05,2,4,0.60761502161154
53,A,0.05,2,5,0.5407902380485541
53,A,0.05,2,6,0.5869078738208938
53,A,0.05,2,7,0.7166111731852386
53,A,0.05,2,8,0.6580781698402328
53,A,0.05,2,9,0.5361946747398555
53,A,0.05,3,0,0.013784557601808755
53,A,0.05,3,1,0.1395091680031489
53,A,0.05,3,2,-0.01575442059159724
53,A,0.05,3,3,0.12019059417878428
53,A,0.05,3,4,0.12159233796529981
53,A,0.05,3,5,0.0971636128264991
53,A,0.05,3,6,0.11308615484233266
53,A,0.05,3,7,0.05135732498066744
53,A,0.05,3,8,0.060083459679972924
53,A,0.05,3,9,-0.04598862296155097
53,A,0.05,4,0,0.4724240318051099
53,A,0.05,4,1,0.4631942630028287
53,A,0.05,4,2,0.5421056337985364
53,A,0.05,4,3,0.5655536296583034
53,A,0.05,4,4,0.3762545363014899
53,A,0.05,4,5,0.3735708109148532
53,A,0.05,4,6,0.7249626197230914
53,A,0.05,4,7,0.7474938935312672
53,A,0.05,4,8,-0.4908198026398007
53,A,0.05,4,9,0.3959843938005267
53,A,0.05,5,0,-0.45053907287503364
53,A,0.05,5,1,-0.6879642344628953
53,A,0.05,5,2,-0.707102261429867
53,A,0.05,5,3,-0.7909492117020348
53,A,0.05,5,4,-0.39244071106063844
53,A,0.05,5,5,-0.4925488269123247
53,A,0.05,5,6,-1.2772087348260182
53,A,0.05,5,7,-0.974339606379329
53,A,0.05,5,8,-0.9085938025781984
53,A,0.05,5,9,-1.0268253341528546
53,A,0.05,6,0,2.175699144119969
53,A,0.05,6,1,2.3006790638294428
53,A,0.05,6,2,2.288702007032997
53,A,0.05,6,3,2.119033608550086
53,A,0.05,6,4,2.0124093733949766
53,A,0.05,6,5,1.8577221020693737
53,A,0.05,6,6,1.8286363507747023
53,A,0.05,6,7,2.1382054703343285
53,A,0.05,6,8,2.239651699636677
53,A,0.05,6,9,2.004336354275233
53,A,0.05,7,0,1.0580768922871806
53,A,0.05,7,1,1.1254635012578598
53,A,0.05,7,2,1.0049869353813816
53,A,0.05,7,3,0.9441375314157143
53,A,0.05,7,4,0.7404516469219257
53,A,0.05,7,5,1.0261829603447798
53,A,0.05,7,6,1.2548041190455217
53,A,0.05,7,7,1.2524287100406684
53,A,0.05,7,8,0.6612867124419279
53,A,0.05,7,9,1.0805744895990232
53,A,0.05,8,0,-0.20086951666785335
53,A,0.05,8,1,-0.15650704440128316
53,A,0.05,8,2,0.03237482236795136
53,A,0.05,8,3,-0.24406648260044458
53,A,0.05,8,4,-0.11897974386034608
53,A,0.05,8,5,-0.015841138223835108
53,A,0.05,8,6,-0.157282648940376
53,A,0.05,8,7,-0.20037001161455315
53,A,0.05,8,8,-0.18035921595205878
53,A,0.05,8,9,-0.24907418605750634
53,A,0.05,9,0,-0.7821073306980018
53,A,0.05,9,1,-0.21985285518627634
53,A,0.05,9,2,-0.452209370279335
53,A,0.05,9,3,-0.4579285401899224
53,A,0.05,9,4,-1.2023712849750285
53,A,0.05,9,5,-0.0741806261200039
53,A,0.05,9,6,-1.170485541726786
53,A,0.05,9,7,-0.3038090254306679
53,A,0.05,9,8,-1.129223413157213
53,A,0.05,9,9,-0.20144206241685947
53,B,100,0,0,-0.37837801509432734
53,B,100,0,1,-0.5088266394432323
53,B,100,0,2,-0.47348462491043763
53,B,100,0,3,0.07523019289251691
53,B,100,0,4,0.1809722558480363
53,B,100,0,5,-0.10034044046299156
53,B,100,0,6,0.1732916634225821
53,B,100,0,7,-0.4431253799629059
53,B,100,0,8,0.1082957986163601
53,B,100,0,9,0.30142244915531635
53,B,100,1,0,-1.6579903567655967
53,B,100,1,1,-2.202153684488311
53,B,100,1,2,-1.7668627861120163
53,B,100,1,3,-1.8790126238171465
53,B,100,1,4,-1.9213194287930921
53,B,100,1,5,-1.7306306548602777
53,B,100,1,6,-2.0357033568965783
53,B,100,1,7,-1.4129868305144544
53,B,100,1,8,-1.8401927490931547
53,B,100,1,9,-2.6906369951821305
53,B,100,2,0,-0.5086824515647717
53,B,100,2,1,-0.5900680645921228
53,B,100,2,2,-0.28771208321570896
53,B,100,2,3,-0.7391977283646848
53,B,100,2,4,-0.645474190913912
53,B,100,2,5,-0.5190058365493868
53,B,100,2,6,-0.6611813508809672
53,B,100,2,7,-0.9274797658648143
53,B,100,2,8,-0.8763126137420661
53,B,100,2,9,-0.5511988767216002
53,B,100,3,0,2.1468966623866916
53,B,100,3,1,1.156219014480204
53,B,100,3,2,0.18619783051178543
53,B,100,3,3,1.4076233147744097
53,B,100,3,4,1.0746867072536856
53,B,100,3,5,1.6109486216941016
53,B,100,3,6,1.3407246395683177
53,B,100,3,7,1.541047519270408
53,B,100,3,8,1.6344385401267956
53,B,100,3,9,2.0506209381167233
53,B,100,4,0,0.22303177055213655
53,B,100,4,1,-0.15994490312369028
53,B,100,4,2,0.3148330138513007
53,B,100,4,3,0.3478731504700226
53,B,100,4,4,-0.031730290513523864
53,B,100,4,5,0.32434961582593724
53,B,100,4,6,0.092919612140941
53,B,100,4,7,-0.27625688621148725
53,B,100,4,8,-0.4402257853806265
53,B,100,4,9,-0.20017281070514015
53,B,100,5,0,-1.7822616965976905
53,B,100,5,1,-1.085943568371957
53,B,100,5,2,-1.5981286550466187
53,B,100,5,3,-1.3869273709060879
53,B,100,5,4,-1.5613882111115647
53,B,100,5,5,-1.5397169778411306
53,B,100,5,6,-1.7978234306508585
53,B,100,5,7,-1.7963946583492223
53,B,100,5,8,-1.9795279533983725
53,B,100,5,9,-1.5760151474207755
53,B,100,6,0,0.8497624267428489
53,B,100,6,1,0.7165255535314528
53,B,100,6,2,0.9908858894631293
53,B,100,6,3,0.6804790706147821
53,B,100,6,4,1.052238426837434
53,B,100,6,5,0.9073123649426865
53,B,100,6,6,0.7110611198465487
53,B,100,6,7,0.9113086327614516
53,B,100,6,8,0.8578362354263488
53,B,100,6,9,1.075612654883805
53,B,100,7,0,-0.06458318234211716
53,B,100,7,1,0.9280366761631522
53,B,100,7,2,0.8006601595606101
53,B,100,7,3,0.3612849790595633
53,B,100,7,4,0.4850327986985791
53,B,100,7,5,0.4767843280387866
53,B,100,7,6,0.6209806556732598
53,B,100,7,7,0.4626305257247572
53,B,100,7,8,0.39762253593561475
53,B,100,7,9,0.39747764630486665
53,B,100,8,0,0.12275897658951246
53,B,100,8,1,0.15491485103630825
53,B,100,8,2,0.16477838180270213
53,B,100,8,3,-0.10342610238799839
53,B,100,8,4,0.15442585248569354
53,B,100,8,5,0.005095717431707521
53,B,100,8,6,-0.00441849350650792
53,B,100,8,7,-0.1727164877362567
53,B,100,8,8,0.01602136075934634
53,B,100,8,9,0.11435749138965587
53,B,100,9,0,-0.8656040610706852
53,B,100,9,1,-0.4180055200335823
53,B,100,9,2,-0.07130733768487175
53,B,100,9,3,-0.08504199988761643
53,B,100,9,4,-0.47009494849640054
53,B,100,9,5,-0.447505261864356
53,B,100,9,6,-0.1471790738366158
53,B,100,9,7,0.010678078755382832
53,B,100,9,8,-0.23226648278394085
53,B,100,9,9,-0.45915328247386744
54,A,0.05,0,0,-1.8717693296617757
54,A,0.05,0,1,-1.8044226464843616
54,A,0.05,0,2,-1.8453171501690575
54,A,0.05,0,3,-1.6003591042283327
54,A,0.05,0,4,-1.9236770847377582
54,A,0.05,0,5,-2.0077339572161494
54,A,0.05,0,6,-1.146849578447926
54,A,0.05,0,7,-1.8203133001774399
54,A,0.05,0,8,-1.7260568794841649
54,A,0.05,0,9,-1.8397628951875007
54,A,0.05,1,0,-0.7360468927824412
54,A,0.05,1,1,-0.2512987261751137
54,A,0.05,1,2,-0.13636248599642856
54,A,0.05,1,3,-0.48261459174553817
54,A,0.05,1,4,-0.7583533957821286
54,A,0.05,1,5,-0.8541131909318449
54,A,0.05,1,6,-1.1752897511048812
54,A,0.05,1,7,-0.6316496838197251
54,A,0.05,1,8,-0.9025272789916711
54,A,0.05,1,9,-0.6428059813239723
54,A,0.05,2,0,-0.16110072731926156
54,A,0.05,2,1,-0.06487625055336403
54,A,0.05,2,2,0.25793810498297803
54,A,0.05,2,3,-0.25348291546014445
54,A,0.05,2,4,0.07377308674652244
54,A,0.05,2,5,0.8083716958610727
54,A,0.05,2,6,0.14506832639248857
54,A,0.05,2,7,0.4348062778347609
54,A,0.05,2,8,0.350759446268004
54,A,0.05,2,9,0.2254654848719554
54,A,0.05,3,0,0.13249911022558988
54,A,0.05,3,1,0.6199652335024666
54,A,0.05,3,2,0.580445567691405
54,A,0.05,3,3,0.991975090744165
54,A,0.05,3,4,0.3692114075830248
54,A,0.05,3,5,0.4307587006526135
54,A,0.05,3,6,0.42248097503373744
54,A,0.05,3,7,0.27387165457814067
54,A,0.05,3,8,0.2337211989596321
54,A,0.05,3,9,0.5649573051122283
54,A,0.05,4,0,-0.9589794990145016
54,A,0.05,4,1,-0.803487842123342
54,A,0.05,4,2,-0.7664161631904051
54,A,0.05,4,3,-0.9467712263183038
54,A,0.05,4,4,-0.7278652011346884
54,A,0.05,4,5,-0.8892493526150426
54,A,0.05,4,6,-0.6923130512822595
54,A,0.05,4,7,-0.8124214464352951
54,A,0.05,4,8,0.08149974319118973
54,A,0.05,4,9,0.5929695839998022
54,A,0.05,5,0,-0.3466182642808751
54,A,0.05,5,1,-0.05782080825111041
54,A,0.05,5,2,-0.057916112706419914
54,A,0.05,5,3,0.04075696123371953
54,A,0.05,5,4,-0.2918951422806083
54,A,0.05,5,5,-0.2693232054135035
54,A,0.05,5,6,-0.11129572440309153
54,A,0.05,5,7,-0.3029830490794952
54,A,0.05,5,8,-0.25452051588805985
54,A,0.05,5,9,-0.19340387070971327
54,A,0.05,6,0,-0.14022975494370704
54,A,0.05,6,1,0.22653649712368215
54,A,0.05,6,2,0.1876968352637706
54,A,0.05,6,3,0.561820586697502
54,A,0.05,6,4,0.1985015636900827
54,A,0.05,6,5,0.06466041360310473
54,A,0.05,6,6,0.3485555726704073
54,A,0.05,6,7,0.20808543501631308
54,A,0.05,6,8,0.5291924120828179
54,A,0.05,6,9,-0.11393224604090692
54,A,0.05,7,0,-1.3652791039141423
54,A,0.05,7,1,-1.1613550305175155
54,A,0.05,7,2,-1.5040358836087802
54,A,0.05,7,3,-1.4993241851207484
54,A,0.05,7,4,-1.2064491931027685
54,A,0.05,7,5,-1.3590444548524139
54,A,0.05,7,6,-1.544656793804656
54,A,0.05,7,7,-1.5835325698307907
54,A,0.05,7,8,-1.3922445664203842
54,A,0.05,7,9,-2.3403548638416245
54,A,0.05,8,0,-1.4234505215954436
54,A,0.05,8,1,-0.7785783333876644
54,A,0.05,8,2,-0.8886209341554976
54,A,0.05,8,3,-0.5521203113207551
54,A,0.05,8,4,-1.5322692284489323
54,A,0.05,8,5,-0.7617186972201246
54,A,0.05,8,6,-0.5386774534657067
54,A,0.05,8,7,-0.6727521441226607
54,A,0.05,8,8,-0.6309301473912234
54,A,0.05,8,9,-1.345840794682443
54,A,0.05,9,0,0.039277755145209856
54,A,0.05,9,1,-0.05141930043731772
54,A,0.05,9,2,-0.18014803577554217
54,A,0.05,9,3,-0.10514891870651115
54,A,0.05,9,4,0.04686472450411145
54,A,0.05,9,5,0.42721324491411466
54,A,0.05,9,6,0.44324441427096467
54,A,0.05,9,7,0.13236966984959275
54,A,0.05,9,8,0.140252345234824
54,A,0.05,9,9,0.3842658804636334
54,B,100,0,0,-0.5767169786057904
54,B,100,0,1,-0.20880372314265563
54,B,100,0,2,-0.6065796363602064
54,B,100,0,3,-1.09350297281981
54,B,100,0,4,-0.7652082432333854
54,B,100,0,5,-0.8367827385275384
54,B,100,0,6,-0.6230335442484347
54,B,100,0,7,-0.6750183909013855
54,B,100,0,8,-0.5839505976772523
54,B,100,0,9,-0.473783978889692
54,B,100,1,0,-1.4255919019966714
54,B,100,1,1,-0.3053634958475156
54,B,100,1,2,-0.4019502605560279
54,B,100,1,3,-0.4880964103965705
54,B,100,1,4,-0.13760606241681084
54,B,100,1,5,0.03825930357999292
54,B,100,1,6,-0.2298136552622975
54,B,100,1,7,-0.06632119970733379
54,B,100,1,8,-0.07113655223432862
54,B,100,1,9,-2.1628707916428516
54,B,100,2,0,-0.7021740738087878
54,B,100,2,1,-0.46289271580312963
54,B,100,2,2,-0.5186805453945578
54,B,100,2,3,-0.3676801168464006
54,B,100,2,4,-0.13833920980141934
54,B,100,2,5,-0.6319192580042535
54,B,100,2,6,-0.25765931189987695
54,B,100,2,7,-0.6503311828626078
54,B,100,2,8,-0.2726068386382811
54,B,100,2,9,-0.8092689664510279
54,B,100,3,0,0.49386603590765926
54,B,100,3,1,-0.0769177209208709
54,B,100,3,2,-0.145583620207571
54,B,100,3,3,0.4869153536963429
54,B,100,3,4,0.2231413881455453
54,B,100,3,5,0.14562236210220095
54,B,100,3,6,0.47403732015636196
54,B,100,3,7,0.39655081301117967
54,B,100,3,8,0.533049455808466
54,B,100,3,9,0.3023175486546269
54,B,100,4,0,-1.610705326005332
54,B,100,4,1,-1.5070929963630142
54,B,100,4,2,-2.0317111928182126
54,B,100,4,3,-1.7540458952126172
54,B,100,4,4,-1.8256801613397766
54,B,100,4,5,-1.7365077083692806
54,B,100,4,6,-1.0144423073561875
54,B,100,4,7,-1.3375529157856743
54,B,100,4,8,-0.7450574521446147
54,B,100,4,9,-1.5813374402431957
54,B,100,5,0,-0.6293035133100778
54,B,100,5,1,-0.10347423678429601
54,B,100,5,2,-0.21127419872257358
54,B,100,5,3,-0.7486783309235028
54,B,100,5,4,-0.4687262316066954
54,B,100,5,5,-0.5188886004120121
54,B,100,5,6,-0.04339616134718235
54,B,100,5,7,-0.7283389950682618
54,B,100,5,8,-0.36421158868039777
54,B,100,5,9,0.0785294802623181
54,B,100,6,0,-0.5010124169506468
54,B,100,6,1,-0.30310839878772927
54,B,100,6,2,-0.21446035766611876
54,B,100,6,3,-0.4243841558981103
54,B,100,6,4,-0.32318658719182775
54,B,100,6,5,-0.6478261037494759
54,B,100,6,6,-0.4380592406935968
54,B,100,6,7,-0.24972733012860546
54,B,100,6,8,-0.4202137181808606
54,B,100,6,9,-0.4955932735515089
54,B,100,7,0,-0.16995809604815051
54,B,100,7,1,-0.1161761167827634
54,B,100,7,2,-0.5289429402576394
54,B,100,7,3,-0.24600701759242508
54,B,100,7,4,-0.47851859153756277
54,B,100,7,5,-0.5348944911384297
54,B,100,7,6,0.044080918600220634
54,B,100,7,7,0.22903325035975955
54,B,100,7,8,0.4797582839451258
54,B,100,7,9,0.8686380145377057
54,B,100,8,0,0.8809469310406306
54,B,100,8,1,1.336384600716719
54,B,100,8,2,1.4965468118648844
54,B,100,8,3,1.2848211528334483
54,B,100,8,4,0.6501092798727652
54,B,100,8,5,1.6634108501950464
54,B,100,8,6,1.2848432417385678
54,B,100,8,7,1.0790583868964267
54,B,100,8,8,2.2108513550988707
54,B,100,8,9,1.7551923845267494
54,B,100,9,0,-0.22713732348153212
54,B,100,9,1,-0.3005562256143202
54,B,100,9,2,-0.24975854678466392
54,B,100,9,3,-0.2504149040181574
54,B,100,9,4,-0.05560368521155866
54,B,100,9,5,-0.12629291662002076
54,B,100,9,6,-0.22815548658035606
54,B,100,9,7,-0.07979213708079003
54,B,100,9,8,-0.16169187856409978
54,B,100,9,9,-0.14267618843289936
55,A,0.05,0,0,-0.2900457610731371
55,A,0.05,0,1,-0.4361900866724672
55,A,0.05,0,2,-0.4554254885470916
55,A,0.05,0,3,-0.4355563515401836
55,A,0.05,0,4,-0.2665873728318966
55,A,0.05,0,5,-0.3403366411327957
55,A,0.05,0,6,-0.30574345546720755
55,A,0.05,0,7,0.028609188798742823
55,A,0.05,0,8,-0.3019755830014096
55,A,0.05,0,9,-0.2456417183246394
55,A,0.05,1,0,-0.9475804391764407
55,A,0.05,1,1,-0.3599155467927845
55,A,0.05,1,2,-0.11067957210602476
55,A,0.05,1,3,-0.3536689580758752
55,A,0.05,1,4,-0.5794371697528511
55,A,0.05,1,5,-0.4126321575773342
55,A,0.05,1,6,-0.36683389943061373
55,A,0.05,1,7,0.01610507858709927
55,A,0.05,1,8,-0.225768985323727
55,A,0.05,1,9,-0.5442359625189213
55,A,0.05,2,0,-0.15160279866035864
55,A,0.05,2,1,-0.26255215078116145
55,A,0.05,2,2,-0.21404071073142247
55,A,0.05,2,3,-0.19078179727132616
55,A,0.05,2,4,-0.06774060239221605
55,A,0.05,2,5,-0.04432653415916417
55,A,0.05,2,6,-0.4682514086139502
55,A,0.05,2,7,-0.15530187724185268
55,A,0.05,2,8,-0.9790168861188341
55,A,0.05,2,9,-0.5102431299292549
55,A,0.05,3,0,-2.9707527727482725
55,A,0.05,3,1,-3.198482764911078
55,A,0.05,3,2,-2.992394377158806
55,A,0.05,3,3,-2.688963280469159
55,A,0.05,3,4,-2.8157604519891044
55,A,0.05,3,5,-3.19709610970998
55,A,0.05,3,6,-3.2887792189444065
55,A,0.05,3,7,-2.492107436628459
55,A,0.05,3,8,-3.039323982669387
55,A,0.05,3,9,-2.599907154635502
55,A,0.05,4,0,1.1830174675299612
55,A,0.05,4,1,1.1700591129257143
55,A,0.05,4,2,0.5601677580787152
55,A,0.05,4,3,0.9472639519775096
55,A,0.05,4,4,0.8851874007181888
55,A,0.05,4,5,0.9325067920384105
55,A,0.05,4,6,1.0219769713402578
55,A,0.05,4,7,0.5825158484628106
55,A,0.05,4,8,1.3165394369203407
55,A,0.05,4,9,1.4121030464238211
55,A,0.05,5,0,0.5492510640874173
55,A,0.05,5,1,0.8241824712785939
55,A,0.05,5,2,0.9608944507405542
55,A,0.05,5,3,0.5749295323301722
55,A,0.05,5,4,0.931400857993326
55,A,0.05,5,5,1.073881427268799
55,A,0.05,5,6,0.9456610847575229
55,A,0.05,5,7,0.767449476210375
55,A,0.05,5,8,0.8621700583643577
55,A,0.05,5,9,0.7428644256094016
55,A,0.05,6,0,-0.5850836378019078
55,A,0.05,6,1,-0.8863828197774845
55,A,0.05,6,2,-0.6944669059612236
55,A,0.05,6,3,-0.5747521714182213
55,A,0.05,6,4,-0.6314940170800362
55,A,0.05,6,5,-0.236577851600673
55,A,0.05,6,6,-0.4734699906321915
55,A,0.05,6,7,-0.4034714339777087
55,A,0.05,6,8,-0.25720252654116266
55,A,0.05,6,9,0.09826964958461923
55,A,0.05,7,0,0.17354724398529162
55,A,0.05,7,1,-0.16892770539951507
55,A,0.05,7,2,-0.29474541091769296
55,A,0.05,7,3,0.20337263714587178
55,A,0.05,7,4,0.3267455088970655
55,A,0.05,7,5,-0.28295059259074024
55,A,0.05,7,6,0.2729910619215629
55,A,0.05,7,7,0.8052134935735265
55,A,0.05,7,8,-0.08053958436935664
55,A,0.05,7,9,0.11458898392043716
55,A,0.05,8,0,0.4398638548695104
55,A,0.05,8,1,0.6481062251057913
55,A,0.05,8,2,0.28872719792537477
55,A,0.05,8,3,0.2803623516026744
55,A,0.05,8,4,0.3332632574594536
55,A,0.05,8,5,0.10353852264649907
55,A,0.05,8,6,0.8369618516141425
55,A,0.05,8,7,0.40850608348464423
55,A,0.05,8,8,0.49489525232060916
55,A,0.05,8,9,0.05026824910687328
55,A,0.05,9,0,0.38736415267958646
55,A,0.05,9,1,0.7914525122465526
55,A,0.05,9,2,0.9129316686427227
55,A,0.05,9,3,1.7946049307558118
55,A,0.05,9,4,0.8696799866035957
55,A,0.05,9,5,1.2041463655965763
55,A,0.05,9,6,0.769226939924623
55,A,0.05,9,7,0.6745540458834872
55,A,0.05,9,8,1.4419203138229524
55,A,0.05,9,9,0.9944159577434915
55,B,100,0,0,-0.786171797787961
55,B,100,0,1,-0.8348286548257172
55,B,100,0,2,-1.2405601976572649
55,B,100,0,3,-1.512156296732199
55,B,100,0,4,-1.1110005415784863
55,B,100,0,5,-0.9694086109043364
55,B,100,0,6,-1.2901578563963672
55,B,100,0,7,-0.6965008315965834
55,B,100,0,8,-0.911665229009992
55,B,100,0,9,-1.1720428065386632
55,B,100,1,0,-0.10333244522628024
55,B,100,1,1,-0.10677033690789725
55,B,100,1,2,-0.784052744498189
55,B,100,1,3,-0.5518775687977923
55,B,100,1,4,0.20756501905605312
55,B,100,1,5,0.6483864826454513
55,B,100,1,6,-0.9909272238839836
55,B,100,1,7,0.3058249718024479
55,B,100,1,8,-0.18657286903716666
55,B,100,1,9,0.3239117334533297
55,B,100,2,0,-0.5130148150321827
55,B,100,2,1,-0.6887205845990352
55,B,100,2,2,0.08757530953295777
55,B,100,2,3,0.08126851665293136
55,B,100,2,4,-0.5622411177509598
55,B,100,2,5,-0.2589522554919917
55,B,100,2,6,-0.47001836695830995
55,B,100,2,7,0.20022470612229076
55,B,100,2,8,-0.22206646595926396
55,B,100,2,9,-0.3832105174521023
55,B,100,3,0,0.6319752066765006
55,B,100,3,1,0.44376215449714157
55,B,100,3,2,1.4553821816068857
55,B,100,3,3,0.7769068790351119
55,B,100,3,4,0.40795193026799753
55,B,100,3,5,-0.3279021086378096
55,B,100,3,6,0.5508336531690183
55,B,100,3,7,0.31057353259084364
55,B,100,3,8,-0.05706564183395839
55,B,100,3,9,0.13407465749741684
55,B,100,4,0,-0.28439280578303355
55,B,100,4,1,-0.5010619015167385
55,B,100,4,2,-0.922014800284875
55,B,100,4,3,-1.4809645200142207
55,B,100,4,4,-0.9049205529403379
55,B,100,4,5,-0.9437740447425006
55,B,100,4,6,-0.5552719033742295
55,B,100,4,7,-0.04819391137390715
55,B,100,4,8,-1.4534301496693318
55,B,100,4,9,-0.840137497524543
55,B,100,5,0,0.7411992024350116
55,B,100,5,1,0.7199128018258909
55,B,100,5,2,0.7832153937192805
55,B,100,5,3,0.41708870916531476
55,B,100,5,4,0.7557694442270609
55,B,100,5,5,0.7446164672430305
55,B,100,5,6,0.8344316883775437
55,B,100,5,7,0.791024062246186
55,B,100,5,8,0.5121081855677733
55,B,100,5,9,0.6043512099481866
55,B,100,6,0,1.8412497841380613
55,B,100,6,1,1.5296785700593876
55,B,100,6,2,1.8954896860624053
55,B,100,6,3,1.936870129967683
55,B,100,6,4,2.031123587560276
55,B,100,6,5,2.3146235184411714
55,B,100,6,6,1.4332598286921125
55,B,100,6,7,1.4176349724318873
55,B,100,6,8,1.4063027290391805
55,B,100,6,9,1.8224551413081709
55,B,100,7,0,0.27025351442125006
55,B,100,7,1,0.43619996824697144
55,B,100,7,2,0.8902789613793176
55,B,100,7,3,0.8486862313573966
55,B,100,7,4,0.9006911209970144
55,B,100,7,5,0.9204350698965059
55,B,100,7,6,0.9192096124503558
55,B,100,7,7,0.8344026487920918
55,B,100,7,8,0.8740435828723008
55,B,100,7,9,1.1339160596840359
55,B,100,8,0,-1.4603974294489683
55,B,100,8,1,-1.0184583113136452
55,B,100,8,2,-1.0008514563363131
55,B,100,8,3,-1.1683686246036842
55,B,100,8,4,-1.132420330424947
55,B,100,8,5,-1.5326072998691662
55,B,100,8,6,-0.8729699282301996
55,B,100,8,7,-0.9874855542603005
55,B,100,8,8,-1.5744708363296094
55,B,100,8,9,-1.5581011445753417
55,B,100,9,0,-0.0888276693064255
55,B,100,9,1,-0.00794637002045751
55,B,100,9,2,0.19437138916412927
55,B,100,9,3,0.4827433649613492
55,B,100,9,4,0.1464556451486719
55,B,100,9,5,0.5611368620936027
55,B,100,9,6,0.6240525363048822
55,B,100,9,7,0.4297539828919593
55,B,100,9,8,-0.27041121626809106
55,B,100,9,9,0.2255027433279409
56,A,0.05,0,0,0.5283409982573964
56,A,0.05,0,1,0.6737675377528238
56,A,0.05,0,2,0.5144691651154564
56,A,0.05,0,3,-0.09688063241779721
56,A,0.05,0,4,0.2909639650066231
56,A,0.05,0,5,0.37653966046250387
56,A,0.05,0,6,0.2127570695832625
56,A,0.05,0,7,0.6597091065620065
56,A,0.05,0,8,0.9110542260650856
56,A,0.05,0,9,0.5308518988316393
56,A,0.05,1,0,-0.4836396148932064
56,A,0.05,1,1,-0.23384278122827204
56,A,0.05,1,2,0.2095106456907467
56,A,0.05,1,3,-0.15840446733107144
56,A,0.05,1,4,-0.23452135583740116
56,A,0.05,1,5,-0.18691857289359376
56,A,0.05,1,6,-0.34045913172099973
56,A,0.05,1,7,-0.15763300885386852
56,A,0.05,1,8,0.3597912179485955
56,A,0.05,1,9,-0.09440342673185446
56,A,0.05,2,0,0.8134839843197115
56,A,0.05,2,1,0.778359911826737
56,A,0.05,2,2,1.1822517610268055
56,A,0.05,2,3,1.7365954892637785
56,A,0.05,2,4,1.485992037150633
56,A,0.05,2,5,1.727014819620081
56,A,0.05,2,6,1.6595580332275282
56,A,0.05,2,7,1.9355103926458117
56,A,0.05,2,8,2.0958578947844204
56,A,0.05,2,9,1.3281581076142317
56,A,0.05,3,0,0.36333775789435435
56,A,0.05,3,1,0.3873556921190167
56,A,0.05,3,2,0.4110164865423269
56,A,0.05,3,3,0.30881327569645284
56,A,0.05,3,4,0.4459487422674783
56,A,0.05,3,5,0.4564269387068938
56,A,0.05,3,6,0.498100094953907
56,A,0.05,3,7,0.6026043955550919
56,A,0.05,3,8,0.02920652290547762
56,A,0.05,3,9,0.5298035797582804
56,A,0.05,4,0,-0.9886676170533324
56,A,0.05,4,1,-0.9978360987585703
56,A,0.05,4,2,-0.014588389289206432
56,A,0.05,4,3,-1.731584408089113
56,A,0.05,4,4,-0.11210621794019457
56,A,0.05,4,5,-0.6156996974061443
56,A,0.05,4,6,-0.9736643715940144
56,A,0.05,4,7,-0.34373287126477037
56,A,0.05,4,8,-0.8686710335871375
56,A,0.05,4,9,0.10310069119995531
56,A,0.05,5,0,-1.3967777666579764
56,A,0.05,5,1,-0.9376925696741565
56,A,0.05,5,2,-1.2042127769652697
56,A,0.05,5,3,-0.8867724352807972
56,A,0.05,5,4,-1.1010598123034785
56,A,0.05,5,5,-0.8469798592430469
56,A,0.05,5,6,-1.0981479674374266
56,A,0.05,5,7,-0.8567120492449888
56,A,0.05,5,8,-0.8254441386592057
56,A,0.05,5,9,-0.7656273924579075
56,A,0.05,6,0,-0.9564843528081399
56,A,0.05,6,1,-0.9752518043860141
56,A,0.05,6,2,-0.7421957224952342
56,A,0.05,6,3,-0.31718008219770044
56,A,0.05,6,4,-0.9708354104471826
56,A,0.05,6,5,-0.3619611760172982
56,A,0.05,6,6,-1.5366901790872458
56,A,0.05,6,7,-0.5737015508496972
56,A,0.05,6,8,-0.7543319180265997
56,A,0.05,6,9,-0.669553929456061
56,A,0.05,7,0,0.036172777224438
56,A,0.05,7,1,-0.08113628521844074
56,A,0.05,7,2,-0.03314811267110534
56,A,0.05,7,3,-0.0717302789949385
56,A,0.05,7,4,0.014896441296980659
56,A,0.05,7,5,-0.03258189122727823
56,A,0.05,7,6,0.009810948914492633
56,A,0.05,7,7,0.02990663157503879
56,A,0.05,7,8,0.013006013316804416
56,A,0.05,7,9,0.06533006489473815
56,A,0.05,8,0,-0.6600558542772299
56,A,0.05,8,1,-0.39752795978521044
56,A,0.05,8,2,-0.20233859423150266
56,A,0.05,8,3,-0.26000790955853265
56,A,0.05,8,4,-0.27210680696260464
56,A,0.05,8,5,-0.22182907167433882
56,A,0.05,8,6,-0.4269176644528052
56,A,0.05,8,7,-0.3820130156022259
56,A,0.05,8,8,-0.05936674733292681
56,A,0.05,8,9,-0.27965185263644987
56,A,0.05,9,0,0.6912555581577392
56,A,0.05,9,1,0.7088800164400477
56,A,0.05,9,2,0.6286503190567246
56,A,0.05,9,3,0.6961624112710855
56,A,0.05,9,4,0.36971770191805586
56,A,0.05,9,5,0.7149410309320732
56,A,0.05,9,6,0.707481728937346
56,A,0.05,9,7,0.6957196131163066
56,A,0.05,9,8,0.6648962033082213
56,A,0.05,9,9,0.6740520080310237
56,B,100,0,0,0.06862072117945515
56,B,100,0,1,0.0817241392019298
56,B,100,0,2,0.037522146140521906
56,B,100,0,3,0.017345447425444055
56,B,100,0,4,-0.009609363025125965
56,B,100,0,5,0.036291748768218966
56,B,100,0,6,0.09289912605954781
56,B,100,0,7,0.0015837595950594732
56,B,100,0,8,-0.07791984887998836
56,B,100,0,9,0.10386390796296545
56,B,100,1,0,-0.5706332096301474
56,B,100,1,1,-0.566316786924852
56,B,100,1,2,-0.8425395562034869
56,B,100,1,3,-0.6427263183596507
56,B,100,1,4,-0.46325635588019043
56,B,100,1,5,-0.4385241407851831
56,B,100,1,6,-0.6671481773851373
56,B,100,1,7,-0.4831604528419521
56,B,100,1,8,-0.655732694680916
56,B,100,1,9,-1.0851382150918034
56,B,100,2,0,0.09421059851761353
56,B,100,2,1,0.09244532424071807
56,B,100,2,2,0.10913848408890992
56,B,100,2,3,0.2103327785623814
56,B,100,2,4,0.14321202476746117
56,B,100,2,5,0.1904734351037326
56,B,100,2,6,0.17095808173380242
56,B,100,2,7,0.22990913125288429
56,B,100,2,8,0.06561418674517819
56,B,100,2,9,0.15487565198299208
56,B,100,3,0,-0.24999512642444896
56,B,100,3,1,-0.10861631845036418
56,B,100,3,2,-0.1555950267978812
56,B,100,3,3,-0.18887579906838992
56,B,100,3,4,-0.12808365797474072
56,B,100,3,5,-0.5660749784969468
56,B,100,3,6,-0.09263947372316551
56,B,100,3,7,-0.11521264076384602
56,B,100,3,8,-0.10078351813745184
56,B,100,3,9,-0.09269205490430722
56,B,100,4,0,0.004535525616399014
56,B,100,4,1,-0.018295723008573354
56,B,100,4,2,-0.06268369306862402
56,B,100,4,3,0.1226278367165687
56,B,100,4,4,0.008343587532399525
56,B,100,4,5,-0.009007165684848096
56,B,100,4,6,-0.004702573197304071
56,B,100,4,7,-0.004871907682843832
56,B,100,4,8,-0.017527949371425187
56,B,100,4,9,0.035096464858372874
56,B,100,5,0,-0.007630076078676659
56,B,100,5,1,0.0078073684350867196
56,B,100,5,2,-0.054990604509332304
56,B,100,5,3,-0.5578448990588449
56,B,100,5,4,-0.7899089494921401
56,B,100,5,5,-0.001226823930149605
56,B,100,5,6,-0.7074213825472561
56,B,100,5,7,-0.28594586670893163
56,B,100,5,8,0.010018488308183285
56,B,100,5,9,-0.29719570032235665
56,B,100,6,0,-0.23326870884965417
56,B,100,6,1,-0.004010092069830335
56,B,100,6,2,-0.030652089391218752
56,B,100,6,3,0.003938931171070123
56,B,100,6,4,0.11365465455157836
56,B,100,6,5,0.020478697044993725
56,B,100,6,6,0.012665573780134737
56,B,100,6,7,0.2803696758523349
56,B,100,6,8,0.43268434201879313
56,B,100,6,9,0.05121505279619294
56,B,100,7,0,0.6181131936141835
56,B,100,7,1,0.528047207962682
56,B,100,7,2,0.7297702766968255
56,B,100,7,3,0.5752040002584698
56,B,100,7,4,-0.16670935128546852
56,B,100,7,5,0.5358156830915318
56,B,100,7,6,0.8697271949910559
56,B,100,7,7,0.6841406176375061
56,B,100,7,8,0.3868534015399116
56,B,100,7,9,0.6738596788920173
56,B,100,8,0,-0.9277193023448221
56,B,100,8,1,-1.2094892307608205
56,B,100,8,2,-1.333746562737723
56,B,100,8,3,-1.5802231371331357
56,B,100,8,4,-0.7752994272439476
56,B,100,8,5,-1.4471859723086413
56,B,100,8,6,-1.0422759275189086
56,B,100,8,7,-1.0772301890698117
56,B,100,8,8,-1.1033439670372742
56,B,100,8,9,-0.9283748705960165
56,B,100,9,0,0.6779426458613125
56,B,100,9,1,0.823955169485401
56,B,100,9,2,0.6140455106610977
56,B,100,9,3,0.590148528237498
56,B,100,9,4,0.46428690484011265
56,B,100,9,5,0.5914267659920516
56,B,100,9,6,0.45596906928480024
56,B,100,9,7,0.48936209536931263
56,B,100,9,8,0.8060721967533656
56,B,100,9,9,0.4623264703438568
57,A,0.05,0,0,-1.6915423074626001
57,A,0.05,0,1,-1.9499713744207716
57,A,0.05,0,2,-1.7807831776524448
57,A,0.05,0,3,-1.8705942199984307
57,A,0.05,0,4,-1.7358601624570382
57,A,0.05,0,5,-1.7745501434906865
57,A,0.05,0,6,-1.8921032356084426
57,A,0.05,0,7,-1.8422374684806453
57,A,0.05,0,8,-1.3422029569677547
57,A,0.05,0,9,-2.092358643694815
57,A,0.05,1,0,-0.47594098287588626
57,A,0.05,1,1,-0.6854453263491345
57,A,0.05,1,2,-0.32432563982265117
57,A,0.05,1,3,-0.4487809182999979
57,A,0.05,1,4,-0.24670613398641172
57,A,0.05,1,5,-0.439606975793409
57,A,0.05,1,6,-0.7049846420534955
57,A,0.05,1,7,-0.5451378488225337
57,A,0.05,1,8,-0.5179213590530818
57,A,0.05,1,9,-0.5780038442234475
57,A,0.05,2,0,-0.8630314344850076
57,A,0.05,2,1,-0.762288445227768
57,A,0.05,2,2,-0.42962338439513026
57,A,0.05,2,3,-0.6372395663551096
57,A,0.05,2,4,-0.7718284407408205
57,A,0.05,2,5,-0.6883638976753824
57,A,0.05,2,6,-0.6031339071712203
57,A,0.05,2,7,-0.8635926759840618
57,A,0.05,2,8,-0.8576300165653368
57,A,0.05,2,9,-0.71401991571368
57,A,0.05,3,0,-0.621201582718368
57,A,0.05,3,1,-0.026481920144578133
57,A,0.05,3,2,-0.4170328855545089
57,A,0.05,3,3,-0.5416260417237835
57,A,0.05,3,4,-0.3426487503001429
57,A,0.05,3,5,0.004748128030428037
57,A,0.05,3,6,-0.7942951113424354
57,A,0.05,3,7,-0.6154020553391885
57,A,0.05,3,8,-0.5342893603093996
57,A,0.05,3,9,-0.017883967584176225
57,A,0.05,4,0,-0.29326282053260205
57,A,0.05,4,1,-0.2525573192604405
57,A,0.05,4,2,-0.10752208555895243
57,A,0.05,4,3,-0.5627025999947555
57,A,0.05,4,4,-0.3516839410862765
57,A,0.05,4,5,-0.23819600137679844
57,A,0.05,4,6,-0.10992611371768891
57,A,0.05,4,7,-0.14787061144502356
57,A,0.05,4,8,-0.39413128205711495
57,A,0.05,4,9,-0.32285241215587973
57,A,0.05,5,0,-0.5526944765690603
57,A,0.05,5,1,0.43200097984077773
57,A,0.05,5,2,-0.4871434822398823
57,A,0.05,5,3,0.10525099932437186
57,A,0.05,5,4,0.20539821165510966
57,A,0.05,5,5,0.11351060070056285
57,A,0.05,5,6,-0.4466520428111086
57,A,0.05,5,7,0.21856741483958567
57,A,0.05,5,8,-0.44837517190224846
57,A,0.05,5,9,-0.09836379667951187
57,A,0.05,6,0,1.6280454933278707
57,A,0.05,6,1,1.6769951672899837
57,A,0.05,6,2,1.4626716202680812
57,A,0.05,6,3,1.605463318718493
57,A,0.05,6,4,2.005226837813031
57,A,0.05,6,5,1.7869656950185857
57,A,0.05,6,6,1.8789090554923034
57,A,0.05,6,7,1.585773313801337
57,A,0.05,6,8,1.5056781029076673
57,A,0.05,6,9,1.5000543016676782
57,A,0.05,7,0,-3.8238541379878486
57,A,0.05,7,1,-3.9281663090487333
57,A,0.05,7,2,-2.587693521698062
57,A,0.05,7,3,-3.080266686431475
57,A,0.05,7,4,-3.6110062487375054
57,A,0.05,7,5,-3.6310670400355987
57,A,0.05,7,6,-3.391215287307751
57,A,0.05,7,7,-3.4261982263402464
57,A,0.05,7,8,-2.4942015773364097
57,A,0.05,7,9,-3.588225852856158
57,A,0.05,8,0,0.0265552658843884
57,A,0.05,8,1,-0.22643387112570604
57,A,0.05,8,2,-0.18399738322554943
57,A,0.05,8,3,-0.07068579796933418
57,A,0.05,8,4,0.05996440919099897
57,A,0.05,8,5,-0.2002630069008962
57,A,0.05,8,6,-0.05106384815396394
57,A,0.05,8,7,0.18283260990670835
57,A,0.05,8,8,1.3027325762258621
57,A,0.05,8,9,0.5167902425329355
57,A,0.05,9,0,2.317266152744886
57,A,0.05,9,1,1.8352819192015313
57,A,0.05,9,2,2.2670807200299303
57,A,0.05,9,3,2.451762575846706
57,A,0.05,9,4,2.0003485366101894
57,A,0.05,9,5,2.17347969367457
57,A,0.05,9,6,2.151452632361263
57,A,0.05,9,7,2.244478502563434
57,A,0.05,9,8,2.526246008750223
57,A,0.05,9,9,2.1887820064756482
57,B,100,0,0,0.006842955908787957
57,B,100,0,1,-0.04909056723925231
57,B,100,0,2,0.20075446962821197
57,B,100,0,3,0.05832688505314763
57,B,100,0,4,-0.13969847378209674
57,B,100,0,5,-0.0412330474759366
57,B,100,0,6,0.2142712306974922
57,B,100,0,7,-0.15596991488569725
57,B,100,0,8,-0.09319705229436767
57,B,100,0,9,0.027746111522172726
57,B,100,1,0,-1.0112169624903384
57,B,100,1,1,-1.101104547375387
57,B,100,1,2,-0.6910308967816094
57,B,100,1,3,-0.7119416059889777
57,B,100,1,4,-0.6637039608838005
57,B,100,1,5,-1.136290344461196
57,B,100,1,6,-0.9241314893934498
57,B,100,1,7,-1.0027765745402422
57,B,100,1,8,-0.842199646602838
57,B,100,1,9,-0.6461145302328252
57,B,100,2,0,-0.7746255029963024
57,B,100,2,1,-0.7787432589746578
57,B,100,2,2,-0.9335419819150071
57,B,100,2,3,-0.48366225835151194
57,B,100,2,4,-0.8634446520861958
57,B,100,2,5,-0.3615119939032021
57,B,100,2,6,-0.3617153245206252
57,B,100,2,7,-0.5829806905699347
57,B,100,2,8,-0.585300637113045
57,B,100,2,9,-0.6472670028577484
57,B,100,3,0,1.17685133575507
57,B,100,3,1,0.8951429772171215
57,B,100,3,2,1.0544544785341183
57,B,100,3,3,1.0912068632062728
57,B,100,3,4,0.6534767872864129
57,B,100,3,5,0.6717675091897787
57,B,100,3,6,0.9315299653735866
57,B,100,3,7,0.60745773706616
57,B,100,3,8,0.9649241569424166
57,B,100,3,9,0.8484048843319857
57,B,100,4,0,0.5574105462408292
57,B,100,4,1,0.5363825429734062
57,B,100,4,2,0.2570960791049964
57,B,100,4,3,0.7252930816039409
57,B,100,4,4,0.2750324447851474
57,B,100,4,5,0.5642424912116668
57,B,100,4,6,0.02769505397162132
57,B,100,4,7,0.049442412431289814
57,B,100,4,8,0.4440249078033813
57,B,100,4,9,0.6529868756156691
57,B,100,5,0,0.13092793750144116
57,B,100,5,1,-0.07959303644222888
57,B,100,5,2,0.15549237016170803
57,B,100,5,3,-0.017373646313438573
57,B,100,5,4,0.09072697012915412
57,B,100,5,5,0.18155527211550665
57,B,100,5,6,0.11068756804147374
57,B,100,5,7,-0.007040654409805806
57,B,100,5,8,0.2675091195099231
57,B,100,5,9,-0.025877000842398714
57,B,100,6,0,-0.8424422209222705
57,B,100,6,1,-0.4272960740443967
57,B,100,6,2,-0.7534852232927514
57,B,100,6,3,-0.3626925168411346
57,B,100,6,4,-1.0112706673820655
57,B,100,6,5,-0.8118738499976877
57,B,100,6,6,-0.663832684105314
57,B,100,6,7,-0.1832817268982934
57,B,100,6,8,-0.8624050925780529
57,B,100,6,9,-0.9144205792921438
57,B,100,7,0,-0.22202738102875022
57,B,100,7,1,-0.038619936856300295
57,B,100,7,2,0.2479750419967515
57,B,100,7,3,-0.37581122480619905
57,B,100,7,4,-0.25211905317194583
57,B,100,7,5,-0.10943761917604809
57,B,100,7,6,-0.15456733292083213
57,B,100,7,7,-0.28906898694148764
57,B,100,7,8,0.09049616445349268
57,B,100,7,9,0.3604378159655496
57,B,100,8,0,0.0346405325930976
57,B,100,8,1,0.45023110983603465
57,B,100,8,2,0.047702888175375664
57,B,100,8,3,-0.4133528153361273
57,B,100,8,4,0.4958601810969672
57,B,100,8,5,0.2782318642572158
57,B,100,8,6,0.20107751603427892
57,B,100,8,7,-0.6839966264287214
57,B,100,8,8,0.23051808875408158
57,B,100,8,9,-0.29766318662239094
57,B,100,9,0,-0.5262211171524837
57,B,100,9,1,-1.1821304223764884
57,B,100,9,2,-1.01526288411667
57,B,100,9,3,0.15330512233565818
57,B,100,9,4,-0.40878603565261323
57,B,100,9,5,-0.4169962839375631
57,B,100,9,6,-0.04554001582793366
57,B,100,9,7,-0.2272095060119324
57,B,100,9,8,-0.6179782750978939
57,B,100,9,9,-0.19907044900860982
58,A,0.05,0,0,-0.9358624126867385
58,A,0.05,0,1,-0.629943508948703
58,A,0.05,0,2,-0.6816219382987787
58,A,0.05,0,3,-0.70612500440657
58,A,0.05,0,4,-0.5247964215370399
58,A,0.05,0,5,-0.653383218340097
58,A,0.05,0,6,-0.4179797117768992
58,A,0.05,0,7,-0.9432530768066342
58,A,0.05,0,8,-0.522878920663018
58,A,0.05,0,9,-0.3876871590154662
58,A,0.05,1,0,0.6728855236402621
58,A,0.05,1,1,0.48753471282791366
58,A,0.05,1,2,0.38727622388404603
58,A,0.05,1,3,0.83524415451374
58,A,0.05,1,4,0.6696204519676111
58,A,0.05,1,5,0.8877789406955623
58,A,0.05,1,6,0.9152298316071683
58,A,0.05,1,7,0.17671049615426979
58,A,0.05,1,8,0.6646138949847872
58,A,0.05,1,9,0.9730948232605929
58,A,0.05,2,0,0.43514263112545865
58,A,0.05,2,1,0.9489956390646742
58,A,0.05,2,2,0.8935876786143728
58,A,0.05,2,3,0.5879227458970635
58,A,0.05,2,4,0.45212993530664314
58,A,0.05,2,5,0.6248227130740841
58,A,0.05,2,6,0.7739779808988788
58,A,0.05,2,7,0.578811019893633
58,A,0.05,2,8,1.0276285178986055
58,A,0.05,2,9,1.0779970921764295
58,A,0.05,3,0,0.44489974171101215
58,A,0.05,3,1,0.4902721939873856
58,A,0.05,3,2,0.44415543585686296
58,A,0.05,3,3,0.5845944720437685
58,A,0.05,3,4,0.5410544919757516
58,A,0.05,3,5,0.5824532403420156
58,A,0.05,3,6,0.46906328342081444
58,A,0.05,3,7,0.42957982462182753
58,A,0.05,3,8,0.42115870831225033
58,A,0.05,3,9,0.3887625315155723
58,A,0.05,4,0,0.14833084080923326
58,A,0.05,4,1,0.03492246441007627
58,A,0.05,4,2,0.03681474394295678
58,A,0.05,4,3,0.026493595615577847
58,A,0.05,4,4,0.16033698099973884
58,A,0.05,4,5,0.2854463856618535
58,A,0.05,4,6,0.2561758388654095
58,A,0.05,4,7,0.2338047709684518
58,A,0.05,4,8,0.2856569431797493
58,A,0.05,4,9,0.23975452967802344
58,A,0.05,5,0,1.2908605326527176
58,A,0.05,5,1,1.1292356562879566
58,A,0.05,5,2,1.148903365675411
58,A,0.05,5,3,1.135150890361364
58,A,0.05,5,4,0.9478127735651838
58,A,0.05,5,5,1.002337552720431
58,A,0.05,5,6,1.1044145825763816
58,A,0.05,5,7,1.0986470453343073
58,A,0.05,5,8,1.1206366812245
58,A,0.05,5,9,1.169337080669583
58,A,0.05,6,0,-0.031847249306289814
58,A,0.05,6,1,0.20514983536930614
58,A,0.05,6,2,-0.01831936082757285
58,A,0.05,6,3,-0.20561833449542766
58,A,0.05,6,4,0.009769974843642712
58,A,0.05,6,5,-0.13321010999987162
58,A,0.05,6,6,-0.01957854282448692
58,A,0.05,6,7,-0.009950750719077243
58,A,0.05,6,8,-0.09313257205451227
58,A,0.05,6,9,0.010774614451941193
58,A,0.05,7,0,0.2737226977012561
58,A,0.05,7,1,0.14116435557104126
58,A,0.05,7,2,0.06971020291906774
58,A,0.05,7,3,0.2189076220638497
58,A,0.05,7,4,0.17227730227616117
58,A,0.05,7,5,0.7234816376200657
58,A,0.05,7,6,0.22196889830301716
58,A,0.05,7,7,0.30715437742619245
58,A,0.05,7,8,0.4985847471059235
58,A,0.05,7,9,0.335045280203689
58,A,0.05,8,0,-0.8380408512732966
58,A,0.05,8,1,-1.2341380792333767
58,A,0.05,8,2,-0.5887616653385594
58,A,0.05,8,3,-0.26353432167070207
58,A,0.05,8,4,-0.6973733414859797
58,A,0.05,8,5,-0.6124403935931754
58,A,0.05,8,6,-0.6920179687265663
58,A,0.05,8,7,-0.9046178955970924
58,A,0.05,8,8,-0.6031171074358579
58,A,0.05,8,9,-0.5124146640946017
58,A,0.05,9,0,0.030636040311668094
58,A,0.05,9,1,-0.007804480214139507
58,A,0.05,9,2,0.02525645444252395
58,A,0.05,9,3,0.024212953974699927
58,A,0.05,9,4,0.027391960041802884
58,A,0.05,9,5,0.017422984432054877
58,A,0.05,9,6,0.02200828698657079
58,A,0.05,9,7,0.03427918187036258
58,A,0.05,9,8,0.030638253398263898
58,A,0.05,9,9,0.01694176726213622
58,B,100,0,0,0.4446595707642943
58,B,100,0,1,-0.3739233588579139
58,B,100,0,2,0.7723470982629098
58,B,100,0,3,1.3928733160072826
58,B,100,0,4,1.659396420362823
58,B,100,0,5,0.9881329668322053
58,B,100,0,6,1.8171233846572672
58,B,100,0,7,0.39515154481344805
58,B,100,0,8,0.5197551081174416
58,B,100,0,9,1.1262844193359374
58,B,100,1,0,-0.08823524622414289
58,B,100,1,1,-0.1777285008046908
58,B,100,1,2,-0.020087346687401707
58,B,100,1,3,-0.18427604172854842
58,B,100,1,4,-0.12190463323928134
58,B,100,1,5,-0.40968510319792734
58,B,100,1,6,-0.019575239128884266
58,B,100,1,7,0.14228228597611237
58,B,100,1,8,0.04569090182918502
58,B,100,1,9,-0.14042897216746367
58,B,100,2,0,0.14810708211854218
58,B,100,2,1,-0.08019626855979067
58,B,100,2,2,0.6671300720411092
58,B,100,2,3,0.5142821310768215
58,B,100,2,4,0.9746721906905075
58,B,100,2,5,1.2289195284859413
58,B,100,2,6,1.1106438440842854
58,B,100,2,7,0.6061478779581085
58,B,100,2,8,0.7629690072408096
58,B,100,2,9,0.734812437581606
58,B,100,3,0,-0.4349049058643058
58,B,100,3,1,-0.7637663350931568
58,B,100,3,2,-0.8258223659941848
58,B,100,3,3,-0.5713808632979978
58,B,100,3,4,-0.7459723632242172
58,B,100,3,5,-0.9041850925972335
58,B,100,3,6,-1.0486211328415418
58,B,100,3,7,-0.5670992709586024
58,B,100,3,8,-0.9163531735273314
58,B,100,3,9,-1.1303971530021897
58,B,100,4,0,0.6593189594442003
58,B,100,4,1,0.4047246374021288
58,B,100,4,2,0.4606228353607573
58,B,100,4,3,0.3734901043839535
58,B,100,4,4,0.5292083007290099
58,B,100,4,5,0.7198499558244501
58,B,100,4,6,0.4011927853450111
58,B,100,4,7,0.23572973667350763
58,B,100,4,8,0.688245005632
58,B,100,4,9,0.32437886484195955
58,B,100,5,0,1.1371359531193617
58,B,100,5,1,1.0127107005326546
58,B,100,5,2,0.40745212449682344
58,B,100,5,3,0.9767078533223708
58,B,100,5,4,0.9478981463900406
58,B,100,5,5,1.4009437387294141
58,B,100,5,6,1.1178878358872257
58,B,100,5,7,1.0101933293828325
58,B,100,5,8,0.8819306725839187
58,B,100,5,9,1.1287445196077255
58,B,100,6,0,-0.005440912636790932
58,B,100,6,1,-1.4725654982354042
58,B,100,6,2,-1.5543448429344326
58,B,100,6,3,-0.9681162125880052
58,B,100,6,4,0.21441657091164945
58,B,100,6,5,0.13858117205190237
58,B,100,6,6,-0.5802341192835548
58,B,100,6,7,-0.809785688354492
58,B,100,6,8,-0.454949432440824
58,B,100,6,9,-1.6082367005088811
58,B,100,7,0,-2.248842052071382
58,B,100,7,1,-1.447987904006757
58,B,100,7,2,-1.6441683025647258
58,B,100,7,3,-2.2038657133563837
58,B,100,7,4,-1.7557155642321018
58,B,100,7,5,-0.7202121546956509
58,B,100,7,6,-1.9451067831764572
58,B,100,7,7,-1.4916126777290197
58,B,100,7,8,-0.7697532784905902
58,B,100,7,9,-1.172969512172191
58,B,100,8,0,0.014496856548003192
58,B,100,8,1,-0.018757409540559617
58,B,100,8,2,-0.41620991415249925
58,B,100,8,3,-0.6117464258400113
58,B,100,8,4,-0.3479425487525437
58,B,100,8,5,-0.26841874179605413
58,B,100,8,6,-0.7700372976861422
58,B,100,8,7,-0.2540576574825027
58,B,100,8,8,-0.5331474335205548
58,B,100,8,9,-0.3701628020454194
58,B,100,9,0,0.14524810680163167
58,B,100,9,1,-0.06954105636389916
58,B,100,9,2,-0.19789275032923412
58,B,100,9,3,0.31870264549853017
58,B,100,9,4,0.27713206559706033
58,B,100,9,5,0.28976463127175517
58,B,100,9,6,0.3477607510549309
58,B,100,9,7,0.3703018165984185
58,B,100,9,8,0.32433787066687897
58,B,100,9,9,0.5670648177000224
59,A,0.05,0,0,0.36918623524195976
59,A,0.05,0,1,-0.07363264843608061
59,A,0.05,0,2,1.058481737159466
59,A,0.05,0,3,0.23502129449169243
59,A,0.05,0,4,1.0128849433905545
59,A,0.05,0,5,1.0482236065599957
59,A,0.05,0,6,-0.22814307220110228
59,A,0.05,0,7,1.0663046768453297
59,A,0.05,0,8,1.0633148746949823
59,A,0.05,0,9,1.1612082039296718
59,A,0.05,1,0,0.18256239333144822
59,A,0.05,1,1,0.06045985629374343
59,A,0.05,1,2,0.09778771742295427
59,A,0.05,1,3,-0.14587356338660665
59,A,0.05,1,4,0.5024380494613373
59,A,0.05,1,5,0.6594899351209824
59,A,0.05,1,6,0.3263836757914717
59,A,0.05,1,7,0.18936263898959582
59,A,0.05,1,8,0.8868036721471669
59,A,0.05,1,9,0.9876470965225711
59,A,0.05,2,0,0.18095803263229648
59,A,0.05,2,1,0.6202021167739432
59,A,0.05,2,2,0.09813120858621105
59,A,0.05,2,3,0.608007838443871
59,A,0.05,2,4,0.13931069829110107
59,A,0.05,2,5,-0.7235983074320943
59,A,0.05,2,6,0.4032436168385672
59,A,0.05,2,7,0.1687042755241109
59,A,0.05,2,8,-0.591325863167445
59,A,0.05,2,9,-0.007698303101071129
59,A,0.05,3,0,-0.18543428836808257
59,A,0.05,3,1,-0.04573131324416844
59,A,0.05,3,2,0.1806954335739185
59,A,0.05,3,3,-0.2139558721009426
59,A,0.05,3,4,0.0740644577583831
59,A,0.05,3,5,-0.1905470752473322
59,A,0.05,3,6,-0.18239730042058716
59,A,0.05,3,7,0.5019153749717898
59,A,0.05,3,8,-0.6223898003026708
59,A,0.05,3,9,-0.22934741475305848
59,A,0.05,4,0,-1.7189042832885384
59,A,0.05,4,1,-1.105282062361976
59,A,0.05,4,2,-2.105629135074172
59,A,0.05,4,3,-1.0904834625169342
59,A,0.05,4,4,-1.9858175695070848
59,A,0.05,4,5,-1.4542356936831498
59,A,0.05,4,6,-1.2056860594891596
59,A,0.05,4,7,-1.3192225582137669
59,A,0.05,4,8,-1.462797377699851
59,A,0.05,4,9,-1.5067525576121907
59,A,0.05,5,0,0.13618098540799545
59,A,0.05,5,1,0.26293937603169526
59,A,0.05,5,2,-0.18301172638556873
59,A,0.05,5,3,0.7342425811037703
59,A,0.05,5,4,0.4022525288599214
59,A,0.05,5,5,0.44959146347088685
59,A,0.05,5,6,0.6315351013427731
59,A,0.05,5,7,0.32940114085953714
59,A,0.05,5,8,0.5486656346677214
59,A,0.05,5,9,0.7262488786542003
59,A,0.05,6,0,0.10209804725610609
59,A,0.05,6,1,0.30425965895748863
59,A,0.05,6,2,0.4417584097616502
59,A,0.05,6,3,0.27013933466369755
59,A,0.05,6,4,0.4109597219285111
59,A,0.05,6,5,0.29101515118830124
59,A,0.05,6,6,0.8681142810165281
59,A,0.05,6,7,0.16733913653004706
59,A,0.05,6,8,1.0199981896464907
59,A,0.05,6,9,0.5197377126735901
59,A,0.05,7,0,-0.874687072890291
59,A,0.05,7,1,-0.8070919838283706
59,A,0.05,7,2,-0.9422797118049888
59,A,0.05,7,3,-2.1607838313504497
59,A,0.05,7,4,-0.9923353546049645
59,A,0.05,7,5,-1.7165278863738993
59,A,0.05,7,6,-0.9974635282240009
59,A,0.05,7,7,-2.015908145970645
59,A,0.05,7,8,-0.897818647306926
59,A,0.05,7,9,-0.8430846307557512
59,A,0.05,8,0,-0.7597228757792993
59,A,0.05,8,1,-1.0393868628819938
59,A,0.05,8,2,-0.627302775898333
59,A,0.05,8,3,-0.4533653065300739
59,A,0.05,8,4,-0.6986869027422609
59,A,0.05,8,5,-0.4297488550518479
59,A,0.05,8,6,-0.7324578166770354
59,A,0.05,8,7,-0.5720553361077098
59,A,0.05,8,8,-0.764867536777919
59,A,0.05,8,9,-0.9741285761123782
59,A,0.05,9,0,0.7486139978044263
59,A,0.05,9,1,0.8015301674638738
59,A,0.05,9,2,0.7945831058724298
59,A,0.05,9,3,0.8739104643907165
59,A,0.05,9,4,0.5690436564979277
59,A,0.05,9,5,0.8433629314648207
59,A,0.05,9,6,0.5899202367013882
59,A,0.05,9,7,0.563380808770666
59,A,0.05,9,8,0.6891478991338424
59,A,0.05,9,9,0.8574973053846343
59,B,100,0,0,-0.2655698379623589
59,B,100,0,1,-0.23498865358722193
59,B,100,0,2,0.013923028230810479
59,B,100,0,3,0.09391310763018018
59,B,100,0,4,-0.15939418104763856
59,B,100,0,5,0.10759240698321554
59,B,100,0,6,0.2665718108550243
59,B,100,0,7,0.23425209802279146
59,B,100,0,8,0.06591013248301678
59,B,100,0,9,0.17168410421114055
59,B,100,1,0,-0.018127232494115738
59,B,100,1,1,-0.6782349100153314
59,B,100,1,2,-1.1790607300836706
59,B,100,1,3,-0.4661856223356891
59,B,100,1,4,-0.14679037712846593
59,B,100,1,5,-1.014742418531074
59,B,100,1,6,-0.26217741486691654
59,B,100,1,7,-0.25647635142666336
59,B,100,1,8,-0.36646576076922893
59,B,100,1,9,-0.8239598750147483
59,B,100,2,0,0.027215128780614255
59,B,100,2,1,-0.12197601362631268
59,B,100,2,2,0.07363925599176226
59,B,100,2,3,0.06289164726930825
59,B,100,2,4,0.08743865424312273
59,B,100,2,5,-0.039149269021536266
59,B,100,2,6,0.02569134630630894
59,B,100,2,7,0.0519334143513559
59,B,100,2,8,-0.10846365636341997
59,B,100,2,9,0.0656788189710084
59,B,100,3,0,-0.6010498429851184
59,B,100,3,1,0.12761237161376704
59,B,100,3,2,-0.11980363121415512
59,B,100,3,3,-0.09453349316706729
59,B,100,3,4,-0.25335379249786755
59,B,100,3,5,-0.36278625035662376
59,B,100,3,6,-0.4545082054858746
59,B,100,3,7,-0.4283745695241137
59,B,100,3,8,-0.021695647474738088
59,B,100,3,9,-0.05231100558510295
59,B,100,4,0,0.3901638747201599
59,B,100,4,1,0.38139475299224435
59,B,100,4,2,0.41796662543340357
59,B,100,4,3,0.3675091226863736
59,B,100,4,4,0.15730051049705182
59,B,100,4,5,0.4992542512272854
59,B,100,4,6,0.40514681497090943
59,B,100,4,7,0.5363523833697281
59,B,100,4,8,0.21855802766427493
59,B,100,4,9,0.47061466159613263
59,B,100,5,0,0.7269515084840927
59,B,100,5,1,0.837304779081611
59,B,100,5,2,0.48824153338631426
59,B,100,5,3,1.0872828938776469
59,B,100,5,4,0.8608881826819182
59,B,100,5,5,1.4277158264498253
59,B,100,5,6,1.275412125560533
59,B,100,5,7,1.0647499941558942
59,B,100,5,8,0.9365433329381486
59,B,100,5,9,0.9489545435409695
59,B,100,6,0,1.597120699705967
59,B,100,6,1,1.3955825081369928
59,B,100,6,2,1.0579173526825132
59,B,100,6,3,1.520086237183858
59,B,100,6,4,0.8102600294574319
59,B,100,6,5,1.380243798775512
59,B,100,6,6,1.030612199918019
59,B,100,6,7,1.0752102759190307
59,B,100,6,8,1.2798405391630563
59,B,100,6,9,1.6776314692054133
59,B,100,7,0,0.22540421275742872
59,B,100,7,1,0.3198394133267272
59,B,100,7,2,0.32837974930936253
59,B,100,7,3,0.4425645474972603
59,B,100,7,4,0.20237348754536416
59,B,100,7,5,0.27541399384092424
59,B,100,7,6,0.23943257624304531
59,B,100,7,7,0.3259425263493206
59,B,100,7,8,0.17103186565166845
59,B,100,7,9,0.25500762329944254
59,B,100,8,0,0.9001108852926843
59,B,100,8,1,0.7306698614956408
59,B,100,8,2,0.6307248729691454
59,B,100,8,3,0.5680808768581204
59,B,100,8,4,0.8286102225181895
59,B,100,8,5,0.8380477895393047
59,B,100,8,6,1.42509393503608
59,B,100,8,7,0.7585022088103377
59,B,100,8,8,0.6873073642145033
59,B,100,8,9,0.7366760406721901
59,B,100,9,0,-0.5776286561541575
59,B,100,9,1,0.007779630047665132
59,B,100,9,2,-0.5469431463955938
59,B,100,9,3,-0.08483738841416844
59,B,100,9,4,-0.12200407314364571
59,B,100,9,5,0.10667552807454884
59,B,100,9,6,0.04278480986270242
59,B,100,9,7,-0.08505148111370277
59,B,100,9,8,-1.100756058791001
59,B,100,9,9,-0.041676401056643025
60,A,0.05,0,0,-0.970262436796933
60,A,0.05,0,1,-1.390357879968204
60,A,0.05,0,2,-1.2221622165118202
60,A,0.05,0,3,-1.4972148225810502
60,A,0.05,0,4,-1.3285328362377566
60,A,0.05,0,5,-1.2666744665307748
60,A,0.05,0,6,-1.4054188220689743
60,A,0.05,0,7,-1.5498911241158684
60,A,0.05,0,8,-1.7287796410230853
60,A,0.05,0,9,-1.3487154113154447
60,A,0.05,1,0,-0.7723528424714251
60,A,0.05,1,1,-0.27124745793250876
60,A,0.05,1,2,-0.3823041533294247
60,A,0.05,1,3,-0.5444532730966827
60,A,0.05,1,4,-0.446498091378252
60,A,0.05,1,5,-0.23848741863507905
60,A,0.05,1,6,-0.8489818609592364
60,A,0.05,1,7,-0.2776593321424791
60,A,0.05,1,8,-0.6444126919367584
60,A,0.05,1,9,-0.4321090347252592
60,A,0.05,2,0,1.9414825776994789
60,A,0.05,2,1,2.0994850890750114
60,A,0.05,2,2,0.2204856482567756
60,A,0.05,2,3,2.0653304371024417
60,A,0.05,2,4,1.994445584005409
60,A,0.05,2,5,1.9224454678405416
60,A,0.05,2,6,2.015559679250342
60,A,0.05,2,7,1.9916762485014639
60,A,0.05,2,8,2.063737723889472
60,A,0.05,2,9,1.9790541659460505
60,A,0.05,3,0,0.24285914450123527
60,A,0.05,3,1,0.025283524537723683
60,A,0.05,3,2,0.14242982862310802
60,A,0.05,3,3,0.31845009270253816
60,A,0.05,3,4,0.04541563918209006
60,A,0.05,3,5,0.46169647313812584
60,A,0.05,3,6,0.37613008443354423
60,A,0.05,3,7,0.3805149305397385
60,A,0.05,3,8,0.22335173565942168
60,A,0.05,3,9,0.4600821110305599
60,A,0.05,4,0,-0.5191710411034703
60,A,0.05,4,1,0.33138028336878467
60,A,0.05,4,2,-0.5062670089355025
60,A,0.05,4,3,0.6518536098083122
60,A,0.05,4,4,0.14510901682056587
60,A,0.05,4,5,-0.15109022073623696
60,A,0.05,4,6,0.4910111369866319
60,A,0.05,4,7,0.6827391644067491
60,A,0.05,4,8,0.41909246914202003
60,A,0.05,4,9,0.3769602085746755
60,A,0.05,5,0,1.2916879409660962
60,A,0.05,5,1,1.3935680024335384
60,A,0.05,5,2,1.2594995849232948
60,A,0.05,5,3,1.3230899861662544
60,A,0.05,5,4,1.6333761931597655
60,A,0.05,5,5,1.488488983166546
60,A,0.05,5,6,1.2529364527417302
60,A,0.05,5,7,1.6900030498704919
60,A,0.05,5,8,1.6036343445973587
60,A,0.05,5,9,1.6130175335721078
60,A,0.05,6,0,-1.1457097792065234
60,A,0.05,6,1,-1.4167804484252184
60,A,0.05,6,2,-1.149351362487165
60,A,0.05,6,3,-1.3452503824473343
60,A,0.05,6,4,-1.2928823539875844
60,A,0.05,6,5,-0.7731888849316045
60,A,0.05,6,6,-0.8717735430788942
60,A,0.05,6,7,-1.2550245099798738
60,A,0.05,6,8,-1.1115961389064453
60,A,0.05,6,9,-1.622670693681513
60,A,0.05,7,0,-2.118469726627577
60,A,0.05,7,1,-1.2796730628999575
60,A,0.05,7,2,-1.4950618058507752
60,A,0.05,7,3,-1.153058812375633
60,A,0.05,7,4,-1.8300690386072052
60,A,0.05,7,5,-0.8233960046363844
60,A,0.05,7,6,-0.5936915918181608
60,A,0.05,7,7,-1.1529117867159717
60,A,0.05,7,8,-0.9715173835440487
60,A,0.05,7,9,-1.3182789864814566
60,A,0.05,8,0,3.0253714017652396
60,A,0.05,8,1,3.626699773365381
60,A,0.05,8,2,2.349890848495869
60,A,0.05,8,3,3.3057431232676677
60,A,0.05,8,4,4.071308669744774
60,A,0.05,8,5,1.9431185488943559
60,A,0.05,8,6,3.006998571408244
60,A,0.05,8,7,1.6190944292214944
60,A,0.05,8,8,2.6718204323378676
60,A,0.05,8,9,2.788324847071159
60,A,0.05,9,0,0.13033220628502387
60,A,0.05,9,1,0.38407145887509764
60,A,0.05,9,2,0.3416533743453059
60,A,0.05,9,3,0.505470434108026
60,A,0.05,9,4,0.3579475256910228
60,A,0.05,9,5,0.30739392082998845
60,A,0.05,9,6,0.6672056036766584
60,A,0.05,9,7,0.40826861133131087
60,A,0.05,9,8,0.43047328074930213
60,A,0.05,9,9,0.27664342206524795
60,B,100,0,0,-0.2050601549108786
60,B,100,0,1,-0.04059186309932822
60,B,100,0,2,-0.3017216393139453
60,B,100,0,3,-0.05296193378231193
60,B,100,0,4,-0.1202566696876763
60,B,100,0,5,-0.023278301396455557
60,B,100,0,6,-0.007611004910658476
60,B,100,0,7,-0.4442136427900003
60,B,100,0,8,-0.1628056173544063
60,B,100,0,9,-0.38774658062523387
60,B,100,1,0,-1.060009142795654
60,B,100,1,1,-1.0672765091192413
60,B,100,1,2,-1.093023348336773
60,B,100,1,3,-1.5691705543903707
60,B,100,1,4,-1.048425063386101
60,B,100,1,5,-1.459595898356604
60,B,100,1,6,-0.9671805484630228
60,B,100,1,7,-1.0061657450218138
60,B,100,1,8,-0.9192060369720332
60,B,100,1,9,-1.5111329709483408
60,B,100,2,0,0.202863241763444
60,B,100,2,1,0.3888413128214936
60,B,100,2,2,0.17944563222176477
60,B,100,2,3,0.13443932229926153
60,B,100,2,4,0.23569171096237276
60,B,100,2,5,0.03283774969234958
60,B,100,2,6,0.21504817549350147
60,B,100,2,7,0.15107985350381042
60,B,100,2,8,0.19944993889283164
60,B,100,2,9,0.24416556134337744
60,B,100,3,0,0.1397040731953167
60,B,100,3,1,0.1252989494442775
60,B,100,3,2,0.14550139489450922
60,B,100,3,3,0.13718812864502863
60,B,100,3,4,0.1258007914905684
60,B,100,3,5,0.02611928953112558
60,B,100,3,6,0.11936155998134726
60,B,100,3,7,-0.012883038087478024
60,B,100,3,8,0.03122242504556254
60,B,100,3,9,0.1612655571310468
60,B,100,4,0,1.6529536274727492
60,B,100,4,1,1.4902955679219747
60,B,100,4,2,2.3003086812363738
60,B,100,4,3,1.6091870980837693
60,B,100,4,4,1.8900149244716595
60,B,100,4,5,2.3663081447109384
60,B,100,4,6,2.2452060021827362
60,B,100,4,7,2.0245983688009925
60,B,100,4,8,1.7267910013711363
60,B,100,4,9,1.3474519433231187
60,B,100,5,0,0.0750061118122456
60,B,100,5,1,-0.07553923623244566
60,B,100,5,2,0.11799616244674507
60,B,100,5,3,1.017650331795901
60,B,100,5,4,0.28770702753070965
60,B,100,5,5,0.4698665663962846
60,B,100,5,6,-0.0858206366445543
60,B,100,5,7,0.19946576690801857
60,B,100,5,8,0.41368057176065814
60,B,100,5,9,0.358957861330136
60,B,100,6,0,0.035318642015616755
60,B,100,6,1,-0.5776180322168072
60,B,100,6,2,-0.4100766266529393
60,B,100,6,3,-0.3794387484214056
60,B,100,6,4,0.044393848018327825
60,B,100,6,5,0.2496350102108098
60,B,100,6,6,-0.11363393268972798
60,B,100,6,7,-0.31073930865947746
60,B,100,6,8,-0.10842821987836547
60,B,100,6,9,-0.32014084366672313
60,B,100,7,0,-0.03041643158617121
60,B,100,7,1,-0.32376019892144664
60,B,100,7,2,0.06276960469623834
60,B,100,7,3,0.39113108442074784
60,B,100,7,4,-0.507912420345063
60,B,100,7,5,0.4289543167291281
60,B,100,7,6,0.807083670239981
60,B,100,7,7,0.9119325481957309
60,B,100,7,8,0.6522152661548903
60,B,100,7,9,0.3746121156026861
60,B,100,8,0,-0.20587130036587895
60,B,100,8,1,-0.14487731847653304
60,B,100,8,2,-0.2726642355233925
60,B,100,8,3,-0.07691387403934166
60,B,100,8,4,-0.2252098926007992
60,B,100,8,5,-0.12020172059264464
60,B,100,8,6,-0.0618696314267305
60,B,100,8,7,0.02734802097210664
60,B,100,8,8,0.043106657546992035
60,B,100,8,9,-0.14433922202667013
60,B,100,9,0,0.5408572976493842
60,B,100,9,1,0.5010131312014475
60,B,100,9,2,0.6589561592467317
60,B,100,9,3,-0.10295697454398071
60,B,100,9,4,-0.2033906725673938
60,B,100,9,5,0.05544002160409542
60,B,100,9,6,0.20180631515476063
60,B,100,9,7,0.13881424057375452
60,B,100,9,8,0.133260426022021
60,B,100,9,9,0.18264979228299205
61,A,0.05,0,0,0.9183149936211704
61,A,0.05,0,1,0.4052041948903754
61,A,0.05,0,2,1.1520428328394485
61,A,0.05,0,3,0.8163738787787218
61,A,0.05,0,4,1.0512680261732743
61,A,0.05,0,5,0.44468141707171
61,A,0.05,0,6,0.7806729215677662
61,A,0.05,0,7,0.6749703760037999
61,A,0.05,0,8,0.4770091639933059
61,A,0.05,0,9,0.9484523943156947
61,A,0.05,1,0,1.2126216039306708
61,A,0.05,1,1,1.1672117153977153
61,A,0.05,1,2,1.2299588204714795
61,A,0.05,1,3,1.0163793073995604
61,A,0.05,1,4,1.1100444774685316
61,A,0.05,1,5,1.2960041326469387
61,A,0.05,1,6,2.0113430595020247
61,A,0.05,1,7,1.8344826354930697
61,A,0.05,1,8,1.7242217547383625
61,A,0.05,1,9,1.0528745046192056
61,A,0.05,2,0,1.375091981973243
61,A,0.05,2,1,2.1207314526340495
61,A,0.05,2,2,1.5272229378906073
61,A,0.05,2,3,2.147184056623314
61,A,0.05,2,4,2.1587725477518864
61,A,0.05,2,5,0.6618601936624494
61,A,0.05,2,6,2.33452313633234
61,A,0.05,2,7,2.137598756284243
61,A,0.05,2,8,2.4980105296018755
61,A,0.05,2,9,2.463581722847164
61,A,0.05,3,0,-1.0115762242445114
61,A,0.05,3,1,-1.1999427164602783
61,A,0.05,3,2,-0.859999218734996
61,A,0.05,3,3,-0.17643724587519513
61,A,0.05,3,4,-0.9009886503100041
61,A,0.05,3,5,-1.5014435010660903
61,A,0.05,3,6,-1.1960491568262808
61,A,0.05,3,7,-0.508826785815559
61,A,0.05,3,8,-0.7292840258988634
61,A,0.05,3,9,-1.4562053836277036
61,A,0.05,4,0,-0.09342790287373506
61,A,0.05,4,1,-0.7861479810267944
61,A,0.05,4,2,-0.27766412013491093
61,A,0.05,4,3,-0.5099042479415742
61,A,0.05,4,4,0.01853278029525421
61,A,0.05,4,5,-0.3062553676789713
61,A,0.05,4,6,-0.9057063997411925
61,A,0.05,4,7,-0.07965914557405528
61,A,0.05,4,8,-0.46702322044872835
61,A,0.05,4,9,-0.17312774250985583
61,A,0.05,5,0,-1.4973457024525487
61,A,0.05,5,1,-0.869239408225878
61,A,0.05,5,2,-0.6971644018578397
61,A,0.05,5,3,-1.162276541533249
61,A,0.05,5,4,-0.974074951970308
61,A,0.05,5,5,-0.9718930829399027
61,A,0.05,5,6,-0.8609895361692338
61,A,0.05,5,7,-0.6455125047977921
61,A,0.05,5,8,-1.5474428483251768
61,A,0.05,5,9,-0.8527167072692969
61,A,0.05,6,0,-0.27820227642012124
61,A,0.05,6,1,-1.909857813367316
61,A,0.05,6,2,-0.8200057344478011
61,A,0.05,6,3,-0.9198518105719428
61,A,0.05,6,4,-0.5333704658269653
61,A,0.05,6,5,-0.5551252899264953
61,A,0.05,6,6,-0.5873068117929642
61,A,0.05,6,7,-0.32819965926666456
61,A,0.05,6,8,-0.7115027783515824
61,A,0.05,6,9,0.30781643707843676
61,A,0.05,7,0,2.7097502155678397
61,A,0.05,7,1,2.457021950395503
61,A,0.05,7,2,2.664459642819527
61,A,0.05,7,3,2.3765054123605367
61,A,0.05,7,4,2.895441142291842
61,A,0.05,7,5,2.6405305333808387
61,A,0.05,7,6,2.645046859788555
61,A,0.05,7,7,2.5888431493734845
61,A,0.05,7,8,2.7255796476611533
61,A,0.05,7,9,2.5163316159037503
61,A,0.05,8,0,-0.3199072523278633
61,A,0.05,8,1,-0.1348003149926883
61,A,0.05,8,2,0.09670954126741758
61,A,0.05,8,3,0.782218572154943
61,A,0.05,8,4,0.1073942225764419
61,A,0.05,8,5,0.25196772572469645
61,A,0.05,8,6,-0.303218992583078
61,A,0.05,8,7,-0.2664187413761105
61,A,0.05,8,8,0.03765273108674637
61,A,0.05,8,9,-0.2925185708011233
61,A,0.05,9,0,-0.34541783821201233
61,A,0.05,9,1,-0.02839620836662725
61,A,0.05,9,2,-0.0794334622536281
61,A,0.05,9,3,-0.15376314735135457
61,A,0.05,9,4,-0.6138275530398402
61,A,0.05,9,5,-0.27974288919420104
61,A,0.05,9,6,-0.15585323506926235
61,A,0.05,9,7,-0.30309958711536505
61,A,0.05,9,8,-0.3754821684196329
61,A,0.05,9,9,0.0958029743031484
61,B,100,0,0,-0.8365016378083192
61,B,100,0,1,-0.8930494959485581
61,B,100,0,2,-0.9721949716665892
61,B,100,0,3,-0.8345551694146126
61,B,100,0,4,-0.9355201814639521
61,B,100,0,5,-1.1483547422615668
61,B,100,0,6,-0.7737847713187943
61,B,100,0,7,-1.0015835104346107
61,B,100,0,8,-0.6337872386859245
61,B,100,0,9,-0.6246597190257855
61,B,100,1,0,0.9432758472013383
61,B,100,1,1,0.819566462550479
61,B,100,1,2,1.2250187539804378
61,B,100,1,3,1.1480705444103103
61,B,100,1,4,1.3176775096744526
61,B,100,1,5,1.4807399341281018
61,B,100,1,6,1.5468457313602482
61,B,100,1,7,1.4835597358265924
61,B,100,1,8,1.5603729439296428
61,B,100,1,9,0.8973224307179137
61,B,100,2,0,-1.532215740452801
61,B,100,2,1,-1.4436807181980884
61,B,100,2,2,-1.1842718795088019
61,B,100,2,3,-0.7070558018916414
61,B,100,2,4,-0.19863354190862967
61,B,100,2,5,-0.04438996717580235
61,B,100,2,6,-1.4645625583986606
61,B,100,2,7,-0.6546411040507918
61,B,100,2,8,-0.3246560552547045
61,B,100,2,9,-0.08862505472437651
61,B,100,3,0,0.508236767595924
61,B,100,3,1,1.4917541599340438
61,B,100,3,2,0.7691219549230879
61,B,100,3,3,0.727214814850452
61,B,100,3,4,0.8219175096125363
61,B,100,3,5,0.8764830135644881
61,B,100,3,6,1.0846696674726373
61,B,100,3,7,0.9613473989974965
61,B,100,3,8,0.862022444365311
61,B,100,3,9,0.7460134007442879
61,B,100,4,0,0.5981393420089883
61,B,100,4,1,0.7632727632439046
61,B,100,4,2,0.5252542393194054
61,B,100,4,3,0.6020948742791934
61,B,100,4,4,0.7830114350175778
61,B,100,4,5,0.5867076079263455
61,B,100,4,6,0.8715632080077413
61,B,100,4,7,0.7144838543521643
61,B,100,4,8,0.02747022283593692
61,B,100,4,9,0.8728019258244941
61,B,100,5,0,0.0987362365508285
61,B,100,5,1,0.327645051910401
61,B,100,5,2,0.08117756897044653
61,B,100,5,3,-0.08899847079372526
61,B,100,5,4,0.17866741586520563
61,B,100,5,5,0.30478700136815046
61,B,100,5,6,0.24575267507218362
61,B,100,5,7,0.13068473859519936
61,B,100,5,8,-0.0497571415954752
61,B,100,5,9,-0.08068013891380983
61,B,100,6,0,0.2472898350258232
61,B,100,6,1,-0.0859376519083267
61,B,100,6,2,0.2638019085926675
61,B,100,6,3,0.29462072382957455
61,B,100,6,4,0.2934808569532939
61,B,100,6,5,0.1547818072045861
61,B,100,6,6,-0.020821102763476353
61,B,100,6,7,0.5048405122087544
61,B,100,6,8,0.34515436459258375
61,B,100,6,9,0.1275153086282044
61,B,100,7,0,-1.5397323178346825
61,B,100,7,1,-0.8862443752156495
61,B,100,7,2,-0.9073212998405887
61,B,100,7,3,-2.12318981453144
61,B,100,7,4,-2.3075692015695486
61,B,100,7,5,-1.0241861973770365
61,B,100,7,6,-1.8627776931357083
61,B,100,7,7,-1.2204091387262488
61,B,100,7,8,-1.2514743741160104
61,B,100,7,9,-1.1795636830722782
61,B,100,8,0,0.48086334312686996
61,B,100,8,1,0.1770297917004484
61,B,100,8,2,-0.8936075863024824
61,B,100,8,3,-0.3363652879728788
61,B,100,8,4,0.7425235880810837
61,B,100,8,5,-0.15622822055701946
61,B,100,8,6,-0.14448997357933027
61,B,100,8,7,0.2650622532942844
61,B,100,8,8,0.32157510094919195
61,B,100,8,9,0.47962576988999733
61,B,100,9,0,0.37402452210647685
61,B,100,9,1,0.5730528125369678
61,B,100,9,2,0.3060308341718432
61,B,100,9,3,0.4188433468738752
61,B,100,9,4,0.7713053311933766
61,B,100,9,5,0.43104663913457825
61,B,100,9,6,0.6386530664618364
61,B,100,9,7,0.18558903038666588
61,B,100,9,8,0.016676341248465974
61,B,100,9,9,0.4134877193277289
62,A,0.05,0,0,-1.8105599773712318
62,A,0.05,0,1,-1.362089491790445
62,A,0.05,0,2,-0.4791168993560413
62,A,0.05,0,3,-0.6321702640320879
62,A,0.05,0,4,0.16534664595409937
62,A,0.05,0,5,-0.21004095005991594
62,A,0.05,0,6,-0.016284513222455915
62,A,0.05,0,7,0.07110907139938437
62,A,0.05,0,8,0.15656216608721735
62,A,0.05,0,9,-0.3419300347530844
62,A,0.05,1,0,-2.6592922736165328
62,A,0.05,1,1,-0.5492870063285941
62,A,0.05,1,2,-1.3449427202807382
62,A,0.05,1,3,-1.1748702732446525
62,A,0.05,1,4,-0.3932869508671343
62,A,0.05,1,5,-0.6761764994345667
62,A,0.05,1,6,-0.8390812480567504
62,A,0.05,1,7,-0.9005287898500896
62,A,0.05,1,8,-0.4527638007216082
62,A,0.05,1,9,-0.7978846563943034
62,A,0.05,2,0,-2.26452509425651
62,A,0.05,2,1,-2.2148205090677338
62,A,0.05,2,2,-2.189955930891586
62,A,0.05,2,3,-2.3632601151477353
62,A,0.05,2,4,-2.3903407033842448
62,A,0.05,2,5,-2.216770942053441
62,A,0.05,2,6,-1.9628267071433187
62,A,0.05,2,7,-2.261023435873395
62,A,0.05,2,8,-2.894581325645617
62,A,0.05,2,9,-2.370523279268407
62,A,0.05,3,0,0.11462541243883649
62,A,0.05,3,1,0.07418731246499552
62,A,0.05,3,2,0.1788440697059695
62,A,0.05,3,3,0.08486651654274437
62,A,0.05,3,4,0.07581683018420325
62,A,0.05,3,5,0.09624825785881864
62,A,0.05,3,6,0.06813194721929566
62,A,0.05,3,7,-0.03655925070630271
62,A,0.05,3,8,0.17782041453033176
62,A,0.05,3,9,0.08248615661652044
62,A,0.05,4,0,1.290823310404801
62,A,0.05,4,1,0.9965321889379113
62,A,0.05,4,2,1.2360898842769978
62,A,0.05,4,3,1.9707449986638839
62,A,0.05,4,4,1.0026510464416323
62,A,0.05,4,5,0.5061192005696783
62,A,0.05,4,6,1.5630427211435027
62,A,0.05,4,7,1.3565327769868278
62,A,0.05,4,8,1.717760896112096
62,A,0.05,4,9,1.8795866604192433
62,A,0.05,5,0,0.8773999413130107
62,A,0.05,5,1,1.9565396508028718
62,A,0.05,5,2,1.0390736746637939
62,A,0.05,5,3,1.0935231991693652
62,A,0.05,5,4,0.8139583148654165
62,A,0.05,5,5,1.100774025776112
62,A,0.05,5,6,1.1486603029214992
62,A,0.05,5,7,1.3662792697996886
62,A,0.05,5,8,0.7852582978227841
62,A,0.05,5,9,1.297513125830407
62,A,0.05,6,0,-0.6895025913895948
62,A,0.05,6,1,-0.4072968840922356
62,A,0.05,6,2,0.22991491526972313
62,A,0.05,6,3,-0.2751891251198059
62,A,0.05,6,4,-0.7553411207013114
62,A,0.05,6,5,-0.7780453450613443
62,A,0.05,6,6,0.2621139531447471
62,A,0.05,6,7,0.11831085169244404
62,A,0.05,6,8,0.05110998169968441
62,A,0.05,6,9,0.048922199662139385
62,A,0.05,7,0,-0.19668534232987053
62,A,0.05,7,1,-0.016968691984912337
62,A,0.05,7,2,0.12355132645491514
62,A,0.05,7,3,0.13704313325533066
62,A,0.05,7,4,0.23982866631808739
62,A,0.05,7,5,0.09900704527943059
62,A,0.05,7,6,0.05196994630899422
62,A,0.05,7,7,-0.19493293143708704
62,A,0.05,7,8,0.20830108443895115
62,A,0.05,7,9,0.1402196475638951
62,A,0.05,8,0,-0.5982268176342153
62,A,0.05,8,1,0.056423536666612
62,A,0.05,8,2,0.29302636606113913
62,A,0.05,8,3,-0.24657610149488313
62,A,0.05,8,4,0.5057141110961281
62,A,0.05,8,5,-0.039436799623421906
62,A,0.05,8,6,0.22493055221569105
62,A,0.05,8,7,0.0009959439517121858
62,A,0.05,8,8,0.1279724981846224
62,A,0.05,8,9,0.13712364761893545
62,A,0.05,9,0,0.30073453148096885
62,A,0.05,9,1,0.4690706223240679
62,A,0.05,9,2,0.4729767040855647
62,A,0.05,9,3,0.45360465128855293
62,A,0.05,9,4,0.4937067076680467
62,A,0.05,9,5,0.38243545042431665
62,A,0.05,9,6,0.3319812209580759
62,A,0.05,9,7,0.42751990270498474
62,A,0.05,9,8,0.30255979147612105
62,A,0.05,9,9,0.48980885576738314
62,B,100,0,0,0.1888311550707533
62,B,100,0,1,-0.20226472121138261
62,B,100,0,2,0.4020250704397875
62,B,100,0,3,-0.11046723945220129
62,B,100,0,4,0.044917450780038684
62,B,100,0,5,0.4506992760923661
62,B,100,0,6,-0.34870616249682823
62,B,100,0,7,-0.008526663824329548
62,B,100,0,8,-0.24925825928880452
62,B,100,0,9,0.427377973644079
62,B,100,1,0,0.2598549598135552
62,B,100,1,1,0.3836458735834896
62,B,100,1,2,0.5136815169816172
62,B,100,1,3,0.3244375851223169
62,B,100,1,4,0.6178920984582996
62,B,100,1,5,0.43109034947650526
62,B,100,1,6,0.21206006037719724
62,B,100,1,7,0.319818510596439
62,B,100,1,8,0.26991857865642543
62,B,100,1,9,0.2736026504920236
62,B,100,2,0,0.8266518628013636
62,B,100,2,1,0.8934595323785
62,B,100,2,2,0.5972699630419216
62,B,100,2,3,0.7624204309480355
62,B,100,2,4,-1.2515861977856895
62,B,100,2,5,0.7630699045868354
62,B,100,2,6,0.592831572752633
62,B,100,2,7,0.7527265730056751
62,B,100,2,8,0.846109400890277
62,B,100,2,9,0.9000845390538307
62,B,100,3,0,-0.8487332920244909
62,B,100,3,1,-0.5887610450103646
62,B,100,3,2,-0.18254194631892912
62,B,100,3,3,-0.7621366515711896
62,B,100,3,4,-0.5779324314416033
62,B,100,3,5,-0.7122441802029172
62,B,100,3,6,0.13120314630486404
62,B,100,3,7,-0.7658176357375979
62,B,100,3,8,-0.43261806804087727
62,B,100,3,9,-0.2802380379474472
62,B,100,4,0,-0.2776607634581959
62,B,100,4,1,-0.33756493527716935
62,B,100,4,2,0.04009690598719431
62,B,100,4,3,-0.03421191677755679
62,B,100,4,4,0.291018168177675
62,B,100,4,5,0.34430466457649467
62,B,100,4,6,0.5158291239832281
62,B,100,4,7,0.4277345974852985
62,B,100,4,8,0.3134590779970632
62,B,100,4,9,0.12303493047702081
62,B,100,5,0,1.4696891807588104
62,B,100,5,1,1.4409470697297508
62,B,100,5,2,1.1719180656521755
62,B,100,5,3,1.2539228257747788
62,B,100,5,4,0.9367059382166886
62,B,100,5,5,1.368414611042906
62,B,100,5,6,1.0314429848006907
62,B,100,5,7,1.258271947508408
62,B,100,5,8,1.4001257465422525
62,B,100,5,9,1.1528973515656666
62,B,100,6,0,-0.24896889919979054
62,B,100,6,1,-0.4157704185924907
62,B,100,6,2,-0.553071330292385
62,B,100,6,3,-0.33836568580326215
62,B,100,6,4,-0.24653581380978865
62,B,100,6,5,-0.2783011584854178
62,B,100,6,6,0.003675786996415872
62,B,100,6,7,-0.7741012765697995
62,B,100,6,8,-0.19341255714341732
62,B,100,6,9,0.034144919953349895
62,B,100,7,0,-1.0502606490384423
62,B,100,7,1,-0.9100565572280283
62,B,100,7,2,-1.2604908624151236
62,B,100,7,3,-2.295125776757192
62,B,100,7,4,-2.1796021632163907
62,B,100,7,5,-1.4298337562622767
62,B,100,7,6,-1.881795980038774
62,B,100,7,7,-0.6998620352566592
62,B,100,7,8,-2.06246314461742
62,B,100,7,9,-2.261063782911757
62,B,100,8,0,2.2146075181326834
62,B,100,8,1,2.167675100914174
62,B,100,8,2,1.7507696431409974
62,B,100,8,3,2.302088644619124
62,B,100,8,4,2.3950482762448195
62,B,100,8,5,2.4158100242312206
62,B,100,8,6,2.3086015375311257
62,B,100,8,7,2.3634708468900034
62,B,100,8,8,2.040580190870761
62,B,100,8,9,2.1516801059056947
62,B,100,9,0,0.12648535897217517
62,B,100,9,1,0.008724917042930198
62,B,100,9,2,-0.00033697446278655135
62,B,100,9,3,-0.010089293810930091
62,B,100,9,4,0.1967615914908323
62,B,100,9,5,0.04298233051039144
62,B,100,9,6,0.16921331491227765
62,B,100,9,7,0.07839127179587628
62,B,100,9,8,0.1215303910010431
62,B,100,9,9,0.10126974792974844
63,A,0.05,0,0,1.2279484605655995
63,A,0.05,0,1,0.6188984221941743
63,A,0.05,0,2,0.662393717793716
63,A,0.05,0,3,0.6184946972162096
63,A,0.05,0,4,1.1388900023094692
63,A,0.05,0,5,0.8414213639637214
63,A,0.05,0,6,0.5547881122387284
63,A,0.05,0,7,0.9270943301793914
63,A,0.05,0,8,0.45136483038166075
63,A,0.05,0,9,0.9297954585433259
63,A,0.05,1,0,0.32542464098549584
63,A,0.05,1,1,-0.09305493082652457
63,A,0.05,1,2,-0.04488336931709992
63,A,0.05,1,3,0.3750251457581556
63,A,0.05,1,4,0.5881680526793278
63,A,0.05,1,5,-0.0647480975519113
63,A,0.05,1,6,0.21708706102579478
63,A,0.05,1,7,-0.39883332264292926
63,A,0.05,1,8,-0.3945221992810625
63,A,0.05,1,9,0.36763193780239306
63,A,0.05,2,0,-0.548092546808811
63,A,0.05,2,1,-0.0600017165627254
63,A,0.05,2,2,-0.4877159957541095
63,A,0.05,2,3,0.18130973481883286
63,A,0.05,2,4,-0.26744429391343605
63,A,0.05,2,5,0.12929269971896595
63,A,0.05,2,6,-0.2267936462817453
63,A,0.05,2,7,0.2110745109100634
63,A,0.05,2,8,0.9432721280511199
63,A,0.05,2,9,0.319206614080725
63,A,0.05,3,0,0.4587025603797397
63,A,0.05,3,1,0.9674520049011527
63,A,0.05,3,2,1.5735881210162255
63,A,0.05,3,3,1.2406309973557454
63,A,0.05,3,4,1.5842735307365043
63,A,0.05,3,5,1.3928401824964303
63,A,0.05,3,6,-0.10357822885328165
63,A,0.05,3,7,-0.051157054820741066
63,A,0.05,3,8,1.4218871178085293
63,A,0.05,3,9,0.7983112206158955
63,A,0.05,4,0,0.5008312750609974
63,A,0.05,4,1,-0.1361754637217434
63,A,0.05,4,2,0.9214379385111892
63,A,0.05,4,3,0.5700099955716152
63,A,0.05,4,4,0.5861597557024167
63,A,0.05,4,5,0.58610877716281
63,A,0.05,4,6,0.3677800079414802
63,A,0.05,4,7,-0.7612383128136619
63,A,0.05,4,8,0.5143508813435931
63,A,0.05,4,9,-0.1289285454685114
63,A,0.05,5,0,0.20452379248051653
63,A,0.05,5,1,-0.19837636933206385
63,A,0.05,5,2,0.3562081623525318
63,A,0.05,5,3,-0.06335089521501701
63,A,0.05,5,4,0.07127517681555307
63,A,0.05,5,5,-0.08441579786279772
63,A,0.05,5,6,-0.3636961861037943
63,A,0.05,5,7,0.08696076344153512
63,A,0.05,5,8,0.21208959610174602
63,A,0.05,5,9,-0.0910138007998069
63,A,0.05,6,0,0.35982735168734964
63,A,0.05,6,1,-0.44198062512024794
63,A,0.05,6,2,1.1954523038645728
63,A,0.05,6,3,1.0547667423809837
63,A,0.05,6,4,1.3270259341585893
63,A,0.05,6,5,0.6929475131043092
63,A,0.05,6,6,1.2146028660637356
63,A,0.05,6,7,0.8181946659410645
63,A,0.05,6,8,1.1242973752340997
63,A,0.05,6,9,0.3371146487504337
63,A,0.05,7,0,-3.9071633636879604
63,A,0.05,7,1,-4.1939633869291475
63,A,0.05,7,2,-4.084126721055949
63,A,0.05,7,3,-4.047326234644029
63,A,0.05,7,4,-4.238775258795324
63,A,0.05,7,5,-3.7122542217866146
63,A,0.05,7,6,-4.086421710809214
63,A,0.05,7,7,-3.837263564767689
63,A,0.05,7,8,-3.5679317138139752
63,A,0.05,7,9,-3.1876621886526912
63,A,0.05,8,0,-0.052358851267539815
63,A,0.05,8,1,0.292991998647303
63,A,0.05,8,2,0.029902726248051466
63,A,0.05,8,3,0.3933063562411008
63,A,0.05,8,4,0.09604340813296643
63,A,0.05,8,5,0.003963597003291353
63,A,0.05,8,6,0.11798605893686764
63,A,0.05,8,7,-0.04179883948236495
63,A,0.05,8,8,0.4883471618324416
63,A,0.05,8,9,0.3829113890924189
63,A,0.05,9,0,0.05404287596973209
63,A,0.05,9,1,0.22538044992078432
63,A,0.05,9,2,0.30111948551695106
63,A,0.05,9,3,0.10478236197877894
63,A,0.05,9,4,0.05024164041795945
63,A,0.05,9,5,-0.07345496832559988
63,A,0.05,9,6,0.8887489127002958
63,A,0.05,9,7,0.6410143155721207
63,A,0.05,9,8,0.10474507053677158
63,A,0.05,9,9,0.13483323512374015
63,B,100,0,0,-2.424563401012917
63,B,100,0,1,-2.118013439518123
63,B,100,0,2,-2.5918556134467656
63,B,100,0,3,-1.675848536855769
63,B,100,0,4,-2.263778584971464
63,B,100,0,5,-2.1641546033530776
63,B,100,0,6,-2.8077644787276923
63,B,100,0,7,-2.1889566443366673
63,B,100,0,8,-2.293050825943858
63,B,100,0,9,-2.0571870909997028
63,B,100,1,0,0.3874090908810594
63,B,100,1,1,-0.59385245223931
63,B,100,1,2,-1.4413227673449691
63,B,100,1,3,-0.9713941737703216
63,B,100,1,4,-0.4783860077453857
63,B,100,1,5,-0.20647739683730235
63,B,100,1,6,-0.8627035787755817
63,B,100,1,7,-1.3698630137018082
63,B,100,1,8,-0.4639992588164903
63,B,100,1,9,-0.054799452930607055
63,B,100,2,0,0.7452727790820916
63,B,100,2,1,1.093533572129956
63,B,100,2,2,0.6665205602575122
63,B,100,2,3,1.2989883530651605
63,B,100,2,4,1.3947804232414356
63,B,100,2,5,1.3811139011651175
63,B,100,2,6,0.9225850062178113
63,B,100,2,7,0.7412214721099648
63,B,100,2,8,0.8520839540835476
63,B,100,2,9,0.8310640777350425
63,B,100,3,0,-1.3467550298987956
63,B,100,3,1,-0.650718976155441
63,B,100,3,2,-0.5381527519079875
63,B,100,3,3,-0.955512769408258
63,B,100,3,4,-1.1812364076143365
63,B,100,3,5,-0.871263965475244
63,B,100,3,6,-0.9986434533682917
63,B,100,3,7,-1.2625600188270074
63,B,100,3,8,-1.0594721193385286
63,B,100,3,9,-0.4703587193660533
63,B,100,4,0,0.9563523292521312
63,B,100,4,1,1.0570495142130272
63,B,100,4,2,1.2922424237593388
63,B,100,4,3,1.1305414379196834
63,B,100,4,4,0.7117961013646887
63,B,100,4,5,1.0282724400719419
63,B,100,4,6,1.1253751481338081
63,B,100,4,7,1.0011725729472625
63,B,100,4,8,1.0258903361191507
63,B,100,4,9,0.7985884357420329
63,B,100,5,0,-0.9178394331571148
63,B,100,5,1,-0.5358857496845284
63,B,100,5,2,-0.5692876981747468
63,B,100,5,3,-0.8873839704529095
63,B,100,5,4,-0.4722265609829044
63,B,100,5,5,-0.5376747155294918
63,B,100,5,6,-0.6542181146855304
63,B,100,5,7,-0.30949010927091414
63,B,100,5,8,-0.22524248955220535
63,B,100,5,9,-0.8076655592871222
63,B,100,6,0,0.21985342960910936
63,B,100,6,1,0.3844020426690064
63,B,100,6,2,0.2158293592540191
63,B,100,6,3,0.23457759963369185
63,B,100,6,4,0.45222624497914843
63,B,100,6,5,0.13368397306665364
63,B,100,6,6,-0.0342374799337199
63,B,100,6,7,0.5651991780074423
63,B,100,6,8,0.3690951793077076
63,B,100,6,9,0.12051428186069658
63,B,100,7,0,3.182823947822433
63,B,100,7,1,2.688414927804574
63,B,100,7,2,3.102173276541984
63,B,100,7,3,2.864266415336092
63,B,100,7,4,2.6914281578401478
63,B,100,7,5,2.842645093923929
63,B,100,7,6,2.646281424894972
63,B,100,7,7,2.999538045192743
63,B,100,7,8,2.3101730585820364
63,B,100,7,9,2.4940522848302216
63,B,100,8,0,-1.5810003535767518
63,B,100,8,1,-1.7658856928743452
63,B,100,8,2,-1.3458660106772822
63,B,100,8,3,-1.4695144962116888
63,B,100,8,4,-1.4825639253706357
63,B,100,8,5,-1.9567706856631517
63,B,100,8,6,-1.125671437658226
63,B,100,8,7,-1.1330615491058496
63,B,100,8,8,-1.327765138324012
63,B,100,8,9,-1.4209455843324699
63,B,100,9,0,0.021154261693130404
63,B,100,9,1,0.0162821959475992
63,B,100,9,2,-0.08848611553878499
63,B,100,9,3,-0.0994375363278745
63,B,100,9,4,-0.28046936005168316
63,B,100,9,5,-0.33489196744640115
63,B,100,9,6,0.1842908014590488
63,B,100,9,7,0.21721552126939075
63,B,100,9,8,-0.14339933905150845
63,B,100,9,9,-0.0721386663231599
64,A,0.05,0,0,2.0404638661693544
64,A,0.05,0,1,1.6631047925778348
64,A,0.05,0,2,2.5306972570778754
64,A,0.05,0,3,2.4090925578730915
64,A,0.05,0,4,1.6462063776938882
64,A,0.05,0,5,1.958693984851794
64,A,0.05,0,6,2.384465741855223
64,A,0.05,0,7,2.1201793846208727
64,A,0.05,0,8,1.3958829849012846
64,A,0.05,0,9,2.3019781364283376
64,A,0.05,1,0,0.01805923509317684
64,A,0.05,1,1,-0.4327320666231987
64,A,0.05,1,2,-0.1956170347488861
64,A,0.05,1,3,-0.16853366527175717
64,A,0.05,1,4,0.010664838616656463
64,A,0.05,1,5,-0.14951155121255014
64,A,0.05,1,6,-0.6009429927960515
64,A,0.05,1,7,-0.23604215459668876
64,A,0.05,1,8,-0.12221450453764382
64,A,0.05,1,9,-0.23552813810423567
64,A,0.05,2,0,1.8070450722994373
64,A,0.05,2,1,3.0273992594021983
64,A,0.05,2,2,2.953002842645882
64,A,0.05,2,3,2.648839328400917
64,A,0.05,2,4,2.16138142286468
64,A,0.05,2,5,1.7926081156778586
64,A,0.05,2,6,2.4484876195817256
64,A,0.05,2,7,3.159376016965206
64,A,0.05,2,8,2.569912046055151
64,A,0.05,2,9,2.7208877736906882
64,A,0.05,3,0,-1.1091359562886485
64,A,0.05,3,1,-0.10857099141001365
64,A,0.05,3,2,-1.7873266716507483
64,A,0.05,3,3,-0.6189286417975438
64,A,0.05,3,4,-0.3914729718553195
64,A,0.05,3,5,0.5536607433044913
64,A,0.05,3,6,-2.259878399410663
64,A,0.05,3,7,-0.34880768777759114
64,A,0.05,3,8,-1.0414660861706904
64,A,0.05,3,9,-0.5311207560384387
64,A,0.05,4,0,-1.0113229276456968
64,A,0.05,4,1,-0.5596639820408834
64,A,0.05,4,2,-0.7231246547826168
64,A,0.05,4,3,-0.5670957670321815
64,A,0.05,4,4,-0.7836859404742295
64,A,0.05,4,5,-0.6129680233550456
64,A,0.05,4,6,-1.0883670857186627
64,A,0.05,4,7,-0.9288101692484129
64,A,0.05,4,8,-0.9136983349591993
64,A,0.05,4,9,-0.8967605720194058
64,A,0.05,5,0,-0.6897581595143603
64,A,0.05,5,1,-1.7078507587312768
64,A,0.05,5,2,-1.763330013454583
64,A,0.05,5,3,-1.2412956766402843
64,A,0.05,5,4,-1.990277048961405
64,A,0.05,5,5,-1.6883681649465188
64,A,0.05,5,6,-1.9473641286087333
64,A,0.05,5,7,-1.4844761087337905
64,A,0.05,5,8,-1.376956205169476
64,A,0.05,5,9,-1.1665472575192701
64,A,0.05,6,0,-0.8553591619222195
64,A,0.05,6,1,-1.7625933450468705
64,A,0.05,6,2,-1.5094492483265023
64,A,0.05,6,3,-0.7816193996894956
64,A,0.05,6,4,-1.9958320195425368
64,A,0.05,6,5,-1.2163671311993927
64,A,0.05,6,6,-0.6232225962768427
64,A,0.05,6,7,-2.1654631024038764
64,A,0.05,6,8,-2.720789890060795
64,A,0.05,6,9,-1.8350132907054895
64,A,0.05,7,0,-0.9538899763566843
64,A,0.05,7,1,-0.8682528712168471
64,A,0.05,7,2,-0.6814965064381197
64,A,0.05,7,3,-0.981909660962588
64,A,0.05,7,4,-0.34178758300615764
64,A,0.05,7,5,-0.632791902559623
64,A,0.05,7,6,-0.8392808222068087
64,A,0.05,7,7,-0.4388838832193879
64,A,0.05,7,8,-0.5545051811470911
64,A,0.05,7,9,-0.5415281897666882
64,A,0.05,8,0,-1.8636957800364582
64,A,0.05,8,1,-1.92915385793253
64,A,0.05,8,2,-1.414760414413879
64,A,0.05,8,3,-1.8204669885835132
64,A,0.05,8,4,-2.077971228939981
64,A,0.05,8,5,-1.6025680945241194
64,A,0.05,8,6,-1.687736870577603
64,A,0.05,8,7,-0.8698581075549784
64,A,0.05,8,8,-1.256714329330745
64,A,0.05,8,9,-1.6159488089348197
64,A,0.05,9,0,-1.541868813149309
64,A,0.05,9,1,-0.955438534281774
64,A,0.05,9,2,-0.696324851438497
64,A,0.05,9,3,-0.6678144562339706
64,A,0.05,9,4,-1.5032734729226855
64,A,0.05,9,5,-1.8386992536155546
64,A,0.05,9,6,-1.45031795896358
64,A,0.05,9,7,-0.8331415471237823
64,A,0.05,9,8,-0.6687176359120579
64,A,0.05,9,9,-1.1354706618760613
64,B,100,0,0,-0.10453402330022302
64,B,100,0,1,-0.26520892336416246
64,B,100,0,2,-0.17390765103284753
64,B,100,0,3,-0.0034851026734316047
64,B,100,0,4,-0.274944101659851
64,B,100,0,5,-0.25675094604945475
64,B,100,0,6,-0.1820138449002673
64,B,100,0,7,-0.27063904485467183
64,B,100,0,8,-0.32907056453570205
64,B,100,0,9,-0.42409138403182906
64,B,100,1,0,0.4147142202614545
64,B,100,1,1,0.6634629443388594
64,B,100,1,2,0.08212945112013584
64,B,100,1,3,0.6098852273850853
64,B,100,1,4,0.3422445639864581
64,B,100,1,5,0.6897516654596243
64,B,100,1,6,0.3093967480631007
64,B,100,1,7,0.493366545515115
64,B,100,1,8,0.7727278515476066
64,B,100,1,9,0.21942602990176635
64,B,100,2,0,-2.0533386642292695
64,B,100,2,1,-2.3931828384483906
64,B,100,2,2,-2.200133584141973
64,B,100,2,3,-2.2563562474964116
64,B,100,2,4,-2.24371557754071
64,B,100,2,5,-2.459096602669914
64,B,100,2,6,-2.184923090656204
64,B,100,2,7,-2.3586417778567386
64,B,100,2,8,-2.009289800753443
64,B,100,2,9,-2.277436924541464
64,B,100,3,0,0.0017012150175616616
64,B,100,3,1,0.07597631394049703
64,B,100,3,2,-0.48617423891374373
64,B,100,3,3,-0.13804319586754027
64,B,100,3,4,0.13322543054556554
64,B,100,3,5,0.2822277678645933
64,B,100,3,6,0.4339739515143479
64,B,100,3,7,0.12304083037101116
64,B,100,3,8,0.1077450895061296
64,B,100,3,9,-0.05211942300923134
64,B,100,4,0,0.6411898639973225
64,B,100,4,1,1.5130959747004162
64,B,100,4,2,0.6472064694929256
64,B,100,4,3,1.1773662514387302
64,B,100,4,4,1.5408324512510407
64,B,100,4,5,0.6785672369720401
64,B,100,4,6,0.8804803846417624
64,B,100,4,7,1.0323468912152995
64,B,100,4,8,1.4987688761194853
64,B,100,4,9,0.4978286906292619
64,B,100,5,0,1.6143769938988624
64,B,100,5,1,1.3755457911207196
64,B,100,5,2,1.7328535595608374
64,B,100,5,3,1.3962038722959127
64,B,100,5,4,1.5540900253465826
64,B,100,5,5,1.8465863310427117
64,B,100,5,6,1.421090956117124
64,B,100,5,7,1.8456988998057713
64,B,100,5,8,2.031925970050428
64,B,100,5,9,1.7816649529881297
64,B,100,6,0,-1.051308348406309
64,B,100,6,1,-1.094753678458697
64,B,100,6,2,-0.8491051719292607
64,B,100,6,3,-1.1286117738654564
64,B,100,6,4,-0.2696541467268857
64,B,100,6,5,-0.28128484877682597
64,B,100,6,6,-0.2719725480328822
64,B,100,6,7,-0.7551710116614921
64,B,100,6,8,-1.2301682173988673
64,B,100,6,9,-0.2999807123181009
64,B,100,7,0,1.1415711704307814
64,B,100,7,1,0.8418007034466514
64,B,100,7,2,0.7808050087501579
64,B,100,7,3,0.4339081238757321
64,B,100,7,4,1.1738253384341868
64,B,100,7,5,0.5415232028946563
64,B,100,7,6,1.7119251514053546
64,B,100,7,7,0.6647347662027663
64,B,100,7,8,0.8182032807360107
64,B,100,7,9,1.5698392831262324
64,B,100,8,0,1.3542884782401223
64,B,100,8,1,1.4273167004920346
64,B,100,8,2,1.4372997227695716
64,B,100,8,3,1.2292444826122328
64,B,100,8,4,1.2272783414613053
64,B,100,8,5,1.5160969001660844
64,B,100,8,6,1.4434196172583085
64,B,100,8,7,1.339786180289959
64,B,100,8,8,1.1603950111079366
64,B,100,8,9,1.0743211963545694
64,B,100,9,0,-0.5009059355694021
64,B,100,9,1,-0.1991866740569055
64,B,100,9,2,-0.10243578376027276
64,B,100,9,3,-0.3651960485341968
64,B,100,9,4,-0.05275897362435787
64,B,100,9,5,-0.41442013992782406
64,B,100,9,6,-0.4989910468762179
64,B,100,9,7,-0.32075804671295843
64,B,100,9,8,-0.2171826992276166
64,B,100,9,9,0.16265185532745358
65,A,0.05,0,0,1.6925976531591302
65,A,0.05,0,1,1.5580803351333505
65,A,0.05,0,2,2.158725002780012
65,A,0.05,0,3,1.060859161616681
65,A,0.05,0,4,1.4633389974608075
65,A,0.05,0,5,1.5611535512176409
65,A,0.05,0,6,1.4916198115930601
65,A,0.05,0,7,1.9526846108223475
65,A,0.05,0,8,1.058578547613951
65,A,0.05,0,9,1.1818716719411633
65,A,0.05,1,0,-0.7321813879404616
65,A,0.05,1,1,-0.6727961641032655
65,A,0.05,1,2,-0.5144976957225295
65,A,0.05,1,3,-0.3687178369181099
65,A,0.05,1,4,-0.43429576890487803
65,A,0.05,1,5,-0.6144292502300089
65,A,0.05,1,6,-0.4876991380679268
65,A,0.05,1,7,-0.57120432952781
65,A,0.05,1,8,0.06911317912321155
65,A,0.05,1,9,-0.9040352189846033
65,A,0.05,2,0,-0.7046989247438978
65,A,0.05,2,1,-0.15205470909514526
65,A,0.05,2,2,-0.23981084270480907
65,A,0.05,2,3,-0.01968296221291506
65,A,0.05,2,4,-1.2249365958049687
65,A,0.05,2,5,0.13570295132077012
65,A,0.05,2,6,0.5690307170144343
65,A,0.05,2,7,-0.5546571137851326
65,A,0.05,2,8,-0.5174397731552368
65,A,0.05,2,9,-0.6611774288606277
65,A,0.05,3,0,0.790711890354793
65,A,0.05,3,1,0.9235488656749008
65,A,0.05,3,2,1.1081333816758079
65,A,0.05,3,3,0.16456248780516844
65,A,0.05,3,4,0.8347606149995226
65,A,0.05,3,5,1.0011654396091585
65,A,0.05,3,6,0.9841310003336944
65,A,0.05,3,7,0.06810729573794184
65,A,0.05,3,8,0.670095134476687
65,A,0.05,3,9,0.28004424688303503
65,A,0.05,4,0,-0.7729376024529561
65,A,0.05,4,1,-1.1223036330094662
65,A,0.05,4,2,-0.9197906907911259
65,A,0.05,4,3,-0.9164455504062619
65,A,0.05,4,4,-1.322820620974135
65,A,0.05,4,5,-1.1673171186167457
65,A,0.05,4,6,-0.7313611706445032
65,A,0.05,4,7,-0.7646031226894036
65,A,0.05,4,8,-1.3917485122728077
65,A,0.05,4,9,-1.270473206084716
65,A,0.05,5,0,0.5046463300840621
65,A,0.05,5,1,0.41840483074382323
65,A,0.05,5,2,0.47396264519658193
65,A,0.05,5,3,0.4549878172843336
65,A,0.05,5,4,0.648192380431385
65,A,0.05,5,5,0.6591091338213501
65,A,0.05,5,6,0.6304915023334272
65,A,0.05,5,7,0.7843320142570501
65,A,0.05,5,8,1.8835687241488845
65,A,0.05,5,9,1.5085259138308318
65,A,0.05,6,0,-0.3455807195435945
65,A,0.05,6,1,-0.2538153714719939
65,A,0.05,6,2,-0.11805339977499966
65,A,0.05,6,3,-0.3348052129956832
65,A,0.05,6,4,-0.5461438322375015
65,A,0.05,6,5,-0.09763576351773473
65,A,0.05,6,6,0.09488572166848126
65,A,0.05,6,7,-0.3324857042032663
65,A,0.05,6,8,-0.10069103754841376
65,A,0.05,6,9,-0.06623173247983362
65,A,0.05,7,0,0.3614055645290254
65,A,0.05,7,1,0.3288515217373919
65,A,0.05,7,2,0.08877577978341138
65,A,0.05,7,3,0.09207385145783199
65,A,0.05,7,4,0.12998983954705146
65,A,0.05,7,5,0.15637228382187304
65,A,0.05,7,6,0.1987358507172761
65,A,0.05,7,7,0.27024417771663256
65,A,0.05,7,8,0.2501574662665302
65,A,0.05,7,9,0.12771574244267758
65,A,0.05,8,0,-0.6333207498160447
65,A,0.05,8,1,-0.27323191875601327
65,A,0.05,8,2,-0.6497956586314322
65,A,0.05,8,3,-0.5691956231991802
65,A,0.05,8,4,-0.3500923369706123
65,A,0.05,8,5,-0.08529426078928537
65,A,0.05,8,6,0.1392468750205274
65,A,0.05,8,7,-0.540727711974884
65,A,0.05,8,8,-0.6301605935753198
65,A,0.05,8,9,-0.6230156170458105
65,A,0.05,9,0,-0.40412384479037633
65,A,0.05,9,1,-0.03204532120170964
65,A,0.05,9,2,-0.33941959050118187
65,A,0.05,9,3,-1.059500106401913
65,A,0.05,9,4,-0.02434520989345359
65,A,0.05,9,5,-0.04726683637936968
65,A,0.05,9,6,-0.0555099280664201
65,A,0.05,9,7,-1.162388613069151
65,A,0.05,9,8,-1.1512090733642262
65,A,0.05,9,9,-0.033262519436753145
65,B,100,0,0,-0.611259275849453
65,B,100,0,1,-0.33598496104447967
65,B,100,0,2,-0.7903079308282391
65,B,100,0,3,-0.6396051116192808
65,B,100,0,4,-0.5363624797766287
65,B,100,0,5,-0.6017645940532472
65,B,100,0,6,-0.7514002386508198
65,B,100,0,7,-0.8329666167546997
65,B,100,0,8,-0.6078606777657631
65,B,100,0,9,-0.3710846048750153
65,B,100,1,0,-0.5267398925590036
65,B,100,1,1,-0.08668007436402707
65,B,100,1,2,0.14942024016039632
65,B,100,1,3,0.29023580558564427
65,B,100,1,4,0.19269369683446377
65,B,100,1,5,-0.2698080041544753
65,B,100,1,6,0.2169237197275121
65,B,100,1,7,0.021018232697930413
65,B,100,1,8,-0.33345120320408134
65,B,100,1,9,-0.1483950038850808
65,B,100,2,0,0.8990156299175494
65,B,100,2,1,0.78423466553621
65,B,100,2,2,0.4245864332187981
65,B,100,2,3,0.4984039661944435
65,B,100,2,4,0.551075485989047
65,B,100,2,5,0.9108160908282535
65,B,100,2,6,0.9244225494330215
65,B,100,2,7,0.9804110803559413
65,B,100,2,8,0.5731464548692695
65,B,100,2,9,0.7690090735520854
65,B,100,3,0,0.7812037107554987
65,B,100,3,1,0.5884700588962887
65,B,100,3,2,1.1622497056229253
65,B,100,3,3,0.7669141282299473
65,B,100,3,4,0.9120437749773173
65,B,100,3,5,0.8711197594834026
65,B,100,3,6,1.1695647934274833
65,B,100,3,7,0.6960210750181847
65,B,100,3,8,0.6464577395646577
65,B,100,3,9,0.9161455503898812
65,B,100,4,0,1.7345554835493187
65,B,100,4,1,1.5550246749905772
65,B,100,4,2,2.075608515466431
65,B,100,4,3,2.0316781508925574
65,B,100,4,4,1.902627136531875
65,B,100,4,5,1.5793399692827788
65,B,100,4,6,1.9503081324192038
65,B,100,4,7,1.7228924350849724
65,B,100,4,8,1.964442760198987
65,B,100,4,9,1.4952645669752487
65,B,100,5,0,-0.050098553067998604
65,B,100,5,1,0.05957991255166504
65,B,100,5,2,0.14822832285352494
65,B,100,5,3,0.10407821605479711
65,B,100,5,4,0.13760915010098826
65,B,100,5,5,-0.16392244429897596
65,B,100,5,6,0.0034894050365586087
65,B,100,5,7,0.04584184235186006
65,B,100,5,8,0.09174948198370295
65,B,100,5,9,0.14174642202482757
65,B,100,6,0,-1.6810205086072127
65,B,100,6,1,-1.736332014540381
65,B,100,6,2,-1.1044477612135906
65,B,100,6,3,-1.544661991791141
65,B,100,6,4,-1.8775425320281598
65,B,100,6,5,-1.7475869902291215
65,B,100,6,6,-1.981672057017254
65,B,100,6,7,-1.8122870464152425
65,B,100,6,8,-1.5090646515964803
65,B,100,6,9,-1.3443937393850358
65,B,100,7,0,0.09210404672252911
65,B,100,7,1,0.7194828823557141
65,B,100,7,2,0.18321550738591358
65,B,100,7,3,0.26695537631708416
65,B,100,7,4,0.5834463967792125
65,B,100,7,5,0.23872024035112235
65,B,100,7,6,0.4668334632361802
65,B,100,7,7,0.6038095994666025
65,B,100,7,8,0.4075710239711275
65,B,100,7,9,0.3349928329726657
65,B,100,8,0,-0.8827685665573065
65,B,100,8,1,-0.7044695500427374
65,B,100,8,2,-0.8979706734488786
65,B,100,8,3,-0.4691317496966283
65,B,100,8,4,-1.0340970913576624
65,B,100,8,5,-0.7030424785310398
65,B,100,8,6,-0.5514551582711603
65,B,100,8,7,-0.03101498870685785
65,B,100,8,8,-0.20483976744733887
65,B,100,8,9,-0.46326752983940694
65,B,100,9,0,-0.1881486277110355
65,B,100,9,1,0.9919482624394521
65,B,100,9,2,0.4890989553303238
65,B,100,9,3,0.4489227881646441
65,B,100,9,4,-0.14351621759076988
65,B,100,9,5,0.026114087046523845
65,B,100,9,6,0.1288649704537882
65,B,100,9,7,-0.03716604016796174
65,B,100,9,8,0.1477094733754226
65,B,100,9,9,-0.034239290412795755
66,A,0.05,0,0,-0.38166398445873334
66,A,0.05,0,1,-0.17179778178115876
66,A,0.05,0,2,-0.27351279830003566
66,A,0.05,0,3,-0.2336963115550325
66,A,0.05,0,4,-0.43914205515884164
66,A,0.05,0,5,-0.3237297664455367
66,A,0.05,0,6,-0.2617471734946137
66,A,0.05,0,7,-0.2686245569081684
66,A,0.05,0,8,-0.35060323722767217
66,A,0.05,0,9,-0.31216225270479825
66,A,0.05,1,0,2.703411097044248
66,A,0.05,1,1,2.2885263069412534
66,A,0.05,1,2,1.5188833891283722
66,A,0.05,1,3,1.7914235996530823
66,A,0.05,1,4,1.4586342160565453
66,A,0.05,1,5,1.79192779680458
66,A,0.05,1,6,1.5906880599762743
66,A,0.05,1,7,1.4816332548567746
66,A,0.05,1,8,1.5839451202575
66,A,0.05,1,9,1.2749726003088464
66,A,0.05,2,0,-0.8441361317551699
66,A,0.05,2,1,-1.1566274367539642
66,A,0.05,2,2,-0.9624155360680683
66,A,0.05,2,3,-0.8228246491210888
66,A,0.05,2,4,-0.8895440921538625
66,A,0.05,2,5,-1.261659371509574
66,A,0.05,2,6,-1.3267469232343756
66,A,0.05,2,7,-0.9239428688975261
66,A,0.05,2,8,-0.7775895697800027
66,A,0.05,2,9,-0.9553608735980855
66,A,0.05,3,0,0.527483460083057
66,A,0.05,3,1,0.4414298786798288
66,A,0.05,3,2,0.2890396226025296
66,A,0.05,3,3,0.44147857591181383
66,A,0.05,3,4,0.36474222332577233
66,A,0.05,3,5,0.8359445338619773
66,A,0.05,3,6,-0.05663062597977086
66,A,0.05,3,7,0.8138101503872041
66,A,0.05,3,8,0.5573508306639003
66,A,0.05,3,9,0.7722474603601274
66,A,0.05,4,0,-0.028937828797906087
66,A,0.05,4,1,-0.016399193358643645
66,A,0.05,4,2,-0.015845927036697516
66,A,0.05,4,3,-0.03025037164810244
66,A,0.05,4,4,0.028039692233756384
66,A,0.05,4,5,-0.0935270550655356
66,A,0.05,4,6,-0.1884949051653488
66,A,0.05,4,7,0.014612497856635796
66,A,0.05,4,8,0.014376132407539556
66,A,0.05,4,9,0.23619343609568422
66,A,0.05,5,0,0.6665075009925189
66,A,0.05,5,1,1.185571922486895
66,A,0.05,5,2,0.7815470404658448
66,A,0.05,5,3,0.9299990573828995
66,A,0.05,5,4,1.298625868106956
66,A,0.05,5,5,1.1811744970041504
66,A,0.05,5,6,1.1616827937295313
66,A,0.05,5,7,1.1454289949220002
66,A,0.05,5,8,1.1487034340432207
66,A,0.05,5,9,0.8696048597681842
66,A,0.05,6,0,0.9145605225313947
66,A,0.05,6,1,0.6967690087394278
66,A,0.05,6,2,0.7152237130500196
66,A,0.05,6,3,0.8884966360034812
66,A,0.05,6,4,0.4306387405674827
66,A,0.05,6,5,0.9024867829141588
66,A,0.05,6,6,0.48875381605547513
66,A,0.05,6,7,0.9873361545752887
66,A,0.05,6,8,0.65573992662374
66,A,0.05,6,9,0.7356882679283491
66,A,0.05,7,0,-0.22592522275132232
66,A,0.05,7,1,-0.4779049846697543
66,A,0.05,7,2,-0.3012329493885256
66,A,0.05,7,3,-0.041878697281319696
66,A,0.05,7,4,-0.16799325223291128
66,A,0.05,7,5,-0.21891084414424575
66,A,0.05,7,6,0.003017830384182911
66,A,0.05,7,7,-0.00716635251360506
66,A,0.05,7,8,0.010638982822957655
66,A,0.05,7,9,0.029085903582647295
66,A,0.05,8,0,-0.1221658413054992
66,A,0.05,8,1,-0.0280942923968929
66,A,0.05,8,2,-0.321820808291499
66,A,0.05,8,3,-0.2321524414170887
66,A,0.05,8,4,-0.3906151464881331
66,A,0.05,8,5,-0.18268732672605192
66,A,0.05,8,6,0.01515548651394375
66,A,0.05,8,7,-0.002996435699732175
66,A,0.05,8,8,-0.012653137707396121
66,A,0.05,8,9,0.1924238615804498
66,A,0.05,9,0,1.6335311818656255
66,A,0.05,9,1,1.4089666793816933
66,A,0.05,9,2,1.1131853874532973
66,A,0.05,9,3,1.8024151038427887
66,A,0.05,9,4,1.6062900081624933
66,A,0.05,9,5,1.5016879403058816
66,A,0.05,9,6,1.2967517206727504
66,A,0.05,9,7,1.6197284636536198
66,A,0.05,9,8,1.772448459804197
66,A,0.05,9,9,1.2209281153898215
66,B,100,0,0,-1.582162152080206
66,B,100,0,1,-0.702151894221635
66,B,100,0,2,-1.7574352495858292
66,B,100,0,3,-0.8702472906756348
66,B,100,0,4,-1.1483724751401174
66,B,100,0,5,-1.6185922838727613
66,B,100,0,6,-1.0918942814371855
66,B,100,0,7,-1.1181639809011612
66,B,100,0,8,-0.6854023055734857
66,B,100,0,9,-0.9034024854329535
66,B,100,1,0,-0.02339205772976449
66,B,100,1,1,-0.4397887150724865
66,B,100,1,2,-0.4703527328162759
66,B,100,1,3,-0.48159376409345034
66,B,100,1,4,-0.7526593004299197
66,B,100,1,5,-0.4300524689148431
66,B,100,1,6,-0.24023557166089976
66,B,100,1,7,-0.15396159318242555
66,B,100,1,8,-0.6987825385852238
66,B,100,1,9,-0.17146462738288537
66,B,100,2,0,0.5132105970198081
66,B,100,2,1,0.3151454644563355
66,B,100,2,2,-0.8607890251047543
66,B,100,2,3,0.20264149776710597
66,B,100,2,4,0.4450691286241867
66,B,100,2,5,-0.06495264247061754
66,B,100,2,6,0.6095219190458214
66,B,100,2,7,-0.2860681365739245
66,B,100,2,8,-0.16943168462701994
66,B,100,2,9,-0.3367114231426565
66,B,100,3,0,-1.661270134680073
66,B,100,3,1,-2.40069515447982
66,B,100,3,2,-2.3144661258945365
66,B,100,3,3,-1.1722935214209715
66,B,100,3,4,-1.7690623756061656
66,B,100,3,5,-2.0311818658981013
66,B,100,3,6,-2.7624916921974294
66,B,100,3,7,-1.1180581831003193
66,B,100,3,8,-2.5654111602852265
66,B,100,3,9,-0.47513086688681855
66,B,100,4,0,0.40779926878142403
66,B,100,4,1,0.2731170783212945
66,B,100,4,2,0.4443864564945126
66,B,100,4,3,0.44300561117808623
66,B,100,4,4,0.4572879724307164
66,B,100,4,5,0.734482563032924
66,B,100,4,6,0.12258125705092496
66,B,100,4,7,0.40850318893292
66,B,100,4,8,0.5278261280453357
66,B,100,4,9,0.5270841491660397
66,B,100,5,0,0.8331549977577829
66,B,100,5,1,0.5013270519863327
66,B,100,5,2,0.5528432033130362
66,B,100,5,3,0.48920305670135766
66,B,100,5,4,0.5353783656842906
66,B,100,5,5,1.2527753485083581
66,B,100,5,6,1.0865569344390438
66,B,100,5,7,1.4654647456794438
66,B,100,5,8,1.0395576561471442
66,B,100,5,9,0.940645721082318
66,B,100,6,0,1.207106518003524
66,B,100,6,1,1.2127793790170558
66,B,100,6,2,0.9876075776876189
66,B,100,6,3,1.0895881991282537
66,B,100,6,4,0.6731656637104183
66,B,100,6,5,1.3628379976572738
66,B,100,6,6,1.2188297027452923
66,B,100,6,7,1.3456872249908898
66,B,100,6,8,1.3315912676267998
66,B,100,6,9,0.8830446926066083
66,B,100,7,0,-1.5966931837276923
66,B,100,7,1,-1.9213720872380364
66,B,100,7,2,-1.4699747071436808
66,B,100,7,3,-1.9957015712166937
66,B,100,7,4,-1.5836859936101382
66,B,100,7,5,-1.9761077704339145
66,B,100,7,6,-1.2418083027341247
66,B,100,7,7,-1.273336080812133
66,B,100,7,8,-1.3397932963023083
66,B,100,7,9,-1.7816291425375577
66,B,100,8,0,-0.39690654545939724
66,B,100,8,1,-0.5139136997619415
66,B,100,8,2,-0.4411032755504323
66,B,100,8,3,-0.0853693769658096
66,B,100,8,4,-0.573960140153387
66,B,100,8,5,0.5445817475389962
66,B,100,8,6,0.5969036805268445
66,B,100,8,7,0.5318334720769662
66,B,100,8,8,0.5283064238516615
66,B,100,8,9,0.8015190162105266
66,B,100,9,0,1.0270518144706469
66,B,100,9,1,0.6551372536852146
66,B,100,9,2,1.3129495096571264
66,B,100,9,3,0.7131149900038947
66,B,100,9,4,0.7194778498147377
66,B,100,9,5,1.0904774157720483
66,B,100,9,6,0.9704871197681175
66,B,100,9,7,0.8451881781953798
66,B,100,9,8,0.6844965253169807
66,B,100,9,9,1.4227940526008476
67,A,0.05,0,0,-1.08041159761486
67,A,0.05,0,1,-1.4686607534148388
67,A,0.05,0,2,-0.8330253100130529
67,A,0.05,0,3,-0.5591035655294078
67,A,0.05,0,4,-0.9581939168632632
67,A,0.05,0,5,-1.2631027362990426
67,A,0.05,0,6,-1.1616670655170516
67,A,0.05,0,7,-1.1864160681891833
67,A,0.05,0,8,-1.2427628136422142
67,A,0.05,0,9,-1.3837242184586904
67,A,0.05,1,0,0.24892364135786862
67,A,0.05,1,1,0.14643674890270478
67,A,0.05,1,2,0.025649159820245505
67,A,0.05,1,3,0.12250712404082895
67,A,0.05,1,4,0.13874947347708635
67,A,0.05,1,5,-0.2787071411685118
67,A,0.05,1,6,0.22856422445853608
67,A,0.05,1,7,-0.028673262350032595
67,A,0.05,1,8,0.17605269479583466
67,A,0.05,1,9,0.018955981489721767
67,A,0.05,2,0,-0.36289181107548724
67,A,0.05,2,1,-0.5219430206923962
67,A,0.05,2,2,-0.6963816109845798
67,A,0.05,2,3,-0.5551752248577773
67,A,0.05,2,4,-0.5228002834548723
67,A,0.05,2,5,-0.5559729355871624
67,A,0.05,2,6,-0.20659715056975286
67,A,0.05,2,7,-0.37538249448058547
67,A,0.05,2,8,-0.16534299112349082
67,A,0.05,2,9,-0.38856464707192057
67,A,0.05,3,0,-1.2129484004332736
67,A,0.05,3,1,-0.7453240338130211
67,A,0.05,3,2,-1.6239974010362515
67,A,0.05,3,3,-0.6880387633564773
67,A,0.05,3,4,-1.335607977113631
67,A,0.05,3,5,-1.1740834270480156
67,A,0.05,3,6,-1.0294085234401884
67,A,0.05,3,7,-0.3439992970912216
67,A,0.05,3,8,-1.1415102861727582
67,A,0.05,3,9,-1.3891068193997447
67,A,0.05,4,0,-0.4174533476635135
67,A,0.05,4,1,-0.14198970323427515
67,A,0.05,4,2,0.16293516836496372
67,A,0.05,4,3,0.0014814132077503946
67,A,0.05,4,4,-0.5501819894730234
67,A,0.05,4,5,-0.5063148048928309
67,A,0.05,4,6,0.2617451728947623
67,A,0.05,4,7,-0.4881856256493779
67,A,0.05,4,8,0.06337319703423668
67,A,0.05,4,9,-0.37063178046094103
67,A,0.05,5,0,-1.101011963011152
67,A,0.05,5,1,-1.298057766278703
67,A,0.05,5,2,-1.1405756397245452
67,A,0.05,5,3,-1.3019692036413404
67,A,0.05,5,4,-1.477842482209467
67,A,0.05,5,5,-1.3186070520906363
67,A,0.05,5,6,-1.086451482030244
67,A,0.05,5,7,-1.3053308794969818
67,A,0.05,5,8,-1.3495552088323752
67,A,0.05,5,9,-1.1486810934737135
67,A,0.05,6,0,0.19405345187837003
67,A,0.05,6,1,-0.012742635308702281
67,A,0.05,6,2,-0.17968159811471437
67,A,0.05,6,3,0.06160037062242804
67,A,0.05,6,4,0.4697289207467957
67,A,0.05,6,5,0.38403668686703857
67,A,0.05,6,6,-0.05105960749242692
67,A,0.05,6,7,-0.2839370882110963
67,A,0.05,6,8,-0.46069072098060215
67,A,0.05,6,9,-0.32649253691206986
67,A,0.05,7,0,-0.15841541415992053
67,A,0.05,7,1,-0.7206941142061969
67,A,0.05,7,2,-0.33347920963251904
67,A,0.05,7,3,-0.5145254898697675
67,A,0.05,7,4,-0.6519986688240889
67,A,0.05,7,5,-0.10443543955837561
67,A,0.05,7,6,0.022469860947052223
67,A,0.05,7,7,-0.11311311437611395
67,A,0.05,7,8,-0.12683373286094748
67,A,0.05,7,9,-0.16317924675734433
67,A,0.05,8,0,1.3309121176088272
67,A,0.05,8,1,0.49230219922179236
67,A,0.05,8,2,0.7889643124427791
67,A,0.05,8,3,1.4643906759666743
67,A,0.05,8,4,1.9526060392694455
67,A,0.05,8,5,1.1599079702871875
67,A,0.05,8,6,1.023307501564432
67,A,0.05,8,7,0.8589567573683562
67,A,0.05,8,8,0.8109435840929579
67,A,0.05,8,9,0.964256513453584
67,A,0.05,9,0,-1.3098541439534912
67,A,0.05,9,1,-1.3667522639518623
67,A,0.05,9,2,-1.3133165342040638
67,A,0.05,9,3,-1.2414773666715202
67,A,0.05,9,4,-1.617350535152905
67,A,0.05,9,5,-1.4800866871564107
67,A,0.05,9,6,-1.1743220200590796
67,A,0.05,9,7,-1.3137775031144456
67,A,0.05,9,8,-1.4330512786864764
67,A,0.05,9,9,-1.4772306407797855
67,B,100,0,0,-0.25898183324842855
67,B,100,0,1,-0.46707682733497863
67,B,100,0,2,-0.49644995937885655
67,B,100,0,3,-0.707378273409147
67,B,100,0,4,-0.3644137194462985
67,B,100,0,5,-0.3531048824807597
67,B,100,0,6,-0.4093919156316519
67,B,100,0,7,-0.28148613860084865
67,B,100,0,8,-0.7224697772214618
67,B,100,0,9,0.0167934332315911
67,B,100,1,0,1.0491193273837525
67,B,100,1,1,0.4646398927180447
67,B,100,1,2,1.1035854844965722
67,B,100,1,3,0.1153838452078075
67,B,100,1,4,0.8262450487866223
67,B,100,1,5,0.504417771050964
67,B,100,1,6,0.5365325508476259
67,B,100,1,7,1.6247408302388096
67,B,100,1,8,1.0703602874259839
67,B,100,1,9,0.7368274629478573
67,B,100,2,0,0.1302912618562575
67,B,100,2,1,0.4365543489317931
67,B,100,2,2,0.08907015052282365
67,B,100,2,3,-0.0343865389878119
67,B,100,2,4,0.4550239385669031
67,B,100,2,5,0.10396119478960986
67,B,100,2,6,0.04047237763079653
67,B,100,2,7,0.1263061158826087
67,B,100,2,8,0.2167770655503559
67,B,100,2,9,0.3791496058513932
67,B,100,3,0,-0.6104199786794569
67,B,100,3,1,1.5338647137918808
67,B,100,3,2,1.314426875117453
67,B,100,3,3,1.0193379506271243
67,B,100,3,4,1.8619960313888617
67,B,100,3,5,1.9530421977084436
67,B,100,3,6,2.0470166793641087
67,B,100,3,7,1.6800703856971184
67,B,100,3,8,1.7358266940613305
67,B,100,3,9,1.9527278128838756
67,B,100,4,0,0.020785850751842787
67,B,100,4,1,-0.11945539483173215
67,B,100,4,2,-0.6981963444999334
67,B,100,4,3,-0.08099028948842472
67,B,100,4,4,-0.038467877646175715
67,B,100,4,5,-0.007808130379146333
67,B,100,4,6,0.5935470034357683
67,B,100,4,7,-0.7453104123293368
67,B,100,4,8,-0.8125343254176639
67,B,100,4,9,-0.18271848247959543
67,B,100,5,0,0.961628514203443
67,B,100,5,1,0.46680450079881675
67,B,100,5,2,0.07089510074863237
67,B,100,5,3,0.7516325810461749
67,B,100,5,4,-0.14553463980836517
67,B,100,5,5,-0.338338579017219
67,B,100,5,6,0.3732875929667622
67,B,100,5,7,-0.10391627127381063
67,B,100,5,8,-0.5536106957428423
67,B,100,5,9,0.852613898054779
67,B,100,6,0,-0.5334333506004232
67,B,100,6,1,1.5478084157317764
67,B,100,6,2,1.4652049002109218
67,B,100,6,3,0.9996378473875258
67,B,100,6,4,1.3375221634163708
67,B,100,6,5,0.2687709816548662
67,B,100,6,6,0.7001830542424027
67,B,100,6,7,1.4829750468897605
67,B,100,6,8,0.8135085441018161
67,B,100,6,9,0.32511244047726473
67,B,100,7,0,2.0364057493817693
67,B,100,7,1,1.644053911969952
67,B,100,7,2,2.997299624979858
67,B,100,7,3,2.0165418493747755
67,B,100,7,4,2.630133301252006
67,B,100,7,5,1.4849095524738776
67,B,100,7,6,2.7090509706083967
67,B,100,7,7,1.7107633059539606
67,B,100,7,8,1.4132434725716232
67,B,100,7,9,1.7087481784094523
67,B,100,8,0,-0.5307251127454374
67,B,100,8,1,-0.3788260808426064
67,B,100,8,2,-0.45116236289167233
67,B,100,8,3,-0.45292253930911985
67,B,100,8,4,-0.02332993708506562
67,B,100,8,5,-0.5742214819096456
67,B,100,8,6,-0.10419991623203659
67,B,100,8,7,-0.5429304036836942
67,B,100,8,8,-0.25165847542604936
67,B,100,8,9,-0.5441248886655171
67,B,100,9,0,0.9209959064389643
67,B,100,9,1,0.8142735780488828
67,B,100,9,2,0.7686377895926217
67,B,100,9,3,0.9961425816198345
67,B,100,9,4,0.3460727530731903
67,B,100,9,5,1.257433122206129
67,B,100,9,6,0.8023592020880885
67,B,100,9,7,0.8989438977436173
67,B,100,9,8,1.276649082111302
67,B,100,9,9,1.7663277421994286
68,A,0.05,0,0,-0.10266350765311812
68,A,0.05,0,1,-0.016850398606831858
68,A,0.05,0,2,0.04983032530884579
68,A,0.05,0,3,-0.555951568676809
68,A,0.05,0,4,-0.32578107657214944
68,A,0.05,0,5,-0.03269633275304854
68,A,0.05,0,6,-0.13538687349336945
68,A,0.05,0,7,-0.36972815297878303
68,A,0.05,0,8,-0.10820011391146919
68,A,0.05,0,9,-0.1890642128369807
68,A,0.05,1,0,0.7707318923185887
68,A,0.05,1,1,0.8103362081386731
68,A,0.05,1,2,1.0572152083558184
68,A,0.05,1,3,0.37411888900567347
68,A,0.05,1,4,0.088503712807527
68,A,0.05,1,5,0.7174589560130007
68,A,0.05,1,6,0.20496996837956302
68,A,0.05,1,7,-0.1498245398372995
68,A,0.05,1,8,0.7194020398806776
68,A,0.05,1,9,0.22313510622580968
68,A,0.05,2,0,-0.4250460238171324
68,A,0.05,2,1,-0.5749765170382635
68,A,0.05,2,2,-0.4453835429814102
68,A,0.05,2,3,-0.42953128071115093
68,A,0.05,2,4,-0.5201513366812783
68,A,0.05,2,5,-0.3860997645013661
68,A,0.05,2,6,-0.27152113652115833
68,A,0.05,2,7,-0.40086665295093976
68,A,0.05,2,8,-0.5181375286653379
68,A,0.05,2,9,-0.2902376250325213
68,A,0.05,3,0,1.2906187132567797
68,A,0.05,3,1,1.3861602244510176
68,A,0.05,3,2,1.0630885395912528
68,A,0.05,3,3,0.8886839269497914
68,A,0.05,3,4,1.6659836657853146
68,A,0.05,3,5,1.3905750199760152
68,A,0.05,3,6,1.480489989693781
68,A,0.05,3,7,1.298975003281971
68,A,0.05,3,8,1.8081702616796271
68,A,0.05,3,9,1.400784140448294
68,A,0.05,4,0,-2.1909606693438715
68,A,0.05,4,1,-2.1877372290351103
68,A,0.05,4,2,-2.305241526391683
68,A,0.05,4,3,-2.5419084078911616
68,A,0.05,4,4,-2.2910450592665876
68,A,0.05,4,5,-1.9746282983203625
68,A,0.05,4,6,-2.0447867697635025
68,A,0.05,4,7,-2.2511646295412513
68,A,0.05,4,8,-2.1592478496177905
68,A,0.05,4,9,-2.344424270598047
68,A,0.05,5,0,-1.0727138691737408
68,A,0.05,5,1,-0.7010786774162532
68,A,0.05,5,2,-0.471093278837933
68,A,0.05,5,3,-0.5433411408299472
68,A,0.05,5,4,-0.3814095860886193
68,A,0.05,5,5,-0.5581216720590993
68,A,0.05,5,6,-0.7493657385070082
68,A,0.05,5,7,-0.7574347264006436
68,A,0.05,5,8,-0.3630049018508001
68,A,0.05,5,9,-0.627824258605538
68,A,0.05,6,0,0.5996830745050129
68,A,0.05,6,1,0.6528868140354874
68,A,0.05,6,2,0.23461523304454296
68,A,0.05,6,3,0.3935105352393837
68,A,0.05,6,4,0.456375710573329
68,A,0.05,6,5,-0.05099806009183711
68,A,0.05,6,6,0.7749453996080468
68,A,0.05,6,7,0.44369172382977934
68,A,0.05,6,8,-0.039960316587413336
68,A,0.05,6,9,1.1518085116422785
68,A,0.05,7,0,-0.014405956539293212
68,A,0.05,7,1,-0.08148941514751189
68,A,0.05,7,2,-0.03096418204463744
68,A,0.05,7,3,-0.10646629689818506
68,A,0.05,7,4,-0.11271000737394424
68,A,0.05,7,5,-0.1972023835079858
68,A,0.05,7,6,0.02380163193703857
68,A,0.05,7,7,0.1048943906586617
68,A,0.05,7,8,-0.3993338212511671
68,A,0.05,7,9,0.14440717916761026
68,A,0.05,8,0,-0.34823534781274645
68,A,0.05,8,1,0.007898576702077794
68,A,0.05,8,2,0.24521851865213962
68,A,0.05,8,3,0.4746455465960329
68,A,0.05,8,4,-0.01812443254256869
68,A,0.05,8,5,0.037171523289620416
68,A,0.05,8,6,-0.07642071760847921
68,A,0.05,8,7,0.09094374019413247
68,A,0.05,8,8,0.017489347114634984
68,A,0.05,8,9,0.23488203431686686
68,A,0.05,9,0,-0.415628780449357
68,A,0.05,9,1,-0.022368076254086305
68,A,0.05,9,2,-0.00465684766258872
68,A,0.05,9,3,-0.04624082644090712
68,A,0.05,9,4,-0.006787314715642163
68,A,0.05,9,5,-0.7446949821504539
68,A,0.05,9,6,-0.5917747502487968
68,A,0.05,9,7,-0.007999534435632586
68,A,0.05,9,8,0.0516335406085774
68,A,0.05,9,9,-0.016600873457639182
68,B,100,0,0,0.3873383540734722
68,B,100,0,1,0.023219806349320745
68,B,100,0,2,0.25572251150419534
68,B,100,0,3,-0.1399411971724525
68,B,100,0,4,0.5553126244950327
68,B,100,0,5,0.46314460141675046
68,B,100,0,6,0.008075016391605613
68,B,100,0,7,0.33042794046601387
68,B,100,0,8,-0.24071218093268404
68,B,100,0,9,0.5385907521472627
68,B,100,1,0,0.0149668067712023
68,B,100,1,1,-0.2598085994271164
68,B,100,1,2,-0.2180898617947235
68,B,100,1,3,-0.8498560738969443
68,B,100,1,4,-0.2637243022335486
68,B,100,1,5,-0.04693693309620051
68,B,100,1,6,-0.2441901229873968
68,B,100,1,7,-0.2696409527794991
68,B,100,1,8,0.1353853021596282
68,B,100,1,9,-0.18614531136161677
68,B,100,2,0,0.18893862448817642
68,B,100,2,1,0.3377671676310645
68,B,100,2,2,0.24269570193609963
68,B,100,2,3,0.4674048213328832
68,B,100,2,4,0.17315617487748627
68,B,100,2,5,0.4277436943648427
68,B,100,2,6,0.5291043994982135
68,B,100,2,7,0.2549211820676845
68,B,100,2,8,0.4632146744469438
68,B,100,2,9,-0.022143164740792524
68,B,100,3,0,-1.4766544864390285
68,B,100,3,1,-1.246946451883447
68,B,100,3,2,-1.3249808274989758
68,B,100,3,3,-1.7215179673591048
68,B,100,3,4,-1.6755426952324715
68,B,100,3,5,-1.398771960421939
68,B,100,3,6,-1.3677386963171738
68,B,100,3,7,-1.2668812684317563
68,B,100,3,8,-1.250994959431462
68,B,100,3,9,-1.2578659487170814
68,B,100,4,0,0.06486300813829807
68,B,100,4,1,-0.26254478459138997
68,B,100,4,2,-0.4098630597650034
68,B,100,4,3,-0.22800467395600973
68,B,100,4,4,0.02921558098882692
68,B,100,4,5,-0.5519201785649474
68,B,100,4,6,-0.4169745318358286
68,B,100,4,7,-0.09803168347592565
68,B,100,4,8,-0.16002626227537575
68,B,100,4,9,-0.17292105091417695
68,B,100,5,0,-0.026241563622067636
68,B,100,5,1,0.23012647481583448
68,B,100,5,2,0.025294738023078137
68,B,100,5,3,0.39009331733010316
68,B,100,5,4,-0.1474402178578325
68,B,100,5,5,0.4906143595050912
68,B,100,5,6,0.40038474116064393
68,B,100,5,7,0.3730846923146069
68,B,100,5,8,0.04683027315297515
68,B,100,5,9,-0.030305885767356915
68,B,100,6,0,-0.7567237635958447
68,B,100,6,1,-0.6759201928613536
68,B,100,6,2,-0.7795112289303111
68,B,100,6,3,-0.7309416083924895
68,B,100,6,4,-0.8439033196947329
68,B,100,6,5,-0.6579720477088491
68,B,100,6,6,-0.559938496811329
68,B,100,6,7,-0.46094308368223014
68,B,100,6,8,-0.4638149473472179
68,B,100,6,9,-0.501035372055532
68,B,100,7,0,-0.490397956328152
68,B,100,7,1,-0.9854548978340313
68,B,100,7,2,-1.0905205302345196
68,B,100,7,3,-0.6816235937390814
68,B,100,7,4,-1.3192603438900197
68,B,100,7,5,-1.4809044826251274
68,B,100,7,6,-0.5044403781433004
68,B,100,7,7,-1.941696122419172
68,B,100,7,8,-1.497677138757645
68,B,100,7,9,-1.3139616245561485
68,B,100,8,0,-1.688496655616222
68,B,100,8,1,-1.8253745408714723
68,B,100,8,2,-2.1111299176555796
68,B,100,8,3,-2.287082618572916
68,B,100,8,4,-2.1993486589925753
68,B,100,8,5,-1.8552575160236966
68,B,100,8,6,-2.479035225730871
68,B,100,8,7,-1.9007148297499563
68,B,100,8,8,-2.106428787609367
68,B,100,8,9,-2.1112677032715834
68,B,100,9,0,-0.38287278571024763
68,B,100,9,1,-0.4628273789617706
68,B,100,9,2,-0.0471888813523036
68,B,100,9,3,-0.08774285235207367
68,B,100,9,4,-0.36912614216066436
68,B,100,9,5,-0.03431846048110212
68,B,100,9,6,-0.09736730107920444
68,B,100,9,7,-0.08161035260676451
68,B,100,9,8,-0.30447815490802105
68,B,100,9,9,-0.1418016073353031
69,A,0.05,0,0,-0.7920555008842305
69,A,0.05,0,1,-0.9912935196064838
69,A,0.05,0,2,-0.5056493835027082
69,A,0.05,0,3,-0.09613138564060052
69,A,0.05,0,4,-0.42131853954205495
69,A,0.05,0,5,-0.5154863801088873
69,A,0.05,0,6,0.043096842180570846
69,A,0.05,0,7,-0.32785798359337703
69,A,0.05,0,8,-0.538039729725825
69,A,0.05,0,9,-0.33139512808638066
69,A,0.05,1,0,-1.0628612805580004
69,A,0.05,1,1,-0.702962559240113
69,A,0.05,1,2,-0.629897274666832
69,A,0.05,1,3,-1.060511482830775
69,A,0.05,1,4,-0.7987210677012285
69,A,0.05,1,5,-0.8392132865080882
69,A,0.05,1,6,-0.8779696435511446
69,A,0.05,1,7,-0.7647321675477143
69,A,0.05,1,8,-0.650464577425546
69,A,0.05,1,9,-1.3462552501138028
69,A,0.05,2,0,0.5035471845858587
69,A,0.05,2,1,0.2532345233375004
69,A,0.05,2,2,0.21107579072646446
69,A,0.05,2,3,0.2412773996218583
69,A,0.05,2,4,-0.001844147909118703
69,A,0.05,2,5,0.3230089915062949
69,A,0.05,2,6,0.36408770753719766
69,A,0.05,2,7,0.6599449434294521
69,A,0.05,2,8,0.3912820926154643
69,A,0.05,2,9,0.5710350127205428
69,A,0.05,3,0,0.8715634837578169
69,A,0.05,3,1,0.858080580320626
69,A,0.05,3,2,0.55380330419579
69,A,0.05,3,3,0.1722430017879476
69,A,0.05,3,4,0.5319406191850159
69,A,0.05,3,5,0.8750674210914865
69,A,0.05,3,6,0.8993095975512281
69,A,0.05,3,7,0.590092048658519
69,A,0.05,3,8,0.4632788785690815
69,A,0.05,3,9,0.030964028064516952
69,A,0.05,4,0,1.153366342682398
69,A,0.05,4,1,1.3167258241502109
69,A,0.05,4,2,0.6587514282420817
69,A,0.05,4,3,1.3395355342473834
69,A,0.05,4,4,1.3516075343351215
69,A,0.05,4,5,1.173559822000817
69,A,0.05,4,6,0.6896253784858837
69,A,0.05,4,7,1.1039624982772245
69,A,0.05,4,8,1.4748858849430782
69,A,0.05,4,9,0.8178323856144372
69,A,0.05,5,0,0.8689620068079313
69,A,0.05,5,1,0.939182877134446
69,A,0.05,5,2,0.8491686297531883
69,A,0.05,5,3,0.9845149469771584
69,A,0.05,5,4,2.27242228088897
69,A,0.05,5,5,1.5987555884001552
69,A,0.05,5,6,1.0847798195042802
69,A,0.05,5,7,1.5087455561645335
69,A,0.05,5,8,1.3374580023370668
69,A,0.05,5,9,1.5393184965597755
69,A,0.05,6,0,-0.03467190277087539
69,A,0.05,6,1,0.5174579002831569
69,A,0.05,6,2,-0.05780217822106933
69,A,0.05,6,3,1.669256364819915
69,A,0.05,6,4,0.3546804238949408
69,A,0.05,6,5,0.06132006145415865
69,A,0.05,6,6,0.056332676959151035
69,A,0.05,6,7,0.4007997795585818
69,A,0.05,6,8,0.10592073555937223
69,A,0.05,6,9,0.025964408100463916
69,A,0.05,7,0,0.23341713498795805
69,A,0.05,7,1,0.38207910856833227
69,A,0.05,7,2,0.31513154305126945
69,A,0.05,7,3,0.2793521870651246
69,A,0.05,7,4,0.14779900032522203
69,A,0.05,7,5,0.8035529683014758
69,A,0.05,7,6,0.7150336566767356
69,A,0.05,7,7,0.1636065895541639
69,A,0.05,7,8,0.2611227558953641
69,A,0.05,7,9,0.37322505776427833
69,A,0.05,8,0,-0.649766457047493
69,A,0.05,8,1,-0.4493192003027727
69,A,0.05,8,2,-0.07266143411205507
69,A,0.05,8,3,-0.7902193538307761
69,A,0.05,8,4,-0.7052242121060958
69,A,0.05,8,5,-0.49719319495235137
69,A,0.05,8,6,-0.7076210406887874
69,A,0.05,8,7,-0.16570745138634665
69,A,0.05,8,8,-0.34731031809546026
69,A,0.05,8,9,-0.2471197723755676
69,A,0.05,9,0,0.44301382739885914
69,A,0.05,9,1,0.7521048685425566
69,A,0.05,9,2,0.5253186516320703
69,A,0.05,9,3,0.8580096272853548
69,A,0.05,9,4,0.45089272161316235
69,A,0.05,9,5,0.7497803550132394
69,A,0.05,9,6,0.5596988278843265
69,A,0.05,9,7,1.116469243113011
69,A,0.05,9,8,1.1735593324670752
69,A,0.05,9,9,0.6066813246223783
69,B,100,0,0,-0.07899338668654965
69,B,100,0,1,-0.09686450770481694
69,B,100,0,2,-0.265647682663317
69,B,100,0,3,-0.30797513447460034
69,B,100,0,4,-0.18953091565298674
69,B,100,0,5,-0.23238668048615027
69,B,100,0,6,-0.023429090363903574
69,B,100,0,7,-0.40895166471141364
69,B,100,0,8,-0.5994666821403671
69,B,100,0,9,-0.060732781032352225
69,B,100,1,0,-0.6585098780254602
69,B,100,1,1,-0.24836126551369694
69,B,100,1,2,-0.10638821812455412
69,B,100,1,3,-0.17440727539904438
69,B,100,1,4,-0.12420513229035819
69,B,100,1,5,-0.3574568961563779
69,B,100,1,6,0.13971684804696374
69,B,100,1,7,-0.3374373429138384
69,B,100,1,8,-0.44831818143967167
69,B,100,1,9,-0.19067404395090315
69,B,100,2,0,-1.4599744086155342
69,B,100,2,1,-1.5149178412910167
69,B,100,2,2,-1.3759819331704204
69,B,100,2,3,-1.4400245016298774
69,B,100,2,4,-1.2077746422652114
69,B,100,2,5,-1.4663700347546074
69,B,100,2,6,-1.5121336060811394
69,B,100,2,7,-1.1060881033024395
69,B,100,2,8,-1.2535686670393593
69,B,100,2,9,-1.3209755898933289
69,B,100,3,0,-0.9029468971617349
69,B,100,3,1,-1.0360782510021678
69,B,100,3,2,-0.588347678516085
69,B,100,3,3,-0.7794015795762265
69,B,100,3,4,-0.1438009133979173
69,B,100,3,5,-0.8098284807130552
69,B,100,3,6,-1.2076397944620667
69,B,100,3,7,-0.55898896870076
69,B,100,3,8,-1.084075820749155
69,B,100,3,9,-0.3258387195113907
69,B,100,4,0,0.04662912868950226
69,B,100,4,1,0.31979296920890277
69,B,100,4,2,0.4390036154455198
69,B,100,4,3,0.3399791714842042
69,B,100,4,4,-0.07676137399124465
69,B,100,4,5,0.309817199039898
69,B,100,4,6,0.2014809954148677
69,B,100,4,7,0.282168221921056
69,B,100,4,8,-0.17349725564205817
69,B,100,4,9,0.23943038243985124
69,B,100,5,0,-0.5221019034980102
69,B,100,5,1,-0.18522173422587768
69,B,100,5,2,0.61626266853018
69,B,100,5,3,0.10634486962146908
69,B,100,5,4,0.22003075359123592
69,B,100,5,5,-0.14453185644970187
69,B,100,5,6,-0.04215859759094597
69,B,100,5,7,-0.09245039251301083
69,B,100,5,8,0.6233342041095674
69,B,100,5,9,0.1968987272646206
69,B,100,6,0,-1.6224084497671218
69,B,100,6,1,-1.8405717506422115
69,B,100,6,2,-2.137410215324508
69,B,100,6,3,-2.113077117123858
69,B,100,6,4,-1.4162971592913354
69,B,100,6,5,-1.8756677004055928
69,B,100,6,6,-0.759428613498212
69,B,100,6,7,-1.9380427573952654
69,B,100,6,8,-0.9481319828887923
69,B,100,6,9,-1.6315562155470853
69,B,100,7,0,0.12393747713274418
69,B,100,7,1,0.0879068857137073
69,B,100,7,2,-0.00019502545968339585
69,B,100,7,3,0.03558740336209521
69,B,100,7,4,-0.1222802066143602
69,B,100,7,5,0.05055720284966753
69,B,100,7,6,0.17559980874795364
69,B,100,7,7,0.03128664188091012
69,B,100,7,8,0.06472970407312238
69,B,100,7,9,0.1419775551783115
69,B,100,8,0,-0.07552762729293325
69,B,100,8,1,-0.1865313265965863
69,B,100,8,2,0.13979780808476747
69,B,100,8,3,0.0529811551813032
69,B,100,8,4,0.052088507421945374
69,B,100,8,5,0.11568494859734921
69,B,100,8,6,-0.09299153479652338
69,B,100,8,7,0.0695584864691375
69,B,100,8,8,-0.10121021853049791
69,B,100,8,9,-0.27035223334384273
69,B,100,9,0,-0.1692160550129746
69,B,100,9,1,0.197480908598876
69,B,100,9,2,0.1509840277384109
69,B,100,9,3,0.197292924542104
69,B,100,9,4,0.5706623222660627
69,B,100,9,5,0.22635847007436527
69,B,100,9,6,0.06003324937028007
69,B,100,9,7,0.13776304855411683
69,B,100,9,8,-0.07612182249645622
69,B,100,9,9,0.2781965413059274
70,A,0.05,0,0,2.8246198212536022
70,A,0.05,0,1,2.672388007039472
70,A,0.05,0,2,2.349043017478059
70,A,0.05,0,3,2.405901084511878
70,A,0.05,0,4,2.4273493864351443
70,A,0.05,0,5,2.502307725210326
70,A,0.05,0,6,2.422508611797144
70,A,0.05,0,7,2.1735352957956087
70,A,0.05,0,8,2.812260656489331
70,A,0.05,0,9,2.4733633022655472
70,A,0.05,1,0,-0.3419841224940321
70,A,0.05,1,1,0.4952310368146325
70,A,0.05,1,2,0.12949672130598208
70,A,0.05,1,3,0.1268773157356749
70,A,0.05,1,4,0.29888048180313787
70,A,0.05,1,5,0.2660187130743762
70,A,0.05,1,6,-0.7688214968789217
70,A,0.05,1,7,0.3899570985348714
70,A,0.05,1,8,-0.8184629109813625
70,A,0.05,1,9,-0.409777096613213
70,A,0.05,2,0,1.59429394780888
70,A,0.05,2,1,1.4094981378760738
70,A,0.05,2,2,2.8528347584729286
70,A,0.05,2,3,1.0493265245541374
70,A,0.05,2,4,0.744540249759449
70,A,0.05,2,5,1.000691017112828
70,A,0.05,2,6,0.9819424803369485
70,A,0.05,2,7,0.8817992203579066
70,A,0.05,2,8,1.3365434577187743
70,A,0.05,2,9,-0.36626373108008065
70,A,0.05,3,0,2.3956762969247785
70,A,0.05,3,1,1.9295380719247577
70,A,0.05,3,2,2.8903193530941618
70,A,0.05,3,3,2.5536435013801815
70,A,0.05,3,4,2.855869640946874
70,A,0.05,3,5,1.8531206308022938
70,A,0.05,3,6,2.2522568253178443
70,A,0.05,3,7,2.0031275923306717
70,A,0.05,3,8,1.7871868112871243
70,A,0.05,3,9,2.76950497648902
70,A,0.05,4,0,0.4746689656521505
70,A,0.05,4,1,0.18731693693225698
70,A,0.05,4,2,0.3362526725904701
70,A,0.05,4,3,0.3174222932968585
70,A,0.05,4,4,0.3731909576388723
70,A,0.05,4,5,0.4230728938525884
70,A,0.05,4,6,0.42166139645035905
70,A,0.05,4,7,0.005734419897665289
70,A,0.05,4,8,0.16886565646297994
70,A,0.05,4,9,0.34567164044974386
70,A,0.05,5,0,0.026528440943432048
70,A,0.05,5,1,0.06825981010867051
70,A,0.05,5,2,0.021450562988475228
70,A,0.05,5,3,0.02449175937827204
70,A,0.05,5,4,0.005699629808637354
70,A,0.05,5,5,0.01657009854056813
70,A,0.05,5,6,0.05631649591946455
70,A,0.05,5,7,0.01899465119184388
70,A,0.05,5,8,0.057135269391506587
70,A,0.05,5,9,0.053362010333987145
70,A,0.05,6,0,2.1856775152856702
70,A,0.05,6,1,2.1807426717207457
70,A,0.05,6,2,2.2586637530113243
70,A,0.05,6,3,2.279667523624987
70,A,0.05,6,4,2.033561991179454
70,A,0.05,6,5,2.173312104033196
70,A,0.05,6,6,1.890889698039337
70,A,0.05,6,7,1.9772822672680603
70,A,0.05,6,8,2.2070122181761005
70,A,0.05,6,9,2.216620032625169
70,A,0.05,7,0,-1.067813292245663
70,A,0.05,7,1,-0.7679747644275363
70,A,0.05,7,2,-0.9990887401840667
70,A,0.05,7,3,-0.556734612497086
70,A,0.05,7,4,-0.983727450663553
70,A,0.05,7,5,-0.7827317293435049
70,A,0.05,7,6,-0.8507273855989976
70,A,0.05,7,7,-0.888704901771553
70,A,0.05,7,8,-0.7940200976938624
70,A,0.05,7,9,-0.4476791885134447
70,A,0.05,8,0,0.6450532403472056
70,A,0.05,8,1,0.4533998650274662
70,A,0.05,8,2,0.589434625144751
70,A,0.05,8,3,0.6866375200081719
70,A,0.05,8,4,0.6210415826560594
70,A,0.05,8,5,0.19892436693194743
70,A,0.05,8,6,0.7117432721626162
70,A,0.05,8,7,0.07673651896442475
70,A,0.05,8,8,1.2177242063646745
70,A,0.05,8,9,0.7356292975342485
70,A,0.05,9,0,-2.2803858596853455
70,A,0.05,9,1,-2.100812198969087
70,A,0.05,9,2,-1.9910476968688893
70,A,0.05,9,3,-2.4812881721468893
70,A,0.05,9,4,-2.500028712520709
70,A,0.05,9,5,-2.431729387486828
70,A,0.05,9,6,-2.300768648848171
70,A,0.05,9,7,-1.9643959439715855
70,A,0.05,9,8,-2.5392161482203526
70,A,0.05,9,9,-2.377563729053629
70,B,100,0,0,1.067083377531464
70,B,100,0,1,1.269124051624894
70,B,100,0,2,0.9714516223431577
70,B,100,0,3,1.184302466185645
70,B,100,0,4,1.2086965131137943
70,B,100,0,5,1.445132477632549
70,B,100,0,6,1.1320934024801956
70,B,100,0,7,1.1159128448733384
70,B,100,0,8,1.7773483464798177
70,B,100,0,9,1.3531123392580156
70,B,100,1,0,-0.41001766705660353
70,B,100,1,1,0.12000993127733778
70,B,100,1,2,-0.15400824500966015
70,B,100,1,3,0.11741341446298917
70,B,100,1,4,-0.20837661021445028
70,B,100,1,5,0.6424134332477704
70,B,100,1,6,0.025741760214822502
70,B,100,1,7,0.23831395587745732
70,B,100,1,8,0.09808006196416633
70,B,100,1,9,0.17432928991432367
70,B,100,2,0,1.321192967323734
70,B,100,2,1,2.6631140214689415
70,B,100,2,2,0.548499622155429
70,B,100,2,3,2.219798485236505
70,B,100,2,4,1.8876693811604213
70,B,100,2,5,2.4093969019220913
70,B,100,2,6,1.7138326213425632
70,B,100,2,7,1.1609425068261199
70,B,100,2,8,2.0437965695833813
70,B,100,2,9,1.4489691867032308
70,B,100,3,0,-0.2716528904120592
70,B,100,3,1,-0.22247629924858336
70,B,100,3,2,-0.6039596579075636
70,B,100,3,3,-0.08941300483930174
70,B,100,3,4,0.19914180681576416
70,B,100,3,5,0.1206876706747119
70,B,100,3,6,-0.1748007590611019
70,B,100,3,7,0.1277554982557566
70,B,100,3,8,-0.4822600142204531
70,B,100,3,9,-0.58617319374287
70,B,100,4,0,-1.1936862442023735
70,B,100,4,1,-1.016080035612416
70,B,100,4,2,-1.3737256465547611
70,B,100,4,3,-1.2423862804455623
70,B,100,4,4,-1.297916504933256
70,B,100,4,5,-1.1325213838306691
70,B,100,4,6,-1.065079872402019
70,B,100,4,7,-1.1578841064420857
70,B,100,4,8,-0.9822746465345905
70,B,100,4,9,-1.4596085491683743
70,B,100,5,0,0.4918240915316261
70,B,100,5,1,0.703692506438029
70,B,100,5,2,0.2828771910070164
70,B,100,5,3,0.39208659062017687
70,B,100,5,4,0.2866869303701888
70,B,100,5,5,0.6471654769822048
70,B,100,5,6,1.3033128756383825
70,B,100,5,7,0.7805828688933166
70,B,100,5,8,0.9438914498248325
70,B,100,5,9,0.7811842364068035
70,B,100,6,0,-0.16106727513943608
70,B,100,6,1,-0.22631364719398517
70,B,100,6,2,-0.4270752681700961
70,B,100,6,3,-0.2417412013677511
70,B,100,6,4,0.11232748342284021
70,B,100,6,5,0.44942653574286895
70,B,100,6,6,-0.4764090324061414
70,B,100,6,7,0.06675868909655992
70,B,100,6,8,-0.4220714052879139
70,B,100,6,9,-0.14374866329504518
70,B,100,7,0,-0.0037754661892844084
70,B,100,7,1,0.09449923787879257
70,B,100,7,2,0.1379106205987984
70,B,100,7,3,0.05495870822480622
70,B,100,7,4,0.031717836912831886
70,B,100,7,5,-0.18898813155315758
70,B,100,7,6,-0.13453881375513713
70,B,100,7,7,0.11532118874325127
70,B,100,7,8,0.03847164276750983
70,B,100,7,9,-0.04045021771225569
70,B,100,8,0,0.5633541028986231
70,B,100,8,1,1.4676442642770036
70,B,100,8,2,1.169112090487362
70,B,100,8,3,1.2111129795787063
70,B,100,8,4,1.2411686313749446
70,B,100,8,5,1.1496952385096166
70,B,100,8,6,1.230182044043178
70,B,100,8,7,1.6736892400007108
70,B,100,8,8,1.2154617188212846
70,B,100,8,9,1.485027044850089
70,B,100,9,0,0.6510560226812213
70,B,100,9,1,1.175760626169608
70,B,100,9,2,-0.02966175649207231
70,B,100,9,3,0.5459180998788168
70,B,100,9,4,0.6795526591776274
70,B,100,9,5,1.2646944190691898
70,B,100,9,6,1.089669859340075
70,B,100,9,7,0.021299640492057417
70,B,100,9,8,1.2242546366504305
70,B,100,9,9,0.6215471449865132
71,A,0.05,0,0,-0.5946537401737647
71,A,0.05,0,1,0.31368045061266336
71,A,0.05,0,2,-1.0824707657260382
71,A,0.05,0,3,-0.2481465971977534
71,A,0.05,0,4,-0.8764577094016652
71,A,0.05,0,5,0.2691834738415793
71,A,0.05,0,6,-0.2440914309105658
71,A,0.05,0,7,0.031302842954858565
71,A,0.05,0,8,-0.8301698856897833
71,A,0.05,0,9,0.26670360953495514
71,A,0.05,1,0,0.17015830826961614
71,A,0.05,1,1,-0.0013953915597884627
71,A,0.05,1,2,1.0936109076076308
71,A,0.05,1,3,0.7792991793222412
71,A,0.05,1,4,0.7636980099067583
71,A,0.05,1,5,1.4985384414524177
71,A,0.05,1,6,1.5240539553983274
71,A,0.05,1,7,1.511099135784525
71,A,0.05,1,8,1.2154871750356244
71,A,0.05,1,9,0.8823829672653648
71,A,0.05,2,0,0.46921713148360666
71,A,0.05,2,1,0.5334193244783093
71,A,0.05,2,2,0.3912115930333973
71,A,0.05,2,3,0.3942844735859372
71,A,0.05,2,4,0.4902046378996392
71,A,0.05,2,5,0.48315091952123707
71,A,0.05,2,6,0.2926612850695589
71,A,0.05,2,7,0.31107415139750316
71,A,0.05,2,8,0.48122918503367906
71,A,0.05,2,9,0.5286871970442787
71,A,0.05,3,0,-0.1774307828867433
71,A,0.05,3,1,-0.5682613923423627
71,A,0.05,3,2,0.4434522599257628
71,A,0.05,3,3,0.16909668852415372
71,A,0.05,3,4,0.32510578662902395
71,A,0.05,3,5,1.0074966503265286
71,A,0.05,3,6,-0.027021660584114166
71,A,0.05,3,7,0.7913306942401297
71,A,0.05,3,8,0.3505581378456311
71,A,0.05,3,9,-0.5981498494879403
71,A,0.05,4,0,-0.11596453083333295
71,A,0.05,4,1,-0.23697883046016704
71,A,0.05,4,2,0.08752578819784441
71,A,0.05,4,3,-0.44168665930753775
71,A,0.05,4,4,-0.3283857266754451
71,A,0.05,4,5,-0.09921008004734268
71,A,0.05,4,6,-0.4113607667877993
71,A,0.05,4,7,-0.35599582724364454
71,A,0.05,4,8,0.0032397937791302945
71,A,0.05,4,9,-0.3928741000491452
71,A,0.05,5,0,-0.017937952754270202
71,A,0.05,5,1,-0.03991853012198881
71,A,0.05,5,2,-0.21396633251067562
71,A,0.05,5,3,0.015523998323445245
71,A,0.05,5,4,-0.019515907515638836
71,A,0.05,5,5,-0.050479337914078035
71,A,0.05,5,6,0.01652227441206276
71,A,0.05,5,7,-0.06419638402962657
71,A,0.05,5,8,-0.6060761445294455
71,A,0.05,5,9,0.09895601978398957
71,A,0.05,6,0,1.1404237059277043
71,A,0.05,6,1,0.7956716647256546
71,A,0.05,6,2,0.9075085224616275
71,A,0.05,6,3,1.1522200750234288
71,A,0.05,6,4,0.7367698958138105
71,A,0.05,6,5,0.3386424980830203
71,A,0.05,6,6,0.14429701354733193
71,A,0.05,6,7,0.22387488234608113
71,A,0.05,6,8,0.5270972869641367
71,A,0.05,6,9,0.6716610091940559
71,A,0.05,7,0,1.1222311304746182
71,A,0.05,7,1,0.2736131564418354
71,A,0.05,7,2,0.3697751328734408
71,A,0.05,7,3,0.9460873355207027
71,A,0.05,7,4,0.9264832777116894
71,A,0.05,7,5,0.9431344758176542
71,A,0.05,7,6,1.148316464464016
71,A,0.05,7,7,0.6931592367910523
71,A,0.05,7,8,0.5859386026438477
71,A,0.05,7,9,1.1556938180720686
71,A,0.05,8,0,-0.5116985913135241
71,A,0.05,8,1,-0.5354332186277182
71,A,0.05,8,2,-0.3844362958157288
71,A,0.05,8,3,-0.22478882549557003
71,A,0.05,8,4,-0.5510157670768827
71,A,0.05,8,5,-0.32831350773883117
71,A,0.05,8,6,-0.9756556239180045
71,A,0.05,8,7,-0.2566858329092818
71,A,0.05,8,8,-0.4150773816209919
71,A,0.05,8,9,-0.22949470442488318
71,A,0.05,9,0,-0.6358478295320081
71,A,0.05,9,1,-0.5564149776499893
71,A,0.05,9,2,-0.669946499122409
71,A,0.05,9,3,-0.318531178452791
71,A,0.05,9,4,-0.8893470674045753
71,A,0.05,9,5,-0.46378515756043487
71,A,0.05,9,6,-0.8884597097547642
71,A,0.05,9,7,-0.023508292140047075
71,A,0.05,9,8,0.11665811865110305
71,A,0.05,9,9,-0.76545127956079
71,B,100,0,0,0.7203886255765872
71,B,100,0,1,0.6867693150152864
71,B,100,0,2,-0.06180122322271799
71,B,100,0,3,0.9542207746257331
71,B,100,0,4,-0.08069411891354604
71,B,100,0,5,-0.0008732433349060639
71,B,100,0,6,0.8173027155710461
71,B,100,0,7,0.5296784626386216
71,B,100,0,8,0.7355618283653537
71,B,100,0,9,-0.4662780282154196
71,B,100,1,0,-1.1331693498961137
71,B,100,1,1,-1.2286503150103547
71,B,100,1,2,-0.8110308272583454
71,B,100,1,3,-1.266752626523646
71,B,100,1,4,-1.0999289183708514
71,B,100,1,5,-1.4881073006913077
71,B,100,1,6,-1.1428910066978315
71,B,100,1,7,-1.2479490487427376
71,B,100,1,8,-0.9115739652628999
71,B,100,1,9,-1.0788234415221851
71,B,100,2,0,1.0827895677293309
71,B,100,2,1,1.1117505254460036
71,B,100,2,2,1.391858639406019
71,B,100,2,3,0.9263221486055261
71,B,100,2,4,0.8655650030355463
71,B,100,2,5,1.280730109036644
71,B,100,2,6,0.6903533873990404
71,B,100,2,7,0.9437141975953934
71,B,100,2,8,1.7247857903428898
71,B,100,2,9,1.549544693512943
71,B,100,3,0,-0.025415514410499336
71,B,100,3,1,-0.2604068130502138
71,B,100,3,2,-0.252979038193666
71,B,100,3,3,-0.3289957679141357
71,B,100,3,4,-0.35949757501123475
71,B,100,3,5,-0.11088593967459813
71,B,100,3,6,-0.14915834698801164
71,B,100,3,7,-0.1347730454387004
71,B,100,3,8,-0.20114888868045966
71,B,100,3,9,-0.040033266557081344
71,B,100,4,0,-2.282229650158644
71,B,100,4,1,-2.9519734259595642
71,B,100,4,2,-1.6271716627209305
71,B,100,4,3,-2.3583167728728016
71,B,100,4,4,-1.9489717097855919
71,B,100,4,5,-2.115870198207807
71,B,100,4,6,-2.011115169262311
71,B,100,4,7,-1.9686115712565215
71,B,100,4,8,-1.953516600911732
71,B,100,4,9,-2.4276033783342177
71,B,100,5,0,-0.10960737504118093
71,B,100,5,1,-0.41022291622772517
71,B,100,5,2,-0.2855889893140103
71,B,100,5,3,-0.8905269109117663
71,B,100,5,4,-0.9214801685285053
71,B,100,5,5,-0.278764445751745
71,B,100,5,6,-1.2372648173947154
71,B,100,5,7,-1.1338588655853186
71,B,100,5,8,-0.25812444510696675
71,B,100,5,9,-0.21038397787776883
71,B,100,6,0,2.3256429219775594
71,B,100,6,1,1.5039641359328926
71,B,100,6,2,0.32426083151161744
71,B,100,6,3,0.9148708228963363
71,B,100,6,4,2.47489057677021
71,B,100,6,5,1.9857608885259563
71,B,100,6,6,1.4418248100998543
71,B,100,6,7,2.5122678268149525
71,B,100,6,8,1.8194031634774588
71,B,100,6,9,1.6918179962326627
71,B,100,7,0,2.024886836467795
71,B,100,7,1,1.412811595359083
71,B,100,7,2,1.8739809572643522
71,B,100,7,3,1.8367866571787141
71,B,100,7,4,1.893025216988176
71,B,100,7,5,1.1458532162696868
71,B,100,7,6,1.6722418399519399
71,B,100,7,7,1.7467180820106634
71,B,100,7,8,1.8017158437669303
71,B,100,7,9,1.8263395878250324
71,B,100,8,0,0.4481522568212131
71,B,100,8,1,0.3394453813812175
71,B,100,8,2,0.438082281389672
71,B,100,8,3,1.0091083671466907
71,B,100,8,4,1.5879103488191353
71,B,100,8,5,1.4537261973019675
71,B,100,8,6,1.3397009294039468
71,B,100,8,7,1.620647807172598
71,B,100,8,8,1.6537344317838285
71,B,100,8,9,1.3515620822884233
71,B,100,9,0,0.6058905476341645
71,B,100,9,1,1.5048992846595843
71,B,100,9,2,1.6806696003828037
71,B,100,9,3,1.3321845943022712
71,B,100,9,4,1.4961438612812046
71,B,100,9,5,1.7150479979444142
71,B,100,9,6,1.55570061211704
71,B,100,9,7,1.107331677979965
71,B,100,9,8,1.4032466840015776
71,B,100,9,9,1.1455596704889253
72,A,0.05,0,0,-0.6541096086826685
72,A,0.05,0,1,-1.226217247719111
72,A,0.05,0,2,-1.1435446908693296
72,A,0.05,0,3,-1.3744042020312521
72,A,0.05,0,4,-0.6889586347931702
72,A,0.05,0,5,-1.2416149748742675
72,A,0.05,0,6,-0.9902473861729374
72,A,0.05,0,7,-0.70167724769296
72,A,0.05,0,8,-0.9811668686917605
72,A,0.05,0,9,-0.9748689037067494
72,A,0.05,1,0,0.936327340993447
72,A,0.05,1,1,1.3847314044446282
72,A,0.05,1,2,0.3657695833499757
72,A,0.05,1,3,0.7830829034978634
72,A,0.05,1,4,0.5512088491367785
72,A,0.05,1,5,0.13301890218197757
72,A,0.05,1,6,0.5480220302361534
72,A,0.05,1,7,0.7496406667233658
72,A,0.05,1,8,0.9424598787166772
72,A,0.05,1,9,0.5250984410286096
72,A,0.05,2,0,-0.5986940372018149
72,A,0.05,2,1,-0.04171610291612293
72,A,0.05,2,2,-0.8334067470179727
72,A,0.05,2,3,-0.15269276581360858
72,A,0.05,2,4,-0.3326884266442587
72,A,0.05,2,5,-0.21109492332142363
72,A,0.05,2,6,-0.5575336619289074
72,A,0.05,2,7,-0.6738113080206476
72,A,0.05,2,8,-0.6781246964076589
72,A,0.05,2,9,-0.8918207194134635
72,A,0.05,3,0,0.0887145652061256
72,A,0.05,3,1,-0.3368081226524934
72,A,0.05,3,2,0.059424102870338356
72,A,0.05,3,3,-0.11252463169816397
72,A,0.05,3,4,-0.018336106719346372
72,A,0.05,3,5,0.048243833099456755
72,A,0.05,3,6,0.10829356581538963
72,A,0.05,3,7,0.15193479503449495
72,A,0.05,3,8,-0.06471336175281703
72,A,0.05,3,9,0.2739073368238593
72,A,0.05,4,0,3.1106543545306033
72,A,0.05,4,1,2.638191880976473
72,A,0.05,4,2,2.7160690657288304
72,A,0.05,4,3,3.3393019560404573
72,A,0.05,4,4,2.982959225096232
72,A,0.05,4,5,3.4653513497643407
72,A,0.05,4,6,3.505262253253741
72,A,0.05,4,7,3.371982710355663
72,A,0.05,4,8,3.455528836313699
72,A,0.05,4,9,4.491348710908541
72,A,0.05,5,0,1.2088804979054104
72,A,0.05,5,1,2.382175205706291
72,A,0.05,5,2,1.6545697510671444
72,A,0.05,5,3,4.231449653053891
72,A,0.05,5,4,3.089964680117649
72,A,0.05,5,5,2.3495334040421856
72,A,0.05,5,6,3.385540844914883
72,A,0.05,5,7,2.014478668730899
72,A,0.05,5,8,3.364746203896889
72,A,0.05,5,9,3.2899497595252716
72,A,0.05,6,0,-0.9473289028569166
72,A,0.05,6,1,1.4248664560728954
72,A,0.05,6,2,0.6788639069020098
72,A,0.05,6,3,-0.42698950005153363
72,A,0.05,6,4,-0.5513111294327937
72,A,0.05,6,5,-0.30734753222327915
72,A,0.05,6,6,-0.6226360833048176
72,A,0.05,6,7,-0.6840703268074179
72,A,0.05,6,8,-1.0516669630505633
72,A,0.05,6,9,-0.6283682574734404
72,A,0.05,7,0,1.1261619992182514
72,A,0.05,7,1,1.2063897141517244
72,A,0.05,7,2,1.0185405041928082
72,A,0.05,7,3,1.9877643952185406
72,A,0.05,7,4,1.8438377602491656
72,A,0.05,7,5,1.7451806585615068
72,A,0.05,7,6,1.7482018592569344
72,A,0.05,7,7,1.5272797262145843
72,A,0.05,7,8,1.4096497849872582
72,A,0.05,7,9,1.3354187206523704
72,A,0.05,8,0,2.5559916662757236
72,A,0.05,8,1,2.422924170918519
72,A,0.05,8,2,2.143966457438296
72,A,0.05,8,3,2.198555251916178
72,A,0.05,8,4,2.6137909102443975
72,A,0.05,8,5,2.2674361371351357
72,A,0.05,8,6,2.1472567501716635
72,A,0.05,8,7,2.789861571918647
72,A,0.05,8,8,2.273816629637199
72,A,0.05,8,9,1.795227874742784
72,A,0.05,9,0,0.5049555247259222
72,A,0.05,9,1,0.4021233425860276
72,A,0.05,9,2,0.8666482874714019
72,A,0.05,9,3,0.4420257091900043
72,A,0.05,9,4,0.527099257858856
72,A,0.05,9,5,0.5351931130435104
72,A,0.05,9,6,0.33087179556170626
72,A,0.05,9,7,0.29222654806673143
72,A,0.05,9,8,0.022093547870449808
72,A,0.05,9,9,-0.06467399701311281
72,B,100,0,0,0.3618669481879659
72,B,100,0,1,1.0378745680272807
72,B,100,0,2,1.1606870339875235
72,B,100,0,3,0.9357113038148263
72,B,100,0,4,0.7735072784811604
72,B,100,0,5,1.0016479771963713
72,B,100,0,6,-0.19789708363331038
72,B,100,0,7,0.9675642607990749
72,B,100,0,8,0.8163325929118376
72,B,100,0,9,-0.045505592737505755
72,B,100,1,0,-0.5924036220629517
72,B,100,1,1,-0.5149137225840508
72,B,100,1,2,-0.4340628252480096
72,B,100,1,3,-0.3966493060839344
72,B,100,1,4,-0.023539980401131873
72,B,100,1,5,-0.10893197208099577
72,B,100,1,6,-0.35034792704253503
72,B,100,1,7,-0.6625028571394518
72,B,100,1,8,-0.23102920387786613
72,B,100,1,9,-0.43186776301397234
72,B,100,2,0,-0.6490087366302323
72,B,100,2,1,-1.0778088653361817
72,B,100,2,2,-0.5912621858563936
72,B,100,2,3,-0.5606218993396128
72,B,100,2,4,-0.44015029032966374
72,B,100,2,5,-0.8928620912495214
72,B,100,2,6,-0.5154109514389763
72,B,100,2,7,-1.3442047812541098
72,B,100,2,8,-0.6480816325699846
72,B,100,2,9,-0.38846946866158716
72,B,100,3,0,-0.03370569678326361
72,B,100,3,1,0.2511185499253517
72,B,100,3,2,0.014562768196674092
72,B,100,3,3,0.7841414727698724
72,B,100,3,4,0.6453542060616917
72,B,100,3,5,0.3417669239980536
72,B,100,3,6,0.37640828759130124
72,B,100,3,7,0.7844666274849922
72,B,100,3,8,0.6474768556122411
72,B,100,3,9,0.9742750149440207
72,B,100,4,0,-0.5407759024214488
72,B,100,4,1,-0.31733874211520835
72,B,100,4,2,-0.1638948709298856
72,B,100,4,3,-0.147444902297853
72,B,100,4,4,-0.24726232572894438
72,B,100,4,5,-0.12699646732531372
72,B,100,4,6,-0.10966676279523442
72,B,100,4,7,-0.04109460943104302
72,B,100,4,8,-0.26394476352371343
72,B,100,4,9,-0.2601262787868928
72,B,100,5,0,-0.8685193371058715
72,B,100,5,1,-0.39242397561924164
72,B,100,5,2,-1.0007064472135125
72,B,100,5,3,-0.7293786986925789
72,B,100,5,4,-1.355220306526163
72,B,100,5,5,-0.7877104394458098
72,B,100,5,6,-0.9051741069187027
72,B,100,5,7,-1.3454855998431539
72,B,100,5,8,-1.4715763044042192
72,B,100,5,9,-0.20316916748926112
72,B,100,6,0,-0.48795360202417404
72,B,100,6,1,-0.08237641436457015
72,B,100,6,2,0.0699347105053459
72,B,100,6,3,-0.07066522811082616
72,B,100,6,4,-0.13667419289123126
72,B,100,6,5,0.3675280773711311
72,B,100,6,6,0.02688412815196564
72,B,100,6,7,0.3399230057744495
72,B,100,6,8,-0.3927320669791447
72,B,100,6,9,-0.027122654415594537
72,B,100,7,0,-2.488240032119958
72,B,100,7,1,-2.1531055123581373
72,B,100,7,2,-2.2846562471579013
72,B,100,7,3,-2.60937071721842
72,B,100,7,4,-1.3145285686620805
72,B,100,7,5,-1.3288517652402114
72,B,100,7,6,-2.1785696171921076
72,B,100,7,7,-2.778454687788248
72,B,100,7,8,-2.2432924599959434
72,B,100,7,9,-1.8729687265397952
72,B,100,8,0,1.2933871496320055
72,B,100,8,1,1.4685859711722402
72,B,100,8,2,1.7392236460688797
72,B,100,8,3,1.527705875740513
72,B,100,8,4,1.4977847215148494
72,B,100,8,5,1.010127580391044
72,B,100,8,6,1.3880561286677806
72,B,100,8,7,1.6183447523934185
72,B,100,8,8,1.428782510605656
72,B,100,8,9,2.074913348642978
72,B,100,9,0,0.4031401650846781
72,B,100,9,1,0.3081699509844232
72,B,100,9,2,0.09363991468808291
72,B,100,9,3,0.06269931793136603
72,B,100,9,4,0.4077436363903549
72,B,100,9,5,0.5175373666835928
72,B,100,9,6,-0.13468811761795021
72,B,100,9,7,0.3451983872554065
72,B,100,9,8,0.026660648179770083
72,B,100,9,9,0.04847445401531813
73,A,0.05,0,0,-1.5954105418676126
73,A,0.05,0,1,-1.672359837373406
73,A,0.05,0,2,-1.5136384449845957
73,A,0.05,0,3,-2.0993426660373276
73,A,0.05,0,4,-1.6779378628892336
73,A,0.05,0,5,-1.7429956778203286
73,A,0.05,0,6,-1.4076295022800112
73,A,0.05,0,7,-1.9663077175484487
73,A,0.05,0,8,-2.178663369342358
73,A,0.05,0,9,-1.7007193634022564
73,A,0.05,1,0,0.3074435568977385
73,A,0.05,1,1,0.2697428984782542
73,A,0.05,1,2,0.24758875933443572
73,A,0.05,1,3,0.3107116629258168
73,A,0.05,1,4,0.43261530868580644
73,A,0.05,1,5,0.30319027205246907
73,A,0.05,1,6,0.4822985255935576
73,A,0.05,1,7,0.408392309579779
73,A,0.05,1,8,0.19340170107476
73,A,0.05,1,9,0.18127891848810165
73,A,0.05,2,0,0.16447296169894585
73,A,0.05,2,1,0.003606899302347086
73,A,0.05,2,2,-0.49427483968684344
73,A,0.05,2,3,-0.036693037503853644
73,A,0.05,2,4,0.7353887070174308
73,A,0.05,2,5,0.265662913886945
73,A,0.05,2,6,0.0932624990499153
73,A,0.05,2,7,0.2596180666110676
73,A,0.05,2,8,0.2277078972685089
73,A,0.05,2,9,-0.7096071040394238
73,A,0.05,3,0,0.49717880317849245
73,A,0.05,3,1,0.3977147516910254
73,A,0.05,3,2,0.3082799943629954
73,A,0.05,3,3,0.6330169334773654
73,A,0.05,3,4,0.8801756230265255
73,A,0.05,3,5,0.5292810851661749
73,A,0.05,3,6,0.9188074149706925
73,A,0.05,3,7,0.8147238581223527
73,A,0.05,3,8,0.4568431434005478
73,A,0.05,3,9,0.6914103643775206
73,A,0.05,4,0,-0.38241444312562745
73,A,0.05,4,1,-0.303168349802511
73,A,0.05,4,2,-0.7527769132923552
73,A,0.05,4,3,-0.8843717196327145
73,A,0.05,4,4,-0.9125306114361476
73,A,0.05,4,5,-0.8066393930985812
73,A,0.05,4,6,-0.6046055778091859
73,A,0.05,4,7,-0.7068852971786007
73,A,0.05,4,8,-0.724952941466607
73,A,0.05,4,9,-0.5780536882512332
73,A,0.05,5,0,-0.47568759368605584
73,A,0.05,5,1,-0.40547211991648285
73,A,0.05,5,2,-0.5438778216461859
73,A,0.05,5,3,-0.5840980379882268
73,A,0.05,5,4,-0.620295650733302
73,A,0.05,5,5,-0.9485341048448749
73,A,0.05,5,6,-0.2122008579012454
73,A,0.05,5,7,-0.40566292704990153
73,A,0.05,5,8,-0.5610454432088847
73,A,0.05,5,9,-0.19121624044208058
73,A,0.05,6,0,-1.8085360607676177
73,A,0.05,6,1,-1.0317481910743052
73,A,0.05,6,2,-1.7103964581416384
73,A,0.05,6,3,-1.1847612905119855
73,A,0.05,6,4,-1.2429302035543128
73,A,0.05,6,5,-1.2002531844396243
73,A,0.05,6,6,-1.3945661892305579
73,A,0.05,6,7,-1.7412271329884268
73,A,0.05,6,8,-1.769969843848955
73,A,0.05,6,9,-2.132819753098434
73,A,0.05,7,0,1.2605366197030978
73,A,0.05,7,1,1.3341706397909108
73,A,0.05,7,2,1.1226637062461602
73,A,0.05,7,3,1.0749221663753958
73,A,0.05,7,4,1.0496145005096762
73,A,0.05,7,5,0.6811817370026085
73,A,0.05,7,6,0.830611076091953
73,A,0.05,7,7,1.140416173897558
73,A,0.05,7,8,0.6987866177968776
73,A,0.05,7,9,1.2504902867442365
73,A,0.05,8,0,-2.007316081904256
73,A,0.05,8,1,-1.5600530059643807
73,A,0.05,8,2,-1.162773682701675
73,A,0.05,8,3,-1.657032360279875
73,A,0.05,8,4,-1.9283228894045155
73,A,0.05,8,5,-1.8150429371075436
73,A,0.05,8,6,-1.5470594249892824
73,A,0.05,8,7,-1.949910583065272
73,A,0.05,8,8,-1.4161661038143492
73,A,0.05,8,9,-1.6648512620364067
73,A,0.05,9,0,1.2569026774003407
73,A,0.05,9,1,1.2229937079137978
73,A,0.05,9,2,0.49624175293905515
73,A,0.05,9,3,0.7114201978024841
73,A,0.05,9,4,1.8311830707939822
73,A,0.05,9,5,0.7258374248868104
73,A,0.05,9,6,0.6453295061116332
73,A,0.05,9,7,1.4164695017683337
73,A,0.05,9,8,0.5987826473092401
73,A,0.05,9,9,1.1614580580749225
73,B,100,0,0,0.805943262607017
73,B,100,0,1,0.7549311381176509
73,B,100,0,2,1.3328337340283898
73,B,100,0,3,1.3590364941080018
73,B,100,0,4,0.23103191649116883
73,B,100,0,5,0.8060380662063735
73,B,100,0,6,0.8122763733548124
73,B,100,0,7,0.8440946720642034
73,B,100,0,8,0.7892567738571667
73,B,100,0,9,0.6812037442721612
73,B,100,1,0,-0.2728301418571799
73,B,100,1,1,-0.008364617220244812
73,B,100,1,2,-0.1524700094406493
73,B,100,1,3,0.14030519483947224
73,B,100,1,4,-0.07709360486711014
73,B,100,1,5,-0.26608252718496156
73,B,100,1,6,0.06071981326651678
73,B,100,1,7,-0.047740863275075006
73,B,100,1,8,-0.2397672634142599
73,B,100,1,9,0.20353111337918967
73,B,100,2,0,-0.7473158399100815
73,B,100,2,1,-0.5883001691343002
73,B,100,2,2,-0.9280486447103954
73,B,100,2,3,-1.0289105583126854
73,B,100,2,4,-0.8391177545954909
73,B,100,2,5,-1.00112865461332
73,B,100,2,6,-0.4828811343772984
73,B,100,2,7,-0.5908256541798507
73,B,100,2,8,-0.9579474852757374
73,B,100,2,9,-1.0368951751241178
73,B,100,3,0,-0.23097110085264463
73,B,100,3,1,-0.22598936663594477
73,B,100,3,2,-0.09458843511359129
73,B,100,3,3,-0.012811175333275533
73,B,100,3,4,-0.8644938222670485
73,B,100,3,5,-0.12759399347155775
73,B,100,3,6,-0.8861048035284763
73,B,100,3,7,-0.12663862347487356
73,B,100,3,8,-0.31767308281211687
73,B,100,3,9,-0.39755494658030444
73,B,100,4,0,-0.35622581855846586
73,B,100,4,1,-0.2597669758634598
73,B,100,4,2,-0.13236372773609129
73,B,100,4,3,0.1577244241996922
73,B,100,4,4,-0.016655614703632856
73,B,100,4,5,0.0038286695108546197
73,B,100,4,6,0.15398942696324244
73,B,100,4,7,-0.020329860708622867
73,B,100,4,8,0.04330291947065869
73,B,100,4,9,0.11021982685210575
73,B,100,5,0,0.038108772245999345
73,B,100,5,1,0.16608365720500817
73,B,100,5,2,-0.08966007491851938
73,B,100,5,3,-0.003385678178253873
73,B,100,5,4,0.27224536738334154
73,B,100,5,5,0.046616163868079624
73,B,100,5,6,0.13551330763712907
73,B,100,5,7,0.23411350708860212
73,B,100,5,8,0.16099872962262557
73,B,100,5,9,0.2535347169233601
73,B,100,6,0,0.4784173788217425
73,B,100,6,1,0.37417159463053257
73,B,100,6,2,0.0937561691291853
73,B,100,6,3,-0.48949031842748275
73,B,100,6,4,-1.1362904824483686
73,B,100,6,5,0.04918152390521778
73,B,100,6,6,-0.08928448715403173
73,B,100,6,7,0.022551744932891523
73,B,100,6,8,0.47262554639261806
73,B,100,6,9,-0.06987941177295927
73,B,100,7,0,-0.6536744647970798
73,B,100,7,1,-0.1522138387521971
73,B,100,7,2,-0.5766309772469181
73,B,100,7,3,-0.49674405336980304
73,B,100,7,4,-0.7354838750133837
73,B,100,7,5,-0.870713962837104
73,B,100,7,6,-0.5110628441944282
73,B,100,7,7,-0.5491799420019318
73,B,100,7,8,-0.6191497286353042
73,B,100,7,9,0.028348891434720146
73,B,100,8,0,-1.215857902601473
73,B,100,8,1,-0.5368673257614914
73,B,100,8,2,-1.1400118358119153
73,B,100,8,3,-0.8592847070778462
73,B,100,8,4,-0.5723446356427804
73,B,100,8,5,-0.9119957541229029
73,B,100,8,6,-0.7159212480328715
73,B,100,8,7,-0.9659358849353402
73,B,100,8,8,-1.2457482006865699
73,B,100,8,9,-0.9128946762738686
73,B,100,9,0,-0.7193630065068223
73,B,100,9,1,-0.3865979917042697
73,B,100,9,2,-0.27566956000176834
73,B,100,9,3,-0.8535933950157413
73,B,100,9,4,-0.9181391915625591
73,B,100,9,5,-0.6242215802097716
73,B,100,9,6,-0.7679914371922933
73,B,100,9,7,-0.7979549547892429
73,B,100,9,8,-0.5892899588737783
73,B,100,9,9,-0.9835041952508793
74,A,0.05,0,0,-1.0944151263069288
74,A,0.05,0,1,-0.7249512266277407
74,A,0.05,0,2,-0.9712914871343102
74,A,0.05,0,3,-0.7941953176345412
74,A,0.05,0,4,-0.8780694285064377
74,A,0.05,0,5,-1.3307747981086246
74,A,0.05,0,6,-1.0932240206400463
74,A,0.05,0,7,-0.5418973242060869
74,A,0.05,0,8,-0.4762042557551157
74,A,0.05,0,9,-0.17146768814408161
74,A,0.05,1,0,-0.5794831145523467
74,A,0.05,1,1,-0.14191402094159083
74,A,0.05,1,2,-0.2145413842804202
74,A,0.05,1,3,-0.3049999695931076
74,A,0.05,1,4,-0.3822162740569796
74,A,0.05,1,5,-0.3363047857697037
74,A,0.05,1,6,-0.23304113718907168
74,A,0.05,1,7,-0.26856175847785974
74,A,0.05,1,8,-0.5962172919538563
74,A,0.05,1,9,-0.3775502482629838
74,A,0.05,2,0,0.2557548709297519
74,A,0.05,2,1,-0.1140961085743602
74,A,0.05,2,2,-0.4483499210631989
74,A,0.05,2,3,-0.03358288802658519
74,A,0.05,2,4,-0.01100199292365179
74,A,0.05,2,5,0.016558070974204298
74,A,0.05,2,6,-0.09427691591978687
74,A,0.05,2,7,-0.20747949248097458
74,A,0.05,2,8,0.43719323127810206
74,A,0.05,2,9,0.022901994709460693
74,A,0.05,3,0,-0.24231632935174008
74,A,0.05,3,1,0.02141955388937305
74,A,0.05,3,2,0.31780051263496795
74,A,0.05,3,3,0.31915822559933693
74,A,0.05,3,4,-0.5600785082344043
74,A,0.05,3,5,-0.2110599688577902
74,A,0.05,3,6,-0.558835877706195
74,A,0.05,3,7,-0.011057224054622445
74,A,0.05,3,8,0.13659265796971926
74,A,0.05,3,9,-0.29396353951931636
74,A,0.05,4,0,-1.5511945527142799
74,A,0.05,4,1,-0.6815153804825181
74,A,0.05,4,2,-1.6331523262035712
74,A,0.05,4,3,-1.2484714678787132
74,A,0.05,4,4,-1.7352630156130728
74,A,0.05,4,5,-1.5002355272771144
74,A,0.05,4,6,-0.697865277278126
74,A,0.05,4,7,-1.2707479828936439
74,A,0.05,4,8,-1.289754252898703
74,A,0.05,4,9,-0.7635055005215257
74,A,0.05,5,0,-0.09708468620026212
74,A,0.05,5,1,-0.08373911345059572
74,A,0.05,5,2,-0.07612559375670598
74,A,0.05,5,3,-0.0875451521152119
74,A,0.05,5,4,-0.41043053363441095
74,A,0.05,5,5,-0.010164911587226917
74,A,0.05,5,6,-0.06904367207782887
74,A,0.05,5,7,-0.08089712483298894
74,A,0.05,5,8,-0.0481688940444712
74,A,0.05,5,9,-0.06434075448168342
74,A,0.05,6,0,0.31635081644444324
74,A,0.05,6,1,0.36112934707529243
74,A,0.05,6,2,-0.020850299286339583
74,A,0.05,6,3,0.0372378504287055
74,A,0.05,6,4,-0.09698302673792294
74,A,0.05,6,5,0.5390955724634274
74,A,0.05,6,6,0.41612375101693694
74,A,0.05,6,7,0.8409225608498885
74,A,0.05,6,8,0.4657932132321324
74,A,0.05,6,9,0.46547375587197304
74,A,0.05,7,0,-1.0677504427880073
74,A,0.05,7,1,-1.0828658220223089
74,A,0.05,7,2,-1.0442771358371623
74,A,0.05,7,3,-0.24870162462420764
74,A,0.05,7,4,-0.5785332120924634
74,A,0.05,7,5,-0.2057685245624476
74,A,0.05,7,6,-0.43357173419793693
74,A,0.05,7,7,-0.9267843857408201
74,A,0.05,7,8,-1.1452296226314995
74,A,0.05,7,9,-0.15617792417733253
74,A,0.05,8,0,-2.131845513441401
74,A,0.05,8,1,-2.1356925607499386
74,A,0.05,8,2,-2.4546301615921413
74,A,0.05,8,3,-2.8255893655024256
74,A,0.05,8,4,-2.2478282875762723
74,A,0.05,8,5,-1.7765798165491813
74,A,0.05,8,6,-2.242678985133504
74,A,0.05,8,7,-2.2426145222068348
74,A,0.05,8,8,-2.215280264900923
74,A,0.05,8,9,-1.2070387531487208
74,A,0.05,9,0,0.14412112582629363
74,A,0.05,9,1,0.0978544386550592
74,A,0.05,9,2,-0.13722852891725051
74,A,0.05,9,3,0.0857614821236772
74,A,0.05,9,4,0.3506354692276437
74,A,0.05,9,5,0.038800868202152713
74,A,0.05,9,6,0.3410314420478336
74,A,0.05,9,7,0.3905439970609998
74,A,0.05,9,8,0.3484469172531289
74,A,0.05,9,9,0.6944398434125857
74,B,100,0,0,0.3373131104299881
74,B,100,0,1,0.4625195642229878
74,B,100,0,2,0.2011180215322046
74,B,100,0,3,0.26290731928047945
74,B,100,0,4,0.20787250430051277
74,B,100,0,5,0.12741224948636976
74,B,100,0,6,0.152360989621896
74,B,100,0,7,0.4466745967595113
74,B,100,0,8,0.2956263218193855
74,B,100,0,9,0.1669240826459579
74,B,100,1,0,-1.7608804812962078
74,B,100,1,1,-2.2189695627471333
74,B,100,1,2,-0.9275857758289415
74,B,100,1,3,-1.779456371854452
74,B,100,1,4,-1.8640434974513156
74,B,100,1,5,-1.8030061533727937
74,B,100,1,6,-1.6521891694461928
74,B,100,1,7,-1.8299927669543954
74,B,100,1,8,-1.3623932495322193
74,B,100,1,9,-1.7457597027752976
74,B,100,2,0,0.07953467701989955
74,B,100,2,1,0.2558273838978067
74,B,100,2,2,0.12417376449694502
74,B,100,2,3,0.1815624945191936
74,B,100,2,4,0.16021379544267092
74,B,100,2,5,0.1133837417149338
74,B,100,2,6,0.06846452143489995
74,B,100,2,7,0.11710486083946363
74,B,100,2,8,0.15081482340986702
74,B,100,2,9,0.1095413433453048
74,B,100,3,0,-0.9004050359812373
74,B,100,3,1,-0.7449302877546395
74,B,100,3,2,-0.6231002523637302
74,B,100,3,3,0.0642443205450085
74,B,100,3,4,-0.6067397028537954
74,B,100,3,5,-0.5127948550484647
74,B,100,3,6,-0.39137319319176866
74,B,100,3,7,-0.8961529092353147
74,B,100,3,8,-0.9776188417089988
74,B,100,3,9,-0.7734409895936804
74,B,100,4,0,-0.00715837573699604
74,B,100,4,1,0.11969490201981228
74,B,100,4,2,0.3106041938617767
74,B,100,4,3,0.14544819220147517
74,B,100,4,4,0.15818491906328674
74,B,100,4,5,0.11260329512969539
74,B,100,4,6,-0.05800212853057189
74,B,100,4,7,0.21403179503758055
74,B,100,4,8,0.12978792536190972
74,B,100,4,9,0.403567214630146
74,B,100,5,0,-1.0874731907401554
74,B,100,5,1,-1.5047942726867445
74,B,100,5,2,-0.6316078611015326
74,B,100,5,3,-1.0445985541753573
74,B,100,5,4,-1.4735544088566688
74,B,100,5,5,-1.4551442673786739
74,B,100,5,6,-1.6988759857298752
74,B,100,5,7,-1.3027799593943787
74,B,100,5,8,-1.1518009718287212
74,B,100,5,9,-1.1095986354361516
74,B,100,6,0,0.8176272313789547
74,B,100,6,1,1.1617734680557346
74,B,100,6,2,1.3450673870750047
74,B,100,6,3,0.3696794743183465
74,B,100,6,4,1.1022968073201729
74,B,100,6,5,1.0764456724208211
74,B,100,6,6,0.9332210145114687
74,B,100,6,7,0.6924690568612879
74,B,100,6,8,1.4752881896521348
74,B,100,6,9,0.8905684963617063
74,B,100,7,0,-3.861252747825135
74,B,100,7,1,-3.801286390863802
74,B,100,7,2,-3.4526780998683946
74,B,100,7,3,-3.7165999145968187
74,B,100,7,4,-3.255177828699911
74,B,100,7,5,-3.4809306634214
74,B,100,7,6,-3.916148281281589
74,B,100,7,7,-3.5715639922783318
74,B,100,7,8,-3.307172145587435
74,B,100,7,9,-3.6993934407117135
74,B,100,8,0,-0.1796665034164647
74,B,100,8,1,-0.06941123979008101
74,B,100,8,2,0.024898026277515518
74,B,100,8,3,-0.1253165011311495
74,B,100,8,4,0.06239879540087724
74,B,100,8,5,0.21399338579691093
74,B,100,8,6,0.25773913219189376
74,B,100,8,7,0.13878459050088646
74,B,100,8,8,-0.0003703618588121985
74,B,100,8,9,0.08362499122516102
74,B,100,9,0,0.23911767878590534
74,B,100,9,1,0.05043156991667741
74,B,100,9,2,0.2706910365847006
74,B,100,9,3,0.448242309085215
74,B,100,9,4,0.32164800046357456
74,B,100,9,5,0.12717104389750736
74,B,100,9,6,0.38379126989206414
74,B,100,9,7,0.43664383669086887
74,B,100,9,8,0.44510497249319764
74,B,100,9,9,0.3511139091061951
75,A,0.05,0,0,-0.9916757515114138
75,A,0.05,0,1,-1.3942501597836527
75,A,0.05,0,2,-1.2298105178309282
75,A,0.05,0,3,-0.6609749292147139
75,A,0.05,0,4,-1.1789866334160266
75,A,0.05,0,5,-1.0409244487413656
75,A,0.05,0,6,-1.2985421985064833
75,A,0.05,0,7,-0.02954247963404828
75,A,0.05,0,8,-0.6176855812416172
75,A,0.05,0,9,-0.9505335301312924
75,A,0.05,1,0,-3.1449088317993694
75,A,0.05,1,1,-1.2402095700394191
75,A,0.05,1,2,-1.7759149764809856
75,A,0.05,1,3,-2.297585928905741
75,A,0.05,1,4,-2.631703973414864
75,A,0.05,1,5,-2.3426099209896205
75,A,0.05,1,6,-2.7962267962966543
75,A,0.05,1,7,-2.2200443535019074
75,A,0.05,1,8,-3.0637290039739695
75,A,0.05,1,9,-2.16870306768595
75,A,0.05,2,0,0.26568172702160925
75,A,0.05,2,1,0.47929476954803574
75,A,0.05,2,2,0.5553816434841019
75,A,0.05,2,3,0.5516113594248829
75,A,0.05,2,4,0.7512244061270892
75,A,0.05,2,5,0.774453359026832
75,A,0.05,2,6,0.8495285244865979
75,A,0.05,2,7,0.7406167481502592
75,A,0.05,2,8,0.657205087619214
75,A,0.05,2,9,0.49379707900340936
75,A,0.05,3,0,0.3679248036606788
75,A,0.05,3,1,0.7465417016596568
75,A,0.05,3,2,0.38519944415366275
75,A,0.05,3,3,0.5251655425300856
75,A,0.05,3,4,0.36862126463111483
75,A,0.05,3,5,0.40523855361335775
75,A,0.05,3,6,0.46104987185802826
75,A,0.05,3,7,0.5935643577060375
75,A,0.05,3,8,0.4130676120877938
75,A,0.05,3,9,0.591145963379403
75,A,0.05,4,0,0.8894324457188288
75,A,0.05,4,1,1.2422977901029304
75,A,0.05,4,2,1.3872371826423218
75,A,0.05,4,3,1.7212992619062635
75,A,0.05,4,4,1.782347154653833
75,A,0.05,4,5,1.1984579534496622
75,A,0.05,4,6,1.160395778703416
75,A,0.05,4,7,1.4121722873519669
75,A,0.05,4,8,1.1166379526265926
75,A,0.05,4,9,0.9520211275345822
75,A,0.05,5,0,2.0289369799732477
75,A,0.05,5,1,3.6161426247242154
75,A,0.05,5,2,3.460040811074158
75,A,0.05,5,3,3.3106935272755647
75,A,0.05,5,4,2.834720718618502
75,A,0.05,5,5,3.3810741162991826
75,A,0.05,5,6,3.08089683914258
75,A,0.05,5,7,3.211610915995502
75,A,0.05,5,8,2.9061731824362953
75,A,0.05,5,9,3.236945317993122
75,A,0.05,6,0,1.8721221035605309
75,A,0.05,6,1,1.7062818614018784
75,A,0.05,6,2,2.217374368314381
75,A,0.05,6,3,1.6968369019665552
75,A,0.05,6,4,1.5153877912561688
75,A,0.05,6,5,2.3861563329994153
75,A,0.05,6,6,1.41094484754553
75,A,0.05,6,7,2.3311483486153697
75,A,0.05,6,8,2.2579327284234565
75,A,0.05,6,9,2.31051654584494
75,A,0.05,7,0,-0.034616741564033326
75,A,0.05,7,1,-0.041274010546714736
75,A,0.05,7,2,0.35392952220055635
75,A,0.05,7,3,0.6375586432416602
75,A,0.05,7,4,0.638269359071001
75,A,0.05,7,5,0.40008604359200445
75,A,0.05,7,6,0.28315453306910077
75,A,0.05,7,7,0.4618101875818716
75,A,0.05,7,8,0.5024260760780932
75,A,0.05,7,9,0.15818548391165083
75,A,0.05,8,0,-0.2710506471824513
75,A,0.05,8,1,-0.6606729601246629
75,A,0.05,8,2,-0.6574281394013197
75,A,0.05,8,3,0.4478877253158089
75,A,0.05,8,4,0.08634125604887417
75,A,0.05,8,5,-0.07953860138582494
75,A,0.05,8,6,-0.2914704844709831
75,A,0.05,8,7,-0.2563733210437835
75,A,0.05,8,8,0.07564873940478596
75,A,0.05,8,9,0.05559291834051619
75,A,0.05,9,0,-0.6187746225429872
75,A,0.05,9,1,-0.605281014040504
75,A,0.05,9,2,-0.4628320721481344
75,A,0.05,9,3,-1.3977995055361176
75,A,0.05,9,4,-0.40508026704195904
75,A,0.05,9,5,-1.080089768550696
75,A,0.05,9,6,-0.7535431410499894
75,A,0.05,9,7,-0.36166988474374195
75,A,0.05,9,8,-0.47666985307666543
75,A,0.05,9,9,-0.20938273667829824
75,B,100,0,0,-0.821392905083682
75,B,100,0,1,-1.5359990926612535
75,B,100,0,2,-0.669643603649543
75,B,100,0,3,-0.47887905264374436
75,B,100,0,4,-0.8071022099690006
75,B,100,0,5,-1.680811794397345
75,B,100,0,6,-1.1634655355762622
75,B,100,0,7,-1.5104736471983446
75,B,100,0,8,-1.1248276336217073
75,B,100,0,9,-1.307464599588465
75,B,100,1,0,-1.0531669483776116
75,B,100,1,1,-0.3704225321148428
75,B,100,1,2,-0.340283338347102
75,B,100,1,3,-1.0174838100530972
75,B,100,1,4,-1.19324550630862
75,B,100,1,5,-0.5292735910400828
75,B,100,1,6,-0.813077623906194
75,B,100,1,7,-0.6351966928198252
75,B,100,1,8,-0.8198220902059233
75,B,100,1,9,-0.858101882214978
75,B,100,2,0,1.4464574589639938
75,B,100,2,1,1.2953279826994437
75,B,100,2,2,1.4589457992731691
75,B,100,2,3,1.5961896085233755
75,B,100,2,4,1.1085577468001528
75,B,100,2,5,0.9432047497837173
75,B,100,2,6,1.0186571590324909
75,B,100,2,7,1.007597869563639
75,B,100,2,8,1.0259486232008153
75,B,100,2,9,1.071433533022379
75,B,100,3,0,-0.21806694235748766
75,B,100,3,1,-0.0513823773981261
75,B,100,3,2,-0.2828485634418182
75,B,100,3,3,-0.012189463434892443
75,B,100,3,4,0.38741016990604205
75,B,100,3,5,0.053904075512306936
75,B,100,3,6,-0.5799037635281212
75,B,100,3,7,0.2140091131697778
75,B,100,3,8,0.8471717587803161
75,B,100,3,9,0.6031459840882903
75,B,100,4,0,0.8904093066659848
75,B,100,4,1,0.48342806764396384
75,B,100,4,2,0.11146497723793261
75,B,100,4,3,0.10881057906230074
75,B,100,4,4,-0.2933314397599197
75,B,100,4,5,0.4652789707811562
75,B,100,4,6,0.32210122385633383
75,B,100,4,7,0.7892215316331535
75,B,100,4,8,0.4732540399600613
75,B,100,4,9,0.1492781026233086
75,B,100,5,0,-0.16124485438234676
75,B,100,5,1,0.2747043896581886
75,B,100,5,2,0.10049671902360548
75,B,100,5,3,0.3082244570596222
75,B,100,5,4,0.2295128997863856
75,B,100,5,5,0.2685040752689911
75,B,100,5,6,0.48142202408653656
75,B,100,5,7,0.11994822122106137
75,B,100,5,8,0.22947980265884688
75,B,100,5,9,0.24928176800499427
75,B,100,6,0,0.157454286219986
75,B,100,6,1,0.43191903099644735
75,B,100,6,2,-0.1311545666105275
75,B,100,6,3,0.2182598989763462
75,B,100,6,4,-0.013056338090281573
75,B,100,6,5,-0.3414723385251017
75,B,100,6,6,0.34090118661247437
75,B,100,6,7,0.7183465643646112
75,B,100,6,8,0.37979878700029895
75,B,100,6,9,-0.32768624009883257
75,B,100,7,0,0.47599007272113175
75,B,100,7,1,0.8092381408133339
75,B,100,7,2,0.9624661132369479
75,B,100,7,3,0.6343340806877233
75,B,100,7,4,0.8112740179611692
75,B,100,7,5,0.5627841079472629
75,B,100,7,6,0.7537532940260244
75,B,100,7,7,0.1695382878432367
75,B,100,7,8,0.36336596029652174
75,B,100,7,9,0.4972104795048194
75,B,100,8,0,0.42311365478244817
75,B,100,8,1,0.14010017591582574
75,B,100,8,2,0.38054101894954334
75,B,100,8,3,1.112298543170671
75,B,100,8,4,0.4733853216162477
75,B,100,8,5,0.6539617218632341
75,B,100,8,6,0.9140357039893586
75,B,100,8,7,1.0685830181871487
75,B,100,8,8,0.9086980650213465
75,B,100,8,9,1.1290317564212182
75,B,100,9,0,1.6932982480741392
75,B,100,9,1,1.310087944086393
75,B,100,9,2,1.7223763753992718
75,B,100,9,3,1.3382477025651192
75,B,100,9,4,0.9119916527779987
75,B,100,9,5,1.3527025439334914
75,B,100,9,6,1.311796954506595
75,B,100,9,7,0.9121157686736183
75,B,100,9,8,1.7486626143637791
75,B,100,9,9,1.2948660154872802
76,A,0.05,0,0,1.0326537117356716
76,A,0.05,0,1,0.6312902320118698
76,A,0.05,0,2,0.7693260519404426
76,A,0.05,0,3,1.1456578776665522
76,A,0.05,0,4,1.25335930743746
76,A,0.05,0,5,0.9926558554939521
76,A,0.05,0,6,0.8677064208981858
76,A,0.05,0,7,1.1267313586162842
76,A,0.05,0,8,1.2184250943463633
76,A,0.05,0,9,1.3378151035931087
76,A,0.05,1,0,0.29851103226064607
76,A,0.05,1,1,1.042644354876207
76,A,0.05,1,2,3.189517701744614
76,A,0.05,1,3,0.7286010094787755
76,A,0.05,1,4,0.6608137380081716
76,A,0.05,1,5,0.13079355130950934
76,A,0.05,1,6,2.2545240217546025
76,A,0.05,1,7,0.4267042169327217
76,A,0.05,1,8,1.751658909155808
76,A,0.05,1,9,2.789230092716858
76,A,0.05,2,0,-0.7983075713430083
76,A,0.05,2,1,-0.8848599217471798
76,A,0.05,2,2,-1.8173024743101018
76,A,0.05,2,3,-1.5037528200000554
76,A,0.05,2,4,-0.8117207364278263
76,A,0.05,2,5,-0.7143241248997865
76,A,0.05,2,6,-2.3169591803058323
76,A,0.05,2,7,-0.3121932813706061
76,A,0.05,2,8,-1.3176536999986652
76,A,0.05,2,9,-1.7230652065771697
76,A,0.05,3,0,0.3907521885392569
76,A,0.05,3,1,0.4167716036132651
76,A,0.05,3,2,0.49479050647432854
76,A,0.05,3,3,0.3233434989261665
76,A,0.05,3,4,0.5079293074812052
76,A,0.05,3,5,0.7468436799535522
76,A,0.05,3,6,0.4675417759323739
76,A,0.05,3,7,0.6181694140207951
76,A,0.05,3,8,0.6087251316497615
76,A,0.05,3,9,0.6063125878398226
76,A,0.05,4,0,-2.529070276957899
76,A,0.05,4,1,-1.416265325077145
76,A,0.05,4,2,-2.456151474687149
76,A,0.05,4,3,-2.373075813624148
76,A,0.05,4,4,-2.1545495170710076
76,A,0.05,4,5,-0.6627424149120974
76,A,0.05,4,6,-1.090508613246539
76,A,0.05,4,7,-2.5367017465162585
76,A,0.05,4,8,-1.1287396677504036
76,A,0.05,4,9,-1.3582336403433461
76,A,0.05,5,0,3.149494238520701
76,A,0.05,5,1,2.8768696419700746
76,A,0.05,5,2,3.3945682633976517
76,A,0.05,5,3,2.885665535338028
76,A,0.05,5,4,3.214633428007574
76,A,0.05,5,5,3.2514331246286483
76,A,0.05,5,6,3.5773586930060834
76,A,0.05,5,7,3.85223083833583
76,A,0.05,5,8,3.1336832820285085
76,A,0.05,5,9,3.2894515325789566
76,A,0.05,6,0,1.038067713995835
76,A,0.05,6,1,0.7675370332107926
76,A,0.05,6,2,0.6142884856242128
76,A,0.05,6,3,0.7170434024141558
76,A,0.05,6,4,1.0442804042936917
76,A,0.05,6,5,0.45514022877916643
76,A,0.05,6,6,0.7745212318167037
76,A,0.05,6,7,0.7909136888410983
76,A,0.05,6,8,1.1586610712687189
76,A,0.05,6,9,0.8101249227355442
76,A,0.05,7,0,-2.2377580290332224
76,A,0.05,7,1,-2.120992173638402
76,A,0.05,7,2,-1.9737908561731694
76,A,0.05,7,3,-1.4895462310457424
76,A,0.05,7,4,-1.6302268205764934
76,A,0.05,7,5,-1.928591114943936
76,A,0.05,7,6,-2.2536818117519406
76,A,0.05,7,7,-1.2936108097145809
76,A,0.05,7,8,-2.345929541026858
76,A,0.05,7,9,-1.2229259879166234
76,A,0.05,8,0,0.4517322245202378
76,A,0.05,8,1,0.4962614405278113
76,A,0.05,8,2,0.9031237730359467
76,A,0.05,8,3,0.4133476047837692
76,A,0.05,8,4,-0.08162817244971213
76,A,0.05,8,5,0.742122302706775
76,A,0.05,8,6,0.5766835400100536
76,A,0.05,8,7,0.08672620925259186
76,A,0.05,8,8,1.0310044422981424
76,A,0.05,8,9,-0.34756355625344143
76,A,0.05,9,0,0.6928600640056934
76,A,0.05,9,1,0.561506680274803
76,A,0.05,9,2,0.5366183795276183
76,A,0.05,9,3,0.4698659389336982
76,A,0.05,9,4,0.7546688907107251
76,A,0.05,9,5,0.3217231152948153
76,A,0.05,9,6,0.8715794566141564
76,A,0.05,9,7,0.9880954323369145
76,A,0.05,9,8,0.31863420964397615
76,A,0.05,9,9,0.5415343383442784
76,B,100,0,0,-0.14967136905162215
76,B,100,0,1,-0.12524764853862233
76,B,100,0,2,-0.07923139058656878
76,B,100,0,3,-0.06974161960592588
76,B,100,0,4,-0.11900916908325755
76,B,100,0,5,-0.0996188596140753
76,B,100,0,6,-0.09858484419511633
76,B,100,0,7,-0.17941786765796555
76,B,100,0,8,-0.237213676123307
76,B,100,0,9,-0.03472389290566642
76,B,100,1,0,1.1678938992270154
76,B,100,1,1,1.1030133446374983
76,B,100,1,2,1.3008598939461278
76,B,100,1,3,1.1238333723844451
76,B,100,1,4,1.2488671740149455
76,B,100,1,5,1.1087805707548661
76,B,100,1,6,1.2486673348179036
76,B,100,1,7,0.8428069295185424
76,B,100,1,8,1.2975598330277538
76,B,100,1,9,1.2854986938755526
76,B,100,2,0,0.20998861607909178
76,B,100,2,1,0.6286132819014876
76,B,100,2,2,0.2724830337775701
76,B,100,2,3,0.4596879052978205
76,B,100,2,4,0.43459431453534214
76,B,100,2,5,0.35578351958614624
76,B,100,2,6,0.1781395916566942
76,B,100,2,7,0.22057179082328493
76,B,100,2,8,0.23616544775059709
76,B,100,2,9,0.47408603092210305
76,B,100,3,0,-1.596775116078611
76,B,100,3,1,-1.6887088077801446
76,B,100,3,2,-1.870801533614848
76,B,100,3,3,-1.2070650471612805
76,B,100,3,4,-1.718588507390391
76,B,100,3,5,-1.6347033364920218
76,B,100,3,6,-1.8049035344868747
76,B,100,3,7,-2.045575301329122
76,B,100,3,8,-1.61931319292307
76,B,100,3,9,-1.4794137561994456
76,B,100,4,0,0.45182839431461486
76,B,100,4,1,0.6813780376646938
76,B,100,4,2,1.4303706870311088
76,B,100,4,3,1.2071200976613183
76,B,100,4,4,1.116136805125
76,B,100,4,5,0.2994373052635892
76,B,100,4,6,2.059916096133104
76,B,100,4,7,1.5026156989238735
76,B,100,4,8,1.1864516748006708
76,B,100,4,9,0.8217367722297126
76,B,100,5,0,0.47010363647753783
76,B,100,5,1,1.0227580574198611
76,B,100,5,2,0.6717008009424864
76,B,100,5,3,0.6313279032224383
76,B,100,5,4,0.9974148808857812
76,B,100,5,5,0.9739219993610063
76,B,100,5,6,0.9270288691217146
76,B,100,5,7,0.8075260868085279
76,B,100,5,8,0.7899036636316343
76,B,100,5,9,0.9181583165383165
76,B,100,6,0,-0.6394316617907291
76,B,100,6,1,-1.04554380984203
76,B,100,6,2,-0.6484429640703914
76,B,100,6,3,-0.9567064989838766
76,B,100,6,4,-0.4114522569577488
76,B,100,6,5,-0.47975289809794364
76,B,100,6,6,-0.5935599008771532
76,B,100,6,7,-0.305282209252422
76,B,100,6,8,-0.8988244960495579
76,B,100,6,9,-0.565421186795165
76,B,100,7,0,-0.5523830690965065
76,B,100,7,1,-0.392661284120812
76,B,100,7,2,-0.40712418858802957
76,B,100,7,3,-0.3685193766265986
76,B,100,7,4,-0.42381167217868476
76,B,100,7,5,-0.3754506680201876
76,B,100,7,6,-0.4215640014556222
76,B,100,7,7,-0.4286566341307394
76,B,100,7,8,-0.532913731724287
76,B,100,7,9,-0.2807133588420314
76,B,100,8,0,-0.04600702397624499
76,B,100,8,1,0.062319591495481524
76,B,100,8,2,-0.0052331094699445335
76,B,100,8,3,-0.05716634831671969
76,B,100,8,4,0.14283612626374234
76,B,100,8,5,-0.10603854375584842
76,B,100,8,6,0.11412698108234694
76,B,100,8,7,0.2551575740733197
76,B,100,8,8,-0.12225050518252811
76,B,100,8,9,0.18921724456364944
76,B,100,9,0,-0.7088268549336783
76,B,100,9,1,-0.13067566104721587
76,B,100,9,2,-0.20034328834797302
76,B,100,9,3,-0.2408704142287929
76,B,100,9,4,-0.31023292158392973
76,B,100,9,5,-0.14356132315604375
76,B,100,9,6,-0.2190755650666714
76,B,100,9,7,-0.23258939239940696
76,B,100,9,8,-0.19619587277070374
76,B,100,9,9,-0.21380755174514326
77,A,0.05,0,0,-1.1775679758426343
77,A,0.05,0,1,-1.6901698577224997
77,A,0.05,0,2,-0.8214248398521883
77,A,0.05,0,3,-1.6859363884304543
77,A,0.05,0,4,-1.402789188395535
77,A,0.05,0,5,-1.3802053234004867
77,A,0.05,0,6,-0.8798135705061007
77,A,0.05,0,7,-1.486864056105394
77,A,0.05,0,8,-1.099229675971014
77,A,0.05,0,9,-0.9836950385086436
77,A,0.05,1,0,-0.4347267096875987
77,A,0.05,1,1,-0.4992813365582154
77,A,0.05,1,2,-0.6280494041473704
77,A,0.05,1,3,-1.0982582815882866
77,A,0.05,1,4,-0.09388068074232506
77,A,0.05,1,5,-0.0016368870336450898
77,A,0.05,1,6,-0.0701559584860398
77,A,0.05,1,7,-0.09656847583073871
77,A,0.05,1,8,0.17295649687146858
77,A,0.05,1,9,-0.3382021995931332
77,A,0.05,2,0,-2.9174125238322763
77,A,0.05,2,1,-3.087842989608491
77,A,0.05,2,2,-3.0235739614785007
77,A,0.05,2,3,-2.762595173512238
77,A,0.05,2,4,-1.7889841233871575
77,A,0.05,2,5,-2.082042032540317
77,A,0.05,2,6,-2.892598644619151
77,A,0.05,2,7,-2.642236874630014
77,A,0.05,2,8,-2.687523034706888
77,A,0.05,2,9,-2.6484720197286453
77,A,0.05,3,0,1.426110318892943
77,A,0.05,3,1,1.0422117589410922
77,A,0.05,3,2,0.9653588375760828
77,A,0.05,3,3,0.19857204502385872
77,A,0.05,3,4,0.27335509263440283
77,A,0.05,3,5,1.6276978511480105
77,A,0.05,3,6,1.290921936771637
77,A,0.05,3,7,1.0814815529436652
77,A,0.05,3,8,1.8872412117315498
77,A,0.05,3,9,1.7051322676976055
77,A,0.05,4,0,3.4112248572946955
77,A,0.05,4,1,4.143365552661715
77,A,0.05,4,2,3.492368704243058
77,A,0.05,4,3,3.13538401109349
77,A,0.05,4,4,3.471640553095915
77,A,0.05,4,5,3.8624340707777027
77,A,0.05,4,6,4.455751431316755
77,A,0.05,4,7,3.704147115113598
77,A,0.05,4,8,0.8009857165756764
77,A,0.05,4,9,3.9741312524279566
77,A,0.05,5,0,0.05636144812206121
77,A,0.05,5,1,0.4187595738451876
77,A,0.05,5,2,0.23384086321483327
77,A,0.05,5,3,0.465082499481555
77,A,0.05,5,4,0.40597535410254704
77,A,0.05,5,5,0.47240597927002653
77,A,0.05,5,6,0.3280130083619249
77,A,0.05,5,7,0.0069459021082780206
77,A,0.05,5,8,0.07263429860761617
77,A,0.05,5,9,0.03569054167143142
77,A,0.05,6,0,0.4220263239839186
77,A,0.05,6,1,0.9955146530437745
77,A,0.05,6,2,1.1629399179382156
77,A,0.05,6,3,1.3002289624156955
77,A,0.05,6,4,1.1620097013252677
77,A,0.05,6,5,1.2142252196348986
77,A,0.05,6,6,1.1310099270255223
77,A,0.05,6,7,1.2608969914577803
77,A,0.05,6,8,1.2653705426435125
77,A,0.05,6,9,1.2855888153235133
77,A,0.05,7,0,-3.322645975893184
77,A,0.05,7,1,-3.981631475581833
77,A,0.05,7,2,-3.553402015534183
77,A,0.05,7,3,-2.7704755227637965
77,A,0.05,7,4,-3.6271916375467645
77,A,0.05,7,5,-3.813636191868019
77,A,0.05,7,6,-1.7445381328239624
77,A,0.05,7,7,-1.6976403034358039
77,A,0.05,7,8,-3.974863754381123
77,A,0.05,7,9,-3.5876473940882114
77,A,0.05,8,0,0.7609719251368926
77,A,0.05,8,1,1.1281867016474523
77,A,0.05,8,2,0.8351320790522632
77,A,0.05,8,3,0.28955172993523015
77,A,0.05,8,4,0.44830253007205245
77,A,0.05,8,5,0.8570635739957949
77,A,0.05,8,6,0.7485943440568038
77,A,0.05,8,7,1.0099110819426123
77,A,0.05,8,8,0.7880506490436504
77,A,0.05,8,9,0.9047556811865842
77,A,0.05,9,0,-0.4564666257113286
77,A,0.05,9,1,-0.3061559963721382
77,A,0.05,9,2,0.0008708174121433366
77,A,0.05,9,3,-0.7429777787530477
77,A,0.05,9,4,-0.12941483207101653
77,A,0.05,9,5,-0.3875551761951624
77,A,0.05,9,6,0.052251243067689176
77,A,0.05,9,7,0.22999750230179064
77,A,0.05,9,8,0.29950388866401584
77,A,0.05,9,9,-0.565938331602904
77,B,100,0,0,0.992242501304095
77,B,100,0,1,0.905404487517961
77,B,100,0,2,1.0707664810649862
77,B,100,0,3,1.0919833212101517
77,B,100,0,4,0.9600651475734292
77,B,100,0,5,1.1232924442825212
77,B,100,0,6,1.3657798127942933
77,B,100,0,7,1.2487067122343674
77,B,100,0,8,1.008229474213639
77,B,100,0,9,1.3415141870991893
77,B,100,1,0,1.4165085030247742
77,B,100,1,1,1.4302429196028326
77,B,100,1,2,1.2303220560504882
77,B,100,1,3,1.4692165791613732
77,B,100,1,4,1.110896804012429
77,B,100,1,5,0.6749173967154382
77,B,100,1,6,1.3336411559471544
77,B,100,1,7,1.565660357831617
77,B,100,1,8,1.6423534190845244
77,B,100,1,9,0.8306431919346916
77,B,100,2,0,-0.8581676978166749
77,B,100,2,1,-0.6552397269249689
77,B,100,2,2,-0.6727086931322462
77,B,100,2,3,-0.607570309935116
77,B,100,2,4,-0.5950818209908083
77,B,100,2,5,-1.0044721625616133
77,B,100,2,6,-0.034018792901842385
77,B,100,2,7,-0.2916117118723573
77,B,100,2,8,-0.0058813354845013805
77,B,100,2,9,-0.030149367730995406
77,B,100,3,0,0.42381768254199226
77,B,100,3,1,0.4631064570265709
77,B,100,3,2,0.46553641539447116
77,B,100,3,3,0.2606319118820952
77,B,100,3,4,0.8153240884588432
77,B,100,3,5,0.4157212548877368
77,B,100,3,6,0.8332849947865572
77,B,100,3,7,0.29682127846376705
77,B,100,3,8,0.2897807279271265
77,B,100,3,9,0.5110401608793095
77,B,100,4,0,0.496118829343521
77,B,100,4,1,0.7715580880991094
77,B,100,4,2,0.02219328156242532
77,B,100,4,3,0.6785853726363184
77,B,100,4,4,0.006201244929740578
77,B,100,4,5,0.56692355191484
77,B,100,4,6,0.5546993864601097
77,B,100,4,7,0.402815480439414
77,B,100,4,8,0.4521441407168807
77,B,100,4,9,0.31755527335254374
77,B,100,5,0,-0.6125773639457783
77,B,100,5,1,-0.7981815723787999
77,B,100,5,2,-0.4485638679059661
77,B,100,5,3,-0.4312447192870611
77,B,100,5,4,-0.1492522401018415
77,B,100,5,5,-0.5263375899829675
77,B,100,5,6,-0.13044532786323304
77,B,100,5,7,-0.6548386026811596
77,B,100,5,8,-0.13594358539640533
77,B,100,5,9,-0.23159817922898895
77,B,100,6,0,0.809360205549573
77,B,100,6,1,0.44422566070375447
77,B,100,6,2,0.6918854688385534
77,B,100,6,3,0.2784691126608339
77,B,100,6,4,0.3484795746248558
77,B,100,6,5,0.4033775782613289
77,B,100,6,6,0.4842508456819643
77,B,100,6,7,0.33823041081294686
77,B,100,6,8,0.9629173939318246
77,B,100,6,9,0.6016110232966003
77,B,100,7,0,-0.43872253693437896
77,B,100,7,1,-0.6343689328567967
77,B,100,7,2,-0.38174343078219375
77,B,100,7,3,0.372716723350378
77,B,100,7,4,0.12486680696692587
77,B,100,7,5,0.26830149923046237
77,B,100,7,6,-0.19090180229883824
77,B,100,7,7,0.193552102648552
77,B,100,7,8,0.4003267334721822
77,B,100,7,9,0.6053065256192037
77,B,100,8,0,-0.05896194903201684
77,B,100,8,1,-0.02075679979761924
77,B,100,8,2,-0.31381834770399614
77,B,100,8,3,-0.05153877713840245
77,B,100,8,4,-0.07796356591205574
77,B,100,8,5,-0.05492467119116977
77,B,100,8,6,-0.12511427827734364
77,B,100,8,7,0.03367499109742454
77,B,100,8,8,-0.06806706029700524
77,B,100,8,9,0.06791279178977108
77,B,100,9,0,1.188120056008525
77,B,100,9,1,1.2786924739237604
77,B,100,9,2,1.0479509015595188
77,B,100,9,3,0.9337244134444835
77,B,100,9,4,0.758679512706295
77,B,100,9,5,1.4242979885007183
77,B,100,9,6,0.446918945299345
77,B,100,9,7,1.1051558928804246
77,B,100,9,8,0.7134837809243243
77,B,100,9,9,0.6466082923083603
78,A,0.05,0,0,-0.5245985032283237
78,A,0.05,0,1,-0.4099788592737191
78,A,0.05,0,2,-0.45418009450704616
78,A,0.05,0,3,-0.22511234849198367
78,A,0.05,0,4,-0.6573479557435343
78,A,0.05,0,5,-0.014397805213200434
78,A,0.05,0,6,-0.5152184573214336
78,A,0.05,0,7,-0.06288502000500339
78,A,0.05,0,8,-0.2762125231452664
78,A,0.05,0,9,-0.18866161402333
78,A,0.05,1,0,1.0516438659454173
78,A,0.05,1,1,1.1472757351672662
78,A,0.05,1,2,1.1151984967586734
78,A,0.05,1,3,1.4373491487850816
78,A,0.05,1,4,1.6973385598863224
78,A,0.05,1,5,1.5824672438926446
78,A,0.05,1,6,1.6675862238036414
78,A,0.05,1,7,1.4600005262633224
78,A,0.05,1,8,0.9799265303151253
78,A,0.05,1,9,1.0507471493382705
78,A,0.05,2,0,-0.6886435445958241
78,A,0.05,2,1,-0.4569869007194895
78,A,0.05,2,2,-0.23748019122896394
78,A,0.05,2,3,-0.5256461044395158
78,A,0.05,2,4,-0.37546678938419753
78,A,0.05,2,5,-0.27440339584130247
78,A,0.05,2,6,-0.4987599126712158
78,A,0.05,2,7,-0.5106481199706695
78,A,0.05,2,8,-0.2451073905741377
78,A,0.05,2,9,-0.3117351192967988
78,A,0.05,3,0,-0.1015490385864208
78,A,0.05,3,1,-0.2823366803606392
78,A,0.05,3,2,-0.38702228327761967
78,A,0.05,3,3,0.4408019515718236
78,A,0.05,3,4,0.11109374722132603
78,A,0.05,3,5,-0.27773862759627765
78,A,0.05,3,6,-0.5990033694084049
78,A,0.05,3,7,-0.5203700556989997
78,A,0.05,3,8,0.29500145949497647
78,A,0.05,3,9,-0.6487114047226434
78,A,0.05,4,0,0.10422423298902428
78,A,0.05,4,1,0.13720340622945434
78,A,0.05,4,2,0.180410988772313
78,A,0.05,4,3,-0.08319455850878928
78,A,0.05,4,4,0.006515512297182877
78,A,0.05,4,5,0.010050679095243794
78,A,0.05,4,6,-0.04382708902894197
78,A,0.05,4,7,-0.19418439384862293
78,A,0.05,4,8,0.008091385917012833
78,A,0.05,4,9,-0.010997444698492332
78,A,0.05,5,0,1.0116184765262297
78,A,0.05,5,1,0.4774342400873171
78,A,0.05,5,2,1.105616371888228
78,A,0.05,5,3,0.37507167450117757
78,A,0.05,5,4,0.7728972478321458
78,A,0.05,5,5,0.2602282752863828
78,A,0.05,5,6,0.9945267661673226
78,A,0.05,5,7,0.06289729165401278
78,A,0.05,5,8,0.5234748551742889
78,A,0.05,5,9,0.3287902950053425
78,A,0.05,6,0,1.9713330840361314
78,A,0.05,6,1,2.0669142131460725
78,A,0.05,6,2,2.5506609772428455
78,A,0.05,6,3,1.6025266893241745
78,A,0.05,6,4,1.961891677560749
78,A,0.05,6,5,2.0308689748102187
78,A,0.05,6,6,2.2334724693304215
78,A,0.05,6,7,2.124089115167117
78,A,0.05,6,8,1.8624528404008647
78,A,0.05,6,9,1.8392495585987731
78,A,0.05,7,0,-0.1326225610619323
78,A,0.05,7,1,-0.22418931076352736
78,A,0.05,7,2,-0.14739765726179188
78,A,0.05,7,3,-0.12510814797594658
78,A,0.05,7,4,-0.34501356113627346
78,A,0.05,7,5,-0.1211752497248653
78,A,0.05,7,6,-0.23438720234298321
78,A,0.05,7,7,-0.2875180073121705
78,A,0.05,7,8,-0.20330732867146892
78,A,0.05,7,9,-0.2317478128635423
78,A,0.05,8,0,0.4894286756516256
78,A,0.05,8,1,0.35718007605039476
78,A,0.05,8,2,0.3155888709143049
78,A,0.05,8,3,-0.24946772563221253
78,A,0.05,8,4,0.5225177174645649
78,A,0.05,8,5,0.08655211921170998
78,A,0.05,8,6,0.5569097770438731
78,A,0.05,8,7,0.7929760581104741
78,A,0.05,8,8,-0.42673974510444834
78,A,0.05,8,9,0.6642827928539179
78,A,0.05,9,0,2.0078462198595908
78,A,0.05,9,1,1.7681919709624316
78,A,0.05,9,2,1.7345074090380628
78,A,0.05,9,3,2.0217877949556033
78,A,0.05,9,4,1.7205877604986342
78,A,0.05,9,5,1.4185155158063165
78,A,0.05,9,6,1.833364818706084
78,A,0.05,9,7,1.9035787883501394
78,A,0.05,9,8,2.2483309555402333
78,A,0.05,9,9,2.012665796334942
78,B,100,0,0,0.8095229952951452
78,B,100,0,1,1.4262620411258415
78,B,100,0,2,1.2610615279799182
78,B,100,0,3,1.1641513891809232
78,B,100,0,4,0.533323321393968
78,B,100,0,5,1.0767947541973848
78,B,100,0,6,0.9005097544343945
78,B,100,0,7,0.6970466157442339
78,B,100,0,8,1.6076409976193806
78,B,100,0,9,2.052700758669915
78,B,100,1,0,-0.09477640245617942
78,B,100,1,1,-0.5319967607362015
78,B,100,1,2,-0.7154324076294735
78,B,100,1,3,-0.7050462629915824
78,B,100,1,4,-0.6722763865081227
78,B,100,1,5,-0.5676599536424628
78,B,100,1,6,-1.339394628753992
78,B,100,1,7,-1.2011282880428378
78,B,100,1,8,-0.6638094703561256
78,B,100,1,9,-0.8204811323292176
78,B,100,2,0,0.07349694982233959
78,B,100,2,1,-0.07049234577442322
78,B,100,2,2,0.03991376001543531
78,B,100,2,3,-0.07821695677678878
78,B,100,2,4,0.2602496817364978
78,B,100,2,5,0.07703548154160858
78,B,100,2,6,0.013419340819910055
78,B,100,2,7,0.28899575794859467
78,B,100,2,8,0.30144878610549974
78,B,100,2,9,0.08029114610978673
78,B,100,3,0,2.1218386667435314
78,B,100,3,1,1.877591425846446
78,B,100,3,2,1.8468262014858778
78,B,100,3,3,2.220856794119102
78,B,100,3,4,2.1265321059383364
78,B,100,3,5,2.181643274938508
78,B,100,3,6,1.3657054153662662
78,B,100,3,7,1.479035013103945
78,B,100,3,8,1.8927796234263685
78,B,100,3,9,2.1656308283243004
78,B,100,4,0,1.1363718961887619
78,B,100,4,1,0.9776297658524974
78,B,100,4,2,1.0553816587476088
78,B,100,4,3,1.2220722557344708
78,B,100,4,4,1.1834813211737822
78,B,100,4,5,1.1293975462439436
78,B,100,4,6,0.9991941316284275
78,B,100,4,7,0.9890576315567721
78,B,100,4,8,1.0493223224865615
78,B,100,4,9,0.9914222254700084
78,B,100,5,0,0.7434152648765365
78,B,100,5,1,1.2044224993123136
78,B,100,5,2,0.9546400621274532
78,B,100,5,3,0.24981140104897237
78,B,100,5,4,0.9198077969708224
78,B,100,5,5,0.7408501124533274
78,B,100,5,6,0.9072456538963518
78,B,100,5,7,0.560071768660288
78,B,100,5,8,-0.03821747529875251
78,B,100,5,9,0.9762556146758753
78,B,100,6,0,-0.39361759621630493
78,B,100,6,1,-0.11947470088173806
78,B,100,6,2,0.7477312002118401
78,B,100,6,3,0.5079932268212555
78,B,100,6,4,-0.27153715354872315
78,B,100,6,5,0.322284691312684
78,B,100,6,6,0.2185947600484534
78,B,100,6,7,0.37527129977614276
78,B,100,6,8,0.043303556670137945
78,B,100,6,9,0.4888991964049554
78,B,100,7,0,0.041745030948018416
78,B,100,7,1,0.19608875045232724
78,B,100,7,2,-0.311095750092379
78,B,100,7,3,-0.1866843857540319
78,B,100,7,4,-0.12109091451994707
78,B,100,7,5,-0.28798761907035203
78,B,100,7,6,0.28669602040244024
78,B,100,7,7,-0.04528568897030505
78,B,100,7,8,0.43120369603270003
78,B,100,7,9,-0.005691821418789318
78,B,100,8,0,-1.0360951801773124
78,B,100,8,1,-1.0341850992384272
78,B,100,8,2,-1.4084736706753298
78,B,100,8,3,-1.329562032920543
78,B,100,8,4,-0.7456336289625971
78,B,100,8,5,-1.1381747846695087
78,B,100,8,6,-1.2154270039789188
78,B,100,8,7,-0.8052032498483348
78,B,100,8,8,-1.1799884048201827
78,B,100,8,9,-1.324256773634559
78,B,100,9,0,-0.6768112983953933
78,B,100,9,1,0.35384428853977734
78,B,100,9,2,0.3930815665864976
78,B,100,9,3,0.40938478335115935
78,B,100,9,4,0.6326582250620867
78,B,100,9,5,0.16373078646762682
78,B,100,9,6,0.7796167000391586
78,B,100,9,7,-0.5612833399609215
78,B,100,9,8,0.48055380273340353
78,B,100,9,9,0.7152592193636375
79,A,0.05,0,0,1.3208194788673018
79,A,0.05,0,1,1.188345213282886
79,A,0.05,0,2,1.5132967831238722
79,A,0.05,0,3,1.1158288470665978
79,A,0.05,0,4,1.7371779446709954
79,A,0.05,0,5,1.5565245370301035
79,A,0.05,0,6,1.7823093625818611
79,A,0.05,0,7,1.5910451691590015
79,A,0.05,0,8,2.090454259280545
79,A,0.05,0,9,1.8965292601240378
79,A,0.05,1,0,1.2940485447906167
79,A,0.05,1,1,1.4236261071215557
79,A,0.05,1,2,1.0012836131961529
79,A,0.05,1,3,1.299258490150985
79,A,0.05,1,4,1.2029657513908254
79,A,0.05,1,5,1.3054706495589734
79,A,0.05,1,6,1.815831907523769
79,A,0.05,1,7,1.7379184144820832
79,A,0.05,1,8,2.0857310429323164
79,A,0.05,1,9,2.5914439275163557
79,A,0.05,2,0,0.8561483849421258
79,A,0.05,2,1,1.9137118749199113
79,A,0.05,2,2,1.5878941854675621
79,A,0.05,2,3,1.7970058530081978
79,A,0.05,2,4,2.2058850127439973
79,A,0.05,2,5,1.8725343356071427
79,A,0.05,2,6,1.6850943945911767
79,A,0.05,2,7,1.27938888224343
79,A,0.05,2,8,2.0004426785904927
79,A,0.05,2,9,1.790980011483698
79,A,0.05,3,0,1.2398075978960543
79,A,0.05,3,1,1.2288337290875133
79,A,0.05,3,2,0.9465128909278595
79,A,0.05,3,3,1.000329547647333
79,A,0.05,3,4,0.8395089685606535
79,A,0.05,3,5,1.0415755576397587
79,A,0.05,3,6,1.5107557618578589
79,A,0.05,3,7,1.0456586036249877
79,A,0.05,3,8,1.2318871883519364
79,A,0.05,3,9,0.5707525101257763
79,A,0.05,4,0,0.4047021419773677
79,A,0.05,4,1,0.1613431431880119
79,A,0.05,4,2,0.10124398013359472
79,A,0.05,4,3,0.06104080039566041
79,A,0.05,4,4,0.37916082299756615
79,A,0.05,4,5,0.15364463158824496
79,A,0.05,4,6,0.047199635300629116
79,A,0.05,4,7,0.20153403547274987
79,A,0.05,4,8,0.20360369036949474
79,A,0.05,4,9,0.2653418933998875
79,A,0.05,5,0,0.07336734265078682
79,A,0.05,5,1,0.6907785777083243
79,A,0.05,5,2,0.6701689148406501
79,A,0.05,5,3,1.1434951718058712
79,A,0.05,5,4,0.2087210561990589
79,A,0.05,5,5,0.9354683145696802
79,A,0.05,5,6,0.8945080692135751
79,A,0.05,5,7,0.738944357842441
79,A,0.05,5,8,1.0225100598928905
79,A,0.05,5,9,0.9166847059038012
79,A,0.05,6,0,0.4650384624372271
79,A,0.05,6,1,0.7388066741411693
79,A,0.05,6,2,1.3338516073664917
79,A,0.05,6,3,1.036764567063628
79,A,0.05,6,4,0.7952416927714401
79,A,0.05,6,5,0.7457885452180745
79,A,0.05,6,6,0.9649869254470658
79,A,0.05,6,7,0.45485710140936153
79,A,0.05,6,8,0.35520300324101983
79,A,0.05,6,9,0.5792246719514322
79,A,0.05,7,0,1.183248635028597
79,A,0.05,7,1,1.1464203437467078
79,A,0.05,7,2,1.3000214701117836
79,A,0.05,7,3,1.2528397972786733
79,A,0.05,7,4,1.178411802764781
79,A,0.05,7,5,1.018478033872689
79,A,0.05,7,6,1.0581499667180916
79,A,0.05,7,7,1.0480786810754505
79,A,0.05,7,8,1.0697765201071525
79,A,0.05,7,9,1.0924907576378373
79,A,0.05,8,0,-1.5937987065892267
79,A,0.05,8,1,-1.576414286306589
79,A,0.05,8,2,-1.8574205343436956
79,A,0.05,8,3,-2.870352540572462
79,A,0.05,8,4,-2.281300732403333
79,A,0.05,8,5,-1.1963862666392702
79,A,0.05,8,6,-1.53905325438277
79,A,0.05,8,7,-1.9114368297684003
79,A,0.05,8,8,-1.5670362686652408
79,A,0.05,8,9,-1.299378937741969
79,A,0.05,9,0,-0.20226155921591377
79,A,0.05,9,1,-0.22566088815232532
79,A,0.05,9,2,-0.154142819239098
79,A,0.05,9,3,-0.07229034191446387
79,A,0.05,9,4,0.053297451304261105
79,A,0.05,9,5,0.015334026170435286
79,A,0.05,9,6,-0.2706743364250519
79,A,0.05,9,7,-0.11968390560372998
79,A,0.05,9,8,-0.06810241733876028
79,A,0.05,9,9,-0.11015608416091974
79,B,100,0,0,2.057379511490934
79,B,100,0,1,2.4851574577942253
79,B,100,0,2,1.6162299524883206
79,B,100,0,3,2.4205552854137586
79,B,100,0,4,2.37505533266816
79,B,100,0,5,2.774701198448754
79,B,100,0,6,3.157602906755242
79,B,100,0,7,2.64507555739645
79,B,100,0,8,2.2069944831785033
79,B,100,0,9,3.080956270780944
79,B,100,1,0,0.36618500099107076
79,B,100,1,1,1.2521336515708665
79,B,100,1,2,1.25291771978859
79,B,100,1,3,1.292029355907047
79,B,100,1,4,0.6256177657373754
79,B,100,1,5,0.7246303931060815
79,B,100,1,6,0.9668535202651349
79,B,100,1,7,1.3659194430221537
79,B,100,1,8,0.19983030177062466
79,B,100,1,9,0.67675597261148
79,B,100,2,0,0.49636694644240226
79,B,100,2,1,0.5078878650085158
79,B,100,2,2,0.7466127452372187
79,B,100,2,3,0.16479420754087767
79,B,100,2,4,0.7742393273933854
79,B,100,2,5,0.425193881788303
79,B,100,2,6,1.0944965123994295
79,B,100,2,7,0.44752705897675027
79,B,100,2,8,0.40471376424143596
79,B,100,2,9,0.552437233361278
79,B,100,3,0,-0.4613021656477203
79,B,100,3,1,-0.6418552407620334
79,B,100,3,2,-0.8746380725823578
79,B,100,3,3,-0.7161700260452953
79,B,100,3,4,-0.7762648093643431
79,B,100,3,5,-0.6486113371074346
79,B,100,3,6,-0.652237817199335
79,B,100,3,7,-0.5013032672787846
79,B,100,3,8,-0.6181882302073622
79,B,100,3,9,-0.5723016545358965
79,B,100,4,0,0.1868432269769795
79,B,100,4,1,0.2121335682270052
79,B,100,4,2,-0.06859534143847788
79,B,100,4,3,-0.17073882001359328
79,B,100,4,4,0.28920221686510394
79,B,100,4,5,-0.2382925540810074
79,B,100,4,6,0.24692668710909613
79,B,100,4,7,-0.02516972664004314
79,B,100,4,8,0.1175940448431263
79,B,100,4,9,-0.24679292214145934
79,B,100,5,0,1.9404533399731514
79,B,100,5,1,1.1925025297305485
79,B,100,5,2,0.914203149687127
79,B,100,5,3,2.1626720085473057
79,B,100,5,4,1.030915611269891
79,B,100,5,5,1.0154888308121621
79,B,100,5,6,1.6199495250713343
79,B,100,5,7,1.7722203434359523
79,B,100,5,8,0.920753231930672
79,B,100,5,9,1.4125421355806473
79,B,100,6,0,0.3335228631671175
79,B,100,6,1,0.01607097406151613
79,B,100,6,2,0.32806091658960757
79,B,100,6,3,0.07652563173447825
79,B,100,6,4,0.5709738574478345
79,B,100,6,5,-0.1024943945392989
79,B,100,6,6,-0.28376738387618666
79,B,100,6,7,0.19037822904577578
79,B,100,6,8,0.4620337720196836
79,B,100,6,9,0.37861657432996537
79,B,100,7,0,0.031935178180209946
79,B,100,7,1,0.19927090515674753
79,B,100,7,2,-0.01573411766345676
79,B,100,7,3,-0.11403702185702408
79,B,100,7,4,-0.292334586430896
79,B,100,7,5,-0.5281634768289826
79,B,100,7,6,0.39583565403585447
79,B,100,7,7,0.24947921770551973
79,B,100,7,8,-0.10034881379759954
79,B,100,7,9,0.39789759293460303
79,B,100,8,0,0.18827672520471864
79,B,100,8,1,0.13345973224748686
79,B,100,8,2,0.3543270977174518
79,B,100,8,3,0.02074405529869732
79,B,100,8,4,-0.20958936484436297
79,B,100,8,5,-0.16938357966871825
79,B,100,8,6,-0.08067814951869026
79,B,100,8,7,-0.5204772168987052
79,B,100,8,8,-0.468474467704833
79,B,100,8,9,-0.012956544880640776
79,B,100,9,0,0.6443518903098885
79,B,100,9,1,0.6627853648216359
79,B,100,9,2,1.02324261721494
79,B,100,9,3,0.9026197197914172
79,B,100,9,4,1.4811017808740568
79,B,100,9,5,0.9601950936890916
79,B,100,9,6,1.141146392714859
79,B,100,9,7,0.8435341932675593
79,B,100,9,8,0.8217296924423346
79,B,100,9,9,1.0423182571065783
80,A,0.05,0,0,-0.21589929473722297
80,A,0.05,0,1,-0.7186179828774363
80,A,0.05,0,2,-0.348188859199224
80,A,0.05,0,3,-0.4461740302649954
80,A,0.05,0,4,-1.2574846968219469
80,A,0.05,0,5,-0.6658783555554475
80,A,0.05,0,6,-0.8927302416273502
80,A,0.05,0,7,-1.607784743076982
80,A,0.05,0,8,-0.5232963341167991
80,A,0.05,0,9,-0.9328876004322553
80,A,0.05,1,0,-0.594457093503375
80,A,0.05,1,1,-0.10300702262314629
80,A,0.05,1,2,-0.24059985748808851
80,A,0.05,1,3,-0.026478190317166996
80,A,0.05,1,4,-0.4837423089669249
80,A,0.05,1,5,-0.3135532143497393
80,A,0.05,1,6,-0.15593974966346139
80,A,0.05,1,7,-0.3041225953764657
80,A,0.05,1,8,-0.3483655049436146
80,A,0.05,1,9,-0.4801843928437593
80,A,0.05,2,0,-0.6258638807482731
80,A,0.05,2,1,-0.515624934116598
80,A,0.05,2,2,-0.9210847542172541
80,A,0.05,2,3,-1.0823427780135444
80,A,0.05,2,4,-0.4107620435328966
80,A,0.05,2,5,0.004490387986144095
80,A,0.05,2,6,-0.39234870393891363
80,A,0.05,2,7,0.05472896829478721
80,A,0.05,2,8,-0.9525828951164205
80,A,0.05,2,9,0.036511600475540515
80,A,0.05,3,0,0.12828634261711688
80,A,0.05,3,1,0.08726367584311821
80,A,0.05,3,2,0.1271905331054324
80,A,0.05,3,3,0.07355850209376501
80,A,0.05,3,4,0.9022579316227154
80,A,0.05,3,5,0.042624432084458125
80,A,0.05,3,6,0.06583541472139907
80,A,0.05,3,7,-0.08720111990977637
80,A,0.05,3,8,-0.19342300751020966
80,A,0.05,3,9,-1.0650197354201707
80,A,0.05,4,0,-2.7473339024234114
80,A,0.05,4,1,-2.8258912344879663
80,A,0.05,4,2,-2.702830880958551
80,A,0.05,4,3,-2.7369257352611904
80,A,0.05,4,4,-2.5141749972900316
80,A,0.05,4,5,-2.674936577246097
80,A,0.05,4,6,-2.120151257217317
80,A,0.05,4,7,-2.7816729497042836
80,A,0.05,4,8,-2.8131162343012712
80,A,0.05,4,9,-2.7100182672626865
80,A,0.05,5,0,0.44653762764098914
80,A,0.05,5,1,0.6324663815591964
80,A,0.05,5,2,0.46753603934548993
80,A,0.05,5,3,0.49570853233146955
80,A,0.05,5,4,0.7065032234115401
80,A,0.05,5,5,0.5893516045335504
80,A,0.05,5,6,0.5906006232561815
80,A,0.05,5,7,0.6638772594223439
80,A,0.05,5,8,0.5902625521896702
80,A,0.05,5,9,0.46565087481208217
80,A,0.05,6,0,-0.49610302101855863
80,A,0.05,6,1,-0.33003970109502395
80,A,0.05,6,2,-0.7662695529432854
80,A,0.05,6,3,-0.36055249397505174
80,A,0.05,6,4,-0.5594874972217628
80,A,0.05,6,5,-0.5806502042649677
80,A,0.05,6,6,-0.653177855945886
80,A,0.05,6,7,-0.6178396479081284
80,A,0.05,6,8,-0.7922558025092765
80,A,0.05,6,9,-0.7383148208304752
80,A,0.05,7,0,-0.03858568443614283
80,A,0.05,7,1,0.20415080229385657
80,A,0.05,7,2,0.16625421592945702
80,A,0.05,7,3,0.2533250833776586
80,A,0.05,7,4,0.06612348880965291
80,A,0.05,7,5,0.22381074614252613
80,A,0.05,7,6,0.22868359142985362
80,A,0.05,7,7,0.20565615695816686
80,A,0.05,7,8,0.13889914880080872
80,A,0.05,7,9,0.22127604053249722
80,A,0.05,8,0,-1.6228731909957788
80,A,0.05,8,1,-1.233634404124257
80,A,0.05,8,2,-1.3464128345791062
80,A,0.05,8,3,-1.5647945410486244
80,A,0.05,8,4,-0.766104963461597
80,A,0.05,8,5,-1.3659294338219299
80,A,0.05,8,6,-1.74797568494811
80,A,0.05,8,7,-0.8887878689154254
80,A,0.05,8,8,-1.1815543925066971
80,A,0.05,8,9,-1.4124162227219255
80,A,0.05,9,0,2.83537241400606
80,A,0.05,9,1,2.03391752138048
80,A,0.05,9,2,1.92452885502372
80,A,0.05,9,3,1.555491597578135
80,A,0.05,9,4,2.2237383570575924
80,A,0.05,9,5,1.9026749301401324
80,A,0.05,9,6,1.6405157938193715
80,A,0.05,9,7,2.144986490189977
80,A,0.05,9,8,2.2851344263310707
80,A,0.05,9,9,2.365944889081384
80,B,100,0,0,-0.35768644980937586
80,B,100,0,1,-0.4686742864039704
80,B,100,0,2,-0.44983536262781953
80,B,100,0,3,-0.5934392988120213
80,B,100,0,4,-0.618252461682026
80,B,100,0,5,-0.2571660477408275
80,B,100,0,6,-0.2183106813526498
80,B,100,0,7,-0.25481286547401755
80,B,100,0,8,-0.5014566541238898
80,B,100,0,9,-0.3216766646925691
80,B,100,1,0,-0.2318388041004258
80,B,100,1,1,-0.7747248037004892
80,B,100,1,2,0.27459340970722806
80,B,100,1,3,-1.1632831418644456
80,B,100,1,4,-0.4950275919293195
80,B,100,1,5,-0.24686618574003782
80,B,100,1,6,0.5213418488541367
80,B,100,1,7,-0.7508522806256891
80,B,100,1,8,-0.3575484244152164
80,B,100,1,9,0.1554132628539303
80,B,100,2,0,4.404618602889282
80,B,100,2,1,4.023777817457189
80,B,100,2,2,5.768788466458342
80,B,100,2,3,4.3471741015859
80,B,100,2,4,4.733660041059421
80,B,100,2,5,4.841759012942565
80,B,100,2,6,5.097173682867078
80,B,100,2,7,5.626469125706334
80,B,100,2,8,5.785728173491284
80,B,100,2,9,5.292507045847138
80,B,100,3,0,-2.1480484246606193
80,B,100,3,1,-1.237843508062185
80,B,100,3,2,-1.8685810180458922
80,B,100,3,3,-1.4520371498893294
80,B,100,3,4,-1.7360841754376508
80,B,100,3,5,-1.213589671782165
80,B,100,3,6,-1.7373756878952138
80,B,100,3,7,-1.7926973056283855
80,B,100,3,8,-1.218677034404708
80,B,100,3,9,-1.6480068764139686
80,B,100,4,0,0.951358717196673
80,B,100,4,1,2.0293287460394573
80,B,100,4,2,2.0366058481825786
80,B,100,4,3,1.4408664350522573
80,B,100,4,4,2.020367180327814
80,B,100,4,5,1.8140082153827213
80,B,100,4,6,2.2355341951705814
80,B,100,4,7,2.4469614693077055
80,B,100,4,8,2.2011155546842884
80,B,100,4,9,1.777882225589449
80,B,100,5,0,0.4202420937099838
80,B,100,5,1,0.45048851736069767
80,B,100,5,2,0.6390985266613091
80,B,100,5,3,0.7102701468777148
80,B,100,5,4,0.1210221041999962
80,B,100,5,5,0.6701247167135199
80,B,100,5,6,0.7073212375166502
80,B,100,5,7,0.5547123728222753
80,B,100,5,8,0.2538399466962337
80,B,100,5,9,0.4044435393604515
80,B,100,6,0,1.5831537785528418
80,B,100,6,1,1.8934683957094003
80,B,100,6,2,1.9379285907731967
80,B,100,6,3,2.0312195776766355
80,B,100,6,4,1.7542841850002981
80,B,100,6,5,1.8195051306257632
80,B,100,6,6,2.1052933809635532
80,B,100,6,7,1.2465031655129977
80,B,100,6,8,2.1590680040536765
80,B,100,6,9,1.7501352295420676
80,B,100,7,0,0.8952856340485067
80,B,100,7,1,0.2117726463694533
80,B,100,7,2,0.596003149725286
80,B,100,7,3,0.516777454919859
80,B,100,7,4,0.8796802796532566
80,B,100,7,5,0.4734754909313438
80,B,100,7,6,0.4677632915975024
80,B,100,7,7,0.32865439651792716
80,B,100,7,8,1.3337294488404163
80,B,100,7,9,0.8365662756272705
80,B,100,8,0,-0.7135727082248691
80,B,100,8,1,-0.3518465345775374
80,B,100,8,2,-0.300289125480735
80,B,100,8,3,-0.18486402622171574
80,B,100,8,4,0.20155957837035196
80,B,100,8,5,-0.4132515596043952
80,B,100,8,6,-0.5494620150252552
80,B,100,8,7,-0.027125334728049465
80,B,100,8,8,0.019997278767135758
80,B,100,8,9,-0.41885269141990383
80,B,100,9,0,-0.6185898118058641
80,B,100,9,1,-0.8645501658494735
80,B,100,9,2,-0.8059970109281033
80,B,100,9,3,-0.32378972224332053
80,B,100,9,4,-0.8174251574354604
80,B,100,9,5,-0.43674534363716955
80,B,100,9,6,-0.7703654892243497
80,B,100,9,7,-0.5650910279640124
80,B,100,9,8,-0.6604075898834937
80,B,100,9,9,-0.3386703441219038
81,A,0.05,0,0,0.5425341277043281
81,A,0.05,0,1,-0.02085174140577403
81,A,0.05,0,2,-0.2838132183795474
81,A,0.05,0,3,-0.4096096987071626
81,A,0.05,0,4,0.34472995193558154
81,A,0.05,0,5,0.11178897487268023
81,A,0.05,0,6,0.5609561034445679
81,A,0.05,0,7,0.8815339388026173
81,A,0.05,0,8,0.6702527638143786
81,A,0.05,0,9,0.0011135279521284655
81,A,0.05,1,0,-0.7180333692645253
81,A,0.05,1,1,-0.27947063706186026
81,A,0.05,1,2,-0.6034218673679806
81,A,0.05,1,3,-0.47102166920460076
81,A,0.05,1,4,-0.4449249528357795
81,A,0.05,1,5,-0.7773048247539727
81,A,0.05,1,6,-0.5028709883527931
81,A,0.05,1,7,-0.5539145670484862
81,A,0.05,1,8,-0.3809513028209286
81,A,0.05,1,9,-0.3880125037964386
81,A,0.05,2,0,-0.3728013913680178
81,A,0.05,2,1,0.13257671844900631
81,A,0.05,2,2,0.14263853072891608
81,A,0.05,2,3,-0.22108470615015458
81,A,0.05,2,4,-0.13452954808689382
81,A,0.05,2,5,0.12716532343073136
81,A,0.05,2,6,0.05545650318640187
81,A,0.05,2,7,-0.2785062863883899
81,A,0.05,2,8,0.0006742476177897415
81,A,0.05,2,9,-0.3046601446164027
81,A,0.05,3,0,-0.8492349125717391
81,A,0.05,3,1,-1.4159240974895528
81,A,0.05,3,2,-0.7982970821892209
81,A,0.05,3,3,-1.0435499090227744
81,A,0.05,3,4,-1.1851759864270153
81,A,0.05,3,5,-0.9266287179871793
81,A,0.05,3,6,-0.44419802463065766
81,A,0.05,3,7,-0.5629118490038862
81,A,0.05,3,8,-0.8476859627963271
81,A,0.05,3,9,-0.9105579603666625
81,A,0.05,4,0,1.8090663008700851
81,A,0.05,4,1,1.6432879356962533
81,A,0.05,4,2,1.1326190130619118
81,A,0.05,4,3,2.0192767101963467
81,A,0.05,4,4,1.819574742704498
81,A,0.05,4,5,1.5296837837188648
81,A,0.05,4,6,1.7186533560402644
81,A,0.05,4,7,1.6498659584719744
81,A,0.05,4,8,1.448233937791007
81,A,0.05,4,9,1.576141528282646
81,A,0.05,5,0,0.10752936548288122
81,A,0.05,5,1,0.4440756925954793
81,A,0.05,5,2,0.28715028110125795
81,A,0.05,5,3,0.23020772334849593
81,A,0.05,5,4,0.43927053580260983
81,A,0.05,5,5,0.530312692056128
81,A,0.05,5,6,0.5308880535811917
81,A,0.05,5,7,0.03537158996829122
81,A,0.05,5,8,-0.1085995684620855
81,A,0.05,5,9,0.32182401081506967
81,A,0.05,6,0,-0.16343867818388944
81,A,0.05,6,1,-0.45947256266120934
81,A,0.05,6,2,-0.40512440999443106
81,A,0.05,6,3,-0.8163486911029654
81,A,0.05,6,4,-0.8666906198579118
81,A,0.05,6,5,-0.26880726486439765
81,A,0.05,6,6,-0.5033728287410204
81,A,0.05,6,7,-0.4077441931167001
81,A,0.05,6,8,-0.8397082190730477
81,A,0.05,6,9,-0.43232339831957634
81,A,0.05,7,0,-0.27699292557143923
81,A,0.05,7,1,-0.27625177895371866
81,A,0.05,7,2,-0.33776018248244793
81,A,0.05,7,3,-0.4242694830082131
81,A,0.05,7,4,-0.22800117615129523
81,A,0.05,7,5,-0.009461028997600133
81,A,0.05,7,6,-0.273473883371329
81,A,0.05,7,7,-0.06345492589359797
81,A,0.05,7,8,-0.5038060024018902
81,A,0.05,7,9,-0.18340255779212594
81,A,0.05,8,0,1.8660831681481143
81,A,0.05,8,1,1.639324135817003
81,A,0.05,8,2,1.4457118156420825
81,A,0.05,8,3,1.7094871055033631
81,A,0.05,8,4,1.3670113218270505
81,A,0.05,8,5,1.647988413709633
81,A,0.05,8,6,1.9365026660605609
81,A,0.05,8,7,1.5148003719813403
81,A,0.05,8,8,1.1349245014929559
81,A,0.05,8,9,1.5609852366896328
81,A,0.05,9,0,0.047857396268725275
81,A,0.05,9,1,0.030675609856442708
81,A,0.05,9,2,0.051727446767705916
81,A,0.05,9,3,0.07263082641370383
81,A,0.05,9,4,0.07171262186882983
81,A,0.05,9,5,0.011786215411961174
81,A,0.05,9,6,0.22127106612454042
81,A,0.05,9,7,0.23652998075922052
81,A,0.05,9,8,0.07298070579461542
81,A,0.05,9,9,0.21010226502484322
81,B,100,0,0,0.6635766909663378
81,B,100,0,1,0.20421649814953519
81,B,100,0,2,0.06617950722063898
81,B,100,0,3,0.3263252808894347
81,B,100,0,4,0.2808402358896198
81,B,100,0,5,0.27233833638494515
81,B,100,0,6,0.5563036363690556
81,B,100,0,7,0.23071958671788367
81,B,100,0,8,0.3153809282901679
81,B,100,0,9,0.41551053169097885
81,B,100,1,0,0.5859959582614234
81,B,100,1,1,0.6426342526741061
81,B,100,1,2,0.3863989870271071
81,B,100,1,3,0.49006510378218
81,B,100,1,4,0.700931081791949
81,B,100,1,5,0.3945385094187231
81,B,100,1,6,0.46054541684267863
81,B,100,1,7,0.8335809853787535
81,B,100,1,8,0.4413032775911379
81,B,100,1,9,0.6168419380805269
81,B,100,2,0,-0.03361173198521932
81,B,100,2,1,0.030331545847453643
81,B,100,2,2,-0.06486588447286733
81,B,100,2,3,-0.14183918205209384
81,B,100,2,4,-0.05735141523492366
81,B,100,2,5,-0.006348184983819965
81,B,100,2,6,0.11414751883564465
81,B,100,2,7,-0.23630355953311466
81,B,100,2,8,0.15391504407569864
81,B,100,2,9,-0.024414334015264792
81,B,100,3,0,-1.1512965576435665
81,B,100,3,1,-0.8004180788666957
81,B,100,3,2,-1.0295091202497695
81,B,100,3,3,-0.6947059855776837
81,B,100,3,4,-1.0610955714795522
81,B,100,3,5,-0.7407203947726952
81,B,100,3,6,-1.1296344791578383
81,B,100,3,7,-0.5855398790452678
81,B,100,3,8,-0.6190022409989027
81,B,100,3,9,-0.9495283324730308
81,B,100,4,0,0.1007737984423051
81,B,100,4,1,0.1279494744358095
81,B,100,4,2,0.1288848552189026
81,B,100,4,3,0.04350600558677805
81,B,100,4,4,0.0028834492051382056
81,B,100,4,5,0.015965207522765434
81,B,100,4,6,0.09566793085406566
81,B,100,4,7,0.10619214882099977
81,B,100,4,8,-0.2538017773929288
81,B,100,4,9,0.08076485449752246
81,B,100,5,0,0.14884764623015315
81,B,100,5,1,0.29592052370360467
81,B,100,5,2,0.26245990541086883
81,B,100,5,3,0.23735094908716117
81,B,100,5,4,-0.03799772257860594
81,B,100,5,5,0.367815588621544
81,B,100,5,6,0.3698855985883241
81,B,100,5,7,0.28849277342780755
81,B,100,5,8,0.3501931811440164
81,B,100,5,9,0.04699433230150325
81,B,100,6,0,-0.2089540098437946
81,B,100,6,1,-0.3400204489033684
81,B,100,6,2,-0.039410126646247136
81,B,100,6,3,0.3162512276837586
81,B,100,6,4,-0.16539292146172238
81,B,100,6,5,-0.1316448684552777
81,B,100,6,6,0.08963123711791975
81,B,100,6,7,-0.3214265095378028
81,B,100,6,8,0.20116914302566094
81,B,100,6,9,0.051669678832110426
81,B,100,7,0,-1.4315964476830962
81,B,100,7,1,-1.7433488425572985
81,B,100,7,2,-1.4605985978202538
81,B,100,7,3,-1.5269793335621453
81,B,100,7,4,-1.8898528277671485
81,B,100,7,5,-1.469567407776985
81,B,100,7,6,-1.351083389814496
81,B,100,7,7,-1.5021941132765078
81,B,100,7,8,-1.5964865338826333
81,B,100,7,9,-1.5483729881115462
81,B,100,8,0,-2.5275224757105565
81,B,100,8,1,-1.5197760368934756
81,B,100,8,2,-1.4470112650501885
81,B,100,8,3,-0.6785762877425131
81,B,100,8,4,-1.092914958967296
81,B,100,8,5,-0.09060525541122272
81,B,100,8,6,-0.25845525542213915
81,B,100,8,7,-0.7464779581862145
81,B,100,8,8,-0.6519986231424894
81,B,100,8,9,-1.5920228346726029
81,B,100,9,0,0.6821862119724597
81,B,100,9,1,0.7506468610308371
81,B,100,9,2,0.9431113613636798
81,B,100,9,3,0.6635975615969428
81,B,100,9,4,0.8817280787389916
81,B,100,9,5,0.5588946122008709
81,B,100,9,6,0.9612462892813479
81,B,100,9,7,0.8906694669174133
81,B,100,9,8,0.762863482839713
81,B,100,9,9,1.0070671527021102
82,A,0.05,0,0,-0.8781035004157127
82,A,0.05,0,1,-0.2577179310865278
82,A,0.05,0,2,-0.3305433753054521
82,A,0.05,0,3,-0.844302033069158
82,A,0.05,0,4,-0.1904861919805584
82,A,0.05,0,5,-0.3354431791328205
82,A,0.05,0,6,-0.6402848388881897
82,A,0.05,0,7,-0.09364399770984713
82,A,0.05,0,8,0.0813751595119179
82,A,0.05,0,9,-0.2305142378565518
82,A,0.05,1,0,-0.36568047313093016
82,A,0.05,1,1,-0.8999476117102548
82,A,0.05,1,2,-0.8361213246408097
82,A,0.05,1,3,-1.294600212933073
82,A,0.05,1,4,-0.7639839058002034
82,A,0.05,1,5,-0.7236238791443554
82,A,0.05,1,6,-0.7263445825290596
82,A,0.05,1,7,-0.5363362017401963
82,A,0.05,1,8,-0.3628935070988015
82,A,0.05,1,9,-1.000167040251432
82,A,0.05,2,0,0.42030036443819385
82,A,0.05,2,1,0.13795723347834665
82,A,0.05,2,2,0.38474495036662004
82,A,0.05,2,3,-0.5076740920840569
82,A,0.05,2,4,0.46985613438236584
82,A,0.05,2,5,-0.8701215864565062
82,A,0.05,2,6,-0.17669959186128437
82,A,0.05,2,7,0.373151790922442
82,A,0.05,2,8,0.3649217824681116
82,A,0.05,2,9,0.27539868147033153
82,A,0.05,3,0,1.390708225563604
82,A,0.05,3,1,0.705464599024345
82,A,0.05,3,2,1.9091143088027256
82,A,0.05,3,3,1.0331372177105564
82,A,0.05,3,4,1.8105311894642717
82,A,0.05,3,5,1.9900882709250522
82,A,0.05,3,6,1.8799522204121764
82,A,0.05,3,7,1.7177721740739935
82,A,0.05,3,8,1.7983063211241472
82,A,0.05,3,9,1.6200674438299671
82,A,0.05,4,0,-0.4800913891768714
82,A,0.05,4,1,-0.6760876602529083
82,A,0.05,4,2,-0.7101272374009684
82,A,0.05,4,3,-0.4800808551487951
82,A,0.05,4,4,-0.8632945991913312
82,A,0.05,4,5,-0.5323857901690212
82,A,0.05,4,6,-0.7174926132496456
82,A,0.05,4,7,-0.520751597501263
82,A,0.05,4,8,-0.4701537205805376
82,A,0.05,4,9,-0.7967279600389093
82,A,0.05,5,0,-0.43348898140498854
82,A,0.05,5,1,-0.3003078504756891
82,A,0.05,5,2,0.004065193163780728
82,A,0.05,5,3,0.05340049360424616
82,A,0.05,5,4,-0.021182942714866308
82,A,0.05,5,5,0.15459629919360954
82,A,0.05,5,6,0.09957377401873702
82,A,0.05,5,7,-0.06524935487889173
82,A,0.05,5,8,-0.2629929880727147
82,A,0.05,5,9,-0.35752739695088304
82,A,0.05,6,0,0.29389877992112157
82,A,0.05,6,1,0.25665280029347215
82,A,0.05,6,2,-0.02645464032648873
82,A,0.05,6,3,0.3271689471898988
82,A,0.05,6,4,0.385367678074618
82,A,0.05,6,5,0.28341849612939796
82,A,0.05,6,6,0.011421772531804038
82,A,0.05,6,7,0.08075871888489444
82,A,0.05,6,8,0.24489064591164675
82,A,0.05,6,9,0.21303663452042346
82,A,0.05,7,0,-1.6771129481679048
82,A,0.05,7,1,-2.09867845634372
82,A,0.05,7,2,-1.767825454267342
82,A,0.05,7,3,-1.4729436450340558
82,A,0.05,7,4,-1.5364273180615042
82,A,0.05,7,5,-1.7852803500011118
82,A,0.05,7,6,-1.3258791427696355
82,A,0.05,7,7,-1.3083884022066468
82,A,0.05,7,8,-1.3443957620022333
82,A,0.05,7,9,-1.1298260249708068
82,A,0.05,8,0,0.1660328895108241
82,A,0.05,8,1,-0.1791794326279276
82,A,0.05,8,2,0.19331534506194803
82,A,0.05,8,3,0.4760892494462082
82,A,0.05,8,4,-0.04162838845870495
82,A,0.05,8,5,-0.19711122604646558
82,A,0.05,8,6,-0.3604178063815133
82,A,0.05,8,7,-0.14812150819460257
82,A,0.05,8,8,-0.3895227717852779
82,A,0.05,8,9,0.22825564434686008
82,A,0.05,9,0,0.26308307672824943
82,A,0.05,9,1,0.3731703636928856
82,A,0.05,9,2,-0.11418389017076322
82,A,0.05,9,3,0.16992354461914336
82,A,0.05,9,4,0.0260720075723996
82,A,0.05,9,5,0.13366771735561594
82,A,0.05,9,6,-0.037245670466860496
82,A,0.05,9,7,-0.2285842227538498
82,A,0.05,9,8,0.14820776133029473
82,A,0.05,9,9,0.12270204415011585
82,B,100,0,0,0.3288157681477754
82,B,100,0,1,1.1410039007861692
82,B,100,0,2,0.32635485313828605
82,B,100,0,3,0.5488543266697027
82,B,100,0,4,0.06894318426215683
82,B,100,0,5,-0.2370879657275997
82,B,100,0,6,0.6825932603855392
82,B,100,0,7,0.7602614293980974
82,B,100,0,8,0.3103375361790644
82,B,100,0,9,0.5578178345332819
82,B,100,1,0,0.3987576820714695
82,B,100,1,1,0.5926878617740092
82,B,100,1,2,0.5806591879902566
82,B,100,1,3,0.596736660168428
82,B,100,1,4,0.6416278372926686
82,B,100,1,5,0.787492986866286
82,B,100,1,6,0.8170739473046437
82,B,100,1,7,0.5122837548090544
82,B,100,1,8,1.4124064154033675
82,B,100,1,9,1.0201391576120569
82,B,100,2,0,1.7973356459539789
82,B,100,2,1,2.1601201746582066
82,B,100,2,2,1.7995088970622604
82,B,100,2,3,2.0239556290879688
82,B,100,2,4,1.756946924021724
82,B,100,2,5,1.8765721237724051
82,B,100,2,6,2.005216981961878
82,B,100,2,7,1.516329506742153
82,B,100,2,8,1.5082226598932704
82,B,100,2,9,1.5981138124077052
82,B,100,3,0,-0.1962715331336474
82,B,100,3,1,-0.45157410998753167
82,B,100,3,2,-0.18071751416148435
82,B,100,3,3,0.3947234939296538
82,B,100,3,4,-0.1415598785397086
82,B,100,3,5,-0.2993323381869617
82,B,100,3,6,0.5905408381129887
82,B,100,3,7,0.05627493846814386
82,B,100,3,8,-0.37764008383910946
82,B,100,3,9,-0.3210269272062039
82,B,100,4,0,0.735746324605509
82,B,100,4,1,1.2616560712755227
82,B,100,4,2,0.8514411617002365
82,B,100,4,3,0.8911680742291992
82,B,100,4,4,0.40960830894585964
82,B,100,4,5,0.9610917116511286
82,B,100,4,6,1.1914484066194233
82,B,100,4,7,0.8179826889712428
82,B,100,4,8,1.1651774144697171
82,B,100,4,9,0.8932173729256454
82,B,100,5,0,-0.8560464597980453
82,B,100,5,1,-0.18893592037035936
82,B,100,5,2,-0.5714522656986453
82,B,100,5,3,-0.7887926563884847
82,B,100,5,4,-0.9544434832276798
82,B,100,5,5,-0.4952993877557693
82,B,100,5,6,-0.9068398685933243
82,B,100,5,7,-0.9895520169499622
82,B,100,5,8,-0.7037028207552435
82,B,100,5,9,-0.4595215933623772
82,B,100,6,0,1.9193106810113205
82,B,100,6,1,1.9453416283142901
82,B,100,6,2,1.8307657540295397
82,B,100,6,3,1.9135827692596121
82,B,100,6,4,1.9916946276035403
82,B,100,6,5,1.7599548580480544
82,B,100,6,6,1.971832166648748
82,B,100,6,7,1.8753750138190153
82,B,100,6,8,1.9575304005586724
82,B,100,6,9,1.9672847220073972
82,B,100,7,0,-0.3545944012556079
82,B,100,7,1,0.28033785936988964
82,B,100,7,2,-0.4871540375281342
82,B,100,7,3,-0.3436782731800844
82,B,100,7,4,-0.08744075886000958
82,B,100,7,5,-0.8450874812952316
82,B,100,7,6,-0.39563156832998914
82,B,100,7,7,-0.008277441205855489
82,B,100,7,8,-0.8048469420630028
82,B,100,7,9,-0.6062801828968274
82,B,100,8,0,-0.14311968056269517
82,B,100,8,1,0.051421993717121084
82,B,100,8,2,-0.051323214857540315
82,B,100,8,3,0.04643069447204547
82,B,100,8,4,0.10078618941135889
82,B,100,8,5,-0.00027061571758957477
82,B,100,8,6,0.1648644015794992
82,B,100,8,7,0.021276170432022862
82,B,100,8,8,-0.02962886915049448
82,B,100,8,9,0.12286793309602709
82,B,100,9,0,-0.33857463595276066
82,B,100,9,1,-0.8840691170531823
82,B,100,9,2,-0.46507882745836193
82,B,100,9,3,-0.8652200963669083
82,B,100,9,4,-0.9401967378656443
82,B,100,9,5,-0.873622785523507
82,B,100,9,6,-0.23392913452788863
82,B,100,9,7,-0.20364200699571675
82,B,100,9,8,-0.17856859955848856
82,B,100,9,9,0.053022862603085585
83,A,0.05,0,0,0.856466826033644
83,A,0.05,0,1,1.407356050352089
83,A,0.05,0,2,1.1871205073112319
83,A,0.05,0,3,0.9772942145541776
83,A,0.05,0,4,0.8877925662584615
83,A,0.05,0,5,1.0797812967132645
83,A,0.05,0,6,1.505205776373042
83,A,0.05,0,7,1.1430592728047622
83,A,0.05,0,8,1.0054558409563894
83,A,0.05,0,9,0.96578670599625
83,A,0.05,1,0,-0.7503555383170363
83,A,0.05,1,1,-0.6128457756288506
83,A,0.05,1,2,-0.9122909954956704
83,A,0.05,1,3,-0.5798644805429636
83,A,0.05,1,4,-0.6190156181809442
83,A,0.05,1,5,-0.6495050304229109
83,A,0.05,1,6,-0.6897337046548631
83,A,0.05,1,7,-0.3385361143597916
83,A,0.05,1,8,-0.6459351406578436
83,A,0.05,1,9,-0.7217201233254732
83,A,0.05,2,0,-0.19822069979551044
83,A,0.05,2,1,-0.4361141930727512
83,A,0.05,2,2,-0.2107200264782209
83,A,0.05,2,3,-0.24103116275914194
83,A,0.05,2,4,-0.9379650176230079
83,A,0.05,2,5,-1.0480488578855132
83,A,0.05,2,6,-0.238787713116467
83,A,0.05,2,7,-0.18883494320404515
83,A,0.05,2,8,-0.41722838414575464
83,A,0.05,2,9,-0.7700152045187042
83,A,0.05,3,0,-1.3763612538946668
83,A,0.05,3,1,-1.2703294517200283
83,A,0.05,3,2,-1.4388338750515453
83,A,0.05,3,3,-0.8093554078210488
83,A,0.05,3,4,-0.9912658863992084
83,A,0.05,3,5,-0.8787716777412025
83,A,0.05,3,6,-1.1942955003887799
83,A,0.05,3,7,-0.9663311977433083
83,A,0.05,3,8,-1.056706537775498
83,A,0.05,3,9,-1.1945729794379285
83,A,0.05,4,0,0.4609732865030037
83,A,0.05,4,1,0.6091991630357568
83,A,0.05,4,2,1.0847980711919778
83,A,0.05,4,3,0.8748886710439163
83,A,0.05,4,4,0.8972987061156251
83,A,0.05,4,5,0.9888305479364
83,A,0.05,4,6,1.1082479690268037
83,A,0.05,4,7,0.8249626718480721
83,A,0.05,4,8,1.2595109504017064
83,A,0.05,4,9,1.0241377430392848
83,A,0.05,5,0,-0.5770164743637616
83,A,0.05,5,1,-1.0778350438423034
83,A,0.05,5,2,-0.15738622657049622
83,A,0.05,5,3,-0.8233379403875705
83,A,0.05,5,4,0.2717239392067639
83,A,0.05,5,5,0.10047340655509848
83,A,0.05,5,6,0.07155284278886555
83,A,0.05,5,7,0.19212875323168763
83,A,0.05,5,8,-0.03651285969136873
83,A,0.05,5,9,0.3145382228735282
83,A,0.05,6,0,-0.13350049971450076
83,A,0.05,6,1,0.5328461573433373
83,A,0.05,6,2,0.7958046819112718
83,A,0.05,6,3,-0.2778980463463406
83,A,0.05,6,4,0.9470295823043463
83,A,0.05,6,5,0.6389206797716773
83,A,0.05,6,6,0.7206600369888096
83,A,0.05,6,7,-0.10222155818518365
83,A,0.05,6,8,0.0666514704980671
83,A,0.05,6,9,0.5621589698177725
83,A,0.05,7,0,0.6142080025743584
83,A,0.05,7,1,1.0832950162972357
83,A,0.05,7,2,0.9645370939357617
83,A,0.05,7,3,1.4302968571265888
83,A,0.05,7,4,0.5964963208534589
83,A,0.05,7,5,1.3664416840990947
83,A,0.05,7,6,0.9232021349442153
83,A,0.05,7,7,1.1812531959806716
83,A,0.05,7,8,0.7853106245107759
83,A,0.05,7,9,0.793590939145847
83,A,0.05,8,0,2.265218887204029
83,A,0.05,8,1,1.8473458757886259
83,A,0.05,8,2,2.61898432309497
83,A,0.05,8,3,2.2593057826095397
83,A,0.05,8,4,2.6492966361674997
83,A,0.05,8,5,2.6171463396473653
83,A,0.05,8,6,2.3528885676733173
83,A,0.05,8,7,2.5604993044740434
83,A,0.05,8,8,2.604945290524047
83,A,0.05,8,9,2.480378104253484
83,A,0.05,9,0,2.234772084029171
83,A,0.05,9,1,2.242578845291658
83,A,0.05,9,2,1.9156041877014023
83,A,0.05,9,3,1.6247859752019782
83,A,0.05,9,4,2.195098822983601
83,A,0.05,9,5,2.2350409797133737
83,A,0.05,9,6,1.7239066470892304
83,A,0.05,9,7,2.3494966927883674
83,A,0.05,9,8,2.3984079959842677
83,A,0.05,9,9,2.44954274539815
83,B,100,0,0,0.8140545048033963
83,B,100,0,1,1.1070700010985612
83,B,100,0,2,1.1671141129159543
83,B,100,0,3,1.2183165222568664
83,B,100,0,4,1.0365265829433332
83,B,100,0,5,1.0601410087713796
83,B,100,0,6,1.3843191440186338
83,B,100,0,7,1.050684557422935
83,B,100,0,8,0.9662069688996947
83,B,100,0,9,0.9816790687042745
83,B,100,1,0,-0.2982197563928827
83,B,100,1,1,-0.12795371997904406
83,B,100,1,2,-0.40884037442740667
83,B,100,1,3,-0.3499126847567079
83,B,100,1,4,-0.32244929011127504
83,B,100,1,5,-0.17592114888645582
83,B,100,1,6,-0.06586186082085603
83,B,100,1,7,-0.05058045275866697
83,B,100,1,8,-0.21726774754468153
83,B,100,1,9,0.001807654976945422
83,B,100,2,0,0.5263759318381135
83,B,100,2,1,0.6257310071194003
83,B,100,2,2,0.8009907795216002
83,B,100,2,3,0.686967772977079
83,B,100,2,4,0.5776220924454563
83,B,100,2,5,0.7477966286263092
83,B,100,2,6,0.5905648584902508
83,B,100,2,7,0.690772825244047
83,B,100,2,8,0.6510767834637811
83,B,100,2,9,0.93022225764026
83,B,100,3,0,-1.9851431054259727
83,B,100,3,1,-2.0071813290164933
83,B,100,3,2,-1.6901095503618035
83,B,100,3,3,-2.037218703784544
83,B,100,3,4,-2.2367214740724615
83,B,100,3,5,-1.9031032515053152
83,B,100,3,6,-2.0104569824868723
83,B,100,3,7,-1.7670465079348976
83,B,100,3,8,-2.1960747930907005
83,B,100,3,9,-2.294221900328472
83,B,100,4,0,-1.982414270653474
83,B,100,4,1,-1.480777806741029
83,B,100,4,2,-2.013457066686796
83,B,100,4,3,-1.8084536606348844
83,B,100,4,4,-1.926886761285855
83,B,100,4,5,-1.84619442625352
83,B,100,4,6,-1.7613212876919055
83,B,100,4,7,-2.0593405638075444
83,B,100,4,8,-1.8588742580861255
83,B,100,4,9,-1.7085941988855537
83,B,100,5,0,1.8955209353724913
83,B,100,5,1,1.873361805831807
83,B,100,5,2,2.1115846516026218
83,B,100,5,3,1.2230686955931283
83,B,100,5,4,1.9781797568068042
83,B,100,5,5,2.4756715241568514
83,B,100,5,6,1.6037861443847685
83,B,100,5,7,2.4643776712058245
83,B,100,5,8,2.1684221971507305
83,B,100,5,9,1.8089648664226092
83,B,100,6,0,0.891916750157355
83,B,100,6,1,1.6840546313172744
83,B,100,6,2,1.7762454361290745
83,B,100,6,3,1.254975102966725
83,B,100,6,4,2.001570981153243
83,B,100,6,5,1.0129181643368872
83,B,100,6,6,1.1199040829234639
83,B,100,6,7,1.0139176662545295
83,B,100,6,8,1.1529741683845878
83,B,100,6,9,0.9593899489001555
83,B,100,7,0,0.3420517148554299
83,B,100,7,1,0.3791060052504972
83,B,100,7,2,0.25898183149190107
83,B,100,7,3,0.7704134446022519
83,B,100,7,4,0.2920821882924951
83,B,100,7,5,-0.19818580529841312
83,B,100,7,6,0.4901750728305097
83,B,100,7,7,0.15348471677595132
83,B,100,7,8,-0.013279335497911007
83,B,100,7,9,0.7668540358466739
83,B,100,8,0,1.072226705869598
83,B,100,8,1,1.168793484393899
83,B,100,8,2,1.423444217670105
83,B,100,8,3,0.9876377671961083
83,B,100,8,4,1.563616095033774
83,B,100,8,5,1.6426035278716973
83,B,100,8,6,1.6458078642283824
83,B,100,8,7,1.7103661817725633
83,B,100,8,8,1.5393772405231876
83,B,100,8,9,1.5042115998260432
83,B,100,9,0,0.28538975186786386
83,B,100,9,1,0.19174027967329926
83,B,100,9,2,0.2719266409369776
83,B,100,9,3,0.34677641541001347
83,B,100,9,4,-0.742090478653271
83,B,100,9,5,0.35104531755653545
83,B,100,9,6,0.12903797755986404
83,B,100,9,7,0.2859099569603129
83,B,100,9,8,0.08787894097902677
83,B,100,9,9,0.2274769781248477
84,A,0.05,0,0,-0.08927933580039461
84,A,0.05,0,1,0.43262156371276905
84,A,0.05,0,2,0.13174890774002063
84,A,0.05,0,3,-0.2483678573417853
84,A,0.05,0,4,0.268092727618241
84,A,0.05,0,5,-0.09091549543578649
84,A,0.05,0,6,0.2349044656192566
84,A,0.05,0,7,0.11209536046920326
84,A,0.05,0,8,0.16163320725392485
84,A,0.05,0,9,0.2833354013197012
84,A,0.05,1,0,0.7410538710742579
84,A,0.05,1,1,0.6857784388927822
84,A,0.05,1,2,0.7045780793651584
84,A,0.05,1,3,0.8005705812404511
84,A,0.05,1,4,0.3294524154365329
84,A,0.05,1,5,0.8963031968016116
84,A,0.05,1,6,0.7624592436347486
84,A,0.05,1,7,0.6404564332975751
84,A,0.05,1,8,0.6859564088734261
84,A,0.05,1,9,0.9262725401196968
84,A,0.05,2,0,-0.4910359025401335
84,A,0.05,2,1,-0.10737362585153752
84,A,0.05,2,2,-0.6267652617347877
84,A,0.05,2,3,-0.3939793856605913
84,A,0.05,2,4,-0.17262168131308778
84,A,0.05,2,5,-0.42298824382443445
84,A,0.05,2,6,-0.333801953441631
84,A,0.05,2,7,-0.29279546374386906
84,A,0.05,2,8,-0.08053744280110747
84,A,0.05,2,9,-0.19555438878580012
84,A,0.05,3,0,0.44696357076531473
84,A,0.05,3,1,0.20955461804910194
84,A,0.05,3,2,0.6415672532428778
84,A,0.05,3,3,1.0787119439816624
84,A,0.05,3,4,1.2083405889148833
84,A,0.05,3,5,1.3536041733390283
84,A,0.05,3,6,1.216842031704706
84,A,0.05,3,7,0.47072449047668957
84,A,0.05,3,8,1.5394773053266666
84,A,0.05,3,9,0.16047430364647128
84,A,0.05,4,0,1.3962052307366326
84,A,0.05,4,1,1.6105362082059784
84,A,0.05,4,2,1.7611348303467067
84,A,0.05,4,3,1.5258393693476864
84,A,0.05,4,4,1.3084256380997363
84,A,0.05,4,5,1.2864666478066633
84,A,0.05,4,6,1.6828650078459468
84,A,0.05,4,7,1.4424240473010173
84,A,0.05,4,8,1.6041108833212436
84,A,0.05,4,9,1.7152763628449612
84,A,0.05,5,0,0.502329887910288
84,A,0.05,5,1,0.16628170946586637
84,A,0.05,5,2,0.36896907121170663
84,A,0.05,5,3,0.3366350306630672
84,A,0.05,5,4,0.5411952860106024
84,A,0.05,5,5,0.4332247637286173
84,A,0.05,5,6,0.13733156416899991
84,A,0.05,5,7,0.05729597224706936
84,A,0.05,5,8,0.41709979894280313
84,A,0.05,5,9,0.4236917176546921
84,A,0.05,6,0,0.15846743549870546
84,A,0.05,6,1,0.5333481460388693
84,A,0.05,6,2,0.47801272799985894
84,A,0.05,6,3,0.5579705634306102
84,A,0.05,6,4,0.5729610633850302
84,A,0.05,6,5,0.24833375432578803
84,A,0.05,6,6,0.6807483050454296
84,A,0.05,6,7,0.5577873480306441
84,A,0.05,6,8,0.6887493763965209
84,A,0.05,6,9,0.5715231163734223
84,A,0.05,7,0,-0.5594246651118191
84,A,0.05,7,1,-0.7866000283145739
84,A,0.05,7,2,-0.12200654888881667
84,A,0.05,7,3,-0.9699793344849763
84,A,0.05,7,4,-0.7430591143716757
84,A,0.05,7,5,-0.4785434378876569
84,A,0.05,7,6,-1.1384436030620309
84,A,0.05,7,7,-1.610595202521438
84,A,0.05,7,8,-0.8747343235288579
84,A,0.05,7,9,-0.3435507558886861
84,A,0.05,8,0,-1.168025888871899
84,A,0.05,8,1,-0.7739732702166594
84,A,0.05,8,2,-0.8740044343532021
84,A,0.05,8,3,-1.1249047236813923
84,A,0.05,8,4,-0.6650949515305423
84,A,0.05,8,5,-0.48068623076923656
84,A,0.05,8,6,-1.2011699675889915
84,A,0.05,8,7,-0.8409642633307561
84,A,0.05,8,8,-1.1416477381308636
84,A,0.05,8,9,-0.10471909628768686
84,A,0.05,9,0,0.2515613863027771
84,A,0.05,9,1,1.3304800158248784
84,A,0.05,9,2,-0.6830407355786247
84,A,0.05,9,3,1.135812804893695
84,A,0.05,9,4,0.9923975306362444
84,A,0.05,9,5,0.07872138423189647
84,A,0.05,9,6,1.570558421931972
84,A,0.05,9,7,0.583672707723814
84,A,0.05,9,8,1.0789183527701705
84,A,0.05,9,9,-0.20670178888644516
84,B,100,0,0,-1.0071681649465658
84,B,100,0,1,-0.6277676309968958
84,B,100,0,2,-1.1024289079460734
84,B,100,0,3,-1.007371852640211
84,B,100,0,4,-0.960591255876687
84,B,100,0,5,-1.0063259225530805
84,B,100,0,6,-1.1051152979825423
84,B,100,0,7,-0.9775892650798462
84,B,100,0,8,-1.0526787500895158
84,B,100,0,9,-1.028468578745946
84,B,100,1,0,0.8710306812728614
84,B,100,1,1,0.1247431411274197
84,B,100,1,2,0.46130273107035574
84,B,100,1,3,0.7688237362270559
84,B,100,1,4,0.0855901271366333
84,B,100,1,5,1.2751662554180343
84,B,100,1,6,-0.15068321024279466
84,B,100,1,7,1.1191132058871776
84,B,100,1,8,0.37080738950935116
84,B,100,1,9,-0.08604302505959145
84,B,100,2,0,0.21247823484165823
84,B,100,2,1,-0.40744022530635055
84,B,100,2,2,0.3113263088149211
84,B,100,2,3,0.2367397355112904
84,B,100,2,4,0.09437084831939528
84,B,100,2,5,0.2236372566428558
84,B,100,2,6,0.8682320592902343
84,B,100,2,7,-0.4256961591841512
84,B,100,2,8,-0.04531937383135086
84,B,100,2,9,0.7671708965040109
84,B,100,3,0,-0.3123617157955352
84,B,100,3,1,0.20380384126326123
84,B,100,3,2,0.17086091307821327
84,B,100,3,3,0.1240196172061168
84,B,100,3,4,0.36518672562193455
84,B,100,3,5,0.8862899563741512
84,B,100,3,6,0.400468601042349
84,B,100,3,7,-0.08455381118701967
84,B,100,3,8,-0.5327532977154538
84,B,100,3,9,0.8640369342493429
84,B,100,4,0,-0.05576176229154477
84,B,100,4,1,-0.08719290684309446
84,B,100,4,2,-0.7238046935588399
84,B,100,4,3,0.01183192252450901
84,B,100,4,4,0.018056607158128776
84,B,100,4,5,-0.0269442971248863
84,B,100,4,6,0.016414106392224074
84,B,100,4,7,0.004504515364099774
84,B,100,4,8,-0.05622050622603371
84,B,100,4,9,-0.0013158863305511427
84,B,100,5,0,-2.1220525166278685
84,B,100,5,1,-2.1485102084022203
84,B,100,5,2,-1.8280526201810057
84,B,100,5,3,-1.4247707797797406
84,B,100,5,4,-2.3633761223110707
84,B,100,5,5,-2.041134303213286
84,B,100,5,6,-1.5777117617552598
84,B,100,5,7,-2.29751136511805
84,B,100,5,8,-2.2748474377522725
84,B,100,5,9,-1.657012866050949
84,B,100,6,0,-0.10664933703231912
84,B,100,6,1,0.1004016495792292
84,B,100,6,2,-0.3210660013000983
84,B,100,6,3,0.08357460918691921
84,B,100,6,4,-0.29514976837245904
84,B,100,6,5,-0.19095370747477403
84,B,100,6,6,-0.20936729099020746
84,B,100,6,7,-0.07370442285559986
84,B,100,6,8,-0.6051282910305111
84,B,100,6,9,-0.1665607833654218
84,B,100,7,0,1.7974753752552217
84,B,100,7,1,1.8474015898868281
84,B,100,7,2,1.3761455885321192
84,B,100,7,3,1.5923441305207227
84,B,100,7,4,2.300915548484671
84,B,100,7,5,1.2660107107750156
84,B,100,7,6,2.260598981392354
84,B,100,7,7,1.788948442902043
84,B,100,7,8,1.7922859372318445
84,B,100,7,9,1.9150607205470407
84,B,100,8,0,0.014665916797995253
84,B,100,8,1,0.015059927590981688
84,B,100,8,2,0.05136096318208568
84,B,100,8,3,0.06479978537029013
84,B,100,8,4,0.03115324974825602
84,B,100,8,5,0.07217182239537191
84,B,100,8,6,0.03279106661097875
84,B,100,8,7,-0.07175064434702681
84,B,100,8,8,-0.008507067161979564
84,B,100,8,9,0.04914758893024906
84,B,100,9,0,0.05788631688351548
84,B,100,9,1,0.38627949695959296
84,B,100,9,2,0.3519208386509562
84,B,100,9,3,0.032285687963441875
84,B,100,9,4,-0.051611008091386225
84,B,100,9,5,0.37088739800470455
84,B,100,9,6,0.1779791575469851
84,B,100,9,7,-0.2884610172493686
84,B,100,9,8,0.12270570696195711
84,B,100,9,9,-0.1644516355415444
85,A,0.05,0,0,1.138894126738354
85,A,0.05,0,1,0.5026336652011594
85,A,0.05,0,2,0.9695612456088424
85,A,0.05,0,3,1.1282050507674448
85,A,0.05,0,4,1.0761343097839207
85,A,0.05,0,5,1.110829436775682
85,A,0.05,0,6,0.6611328293120693
85,A,0.05,0,7,1.658999082874246
85,A,0.05,0,8,0.9332181658514238
85,A,0.05,0,9,0.5293403703215513
85,A,0.05,1,0,-0.3364392760215553
85,A,0.05,1,1,-0.5116707421412676
85,A,0.05,1,2,-0.49150902659981577
85,A,0.05,1,3,-0.5733283195610361
85,A,0.05,1,4,-0.4231369152920766
85,A,0.05,1,5,-0.6132907978330725
85,A,0.05,1,6,-0.45502638710253657
85,A,0.05,1,7,-0.5200748777443192
85,A,0.05,1,8,-0.7815505409568975
85,A,0.05,1,9,-0.3605397896487724
85,A,0.05,2,0,-3.054738470485725
85,A,0.05,2,1,-2.4289463145257937
85,A,0.05,2,2,-3.568365225584885
85,A,0.05,2,3,-3.5207542434574504
85,A,0.05,2,4,-2.765001846250985
85,A,0.05,2,5,-3.415772230987133
85,A,0.05,2,6,-2.8978016384194847
85,A,0.05,2,7,-3.9061418647912074
85,A,0.05,2,8,-3.0274393735796568
85,A,0.05,2,9,-3.140515880024116
85,A,0.05,3,0,-0.19395278087051646
85,A,0.05,3,1,-0.11471754292164077
85,A,0.05,3,2,0.9810903218510016
85,A,0.05,3,3,-0.1822913332898235
85,A,0.05,3,4,-0.7409118782534835
85,A,0.05,3,5,-0.8116329769814947
85,A,0.05,3,6,-0.1716211227266514
85,A,0.05,3,7,-0.7048194319611679
85,A,0.05,3,8,-0.3849824389281432
85,A,0.05,3,9,-0.6808801433133153
85,A,0.05,4,0,0.6953636070403917
85,A,0.05,4,1,0.6181406492155316
85,A,0.05,4,2,0.47750819367579656
85,A,0.05,4,3,0.7563491797067222
85,A,0.05,4,4,0.22899154955001463
85,A,0.05,4,5,1.4801456940015605
85,A,0.05,4,6,1.2661260395421525
85,A,0.05,4,7,1.4813056829043374
85,A,0.05,4,8,0.8834962063847134
85,A,0.05,4,9,0.6979070143640906
85,A,0.05,5,0,0.616654299699005
85,A,0.05,5,1,1.003270978477259
85,A,0.05,5,2,1.8727150512138198
85,A,0.05,5,3,0.9074693883681157
85,A,0.05,5,4,0.9137434197034366
85,A,0.05,5,5,1.4301433420121479
85,A,0.05,5,6,1.1052603818428128
85,A,0.05,5,7,1.1479203151466548
85,A,0.05,5,8,1.4012927593207207
85,A,0.05,5,9,0.33214057270850167
85,A,0.05,6,0,-1.0353539354886534
85,A,0.05,6,1,-1.0925326551291508
85,A,0.05,6,2,-1.7001902353104332
85,A,0.05,6,3,-1.3679336592241358
85,A,0.05,6,4,-1.6643835229551645
85,A,0.05,6,5,-1.485710656928367
85,A,0.05,6,6,-1.242330288444884
85,A,0.05,6,7,-1.7407881828068636
85,A,0.05,6,8,-1.168844926709163
85,A,0.05,6,9,-0.6675981002439292
85,A,0.05,7,0,2.17673800560099
85,A,0.05,7,1,2.991012783697981
85,A,0.05,7,2,1.9294262280577106
85,A,0.05,7,3,2.615477289835827
85,A,0.05,7,4,2.1623414656834195
85,A,0.05,7,5,1.970819280482447
85,A,0.05,7,6,2.3916223810480606
85,A,0.05,7,7,2.3164315814946637
85,A,0.05,7,8,1.8973464346772588
85,A,0.05,7,9,2.2817364438348164
85,A,0.05,8,0,-2.0444541524957236
85,A,0.05,8,1,-1.4432335234840985
85,A,0.05,8,2,-2.7366699171878905
85,A,0.05,8,3,-0.252508633312534
85,A,0.05,8,4,-0.25299294360302854
85,A,0.05,8,5,-1.4609335247167878
85,A,0.05,8,6,-0.8532761306134868
85,A,0.05,8,7,-0.2536637197703558
85,A,0.05,8,8,-0.7924579903315803
85,A,0.05,8,9,-0.548029714700466
85,A,0.05,9,0,1.2027217255075822
85,A,0.05,9,1,1.0146411123634198
85,A,0.05,9,2,0.9285578936974952
85,A,0.05,9,3,1.034581848953366
85,A,0.05,9,4,1.2390483342732108
85,A,0.05,9,5,0.8894487399068339
85,A,0.05,9,6,1.1015465063258192
85,A,0.05,9,7,1.2442745641225832
85,A,0.05,9,8,0.8458572227702859
85,A,0.05,9,9,0.9257655055002024
85,B,100,0,0,1.1783742116578653
85,B,100,0,1,1.1874586933957918
85,B,100,0,2,0.7900556497688674
85,B,100,0,3,0.555637294407801
85,B,100,0,4,0.588218504913204
85,B,100,0,5,0.7353585029634714
85,B,100,0,6,0.6088451199222928
85,B,100,0,7,0.8276748136309526
85,B,100,0,8,1.4270520902412012
85,B,100,0,9,0.5320535214274043
85,B,100,1,0,2.2468301636842765
85,B,100,1,1,2.35695225951112
85,B,100,1,2,2.220878882860442
85,B,100,1,3,2.0832091137989894
85,B,100,1,4,1.3804762482602824
85,B,100,1,5,2.2962298851736715
85,B,100,1,6,0.9163030813708378
85,B,100,1,7,2.3794491558891537
85,B,100,1,8,2.0334835017199144
85,B,100,1,9,2.59465037084715
85,B,100,2,0,-0.6170368766329729
85,B,100,2,1,-1.5316445286329106
85,B,100,2,2,-1.2606661789074702
85,B,100,2,3,-0.7879388598403023
85,B,100,2,4,-0.7859695419600414
85,B,100,2,5,-1.163423585867345
85,B,100,2,6,-1.0883784987032257
85,B,100,2,7,-1.4206136378106273
85,B,100,2,8,-1.208043229669484
85,B,100,2,9,-0.6729126962911497
85,B,100,3,0,0.3116801839718615
85,B,100,3,1,0.4827910620085308
85,B,100,3,2,0.24374724093149316
85,B,100,3,3,0.21907413074162965
85,B,100,3,4,0.424160917419575
85,B,100,3,5,-0.13419328076335607
85,B,100,3,6,0.3461904681088476
85,B,100,3,7,0.2260744393534991
85,B,100,3,8,0.4928550578095037
85,B,100,3,9,0.3550255263388647
85,B,100,4,0,0.4073405838315704
85,B,100,4,1,0.37422385593410884
85,B,100,4,2,0.175948479424364
85,B,100,4,3,0.49286792090769505
85,B,100,4,4,0.2521305053025363
85,B,100,4,5,0.3031545593801622
85,B,100,4,6,0.36857727564504195
85,B,100,4,7,0.2920199439002919
85,B,100,4,8,0.3682736868817827
85,B,100,4,9,0.7452684341835241
85,B,100,5,0,1.1501863221216535
85,B,100,5,1,1.4361840592956314
85,B,100,5,2,1.1770678979837796
85,B,100,5,3,1.0007903016284194
85,B,100,5,4,1.1155253274596766
85,B,100,5,5,0.6777549021173275
85,B,100,5,6,0.5497859700639598
85,B,100,5,7,1.4887050848773309
85,B,100,5,8,0.9592807675013566
85,B,100,5,9,0.6656788656904243
85,B,100,6,0,-0.04598101265067775
85,B,100,6,1,-0.1920251543226563
85,B,100,6,2,-0.30940108035628766
85,B,100,6,3,-0.4590553926364228
85,B,100,6,4,-0.6313399032060576
85,B,100,6,5,0.019893259725352528
85,B,100,6,6,-0.795480736729393
85,B,100,6,7,0.4801338468696461
85,B,100,6,8,0.11020334841761076
85,B,100,6,9,-0.14696264183195665
85,B,100,7,0,0.4850797269867405
85,B,100,7,1,0.2432147746020832
85,B,100,7,2,0.9765149373455143
85,B,100,7,3,1.033052563860981
85,B,100,7,4,0.10496092059392888
85,B,100,7,5,0.2404243386758929
85,B,100,7,6,0.9058612827026059
85,B,100,7,7,0.772447181175074
85,B,100,7,8,0.2789401939442564
85,B,100,7,9,0.04454988869847561
85,B,100,8,0,0.4950977850847546
85,B,100,8,1,0.4695632621864453
85,B,100,8,2,0.6157041270338042
85,B,100,8,3,0.518557815481593
85,B,100,8,4,0.5390043155660069
85,B,100,8,5,0.38250224335916166
85,B,100,8,6,0.32234034150835184
85,B,100,8,7,0.24299017413259416
85,B,100,8,8,0.3821698795356681
85,B,100,8,9,0.37951600210780306
85,B,100,9,0,0.0974777384277522
85,B,100,9,1,0.1646677331464507
85,B,100,9,2,0.09530407132267527
85,B,100,9,3,-0.2570387919316412
85,B,100,9,4,0.7347308333233291
85,B,100,9,5,0.13477467875452626
85,B,100,9,6,-0.14757336581998545
85,B,100,9,7,0.41241800472362594
85,B,100,9,8,0.23511934165322254
85,B,100,9,9,-0.29596221798734174
86,A,0.05,0,0,-0.2581419181938348
86,A,0.05,0,1,-0.2501562984088801
86,A,0.05,0,2,-0.2612564762960038
86,A,0.05,0,3,-0.44684604979000114
86,A,0.05,0,4,-0.16493888995232794
86,A,0.05,0,5,-0.3102715096012757
86,A,0.05,0,6,-0.32105801295222364
86,A,0.05,0,7,-0.3776946566581806
86,A,0.05,0,8,-0.5199261074964537
86,A,0.05,0,9,-0.2734232381768233
86,A,0.05,1,0,-0.3236908481649506
86,A,0.05,1,1,-0.24338676374154025
86,A,0.05,1,2,-0.2120330734053419
86,A,0.05,1,3,-0.24840394479554756
86,A,0.05,1,4,-0.4766656488547031
86,A,0.05,1,5,-0.13301174061348936
86,A,0.05,1,6,-0.016650201098812153
86,A,0.05,1,7,-0.00822435583259854
86,A,0.05,1,8,-0.493573896993947
86,A,0.05,1,9,-0.36489617501844407
86,A,0.05,2,0,0.6070284445879134
86,A,0.05,2,1,0.46269119550326515
86,A,0.05,2,2,0.5971972221058619
86,A,0.05,2,3,0.406890585546518
86,A,0.05,2,4,0.37069258610163075
86,A,0.05,2,5,0.20806386529031187
86,A,0.05,2,6,0.4404468711181111
86,A,0.05,2,7,0.29984525420638575
86,A,0.05,2,8,0.24909995001324883
86,A,0.05,2,9,0.605414919099118
86,A,0.05,3,0,-1.0841700592891614
86,A,0.05,3,1,-0.8322188259474634
86,A,0.05,3,2,-0.7632113667005836
86,A,0.05,3,3,-0.8692561665649815
86,A,0.05,3,4,-0.6859480414138895
86,A,0.05,3,5,-0.8056399671394423
86,A,0.05,3,6,-0.8056100545075062
86,A,0.05,3,7,-0.8227558295071241
86,A,0.05,3,8,-0.586850631230256
86,A,0.05,3,9,-0.7764508353559747
86,A,0.05,4,0,1.0814011522758529
86,A,0.05,4,1,1.7184399556110868
86,A,0.05,4,2,0.7788392261887327
86,A,0.05,4,3,1.2853058874830419
86,A,0.05,4,4,0.374031814803959
86,A,0.05,4,5,0.1871213333526111
86,A,0.05,4,6,0.8447520523074142
86,A,0.05,4,7,1.7728410857800894
86,A,0.05,4,8,1.179301948403569
86,A,0.05,4,9,1.866691547237068
86,A,0.05,5,0,-0.44321679866562924
86,A,0.05,5,1,-0.10590600658732055
86,A,0.05,5,2,-0.04621027272218106
86,A,0.05,5,3,0.10422917519951595
86,A,0.05,5,4,0.06860144283044015
86,A,0.05,5,5,-0.0859736551844689
86,A,0.05,5,6,-0.2575021104785103
86,A,0.05,5,7,0.009921515549593859
86,A,0.05,5,8,-0.11747176800477088
86,A,0.05,5,9,0.19708949042853197
86,A,0.05,6,0,1.2797184175680105
86,A,0.05,6,1,1.2368934655244783
86,A,0.05,6,2,2.237368549941809
86,A,0.05,6,3,1.8008497247834985
86,A,0.05,6,4,1.549196857378366
86,A,0.05,6,5,1.0992454112210834
86,A,0.05,6,6,1.8185413609294503
86,A,0.05,6,7,1.5554752650646877
86,A,0.05,6,8,1.8315916505256595
86,A,0.05,6,9,1.7999210782209498
86,A,0.05,7,0,-0.7646767736444992
86,A,0.05,7,1,-0.8782055777038277
86,A,0.05,7,2,-0.3672838533396235
86,A,0.05,7,3,-0.47491703892643894
86,A,0.05,7,4,-0.45702179274393506
86,A,0.05,7,5,-0.10754509656031394
86,A,0.05,7,6,-0.9634601914606334
86,A,0.05,7,7,-0.8926396289090008
86,A,0.05,7,8,-0.7137538447595851
86,A,0.05,7,9,-0.5604623986797834
86,A,0.05,8,0,0.14236180909801427
86,A,0.05,8,1,-0.6015301806947635
86,A,0.05,8,2,-0.08320661839169846
86,A,0.05,8,3,-0.6956296639475861
86,A,0.05,8,4,0.28341217149040543
86,A,0.05,8,5,0.08582641905314621
86,A,0.05,8,6,0.3841942885807321
86,A,0.05,8,7,-0.24717137826437532
86,A,0.05,8,8,-0.12975562192469747
86,A,0.05,8,9,0.1970533103935907
86,A,0.05,9,0,-1.671392846021838
86,A,0.05,9,1,-0.4068405699600598
86,A,0.05,9,2,-1.380935385461979
86,A,0.05,9,3,-1.9431981433739358
86,A,0.05,9,4,-2.1056930735462887
86,A,0.05,9,5,-1.5009158915355745
86,A,0.05,9,6,-2.9382343983619053
86,A,0.05,9,7,-0.7095327399383521
86,A,0.05,9,8,-1.2320784255047859
86,A,0.05,9,9,-0.06031244231451388
86,B,100,0,0,0.941631246212722
86,B,100,0,1,0.8665033730302174
86,B,100,0,2,1.2048799169560775
86,B,100,0,3,0.9337844473967294
86,B,100,0,4,1.1635323454744437
86,B,100,0,5,1.012302334695767
86,B,100,0,6,0.8734692651233128
86,B,100,0,7,1.180491411277711
86,B,100,0,8,0.7722222702988035
86,B,100,0,9,1.259940233660681
86,B,100,1,0,-1.0018984885763478
86,B,100,1,1,-1.1078374458212292
86,B,100,1,2,-1.375370701057151
86,B,100,1,3,-0.3583295376829032
86,B,100,1,4,-0.8697988815172167
86,B,100,1,5,-0.11473265605693825
86,B,100,1,6,-1.281740760522605
86,B,100,1,7,-0.5703693408502774
86,B,100,1,8,-0.566398956911822
86,B,100,1,9,-1.6309679442386247
86,B,100,2,0,-1.29382005730103
86,B,100,2,1,-1.2257893139831664
86,B,100,2,2,-1.2862671392365188
86,B,100,2,3,-0.9417528941247557
86,B,100,2,4,-1.4821802957844867
86,B,100,2,5,-1.2598814862167085
86,B,100,2,6,-1.2553774344501498
86,B,100,2,7,-1.3248840367866976
86,B,100,2,8,-1.3840326102431857
86,B,100,2,9,-1.1599993565702225
86,B,100,3,0,-0.37579651160442706
86,B,100,3,1,-0.3137284001716153
86,B,100,3,2,-0.4848458728644091
86,B,100,3,3,-0.1475710416766635
86,B,100,3,4,-0.12558479560508506
86,B,100,3,5,-0.1731335116625454
86,B,100,3,6,-0.6133395619276316
86,B,100,3,7,-0.1854249047157978
86,B,100,3,8,-0.18657952945600864
86,B,100,3,9,-0.2793782671418191
86,B,100,4,0,0.593736002464842
86,B,100,4,1,1.3304172074447762
86,B,100,4,2,0.8151073217149053
86,B,100,4,3,0.8944546539108281
86,B,100,4,4,0.7328204297349399
86,B,100,4,5,1.2903831554227232
86,B,100,4,6,0.4685780140102058
86,B,100,4,7,0.8221774632145463
86,B,100,4,8,0.7303462654472115
86,B,100,4,9,0.8025957578458266
86,B,100,5,0,0.43509517988760127
86,B,100,5,1,0.1328720159166192
86,B,100,5,2,-0.6096665930355004
86,B,100,5,3,0.35369548571967446
86,B,100,5,4,-0.28563337504040864
86,B,100,5,5,-0.40523799544188105
86,B,100,5,6,0.521061587326567
86,B,100,5,7,0.6994175740793483
86,B,100,5,8,0.7623493509439844
86,B,100,5,9,0.6973477745908976
86,B,100,6,0,-0.8794945731085417
86,B,100,6,1,-1.0133633904973833
86,B,100,6,2,-0.6790014376214061
86,B,100,6,3,-0.9073188705668697
86,B,100,6,4,-0.2069526571711499
86,B,100,6,5,-0.9227493943960308
86,B,100,6,6,-0.8355135479110961
86,B,100,6,7,-0.6361660515361557
86,B,100,6,8,-0.14468213099124014
86,B,100,6,9,-1.231769435429254
86,B,100,7,0,1.090165190502019
86,B,100,7,1,1.5166402823147636
86,B,100,7,2,0.43553299357345826
86,B,100,7,3,0.48319884296276533
86,B,100,7,4,1.4025447377369713
86,B,100,7,5,0.4566535114277324
86,B,100,7,6,0.7715286489466925
86,B,100,7,7,1.6159820716789268
86,B,100,7,8,0.7336264517894527
86,B,100,7,9,1.9169899744827625
86,B,100,8,0,-0.05040513429929878
86,B,100,8,1,0.003115782075275865
86,B,100,8,2,-0.11008132776167592
86,B,100,8,3,-0.25072143339276604
86,B,100,8,4,-0.12718696908537092
86,B,100,8,5,-0.08761459226893974
86,B,100,8,6,0.06436011865525584
86,B,100,8,7,0.12060663535039802
86,B,100,8,8,0.1215714619164296
86,B,100,8,9,-0.09800818067196748
86,B,100,9,0,-0.3240906960850431
86,B,100,9,1,0.05320311652644575
86,B,100,9,2,0.015841737122353556
86,B,100,9,3,-0.10683498744253532
86,B,100,9,4,0.043465654710454174
86,B,100,9,5,-0.1949801938652586
86,B,100,9,6,0.018695133368022893
86,B,100,9,7,0.06670707181012038
86,B,100,9,8,0.19366059858570786
86,B,100,9,9,-0.023952601864884935
87,A,0.05,0,0,1.508625433189656
87,A,0.05,0,1,2.3167834477603253
87,A,0.05,0,2,1.9182124373160143
87,A,0.05,0,3,1.726805643062167
87,A,0.05,0,4,2.920702915605831
87,A,0.05,0,5,2.724868398243824
87,A,0.05,0,6,2.3354569745885625
87,A,0.05,0,7,2.6348576207714913
87,A,0.05,0,8,3.309780909684971
87,A,0.05,0,9,2.9785921515779736
87,A,0.05,1,0,0.4187638975425833
87,A,0.05,1,1,0.16815733240060687
87,A,0.05,1,2,0.06789257670908456
87,A,0.05,1,3,0.10472585416758798
87,A,0.05,1,4,0.9364043156374767
87,A,0.05,1,5,-0.507798953814419
87,A,0.05,1,6,0.5796610353153322
87,A,0.05,1,7,0.0589781142978646
87,A,0.05,1,8,0.051075292375788374
87,A,0.05,1,9,0.22412803142268686
87,A,0.05,2,0,0.023249769108959442
87,A,0.05,2,1,-0.2764977927181261
87,A,0.05,2,2,-0.04064382704303201
87,A,0.05,2,3,-0.1553970754133943
87,A,0.05,2,4,0.2613311615109953
87,A,0.05,2,5,-0.1382476709334199
87,A,0.05,2,6,-0.3131666494846294
87,A,0.05,2,7,0.1106866436197377
87,A,0.05,2,8,-0.10692046353501118
87,A,0.05,2,9,-0.15099462319971046
87,A,0.05,3,0,-3.3286503794239155
87,A,0.05,3,1,-2.2934820609103275
87,A,0.05,3,2,-2.3589495602706134
87,A,0.05,3,3,-2.760139726071247
87,A,0.05,3,4,-3.2618588590177544
87,A,0.05,3,5,-2.0741028118747793
87,A,0.05,3,6,-1.3270097552202287
87,A,0.05,3,7,-2.856355078021833
87,A,0.05,3,8,-2.9715939621060565
87,A,0.05,3,9,-2.386210242986598
87,A,0.05,4,0,0.09808208872392281
87,A,0.05,4,1,0.45484778297555256
87,A,0.05,4,2,0.1426352564891388
87,A,0.05,4,3,0.36816558754822903
87,A,0.05,4,4,0.2693983711849962
87,A,0.05,4,5,0.3502804317664446
87,A,0.05,4,6,0.362785928240814
87,A,0.05,4,7,0.267110155111117
87,A,0.05,4,8,0.11350367436119631
87,A,0.05,4,9,0.4942497523548708
87,A,0.05,5,0,-0.8584358829235329
87,A,0.05,5,1,-0.5070531764121171
87,A,0.05,5,2,-0.7215416358656487
87,A,0.05,5,3,-0.49556003192367687
87,A,0.05,5,4,-0.8536265151159834
87,A,0.05,5,5,-0.894843023014281
87,A,0.05,5,6,-1.0126499514403045
87,A,0.05,5,7,-0.8631575107947648
87,A,0.05,5,8,-1.1080767414465584
87,A,0.05,5,9,-0.9057978069972679
87,A,0.05,6,0,-0.08725215902872106
87,A,0.05,6,1,0.05812042305832459
87,A,0.05,6,2,0.07680075677023342
87,A,0.05,6,3,0.13598284359399854
87,A,0.05,6,4,-0.11213678920220352
87,A,0.05,6,5,0.03989438798990892
87,A,0.05,6,6,0.07808617474699006
87,A,0.05,6,7,-0.01186540051924313
87,A,0.05,6,8,-0.00243055943379176
87,A,0.05,6,9,0.1870808166477908
87,A,0.05,7,0,-0.09023257148795415
87,A,0.05,7,1,-0.19644877199026473
87,A,0.05,7,2,0.04110720098484881
87,A,0.05,7,3,0.13902344360805677
87,A,0.05,7,4,0.17476697722810638
87,A,0.05,7,5,0.2548591203201552
87,A,0.05,7,6,0.035006765268716246
87,A,0.05,7,7,0.1681636199466233
87,A,0.05,7,8,0.06896152757642154
87,A,0.05,7,9,-0.15508559880447306
87,A,0.05,8,0,-0.027700534193452628
87,A,0.05,8,1,-0.2592417905999064
87,A,0.05,8,2,-0.29263011177020937
87,A,0.05,8,3,0.4183712264191891
87,A,0.05,8,4,0.48122356487127954
87,A,0.05,8,5,0.25995805210805034
87,A,0.05,8,6,0.2950841706673233
87,A,0.05,8,7,0.06605672618158706
87,A,0.05,8,8,0.46928466904035365
87,A,0.05,8,9,0.26160071823515907
87,A,0.05,9,0,0.6118375991266841
87,A,0.05,9,1,0.7121628498935723
87,A,0.05,9,2,0.4340091117084888
87,A,0.05,9,3,0.7089085458080998
87,A,0.05,9,4,0.4477852838156466
87,A,0.05,9,5,0.8193692252750677
87,A,0.05,9,6,0.7486261273567734
87,A,0.05,9,7,0.7824684134197187
87,A,0.05,9,8,0.7817100796023518
87,A,0.05,9,9,0.2006276724966473
87,B,100,0,0,1.4599708315413462
87,B,100,0,1,1.1429434335007893
87,B,100,0,2,1.5464893519644178
87,B,100,0,3,1.0298678872978109
87,B,100,0,4,1.509962967157106
87,B,100,0,5,1.5679723303947182
87,B,100,0,6,1.2620805795593948
87,B,100,0,7,0.7073657831881389
87,B,100,0,8,1.1150135502411593
87,B,100,0,9,1.304649129401335
87,B,100,1,0,1.949207759583103
87,B,100,1,1,1.6882986472287314
87,B,100,1,2,1.7731616801525796
87,B,100,1,3,1.8991251728861842
87,B,100,1,4,1.8650903390102034
87,B,100,1,5,2.0887706548283975
87,B,100,1,6,2.3456017589620797
87,B,100,1,7,1.5301756456615356
87,B,100,1,8,2.1552065294043663
87,B,100,1,9,2.4803573128870835
87,B,100,2,0,0.2699115738053595
87,B,100,2,1,0.3420179561492519
87,B,100,2,2,0.2992184756579475
87,B,100,2,3,0.48228359537866633
87,B,100,2,4,0.4867187632793429
87,B,100,2,5,0.5917377709320311
87,B,100,2,6,0.5176432651753485
87,B,100,2,7,0.5042267708378186
87,B,100,2,8,0.6578119985841
87,B,100,2,9,0.6851725616438725
87,B,100,3,0,-0.7330612748003673
87,B,100,3,1,-0.617589045246146
87,B,100,3,2,-0.45675246345304715
87,B,100,3,3,-0.3480293966805283
87,B,100,3,4,-0.5375480732494456
87,B,100,3,5,-0.4040015695148993
87,B,100,3,6,-0.48692313260810294
87,B,100,3,7,-0.5910594403688332
87,B,100,3,8,-0.8724941649245112
87,B,100,3,9,-0.16880367244094707
87,B,100,4,0,1.7329066423370902
87,B,100,4,1,1.8127067130335566
87,B,100,4,2,1.7457048310032868
87,B,100,4,3,1.6020698707771857
87,B,100,4,4,1.452546885655982
87,B,100,4,5,1.8568794846953445
87,B,100,4,6,1.829022781667164
87,B,100,4,7,1.9469058458286346
87,B,100,4,8,1.36316444173842
87,B,100,4,9,1.358761676300241
87,B,100,5,0,0.3920820705950035
87,B,100,5,1,0.17793407594332403
87,B,100,5,2,0.25915268763566734
87,B,100,5,3,-0.12066819186553056
87,B,100,5,4,-0.24518680434126472
87,B,100,5,5,0.10398312662415952
87,B,100,5,6,0.16203220022634146
87,B,100,5,7,-0.1273361249004049
87,B,100,5,8,0.028224666080464287
87,B,100,5,9,0.5870733749478887
87,B,100,6,0,-0.13522739635930936
87,B,100,6,1,-0.2900506821472369
87,B,100,6,2,0.013681197750690205
87,B,100,6,3,0.04840761068736358
87,B,100,6,4,-0.17125306354095815
87,B,100,6,5,0.11395424897492679
87,B,100,6,6,-0.14298267392492553
87,B,100,6,7,0.08084383854554715
87,B,100,6,8,0.023384118236843925
87,B,100,6,9,0.2037056054271505
87,B,100,7,0,0.1204012240792314
87,B,100,7,1,0.6673441991132045
87,B,100,7,2,0.4959899782711903
87,B,100,7,3,0.4126723182941896
87,B,100,7,4,-0.03714116744227447
87,B,100,7,5,-0.10621224976783729
87,B,100,7,6,0.2437311177725509
87,B,100,7,7,-0.04561628650821073
87,B,100,7,8,0.04683156914759643
87,B,100,7,9,0.6785046937637776
87,B,100,8,0,-1.3759523295424474
87,B,100,8,1,-0.8014408705912626
87,B,100,8,2,-0.9500151039837704
87,B,100,8,3,-0.5635606970360645
87,B,100,8,4,-0.9512622126909971
87,B,100,8,5,-0.6904504262052145
87,B,100,8,6,-0.8628794409759525
87,B,100,8,7,-1.252039596271958
87,B,100,8,8,-1.1881217959664185
87,B,100,8,9,-0.8448202032910769
87,B,100,9,0,-0.0180308048673863
87,B,100,9,1,-0.11248549133391786
87,B,100,9,2,-0.09661078789583169
87,B,100,9,3,0.008613899588272519
87,B,100,9,4,-0.005761082679985502
87,B,100,9,5,-0.008183414822727364
87,B,100,9,6,0.0021257503491916266
87,B,100,9,7,-0.004583089986772866
87,B,100,9,8,0.005303128520309034
87,B,100,9,9,-0.006341652150161914
88,A,0.05,0,0,-1.951782282591558
88,A,0.05,0,1,-1.6808522770029475
88,A,0.05,0,2,-1.254939012198558
88,A,0.05,0,3,-1.7404698210234941
88,A,0.05,0,4,-1.2517160151108249
88,A,0.05,0,5,-1.7442199576119544
88,A,0.05,0,6,-1.338049894656222
88,A,0.05,0,7,-1.605743943978235
88,A,0.05,0,8,-1.756494550411318
88,A,0.05,0,9,-1.3880594334119314
88,A,0.05,1,0,-0.8141547833713849
88,A,0.05,1,1,-0.6169791501455639
88,A,0.05,1,2,-0.3186645152926575
88,A,0.05,1,3,-0.7072760824390114
88,A,0.05,1,4,-0.1936446103117989
88,A,0.05,1,5,-0.4938318952287785
88,A,0.05,1,6,-0.28147833935729216
88,A,0.05,1,7,-0.056780344530975004
88,A,0.05,1,8,-0.16882859814961457
88,A,0.05,1,9,-0.20058267217448347
88,A,0.05,2,0,2.511975528202885
88,A,0.05,2,1,2.562640550560857
88,A,0.05,2,2,2.4224679955481436
88,A,0.05,2,3,2.4778056504968453
88,A,0.05,2,4,1.5587368589070507
88,A,0.05,2,5,3.173878841842391
88,A,0.05,2,6,2.420264143636197
88,A,0.05,2,7,2.1087352743416035
88,A,0.05,2,8,2.7910955436575406
88,A,0.05,2,9,2.993613324665182
88,A,0.05,3,0,-0.3285556492679701
88,A,0.05,3,1,-1.369192776126953
88,A,0.05,3,2,-1.0675542394028048
88,A,0.05,3,3,-0.8633263660283294
88,A,0.05,3,4,-0.13183022099254355
88,A,0.05,3,5,-0.8291540445079898
88,A,0.05,3,6,-0.9050037460539948
88,A,0.05,3,7,-0.4767985842690163
88,A,0.05,3,8,-1.6401931880451275
88,A,0.05,3,9,-0.5423431408491634
88,A,0.05,4,0,1.3809074227990679
88,A,0.05,4,1,1.2574298477269295
88,A,0.05,4,2,1.0566946389019993
88,A,0.05,4,3,1.068547898813966
88,A,0.05,4,4,1.3832292377463375
88,A,0.05,4,5,1.2777125475876483
88,A,0.05,4,6,1.6813832275454652
88,A,0.05,4,7,1.437613131965535
88,A,0.05,4,8,0.883679986763535
88,A,0.05,4,9,1.029113247040953
88,A,0.05,5,0,-1.4999595048131298
88,A,0.05,5,1,-1.4951084773731735
88,A,0.05,5,2,-1.7014243302504424
88,A,0.05,5,3,-1.8270842648893293
88,A,0.05,5,4,-1.4653129114316255
88,A,0.05,5,5,-2.3540857042663723
88,A,0.05,5,6,-1.993163519590254
88,A,0.05,5,7,-1.7687780953564645
88,A,0.05,5,8,-1.7884194489103826
88,A,0.05,5,9,-1.9034998047179363
88,A,0.05,6,0,-0.22945528957729303
88,A,0.05,6,1,-0.049198455669116216
88,A,0.05,6,2,-0.5863544441995644
88,A,0.05,6,3,-0.03780436980379478
88,A,0.05,6,4,-0.40186499820142235
88,A,0.05,6,5,-0.3400970481928401
88,A,0.05,6,6,-0.07674157930203858
88,A,0.05,6,7,-0.34699528418387865
88,A,0.05,6,8,-0.5572653657064787
88,A,0.05,6,9,-0.5109334071601616
88,A,0.05,7,0,0.3330132709397984
88,A,0.05,7,1,0.6001110694415503
88,A,0.05,7,2,0.6459448261237543
88,A,0.05,7,3,0.3337355254833285
88,A,0.05,7,4,0.7086976416470423
88,A,0.05,7,5,0.3760551206064498
88,A,0.05,7,6,0.6084525417387874
88,A,0.05,7,7,0.4702637646494789
88,A,0.05,7,8,0.23829528626142818
88,A,0.05,7,9,0.6257844141982174
88,A,0.05,8,0,-0.5927928517190775
88,A,0.05,8,1,-0.3491860526705498
88,A,0.05,8,2,-0.5385723990645447
88,A,0.05,8,3,-0.5507101194756111
88,A,0.05,8,4,-0.6454425724468525
88,A,0.05,8,5,-0.2752091692072539
88,A,0.05,8,6,-0.30045137672809696
88,A,0.05,8,7,-0.8450162146600552
88,A,0.05,8,8,-0.3501791608253049
88,A,0.05,8,9,-0.142015715569658
88,A,0.05,9,0,-0.00930797665711363
88,A,0.05,9,1,-0.048372191300577454
88,A,0.05,9,2,-0.0035636728465701976
88,A,0.05,9,3,0.14209007011498745
88,A,0.05,9,4,0.0865283046211668
88,A,0.05,9,5,0.09039080946213875
88,A,0.05,9,6,0.14402050253518492
88,A,0.05,9,7,0.11037215334863115
88,A,0.05,9,8,0.30174606679975724
88,A,0.05,9,9,0.3356382398154122
88,B,100,0,0,-0.30273122657474905
88,B,100,0,1,-0.40281408894515713
88,B,100,0,2,-0.0909020828384859
88,B,100,0,3,-0.36212478893009337
88,B,100,0,4,-0.6332428823824672
88,B,100,0,5,-0.1914802186563086
88,B,100,0,6,-0.3119895502626188
88,B,100,0,7,-0.37460177708802483
88,B,100,0,8,-0.48956837599184383
88,B,100,0,9,-0.39862149997518265
88,B,100,1,0,0.8764614882027194
88,B,100,1,1,0.510467434565474
88,B,100,1,2,0.419393318565979
88,B,100,1,3,0.6951829307839448
88,B,100,1,4,0.6965369818139859
88,B,100,1,5,0.5319379631209417
88,B,100,1,6,0.5493448331261452
88,B,100,1,7,0.5868603460022138
88,B,100,1,8,0.7509716751254034
88,B,100,1,9,0.7770722958706584
88,B,100,2,0,0.697615706106328
88,B,100,2,1,0.5317708177782895
88,B,100,2,2,0.2363581090185666
88,B,100,2,3,0.749367244841449
88,B,100,2,4,0.7146424817981034
88,B,100,2,5,0.7373439950717131
88,B,100,2,6,1.0532496321094296
88,B,100,2,7,0.13834800919902812
88,B,100,2,8,0.531088458406824
88,B,100,2,9,0.4109312333390906
88,B,100,3,0,-0.4436282693788596
88,B,100,3,1,-0.39748237971153827
88,B,100,3,2,-0.4241527766215829
88,B,100,3,3,-0.1586155904053999
88,B,100,3,4,-1.38190644603185
88,B,100,3,5,-0.22966808960101345
88,B,100,3,6,-0.40332392063127986
88,B,100,3,7,-0.4968480892957809
88,B,100,3,8,-0.21227415769200142
88,B,100,3,9,-1.071917906840637
88,B,100,4,0,0.26366532695471784
88,B,100,4,1,0.5765183755496959
88,B,100,4,2,0.07805430060730757
88,B,100,4,3,0.21813244710434268
88,B,100,4,4,0.7506883229413414
88,B,100,4,5,0.9655480350601876
88,B,100,4,6,0.2674206924441875
88,B,100,4,7,0.9930675049388628
88,B,100,4,8,0.28153272080240366
88,B,100,4,9,0.7546890578649922
88,B,100,5,0,0.6307865245121125
88,B,100,5,1,0.35751551016704025
88,B,100,5,2,0.5644543409838755
88,B,100,5,3,0.6318200020367214
88,B,100,5,4,0.9234735616757502
88,B,100,5,5,1.16652841431508
88,B,100,5,6,1.2178856167057759
88,B,100,5,7,0.768410491874045
88,B,100,5,8,0.7563130453752707
88,B,100,5,9,0.615699931357768
88,B,100,6,0,0.620584139964162
88,B,100,6,1,0.4781837119021568
88,B,100,6,2,0.42307558475081786
88,B,100,6,3,0.47458246947890426
88,B,100,6,4,0.6810472476270184
88,B,100,6,5,0.7453660509632747
88,B,100,6,6,0.3463672919590683
88,B,100,6,7,0.6744962968687824
88,B,100,6,8,0.8072811038120118
88,B,100,6,9,0.700317151714651
88,B,100,7,0,-0.11390207581676039
88,B,100,7,1,-0.2980616035757111
88,B,100,7,2,-0.14697130962755425
88,B,100,7,3,-0.15881463856006356
88,B,100,7,4,-0.1718969406629584
88,B,100,7,5,-0.2900672457756582
88,B,100,7,6,0.022551734542772754
88,B,100,7,7,-0.09017883633818259
88,B,100,7,8,-0.13299419267858179
88,B,100,7,9,-0.12905750742258087
88,B,100,8,0,-0.9261927894236277
88,B,100,8,1,-1.621247082457876
88,B,100,8,2,-0.21300605403194411
88,B,100,8,3,-0.8536004718493632
88,B,100,8,4,-1.1167753392926703
88,B,100,8,5,-1.6355477497901032
88,B,100,8,6,-1.333302128181844
88,B,100,8,7,-0.8078730932084038
88,B,100,8,8,-0.6631425954745602
88,B,100,8,9,-2.2932519204098427
88,B,100,9,0,-1.1720962702944877
88,B,100,9,1,-1.5150569116757469
88,B,100,9,2,-1.207518158711878
88,B,100,9,3,-1.4996957619912226
88,B,100,9,4,-1.1091455100905074
88,B,100,9,5,-0.7115610061047517
88,B,100,9,6,-0.8776127032097315
88,B,100,9,7,-0.6618742254154113
88,B,100,9,8,-0.6170885342415049
88,B,100,9,9,-0.8609342213323824
89,A,0.05,0,0,-1.7456102765464145
89,A,0.05,0,1,-2.099385746212211
89,A,0.05,0,2,-1.3732367714380684
89,A,0.05,0,3,-1.4033360762241283
89,A,0.05,0,4,-1.7637888427024713
89,A,0.05,0,5,-1.85703193841375
89,A,0.05,0,6,-1.6918188309322006
89,A,0.05,0,7,-1.369970365085664
89,A,0.05,0,8,-1.0425234685163567
89,A,0.05,0,9,-0.8724906164571692
89,A,0.05,1,0,1.3191911169352988
89,A,0.05,1,1,0.8241382697690451
89,A,0.05,1,2,1.0796220128852194
89,A,0.05,1,3,1.3739864577710126
89,A,0.05,1,4,1.0970406704879765
89,A,0.05,1,5,1.0722841766799605
89,A,0.05,1,6,1.1837585621927582
89,A,0.05,1,7,0.7619619190225203
89,A,0.05,1,8,0.8087207301899091
89,A,0.05,1,9,1.599671624825921
89,A,0.05,2,0,-0.3897091470638683
89,A,0.05,2,1,-0.3102761971396381
89,A,0.05,2,2,-0.1672083269903365
89,A,0.05,2,3,0.032305076507165985
89,A,0.05,2,4,-0.30307806183423236
89,A,0.05,2,5,0.07160033905661216
89,A,0.05,2,6,-0.302521867377786
89,A,0.05,2,7,-0.17810103276521377
89,A,0.05,2,8,0.11385967248501268
89,A,0.05,2,9,0.2690639487394068
89,A,0.05,3,0,0.9527594228383544
89,A,0.05,3,1,0.2514327617412404
89,A,0.05,3,2,0.03344298447891715
89,A,0.05,3,3,-0.03803691192079523
89,A,0.05,3,4,0.05534793363917802
89,A,0.05,3,5,0.27483296952672637
89,A,0.05,3,6,-0.04049792838183496
89,A,0.05,3,7,-0.023408862565364254
89,A,0.05,3,8,0.1525759251967487
89,A,0.05,3,9,0.48523557255938804
89,A,0.05,4,0,-0.21151928647865254
89,A,0.05,4,1,-0.18744667404350754
89,A,0.05,4,2,-0.3814566569533975
89,A,0.05,4,3,-0.13978091451747754
89,A,0.05,4,4,-0.1718375539791141
89,A,0.05,4,5,-0.3246595062511252
89,A,0.05,4,6,-0.3029237286067857
89,A,0.05,4,7,-0.2585523254382652
89,A,0.05,4,8,-0.4098839376674009
89,A,0.05,4,9,-0.25395560658916977
89,A,0.05,5,0,0.5024292879205854
89,A,0.05,5,1,1.1339053656251246
89,A,0.05,5,2,0.4726139135621602
89,A,0.05,5,3,0.8665656255409423
89,A,0.05,5,4,0.9494810417723878
89,A,0.05,5,5,0.6003065115589856
89,A,0.05,5,6,0.9480850451064515
89,A,0.05,5,7,0.7718008807368664
89,A,0.05,5,8,0.23223262802971245
89,A,0.05,5,9,0.8760374635126281
89,A,0.05,6,0,-1.348462365467069
89,A,0.05,6,1,-0.8751459380661206
89,A,0.05,6,2,-0.9579612468545904
89,A,0.05,6,3,-0.9751277876199872
89,A,0.05,6,4,-1.0103998443229942
89,A,0.05,6,5,-0.9868480219092938
89,A,0.05,6,6,-1.0127471333792033
89,A,0.05,6,7,-1.0730466949808062
89,A,0.05,6,8,-0.7177935324764558
89,A,0.05,6,9,-1.236680673550453
89,A,0.05,7,0,2.147364526932825
89,A,0.05,7,1,1.9616928250884715
89,A,0.05,7,2,1.7150119641445145
89,A,0.05,7,3,1.7936696634796607
89,A,0.05,7,4,0.6938433773455809
89,A,0.05,7,5,1.6835341470246794
89,A,0.05,7,6,2.478630595390573
89,A,0.05,7,7,2.2373065173734874
89,A,0.05,7,8,1.5324230818012836
89,A,0.05,7,9,2.012728555813921
89,A,0.05,8,0,0.8857613921324392
89,A,0.05,8,1,1.1068117204569388
89,A,0.05,8,2,1.0000903106460628
89,A,0.05,8,3,0.9878224250121672
89,A,0.05,8,4,0.9290357271365496
89,A,0.05,8,5,0.8127736683691841
89,A,0.05,8,6,1.1145007738882782
89,A,0.05,8,7,0.5080486219192978
89,A,0.05,8,8,1.0521956815014173
89,A,0.05,8,9,0.9407056548653727
89,A,0.05,9,0,1.275061181725533
89,A,0.05,9,1,2.0153848691952874
89,A,0.05,9,2,1.6289444282643788
89,A,0.05,9,3,2.1069684819176127
89,A,0.05,9,4,1.1891362262867415
89,A,0.05,9,5,1.2049585382368562
89,A,0.05,9,6,2.8889812762766036
89,A,0.05,9,7,1.6665174005909358
89,A,0.05,9,8,1.9079137464696627
89,A,0.05,9,9,2.820395644627999
89,B,100,0,0,0.7478026640445726
89,B,100,0,1,0.4568419731709166
89,B,100,0,2,0.8737047466069865
89,B,100,0,3,0.9251123035945589
89,B,100,0,4,1.1822498449673666
89,B,100,0,5,0.5296844274447756
89,B,100,0,6,0.40537563144646155
89,B,100,0,7,0.5943750236489544
89,B,100,0,8,0.7818062582293259
89,B,100,0,9,0.3715527288652282
89,B,100,1,0,-0.41308520538178783
89,B,100,1,1,-0.36869664049117823
89,B,100,1,2,-0.2885959032974516
89,B,100,1,3,-0.3310732604531512
89,B,100,1,4,-0.36757104428758863
89,B,100,1,5,-0.32831690577233835
89,B,100,1,6,-0.41517616900218174
89,B,100,1,7,-0.5642199281138699
89,B,100,1,8,-0.23033832990792744
89,B,100,1,9,-0.2965585577134063
89,B,100,2,0,-0.7632455595136906
89,B,100,2,1,-1.121124606879306
89,B,100,2,2,-1.5675825687358904
89,B,100,2,3,-1.2822697255739794
89,B,100,2,4,-1.2008658388991316
89,B,100,2,5,-0.667769118329275
89,B,100,2,6,-0.5113027095783262
89,B,100,2,7,-0.46996477918424856
89,B,100,2,8,-0.958233328337519
89,B,100,2,9,-1.5999320803368238
89,B,100,3,0,-0.19731226885389172
89,B,100,3,1,-0.07758496314526284
89,B,100,3,2,-0.15578199977628907
89,B,100,3,3,-0.12850185723511626
89,B,100,3,4,-0.13901031841372308
89,B,100,3,5,-0.09680845431941845
89,B,100,3,6,-0.10638165382818669
89,B,100,3,7,-0.13717440630752464
89,B,100,3,8,-0.1090088655016816
89,B,100,3,9,-0.08981489742412573
89,B,100,4,0,0.5294103761529088
89,B,100,4,1,0.562265608142809
89,B,100,4,2,0.8238629861836215
89,B,100,4,3,0.3687895257204594
89,B,100,4,4,0.6561215062579747
89,B,100,4,5,0.21970349444126855
89,B,100,4,6,0.6079094509858036
89,B,100,4,7,0.41847376616398
89,B,100,4,8,0.8839318583949957
89,B,100,4,9,1.5729524378795732
89,B,100,5,0,-1.4927155418178546
89,B,100,5,1,-1.633115313132062
89,B,100,5,2,-1.9091024156899234
89,B,100,5,3,-1.9607963371780546
89,B,100,5,4,-1.8666555939481815
89,B,100,5,5,-1.8152471834362363
89,B,100,5,6,-1.5375690706816973
89,B,100,5,7,-1.5463010775639934
89,B,100,5,8,-1.9014385198145196
89,B,100,5,9,-1.825736266166661
89,B,100,6,0,-0.9487544961116802
89,B,100,6,1,-0.19266723295536778
89,B,100,6,2,-1.4112657907788717
89,B,100,6,3,-0.0004947301157933163
89,B,100,6,4,0.07114322404821262
89,B,100,6,5,0.05313172879764066
89,B,100,6,6,-0.3048514428420978
89,B,100,6,7,0.07039075398578586
89,B,100,6,8,-0.012364914842615142
89,B,100,6,9,0.03341527244385962
89,B,100,7,0,0.13962475675363806
89,B,100,7,1,-0.008335059384679105
89,B,100,7,2,0.10314410409286591
89,B,100,7,3,0.20627843209322286
89,B,100,7,4,-0.0582555100462683
89,B,100,7,5,0.32042012275044485
89,B,100,7,6,0.11435365907629932
89,B,100,7,7,0.3470928345299203
89,B,100,7,8,0.35556497818458493
89,B,100,7,9,0.17676090709850603
89,B,100,8,0,0.18040219523706266
89,B,100,8,1,0.2708090894444099
89,B,100,8,2,0.3500627291470768
89,B,100,8,3,0.6664711801144138
89,B,100,8,4,0.2127138117436228
89,B,100,8,5,0.6317234090561871
89,B,100,8,6,-0.2932118367285962
89,B,100,8,7,-0.4515710237379366
89,B,100,8,8,0.47775912177197133
89,B,100,8,9,0.1748546142034614
89,B,100,9,0,-1.2122111929033428
89,B,100,9,1,-0.6412926357812113
89,B,100,9,2,-0.529531467163238
89,B,100,9,3,-0.8307959647458255
89,B,100,9,4,-0.8059314149373535
89,B,100,9,5,-0.7018386963663853
89,B,100,9,6,-0.5419410635215994
89,B,100,9,7,-0.4830077355483299
89,B,100,9,8,-0.9313027353407742
89,B,100,9,9,-0.5372421590176589
90,A,0.05,0,0,-0.3268016829111575
90,A,0.05,0,1,-0.07993506933258658
90,A,0.05,0,2,0.016795565339146997
90,A,0.05,0,3,-0.21495073759063185
90,A,0.05,0,4,-0.05345495870381663
90,A,0.05,0,5,-0.11702023841729119
90,A,0.05,0,6,-0.3894298127336128
90,A,0.05,0,7,-0.2165090779445168
90,A,0.05,0,8,-0.21199531183414388
90,A,0.05,0,9,-0.1275181293604646
90,A,0.05,1,0,-0.060307141695761304
90,A,0.05,1,1,-0.23845610563138633
90,A,0.05,1,2,0.014414755479795305
90,A,0.05,1,3,-0.24584516054469494
90,A,0.05,1,4,0.0233738931206085
90,A,0.05,1,5,0.00765739336422474
90,A,0.05,1,6,0.024249175667006188
90,A,0.05,1,7,0.07001745295115497
90,A,0.05,1,8,-0.026804862222159026
90,A,0.05,1,9,0.024260138728540222
90,A,0.05,2,0,0.3743946712272399
90,A,0.05,2,1,0.44297640267168126
90,A,0.05,2,2,0.5490044765123984
90,A,0.05,2,3,0.4051104842994175
90,A,0.05,2,4,1.1142742659278184
90,A,0.05,2,5,0.9783860448818406
90,A,0.05,2,6,0.9100817236924603
90,A,0.05,2,7,1.0485811115520025
90,A,0.05,2,8,0.8312494637950082
90,A,0.05,2,9,0.5393493953100144
90,A,0.05,3,0,-1.2931061498938055
90,A,0.05,3,1,-1.1815290633821558
90,A,0.05,3,2,-0.9912553712180783
90,A,0.05,3,3,-0.937729717824892
90,A,0.05,3,4,-1.0051154582247521
90,A,0.05,3,5,-2.0542411041337187
90,A,0.05,3,6,-1.0137946904472102
90,A,0.05,3,7,-1.1165022669639655
90,A,0.05,3,8,-1.3748729949980247
90,A,0.05,3,9,-2.1480493381268135
90,A,0.05,4,0,0.17778197244932248
90,A,0.05,4,1,-0.2521200115429035
90,A,0.05,4,2,-0.0978822936599422
90,A,0.05,4,3,0.15269299607952846
90,A,0.05,4,4,-0.20212004642334938
90,A,0.05,4,5,-0.17768374682289576
90,A,0.05,4,6,-0.42662870242690804
90,A,0.05,4,7,-0.24996150066316505
90,A,0.05,4,8,-0.10209999930537575
90,A,0.05,4,9,-0.06788852293365263
90,A,0.05,5,0,-0.7309747453457878
90,A,0.05,5,1,-0.14212374003868886
90,A,0.05,5,2,-0.4969806072872421
90,A,0.05,5,3,-0.2780245727046371
90,A,0.05,5,4,-0.040573346259842935
90,A,0.05,5,5,-0.1341407314879641
90,A,0.05,5,6,-0.17773562818946417
90,A,0.05,5,7,-0.15709155856480297
90,A,0.05,5,8,-0.37760586150538666
90,A,0.05,5,9,-0.12942572942303343
90,A,0.05,6,0,-0.3872615827477044
90,A,0.05,6,1,-0.0566354270606586
90,A,0.05,6,2,-0.5889587228541946
90,A,0.05,6,3,0.319067483896009
90,A,0.05,6,4,-0.02946060712404102
90,A,0.05,6,5,-0.2078223395955363
90,A,0.05,6,6,0.7397980547579945
90,A,0.05,6,7,0.255783472701254
90,A,0.05,6,8,0.10939803817005168
90,A,0.05,6,9,0.16692785861225146
90,A,0.05,7,0,0.18498510210821764
90,A,0.05,7,1,0.12300141789356463
90,A,0.05,7,2,0.07540861743036072
90,A,0.05,7,3,0.034080936331743084
90,A,0.05,7,4,0.4308847050232492
90,A,0.05,7,5,0.30257584041591723
90,A,0.05,7,6,0.4633677075157598
90,A,0.05,7,7,0.11828929594347805
90,A,0.05,7,8,-0.015056598804532287
90,A,0.05,7,9,-0.0469620286280564
90,A,0.05,8,0,0.21751601662415845
90,A,0.05,8,1,0.645215377875775
90,A,0.05,8,2,0.06351178578895689
90,A,0.05,8,3,0.5952039065268772
90,A,0.05,8,4,0.4558709749975256
90,A,0.05,8,5,0.7446134966210762
90,A,0.05,8,6,0.45836124433935205
90,A,0.05,8,7,0.8596375247017997
90,A,0.05,8,8,0.4914300169254069
90,A,0.05,8,9,0.4576584679957368
90,A,0.05,9,0,2.899054723015089
90,A,0.05,9,1,2.911828462874395
90,A,0.05,9,2,2.6089224404790574
90,A,0.05,9,3,1.9005400051592611
90,A,0.05,9,4,2.614472333570195
90,A,0.05,9,5,2.393840868114381
90,A,0.05,9,6,1.6390154175220653
90,A,0.05,9,7,2.8573604747300916
90,A,0.05,9,8,3.012768010472081
90,A,0.05,9,9,2.7684637930119345
90,B,100,0,0,-1.2145083263201835
90,B,100,0,1,-1.439504074192301
90,B,100,0,2,-1.5807667518267094
90,B,100,0,3,-0.7970554282230395
90,B,100,0,4,-1.619924905635046
90,B,100,0,5,-1.2249474963476408
90,B,100,0,6,-0.4014122603174501
90,B,100,0,7,-0.9323719857914683
90,B,100,0,8,-1.0277353916817569
90,B,100,0,9,-0.6953498383597999
90,B,100,1,0,1.571481027095197
90,B,100,1,1,1.6621065729537639
90,B,100,1,2,1.8803514239937655
90,B,100,1,3,1.6544706186423925
90,B,100,1,4,1.544543585414049
90,B,100,1,5,1.4591068024900469
90,B,100,1,6,1.3491270325224598
90,B,100,1,7,1.4894097577752998
90,B,100,1,8,1.6732799045353606
90,B,100,1,9,1.9276362621726775
90,B,100,2,0,-0.58570521950244
90,B,100,2,1,-1.1720945094001198
90,B,100,2,2,-0.864591185544831
90,B,100,2,3,0.010833014847566564
90,B,100,2,4,-0.9007188822218226
90,B,100,2,5,-0.9403353686585274
90,B,100,2,6,-1.0519226927685261
90,B,100,2,7,-0.45010795143068116
90,B,100,2,8,-1.5021812606212959
90,B,100,2,9,-1.1384436005127514
90,B,100,3,0,-0.7405157009138914
90,B,100,3,1,-0.3606882146672625
90,B,100,3,2,-0.5888335548860842
90,B,100,3,3,-0.6154880118081294
90,B,100,3,4,-1.8241526986077738
90,B,100,3,5,-0.8276664380467741
90,B,100,3,6,-0.9762637845391388
90,B,100,3,7,-0.9551086286669148
90,B,100,3,8,-0.5101635975067788
90,B,100,3,9,-1.124378246936914
90,B,100,4,0,1.732141160131984
90,B,100,4,1,2.171587599311975
90,B,100,4,2,2.288238958465614
90,B,100,4,3,2.8958958905878336
90,B,100,4,4,2.61199559190102
90,B,100,4,5,2.5442016405178465
90,B,100,4,6,1.8321619906414348
90,B,100,4,7,2.406101569409158
90,B,100,4,8,2.459093686389527
90,B,100,4,9,2.0125360637046663
90,B,100,5,0,0.26354869298216843
90,B,100,5,1,0.23561001605506265
90,B,100,5,2,0.039318037478390126
90,B,100,5,3,0.01755068311975259
90,B,100,5,4,-0.12525999583637243
90,B,100,5,5,-0.060194116712931386
90,B,100,5,6,-0.013085878050307951
90,B,100,5,7,0.11154458786764969
90,B,100,5,8,0.21074010909072952
90,B,100,5,9,-0.15583254584538492
90,B,100,6,0,1.1425122938644403
90,B,100,6,1,0.4760332968311363
90,B,100,6,2,0.37271661230745406
90,B,100,6,3,0.1755686091485595
90,B,100,6,4,0.5243843767054335
90,B,100,6,5,0.43882097315319685
90,B,100,6,6,0.22302997581254713
90,B,100,6,7,0.421389611689756
90,B,100,6,8,0.6378657242837587
90,B,100,6,9,0.3699136614702157
90,B,100,7,0,0.5634442676312418
90,B,100,7,1,0.20238770650652085
90,B,100,7,2,0.8035841029006374
90,B,100,7,3,0.8102653773178694
90,B,100,7,4,0.7189168687019474
90,B,100,7,5,1.0139248010165725
90,B,100,7,6,1.087615007723139
90,B,100,7,7,0.6111679454382772
90,B,100,7,8,0.8427239641878855
90,B,100,7,9,0.42894242089751083
90,B,100,8,0,0.371010890265797
90,B,100,8,1,0.3464287943614036
90,B,100,8,2,0.0786880420546655
90,B,100,8,3,0.4606544347918436
90,B,100,8,4,0.0791481243122096
90,B,100,8,5,0.07826289541098735
90,B,100,8,6,0.058902772925635456
90,B,100,8,7,0.6740882256849146
90,B,100,8,8,0.04958338144217149
90,B,100,8,9,0.10456882625868999
90,B,100,9,0,1.1760950921498878
90,B,100,9,1,1.9636480914695054
90,B,100,9,2,1.4276588325027835
90,B,100,9,3,2.5635137452192183
90,B,100,9,4,0.7383275873543079
90,B,100,9,5,0.6107677547440987
90,B,100,9,6,0.3920022698136507
90,B,100,9,7,1.317168932396591
90,B,100,9,8,0.6029554750304833
90,B,100,9,9,0.4685542328472579
91,A,0.05,0,0,0.24075698121834768
91,A,0.05,0,1,0.3231620111607805
91,A,0.05,0,2,0.2165241244703892
91,A,0.05,0,3,0.16473578331422786
91,A,0.05,0,4,0.43351965154676914
91,A,0.05,0,5,0.4506355720690673
91,A,0.05,0,6,0.5959702586137597
91,A,0.05,0,7,0.02468694838825335
91,A,0.05,0,8,0.54208269607597
91,A,0.05,0,9,0.2927158768169241
91,A,0.05,1,0,0.5211530913596116
91,A,0.05,1,1,-0.21306235211326624
91,A,0.05,1,2,0.27327928776712684
91,A,0.05,1,3,0.14113818946259676
91,A,0.05,1,4,-0.0629205383453552
91,A,0.05,1,5,0.62578234349484
91,A,0.05,1,6,0.7830336264517503
91,A,0.05,1,7,0.1108954532945107
91,A,0.05,1,8,0.3458411500614013
91,A,0.05,1,9,0.3959895315089825
91,A,0.05,2,0,1.1758388292893767
91,A,0.05,2,1,0.7716749119883402
91,A,0.05,2,2,1.0420746698868286
91,A,0.05,2,3,0.951114799127211
91,A,0.05,2,4,0.6870848666651244
91,A,0.05,2,5,0.8124908791294605
91,A,0.05,2,6,1.196567240058004
91,A,0.05,2,7,0.16999935560622917
91,A,0.05,2,8,1.0589329300715753
91,A,0.05,2,9,0.6957268595768444
91,A,0.05,3,0,-0.23391293123270904
91,A,0.05,3,1,-0.07235519672963225
91,A,0.05,3,2,-0.08362296846757279
91,A,0.05,3,3,-0.164807388349257
91,A,0.05,3,4,-0.1465153476754229
91,A,0.05,3,5,-0.27810836378777554
91,A,0.05,3,6,0.2254177233023968
91,A,0.05,3,7,0.036571988146457395
91,A,0.05,3,8,0.26942165833885223
91,A,0.05,3,9,0.0169654374999488
91,A,0.05,4,0,-0.4621980502741675
91,A,0.05,4,1,-0.3783533564003456
91,A,0.05,4,2,-0.2720242037184019
91,A,0.05,4,3,-0.11373475229026693
91,A,0.05,4,4,-0.5982601665153996
91,A,0.05,4,5,-0.17093272340790272
91,A,0.05,4,6,-0.1414581456638558
91,A,0.05,4,7,-0.3227336352829719
91,A,0.05,4,8,0.15182197914696183
91,A,0.05,4,9,0.15378003021138145
91,A,0.05,5,0,-0.2918449525142866
91,A,0.05,5,1,-0.11528735470133013
91,A,0.05,5,2,0.615868931536041
91,A,0.05,5,3,-0.1985699627826764
91,A,0.05,5,4,0.06261445999503147
91,A,0.05,5,5,-1.6380370516735866e-05
91,A,0.05,5,6,0.29673343117930395
91,A,0.05,5,7,-0.3477127598394379
91,A,0.05,5,8,0.04880853747208421
91,A,0.05,5,9,0.33586548615679784
91,A,0.05,6,0,0.6518805103739924
91,A,0.05,6,1,0.2548132222567559
91,A,0.05,6,2,1.1026670021778537
91,A,0.05,6,3,0.5509388952324249
91,A,0.05,6,4,1.477392807673201
91,A,0.05,6,5,1.410653159150768
91,A,0.05,6,6,1.4978725666062673
91,A,0.05,6,7,1.002429249046792
91,A,0.05,6,8,1.14040746394567
91,A,0.05,6,9,0.9061150654700763
91,A,0.05,7,0,1.5221407599845274
91,A,0.05,7,1,1.151436973734929
91,A,0.05,7,2,1.4640040305666524
91,A,0.05,7,3,1.4139898523828631
91,A,0.05,7,4,1.116544078762834
91,A,0.05,7,5,1.8142207916824835
91,A,0.05,7,6,1.2974457030726965
91,A,0.05,7,7,1.3259163420402762
91,A,0.05,7,8,1.919226102302913
91,A,0.05,7,9,1.46702427644302
91,A,0.05,8,0,-0.43975407726672383
91,A,0.05,8,1,0.1514238015618944
91,A,0.05,8,2,0.771731221650459
91,A,0.05,8,3,0.6775835213308633
91,A,0.05,8,4,-0.38715148862233123
91,A,0.05,8,5,0.8209780868463977
91,A,0.05,8,6,0.17375079508361507
91,A,0.05,8,7,0.7798078098986791
91,A,0.05,8,8,0.7206218996496312
91,A,0.05,8,9,0.613019990505499
91,A,0.05,9,0,-0.18882436024085528
91,A,0.05,9,1,-0.7474225569995311
91,A,0.05,9,2,-1.4517809445307126
91,A,0.05,9,3,-0.3387910493113579
91,A,0.05,9,4,-0.17772852562628144
91,A,0.05,9,5,-0.44356653405617535
91,A,0.05,9,6,-0.9041424549259921
91,A,0.05,9,7,-0.3179182093262169
91,A,0.05,9,8,-0.3168796508449039
91,A,0.05,9,9,-1.3599035279109224
91,B,100,0,0,-0.43309414835433785
91,B,100,0,1,-1.0780558297489957
91,B,100,0,2,-0.6541993955055055
91,B,100,0,3,-0.7620093049733032
91,B,100,0,4,-0.23581951847234353
91,B,100,0,5,-0.4502501815256484
91,B,100,0,6,-0.41636743553013644
91,B,100,0,7,-0.5950159086047746
91,B,100,0,8,-0.1123555865436302
91,B,100,0,9,-0.6175315289728961
91,B,100,1,0,-0.8785010148163528
91,B,100,1,1,-0.7011136395046714
91,B,100,1,2,-1.1331091141211684
91,B,100,1,3,-0.9764426693980184
91,B,100,1,4,-0.6471635436007626
91,B,100,1,5,-0.46317384341557344
91,B,100,1,6,-0.10233820088177087
91,B,100,1,7,-0.36303019368012784
91,B,100,1,8,-1.7161954226501537
91,B,100,1,9,-1.5165390185263745
91,B,100,2,0,-2.0199692392479225
91,B,100,2,1,-1.55400604854761
91,B,100,2,2,-1.1133438599162666
91,B,100,2,3,-0.6798927970919887
91,B,100,2,4,-1.4442890377036497
91,B,100,2,5,-1.9441472235664903
91,B,100,2,6,-1.48676046555312
91,B,100,2,7,-1.9530339168068453
91,B,100,2,8,-1.8190330277823572
91,B,100,2,9,-1.577040841493391
91,B,100,3,0,-0.3857142111442583
91,B,100,3,1,-0.6333421038589445
91,B,100,3,2,-0.7242644373512718
91,B,100,3,3,-0.7427659347872322
91,B,100,3,4,-0.20831230744334325
91,B,100,3,5,-0.7702215451411637
91,B,100,3,6,-0.48166819969373925
91,B,100,3,7,-0.37249063313765535
91,B,100,3,8,-0.42710269540358414
91,B,100,3,9,-0.8690982520480841
91,B,100,4,0,0.838131064417149
91,B,100,4,1,0.4457761324685772
91,B,100,4,2,0.5669334612772114
91,B,100,4,3,0.585788134466418
91,B,100,4,4,0.8301133236354192
91,B,100,4,5,0.6975792449365723
91,B,100,4,6,0.7065389670378062
91,B,100,4,7,0.5672849252647211
91,B,100,4,8,0.518535935497419
91,B,100,4,9,0.5013443853144256
91,B,100,5,0,0.2248506496030512
91,B,100,5,1,-0.3404432105949682
91,B,100,5,2,-0.34001314756516154
91,B,100,5,3,-0.16581946580427556
91,B,100,5,4,-0.16748413485389763
91,B,100,5,5,-0.04721459553662733
91,B,100,5,6,0.09918362343911431
91,B,100,5,7,0.018021251803189833
91,B,100,5,8,-0.3178964371341888
91,B,100,5,9,-0.08458688151344389
91,B,100,6,0,0.45257011440587286
91,B,100,6,1,0.49538209728068794
91,B,100,6,2,0.7723754987220596
91,B,100,6,3,1.0077628078491763
91,B,100,6,4,0.5063579445846623
91,B,100,6,5,0.7806711848685541
91,B,100,6,6,0.6108897235600671
91,B,100,6,7,0.8772340586168721
91,B,100,6,8,0.5619883617160136
91,B,100,6,9,0.9722762726706172
91,B,100,7,0,-0.3175709637956095
91,B,100,7,1,-0.33136528606459237
91,B,100,7,2,-0.3821064667397177
91,B,100,7,3,-0.3212885397497161
91,B,100,7,4,-0.5202708787712658
91,B,100,7,5,-0.4693062720791894
91,B,100,7,6,-0.2091649273101959
91,B,100,7,7,-0.4442790036926611
91,B,100,7,8,-0.3542502950342023
91,B,100,7,9,-0.10547073794483557
91,B,100,8,0,0.28603436095095136
91,B,100,8,1,0.8395190070009743
91,B,100,8,2,0.35693754595229027
91,B,100,8,3,0.7627243931480567
91,B,100,8,4,0.0023690411467121152
91,B,100,8,5,0.5860094097045743
91,B,100,8,6,0.6311812031176962
91,B,100,8,7,0.5594194225229446
91,B,100,8,8,0.6164829551318163
91,B,100,8,9,0.8264912440080903
91,B,100,9,0,-1.1596462689245055
91,B,100,9,1,-1.4771859386816428
91,B,100,9,2,-1.0329658509784299
91,B,100,9,3,-1.3702297454774002
91,B,100,9,4,-0.8520819108556755
91,B,100,9,5,-1.187807521956983
91,B,100,9,6,-1.1020145435981192
91,B,100,9,7,-0.9631320181439857
91,B,100,9,8,-1.1016878747777525
91,B,100,9,9,-1.4505515299600567
92,A,0.05,0,0,-1.507693588245823
92,A,0.05,0,1,-0.8151091914387989
92,A,0.05,0,2,-1.0606018595497777
92,A,0.05,0,3,-1.1477645997529649
92,A,0.05,0,4,-0.6964683137545193
92,A,0.05,0,5,-1.210452348348227
92,A,0.05,0,6,-1.2666150460876884
92,A,0.05,0,7,-0.6717976425608849
92,A,0.05,0,8,-1.0520354566775902
92,A,0.05,0,9,-0.6262599005234895
92,A,0.05,1,0,0.38023489287853135
92,A,0.05,1,1,0.5439122741224719
92,A,0.05,1,2,0.45420204521039526
92,A,0.05,1,3,0.5900262881569256
92,A,0.05,1,4,0.5993149470733851
92,A,0.05,1,5,0.39800515226217476
92,A,0.05,1,6,0.48454306278764697
92,A,0.05,1,7,0.46048940254386944
92,A,0.05,1,8,0.3423113994199375
92,A,0.05,1,9,0.6671664482607945
92,A,0.05,2,0,1.189790685315518
92,A,0.05,2,1,0.7826470543888903
92,A,0.05,2,2,0.9189062961061776
92,A,0.05,2,3,1.2676690102346717
92,A,0.05,2,4,0.47849825550262426
92,A,0.05,2,5,1.9757723519129342
92,A,0.05,2,6,1.4013901928939292
92,A,0.05,2,7,1.3372650180540766
92,A,0.05,2,8,0.49790262261114243
92,A,0.05,2,9,1.532596518651806
92,A,0.05,3,0,0.7536550186001703
92,A,0.05,3,1,0.716018676199013
92,A,0.05,3,2,0.9988422249455318
92,A,0.05,3,3,0.7166157723684697
92,A,0.05,3,4,1.6932177735643223
92,A,0.05,3,5,1.005869904197982
92,A,0.05,3,6,0.8670991572444949
92,A,0.05,3,7,1.8735300773919534
92,A,0.05,3,8,1.3994667464456838
92,A,0.05,3,9,1.7000693929826614
92,A,0.05,4,0,-0.24609408886569437
92,A,0.05,4,1,-1.7507805426083831
92,A,0.05,4,2,-1.0260198432978709
92,A,0.05,4,3,-0.9651548075612407
92,A,0.05,4,4,-0.4653270100668149
92,A,0.05,4,5,-1.5957680336175972
92,A,0.05,4,6,-0.6899104411079064
92,A,0.05,4,7,-0.7703952219184699
92,A,0.05,4,8,-1.1945206167637414
92,A,0.05,4,9,-0.9410290331995941
92,A,0.05,5,0,0.12119952029374163
92,A,0.05,5,1,0.06615913145960355
92,A,0.05,5,2,0.12763790060914673
92,A,0.05,5,3,-0.1637661598086193
92,A,0.05,5,4,-0.2829779471630797
92,A,0.05,5,5,-0.17471355913497846
92,A,0.05,5,6,0.007730452566097805
92,A,0.05,5,7,0.20071333636259547
92,A,0.05,5,8,-0.17610530866710147
92,A,0.05,5,9,-0.14530815615601458
92,A,0.05,6,0,1.1048945178812002
92,A,0.05,6,1,1.196375641068317
92,A,0.05,6,2,1.1313176398229436
92,A,0.05,6,3,0.8698978447383794
92,A,0.05,6,4,0.8736440779744192
92,A,0.05,6,5,1.2374490775731553
92,A,0.05,6,6,1.3735582144555583
92,A,0.05,6,7,1.0384142476200666
92,A,0.05,6,8,1.3399722638808664
92,A,0.05,6,9,1.307973265524922
92,A,0.05,7,0,2.345376819142683
92,A,0.05,7,1,2.5983243194868177
92,A,0.05,7,2,2.307356370982732
92,A,0.05,7,3,1.9197719996391558
92,A,0.05,7,4,2.296809881471824
92,A,0.05,7,5,2.09511767874061
92,A,0.05,7,6,1.9493041911722475
92,A,0.05,7,7,2.603998714365384
92,A,0.05,7,8,1.982950312745194
92,A,0.05,7,9,2.584518755104413
92,A,0.05,8,0,1.2380514333991575
92,A,0.05,8,1,1.4483800967470417
92,A,0.05,8,2,1.649055591917139
92,A,0.05,8,3,1.2527206930494463
92,A,0.05,8,4,1.4257463044935612
92,A,0.05,8,5,1.3240594405204436
92,A,0.05,8,6,1.4879493609142795
92,A,0.05,8,7,1.0834271340895463
92,A,0.05,8,8,1.1556981711751488
92,A,0.05,8,9,1.438982796971972
92,A,0.05,9,0,-1.7037534858000196
92,A,0.05,9,1,-1.3914884648889683
92,A,0.05,9,2,-0.8824896990139324
92,A,0.05,9,3,-0.7535425830921059
92,A,0.05,9,4,-1.2991270308471763
92,A,0.05,9,5,-0.2934380197519335
92,A,0.05,9,6,-0.07052516139302467
92,A,0.05,9,7,-0.8019558441345688
92,A,0.05,9,8,-0.5290148942966383
92,A,0.05,9,9,-1.2476568916915944
92,B,100,0,0,-0.7496998018873756
92,B,100,0,1,-0.3318245502443606
92,B,100,0,2,0.6585664628233732
92,B,100,0,3,0.4008453085401865
92,B,100,0,4,-0.5970927653814422
92,B,100,0,5,0.750466498280222
92,B,100,0,6,0.5650123057878992
92,B,100,0,7,0.5400931385839507
92,B,100,0,8,0.10229196229821821
92,B,100,0,9,0.5169700293979173
92,B,100,1,0,0.15209570164655611
92,B,100,1,1,0.13923822251780804
92,B,100,1,2,0.15232294774678598
92,B,100,1,3,0.2793243742447393
92,B,100,1,4,0.17371133051795748
92,B,100,1,5,0.1588241737769873
92,B,100,1,6,0.10211203717489667
92,B,100,1,7,0.1523411487894002
92,B,100,1,8,0.1649315789602208
92,B,100,1,9,0.18994853668594078
92,B,100,2,0,-0.23395219188439836
92,B,100,2,1,0.21744169995817042
92,B,100,2,2,0.4098725065240048
92,B,100,2,3,0.4245783976118636
92,B,100,2,4,0.030358849820000738
92,B,100,2,5,0.5755372166266731
92,B,100,2,6,-0.04296349718478059
92,B,100,2,7,0.5236824406982973
92,B,100,2,8,0.19693502806924973
92,B,100,2,9,0.1826690001495392
92,B,100,3,0,1.3359541968970554
92,B,100,3,1,1.229716981970757
92,B,100,3,2,1.3415925116618894
92,B,100,3,3,1.189176474203682
92,B,100,3,4,1.6285702633530155
92,B,100,3,5,1.646573197110861
92,B,100,3,6,1.1546880676375104
92,B,100,3,7,1.210215095157926
92,B,100,3,8,1.4334295158674766
92,B,100,3,9,1.0276412207858645
92,B,100,4,0,0.6329884062302621
92,B,100,4,1,0.36194228695528274
92,B,100,4,2,0.403378010024865
92,B,100,4,3,0.7945980660368486
92,B,100,4,4,0.6806586888459635
92,B,100,4,5,0.4224383522696821
92,B,100,4,6,0.3360261514690028
92,B,100,4,7,0.6886411649042625
92,B,100,4,8,0.7680336918625462
92,B,100,4,9,0.44592370563465816
92,B,100,5,0,1.9154481433685246
92,B,100,5,1,1.5534171036249296
92,B,100,5,2,1.9317465436439545
92,B,100,5,3,1.850974478643543
92,B,100,5,4,1.7627135226183204
92,B,100,5,5,2.202535307828887
92,B,100,5,6,1.804508601757891
92,B,100,5,7,1.8753446136226606
92,B,100,5,8,1.5956175802226302
92,B,100,5,9,1.543781440572662
92,B,100,6,0,0.23215453440919753
92,B,100,6,1,0.2274057483292774
92,B,100,6,2,-0.07633922823230821
92,B,100,6,3,0.173114315246191
92,B,100,6,4,0.07321197965453179
92,B,100,6,5,0.13445218981765134
92,B,100,6,6,-0.01690529726729836
92,B,100,6,7,0.18346420909365657
92,B,100,6,8,0.12253030439839906
92,B,100,6,9,0.20418161191798564
92,B,100,7,0,0.0002747362358371167
92,B,100,7,1,0.5485228501534557
92,B,100,7,2,1.2899674076869712
92,B,100,7,3,2.1548414693312736
92,B,100,7,4,1.2544539448732839
92,B,100,7,5,0.36357707660215677
92,B,100,7,6,2.840669244970454
92,B,100,7,7,1.4461626374026602
92,B,100,7,8,-0.3947484147500146
92,B,100,7,9,-0.04762454867393103
92,B,100,8,0,-0.6577399319227432
92,B,100,8,1,-0.7383199883347361
92,B,100,8,2,-0.9086772718112565
92,B,100,8,3,-1.4542731163572498
92,B,100,8,4,-0.23877088455246545
92,B,100,8,5,0.38671347474048756
92,B,100,8,6,0.430463055718758
92,B,100,8,7,0.14914839408500477
92,B,100,8,8,0.6647707687949077
92,B,100,8,9,-0.09170591299950029
92,B,100,9,0,0.18011068199791508
92,B,100,9,1,0.227714795848393
92,B,100,9,2,-0.11054460438300792
92,B,100,9,3,0.3449368528014315
92,B,100,9,4,-0.10679757289936899
92,B,100,9,5,0.29585380081399626
92,B,100,9,6,0.20265176775958216
92,B,100,9,7,-0.030346647003501852
92,B,100,9,8,-0.23372005193350148
92,B,100,9,9,0.24078716134037834
93,A,0.05,0,0,-0.12281166510454083
93,A,0.05,0,1,0.03450250550304982
93,A,0.05,0,2,-0.17861324978941712
93,A,0.05,0,3,-0.17498113830917322
93,A,0.05,0,4,-0.07534175592494075
93,A,0.05,0,5,0.2909529513411443
93,A,0.05,0,6,0.19932435365484316
93,A,0.05,0,7,0.04471463833648371
93,A,0.05,0,8,0.20741410929169157
93,A,0.05,0,9,0.07966864683895102
93,A,0.05,1,0,0.29640514575312177
93,A,0.05,1,1,0.29973293989892663
93,A,0.05,1,2,0.4411690501280429
93,A,0.05,1,3,0.2656987920385472
93,A,0.05,1,4,0.02722785956750103
93,A,0.05,1,5,0.20478439659017922
93,A,0.05,1,6,0.06083614987785083
93,A,0.05,1,7,0.32596589375245605
93,A,0.05,1,8,0.07817789333042827
93,A,0.05,1,9,0.12062897037861652
93,A,0.05,2,0,0.22959007673646356
93,A,0.05,2,1,0.8788723567427452
93,A,0.05,2,2,0.5336322644621156
93,A,0.05,2,3,-0.281324209914961
93,A,0.05,2,4,0.8264687916875915
93,A,0.05,2,5,0.8015797963258083
93,A,0.05,2,6,1.2324011674429767
93,A,0.05,2,7,1.42648337489775
93,A,0.05,2,8,0.8059449190500324
93,A,0.05,2,9,1.0539765735533198
93,A,0.05,3,0,0.6821498456668308
93,A,0.05,3,1,1.4155450772476437
93,A,0.05,3,2,1.7009914627138962
93,A,0.05,3,3,2.213418846713666
93,A,0.05,3,4,1.8122612932484887
93,A,0.05,3,5,1.753949812400745
93,A,0.05,3,6,1.353491256981238
93,A,0.05,3,7,1.5966052185620676
93,A,0.05,3,8,2.3427324227911197
93,A,0.05,3,9,1.4130135271636468
93,A,0.05,4,0,-2.1356528095863525
93,A,0.05,4,1,-1.1099762315321353
93,A,0.05,4,2,-1.1903651156130783
93,A,0.05,4,3,-1.319552867131503
93,A,0.05,4,4,-1.6638036360593709
93,A,0.05,4,5,-0.7459231172448789
93,A,0.05,4,6,-1.4289555460796728
93,A,0.05,4,7,-1.081762473569602
93,A,0.05,4,8,-0.5556642828275531
93,A,0.05,4,9,-1.3315275326315272
93,A,0.05,5,0,0.6289620010124146
93,A,0.05,5,1,0.7210177972371008
93,A,0.05,5,2,0.9441272725744793
93,A,0.05,5,3,0.5069637240219667
93,A,0.05,5,4,1.0281005826204657
93,A,0.05,5,5,0.7573032801729149
93,A,0.05,5,6,0.7107584242107428
93,A,0.05,5,7,1.17848874400186
93,A,0.05,5,8,1.0101649770324623
93,A,0.05,5,9,0.7104376073635104
93,A,0.05,6,0,-0.35952105127406386
93,A,0.05,6,1,0.18244793637933485
93,A,0.05,6,2,-0.12006449074308576
93,A,0.05,6,3,-0.41771208048254477
93,A,0.05,6,4,0.2565296916595639
93,A,0.05,6,5,-0.2513642392204448
93,A,0.05,6,6,-0.3013631753055223
93,A,0.05,6,7,-0.00241235347374887
93,A,0.05,6,8,0.003795045310973829
93,A,0.05,6,9,-0.49032661553942003
93,A,0.05,7,0,-0.47780291239022077
93,A,0.05,7,1,-0.4625109108777065
93,A,0.05,7,2,-0.8201201280494456
93,A,0.05,7,3,-0.43830314518901453
93,A,0.05,7,4,-0.7011604496947813
93,A,0.05,7,5,-0.7234278109476178
93,A,0.05,7,6,-0.4017925317167309
93,A,0.05,7,7,-0.8233925805243137
93,A,0.05,7,8,-0.6250372430235384
93,A,0.05,7,9,0.023382388860478855
93,A,0.05,8,0,0.806197909934023
93,A,0.05,8,1,1.1213616914956162
93,A,0.05,8,2,0.5207162990145717
93,A,0.05,8,3,0.3452700588529656
93,A,0.05,8,4,1.1074672508636598
93,A,0.05,8,5,0.9475043673888753
93,A,0.05,8,6,0.6040422845067271
93,A,0.05,8,7,0.2984977912559878
93,A,0.05,8,8,0.7200390709660897
93,A,0.05,8,9,0.7179803227446253
93,A,0.05,9,0,-0.4742648943679826
93,A,0.05,9,1,-0.6903983440996815
93,A,0.05,9,2,-0.6359324409416055
93,A,0.05,9,3,-0.4425793455300213
93,A,0.05,9,4,-0.7569920484805348
93,A,0.05,9,5,-0.5292591682430109
93,A,0.05,9,6,-0.5061955375716974
93,A,0.05,9,7,-0.4762066202474461
93,A,0.05,9,8,-0.7777319058233095
93,A,0.05,9,9,-0.4119064973279297
93,B,100,0,0,1.1646809465466184
93,B,100,0,1,1.1078878882984813
93,B,100,0,2,0.8414431076513088
93,B,100,0,3,1.1089240544716743
93,B,100,0,4,1.101136025383137
93,B,100,0,5,0.9945577871908053
93,B,100,0,6,0.9036725074227551
93,B,100,0,7,1.4821644850786007
93,B,100,0,8,1.384519474338101
93,B,100,0,9,0.8758253903089103
93,B,100,1,0,-0.11245167477406855
93,B,100,1,1,-0.3857403354703928
93,B,100,1,2,-0.3651032424475277
93,B,100,1,3,0.19129416755710008
93,B,100,1,4,-0.19260663969406633
93,B,100,1,5,-0.5037498230102564
93,B,100,1,6,-0.3896127157654063
93,B,100,1,7,-0.19345217741707574
93,B,100,1,8,-0.6504941539774602
93,B,100,1,9,-0.031546106995739454
93,B,100,2,0,0.20015130948252627
93,B,100,2,1,0.1255002392871658
93,B,100,2,2,0.2821058565739606
93,B,100,2,3,0.37200673441194854
93,B,100,2,4,-0.03499102988308295
93,B,100,2,5,0.046799681088957865
93,B,100,2,6,0.2127029514420467
93,B,100,2,7,0.2142824622482669
93,B,100,2,8,-0.19074873694800557
93,B,100,2,9,0.16384096365600712
93,B,100,3,0,-1.693313480057293
93,B,100,3,1,-1.3614009745165656
93,B,100,3,2,-1.2562304865506217
93,B,100,3,3,-2.1222469619258026
93,B,100,3,4,-1.2696809974666932
93,B,100,3,5,-0.9872544466533533
93,B,100,3,6,-0.9975069015884973
93,B,100,3,7,-0.843330518893551
93,B,100,3,8,-0.8265169178294645
93,B,100,3,9,-0.29645708430247036
93,B,100,4,0,0.7857990522007581
93,B,100,4,1,0.28939259790597105
93,B,100,4,2,-0.1370579427239054
93,B,100,4,3,0.23430758899108065
93,B,100,4,4,0.1871777628897926
93,B,100,4,5,0.4360910829760792
93,B,100,4,6,0.18952872698649673
93,B,100,4,7,0.10203350697172058
93,B,100,4,8,0.3866281362005877
93,B,100,4,9,0.2916086043466693
93,B,100,5,0,0.47375069314660606
93,B,100,5,1,0.5234853408611928
93,B,100,5,2,0.024809321984771503
93,B,100,5,3,0.29964243548493835
93,B,100,5,4,0.28062148841097756
93,B,100,5,5,0.3201690418452634
93,B,100,5,6,0.5146063772235805
93,B,100,5,7,0.39211415406068245
93,B,100,5,8,0.2523485587841426
93,B,100,5,9,0.3190458856195153
93,B,100,6,0,0.27214427417814496
93,B,100,6,1,0.6752713809389639
93,B,100,6,2,0.6323097647206055
93,B,100,6,3,0.6704997688957801
93,B,100,6,4,0.7148809260858909
93,B,100,6,5,0.6542858987723449
93,B,100,6,6,0.6398132948483719
93,B,100,6,7,0.6915317131478026
93,B,100,6,8,0.8000805195698139
93,B,100,6,9,0.6928376563902935
93,B,100,7,0,-2.5654282033213813
93,B,100,7,1,-1.8152386768814726
93,B,100,7,2,-1.9441322536104988
93,B,100,7,3,-1.929323977360845
93,B,100,7,4,-1.834815246992484
93,B,100,7,5,-1.9017748585333045
93,B,100,7,6,-0.774026625342289
93,B,100,7,7,-1.1181147701938678
93,B,100,7,8,-1.361641029707227
93,B,100,7,9,-0.4504650566073608
93,B,100,8,0,1.5909188881948744
93,B,100,8,1,1.228721090429757
93,B,100,8,2,1.0023592949340732
93,B,100,8,3,1.1049468314216029
93,B,100,8,4,1.0356447471386445
93,B,100,8,5,0.9456416190852013
93,B,100,8,6,1.402772080624158
93,B,100,8,7,1.2304246510952002
93,B,100,8,8,1.2412035036575302
93,B,100,8,9,1.1356210235367536
93,B,100,9,0,1.5408679529165097
93,B,100,9,1,2.349762796899183
93,B,100,9,2,1.8302351882310697
93,B,100,9,3,2.0392936640662542
93,B,100,9,4,1.9485427765855856
93,B,100,9,5,1.9309441418638784
93,B,100,9,6,2.1303886252589974
93,B,100,9,7,1.8455446788541743
93,B,100,9,8,1.835178082931428
93,B,100,9,9,1.5182541683933493
94,A,0.05,0,0,0.06503768375745238
94,A,0.05,0,1,-0.8254540782986283
94,A,0.05,0,2,0.5413951792861513
94,A,0.05,0,3,0.4219859064516494
94,A,0.05,0,4,0.43918640853073443
94,A,0.05,0,5,0.1851495292833272
94,A,0.05,0,6,0.11149302951159533
94,A,0.05,0,7,0.8009267543811155
94,A,0.05,0,8,0.20774339144120052
94,A,0.05,0,9,0.482257081598631
94,A,0.05,1,0,-0.8756155876422008
94,A,0.05,1,1,-0.9818571653345084
94,A,0.05,1,2,-1.0954241458494451
94,A,0.05,1,3,-0.9885795726881156
94,A,0.05,1,4,-0.9957014595431707
94,A,0.05,1,5,-0.9619567138150227
94,A,0.05,1,6,-1.1128593003099554
94,A,0.05,1,7,-0.5596036448737937
94,A,0.05,1,8,-0.6435891223904502
94,A,0.05,1,9,-0.6196362712667934
94,A,0.05,2,0,-1.629115917264128
94,A,0.05,2,1,-1.4014943762727818
94,A,0.05,2,2,-1.31399518798135
94,A,0.05,2,3,-1.4265778833917069
94,A,0.05,2,4,-1.0730325649878059
94,A,0.05,2,5,-2.0228895780473177
94,A,0.05,2,6,-1.8188418090393272
94,A,0.05,2,7,-2.1045829931765403
94,A,0.05,2,8,-2.3339314453817774
94,A,0.05,2,9,-1.8578060778013148
94,A,0.05,3,0,-0.177167813441726
94,A,0.05,3,1,0.3081072299856392
94,A,0.05,3,2,0.40433604014742675
94,A,0.05,3,3,0.14125062099842273
94,A,0.05,3,4,0.5578372690074282
94,A,0.05,3,5,0.11612378083689694
94,A,0.05,3,6,0.231332366862815
94,A,0.05,3,7,0.1862835371533225
94,A,0.05,3,8,-0.20315745605853455
94,A,0.05,3,9,-0.2842425768737548
94,A,0.05,4,0,-0.5491531447109785
94,A,0.05,4,1,-0.6735951041794007
94,A,0.05,4,2,-0.75919488101021
94,A,0.05,4,3,-0.5358153880647654
94,A,0.05,4,4,-1.0870478701955557
94,A,0.05,4,5,-0.4252462609094798
94,A,0.05,4,6,-0.36578450289103515
94,A,0.05,4,7,-0.4464774852567458
94,A,0.05,4,8,-0.27637026518556224
94,A,0.05,4,9,-0.5216061148545713
94,A,0.05,5,0,1.761134721576746
94,A,0.05,5,1,1.626348474676096
94,A,0.05,5,2,1.4800608200718395
94,A,0.05,5,3,1.6453019793133579
94,A,0.05,5,4,1.5573783197677455
94,A,0.05,5,5,1.425836144250323
94,A,0.05,5,6,1.7868717317849483
94,A,0.05,5,7,1.592173357128653
94,A,0.05,5,8,1.5485145801437799
94,A,0.05,5,9,2.2773822564451005
94,A,0.05,6,0,0.34723535261180105
94,A,0.05,6,1,0.0026421922361467114
94,A,0.05,6,2,0.2975100471054491
94,A,0.05,6,3,0.2640814390376287
94,A,0.05,6,4,0.1687738759353201
94,A,0.05,6,5,0.2917559628716281
94,A,0.05,6,6,0.6279293159478776
94,A,0.05,6,7,0.7312195065488226
94,A,0.05,6,8,0.4536138119937292
94,A,0.05,6,9,0.14576514774016897
94,A,0.05,7,0,0.05177150731917573
94,A,0.05,7,1,-0.3201582238930724
94,A,0.05,7,2,0.016811172267348174
94,A,0.05,7,3,0.24756817734570472
94,A,0.05,7,4,0.44565742107815814
94,A,0.05,7,5,0.3635288896954371
94,A,0.05,7,6,-0.37794509823800415
94,A,0.05,7,7,0.10051595138636314
94,A,0.05,7,8,0.08415699772518365
94,A,0.05,7,9,-0.2969307830007544
94,A,0.05,8,0,-1.0525988042680017
94,A,0.05,8,1,-1.4743748730858468
94,A,0.05,8,2,-1.9231039657816111
94,A,0.05,8,3,-1.4469801865629064
94,A,0.05,8,4,-1.3354524526251814
94,A,0.05,8,5,-1.429706849576471
94,A,0.05,8,6,-1.6027911610831365
94,A,0.05,8,7,-1.301395008841362
94,A,0.05,8,8,-1.2081231906825816
94,A,0.05,8,9,-1.630900775110991
94,A,0.05,9,0,0.7251763279115045
94,A,0.05,9,1,0.8229351124873242
94,A,0.05,9,2,0.7387846141160849
94,A,0.05,9,3,1.0819043865719178
94,A,0.05,9,4,1.1559183744921793
94,A,0.05,9,5,1.3366832690581054
94,A,0.05,9,6,0.8674235575578116
94,A,0.05,9,7,0.7427795144510175
94,A,0.05,9,8,0.8103504272420139
94,A,0.05,9,9,1.0142577970357374
94,B,100,0,0,-1.9786558619045178
94,B,100,0,1,-1.9234946489024387
94,B,100,0,2,-2.9098850914885546
94,B,100,0,3,-2.2585720922146786
94,B,100,0,4,-2.5170879841787457
94,B,100,0,5,-2.5166284958382583
94,B,100,0,6,-2.3286299044459073
94,B,100,0,7,-1.881398874256425
94,B,100,0,8,-2.1109343194357835
94,B,100,0,9,-2.1552237761634947
94,B,100,1,0,-1.2487046359092608
94,B,100,1,1,-1.6839847593411659
94,B,100,1,2,-1.236962185143135
94,B,100,1,3,-1.207256404838182
94,B,100,1,4,-1.2636234009684784
94,B,100,1,5,-0.946982242481103
94,B,100,1,6,-1.4419515142197257
94,B,100,1,7,-1.545586748544026
94,B,100,1,8,-1.5753713424841271
94,B,100,1,9,-1.4445739451424682
94,B,100,2,0,1.4478381128115343
94,B,100,2,1,2.165142308082408
94,B,100,2,2,1.93119872607364
94,B,100,2,3,2.106029826472638
94,B,100,2,4,1.8418705652027947
94,B,100,2,5,2.133802320771194
94,B,100,2,6,1.7213541679491065
94,B,100,2,7,2.5030538378400657
94,B,100,2,8,1.6683402732140236
94,B,100,2,9,2.0547532086921616
94,B,100,3,0,0.7013211365918203
94,B,100,3,1,0.8373547775762534
94,B,100,3,2,0.8788955076550697
94,B,100,3,3,0.2596249572389539
94,B,100,3,4,0.45259572330917486
94,B,100,3,5,0.7792673927890075
94,B,100,3,6,0.9865317518226038
94,B,100,3,7,0.9185910333169304
94,B,100,3,8,0.762720165624911
94,B,100,3,9,1.2830426330196758
94,B,100,4,0,-1.6433070666951062
94,B,100,4,1,-1.682833039622562
94,B,100,4,2,-1.5584991391937577
94,B,100,4,3,-1.5812174964647447
94,B,100,4,4,-1.4663490473342236
94,B,100,4,5,-1.4107847162652687
94,B,100,4,6,-1.565051601992279
94,B,100,4,7,-1.5084367519066961
94,B,100,4,8,-1.6115024172191694
94,B,100,4,9,-1.15077808806979
94,B,100,5,0,0.8598629984842944
94,B,100,5,1,1.1041662982102671
94,B,100,5,2,0.6323086410011218
94,B,100,5,3,0.6554052643860929
94,B,100,5,4,0.8142355145657718
94,B,100,5,5,0.7548503252888453
94,B,100,5,6,0.6697915344019703
94,B,100,5,7,0.8267324199131235
94,B,100,5,8,0.947398589962112
94,B,100,5,9,1.0558820013133932
94,B,100,6,0,0.540342576103706
94,B,100,6,1,0.4607555173283977
94,B,100,6,2,0.49650043202502986
94,B,100,6,3,0.2649904963467853
94,B,100,6,4,0.2640626826426212
94,B,100,6,5,0.2628014277901876
94,B,100,6,6,0.500078052248718
94,B,100,6,7,0.28467713027115404
94,B,100,6,8,0.08231314340199708
94,B,100,6,9,0.9736097785941558
94,B,100,7,0,-0.8792062321883798
94,B,100,7,1,-1.1759127557580014
94,B,100,7,2,-0.8038818890467911
94,B,100,7,3,-0.7523299172161291
94,B,100,7,4,-1.3820090733640733
94,B,100,7,5,-0.48365434666817536
94,B,100,7,6,-0.5257729700020641
94,B,100,7,7,-0.5891245191585615
94,B,100,7,8,-0.8369776090690209
94,B,100,7,9,-1.2637643656216277
94,B,100,8,0,1.2585521674236473
94,B,100,8,1,1.095491256151703
94,B,100,8,2,0.8173775576366153
94,B,100,8,3,1.2944869552347822
94,B,100,8,4,1.0720672361511618
94,B,100,8,5,1.0819341138732275
94,B,100,8,6,1.1186566172809165
94,B,100,8,7,1.0577085108011286
94,B,100,8,8,1.2364983325646637
94,B,100,8,9,1.2139883353762593
94,B,100,9,0,0.9744889859201066
94,B,100,9,1,0.5512262999338802
94,B,100,9,2,0.921371252188082
94,B,100,9,3,1.3039558240898395
94,B,100,9,4,1.2725608477080026
94,B,100,9,5,0.5478975413266554
94,B,100,9,6,0.8364600485740279
94,B,100,9,7,0.9012469829141297
94,B,100,9,8,0.1347667433880116
94,B,100,9,9,0.8384240582775668
95,A,0.05,0,0,-2.5491131039497867
95,A,0.05,0,1,-2.7108974785593563
95,A,0.05,0,2,-1.8685855498470503
95,A,0.05,0,3,-2.269628351919919
95,A,0.05,0,4,-2.027870752958579
95,A,0.05,0,5,-2.4126305802263883
95,A,0.05,0,6,-2.5264922154997618
95,A,0.05,0,7,-2.054915325197483
95,A,0.05,0,8,-1.7539622514013786
95,A,0.05,0,9,-2.314505815274934
95,A,0.05,1,0,2.7181281550241527
95,A,0.05,1,1,3.555466262054301
95,A,0.05,1,2,3.1349170280428207
95,A,0.05,1,3,2.8874619774636026
95,A,0.05,1,4,3.5385923007948135
95,A,0.05,1,5,3.2673972236516766
95,A,0.05,1,6,3.051313719297412
95,A,0.05,1,7,3.156736473580003
95,A,0.05,1,8,2.968150832986426
95,A,0.05,1,9,2.947298812571627
95,A,0.05,2,0,0.18632685774400765
95,A,0.05,2,1,0.18677514793059039
95,A,0.05,2,2,0.021711649788274674
95,A,0.05,2,3,-0.41638036278992346
95,A,0.05,2,4,-0.2645478108160579
95,A,0.05,2,5,0.06984569115777038
95,A,0.05,2,6,0.15505419842139914
95,A,0.05,2,7,0.3905637670053918
95,A,0.05,2,8,-0.14938277357372265
95,A,0.05,2,9,-0.011808818739395948
95,A,0.05,3,0,-0.16130196014992837
95,A,0.05,3,1,0.04406763638843769
95,A,0.05,3,2,0.2758093123407923
95,A,0.05,3,3,-0.09938130447150882
95,A,0.05,3,4,-0.06055655011598213
95,A,0.05,3,5,0.16172678595767936
95,A,0.05,3,6,-0.025768903404300204
95,A,0.05,3,7,0.11419770036377212
95,A,0.05,3,8,0.04908196275179639
95,A,0.05,3,9,0.14445830597936782
95,A,0.05,4,0,-0.3725094080257036
95,A,0.05,4,1,-0.16936860362132228
95,A,0.05,4,2,-0.34968980133289784
95,A,0.05,4,3,-0.25472612079559126
95,A,0.05,4,4,0.12149531073819779
95,A,0.05,4,5,-0.15772045196889747
95,A,0.05,4,6,-0.2527390150482803
95,A,0.05,4,7,-0.28708863786014804
95,A,0.05,4,8,-0.2786115834995452
95,A,0.05,4,9,0.006022325685644944
95,A,0.05,5,0,-0.8801835926538991
95,A,0.05,5,1,-0.1942318129286193
95,A,0.05,5,2,-0.6877437664502382
95,A,0.05,5,3,1.2099486402119282
95,A,0.05,5,4,-0.32981511827763554
95,A,0.05,5,5,-0.1473387347639949
95,A,0.05,5,6,-0.6017144602039121
95,A,0.05,5,7,0.07628929500014744
95,A,0.05,5,8,0.2355094543048128
95,A,0.05,5,9,-0.020152987206718213
95,A,0.05,6,0,0.5814459811413086
95,A,0.05,6,1,0.7868027392146492
95,A,0.05,6,2,0.7252849285850391
95,A,0.05,6,3,0.12155370022189826
95,A,0.05,6,4,1.7386362008894296
95,A,0.05,6,5,0.7384145307182749
95,A,0.05,6,6,0.6597762862024458
95,A,0.05,6,7,0.62316741984889
95,A,0.05,6,8,1.3424028697960448
95,A,0.05,6,9,0.8396223935566495
95,A,0.05,7,0,-0.2589220571517823
95,A,0.05,7,1,-0.16418338471975688
95,A,0.05,7,2,-0.005490994246081834
95,A,0.05,7,3,-0.578568256748997
95,A,0.05,7,4,0.10040636299212334
95,A,0.05,7,5,0.09869233102612515
95,A,0.05,7,6,0.13412802519831335
95,A,0.05,7,7,-0.2227785103129894
95,A,0.05,7,8,0.07130253689069861
95,A,0.05,7,9,0.05184537472166901
95,A,0.05,8,0,-0.007917075472679933
95,A,0.05,8,1,0.03822884326260551
95,A,0.05,8,2,0.04182393392924391
95,A,0.05,8,3,0.036833009694642274
95,A,0.05,8,4,0.30662003833774987
95,A,0.05,8,5,0.08960188465127789
95,A,0.05,8,6,0.12119459003823481
95,A,0.05,8,7,0.13524637484136431
95,A,0.05,8,8,0.04006580732821891
95,A,0.05,8,9,0.14022887351457017
95,A,0.05,9,0,0.14264669834111188
95,A,0.05,9,1,-0.5068386936181639
95,A,0.05,9,2,0.06048471681547603
95,A,0.05,9,3,0.09004326294708019
95,A,0.05,9,4,0.051936125029937864
95,A,0.05,9,5,0.1090472866326507
95,A,0.05,9,6,-0.6452356112467377
95,A,0.05,9,7,0.3077840246708829
95,A,0.05,9,8,0.3583636398638892
95,A,0.05,9,9,0.45199512643022327
95,B,100,0,0,0.7690947677573339
95,B,100,0,1,0.7132825136488046
95,B,100,0,2,-0.2730883076615828
95,B,100,0,3,0.9381890271668533
95,B,100,0,4,1.0459153498343974
95,B,100,0,5,0.6255096347672371
95,B,100,0,6,0.7546237888281404
95,B,100,0,7,0.14376817532490394
95,B,100,0,8,1.0455092869166425
95,B,100,0,9,0.6246997005539108
95,B,100,1,0,-2.8617066135713998
95,B,100,1,1,-1.9892960806018156
95,B,100,1,2,-0.972453193760103
95,B,100,1,3,-3.491876481245205
95,B,100,1,4,-1.8720632179155334
95,B,100,1,5,-2.939872374420601
95,B,100,1,6,-3.1666893736409722
95,B,100,1,7,-2.4404337025450458
95,B,100,1,8,-3.790119964699443
95,B,100,1,9,-2.4068588902308448
95,B,100,2,0,0.7140271908147084
95,B,100,2,1,1.0430600147028957
95,B,100,2,2,1.3723339194233442
95,B,100,2,3,1.286025732408473
95,B,100,2,4,1.2298339096401454
95,B,100,2,5,0.95808054366248
95,B,100,2,6,0.6314139149729013
95,B,100,2,7,0.6662409293700877
95,B,100,2,8,0.7206845889098789
95,B,100,2,9,0.8404298250960088
95,B,100,3,0,-0.2923610299111483
95,B,100,3,1,-0.29733971732276165
95,B,100,3,2,-0.2869372930832755
95,B,100,3,3,-0.4739709187595486
95,B,100,3,4,-0.2595357354263528
95,B,100,3,5,-0.26116889911852237
95,B,100,3,6,-0.5104256929215516
95,B,100,3,7,-0.3181254542119594
95,B,100,3,8,-0.3867503756149946
95,B,100,3,9,-0.44095900046062647
95,B,100,4,0,3.6964154315841293
95,B,100,4,1,3.971108959414471
95,B,100,4,2,4.221218799597854
95,B,100,4,3,2.7445236419598884
95,B,100,4,4,2.7324776886322466
95,B,100,4,5,3.098161909955032
95,B,100,4,6,3.382473631835244
95,B,100,4,7,3.1908277315866562
95,B,100,4,8,3.096842221420647
95,B,100,4,9,3.2108697731413995
95,B,100,5,0,0.9955958517143346
95,B,100,5,1,1.0167471540019914
95,B,100,5,2,1.0675263450819634
95,B,100,5,3,1.2044936980068854
95,B,100,5,4,1.6934944194352621
95,B,100,5,5,1.8925180420534429
95,B,100,5,6,1.017049762688796
95,B,100,5,7,1.2630451191228735
95,B,100,5,8,0.9385167138040866
95,B,100,5,9,1.619174658169306
95,B,100,6,0,-1.4216357596844917
95,B,100,6,1,-1.1872105903387855
95,B,100,6,2,-1.0693101446357012
95,B,100,6,3,-2.0418423391807887
95,B,100,6,4,-0.6795652700802904
95,B,100,6,5,-1.6452935839731702
95,B,100,6,6,-1.3811664412917002
95,B,100,6,7,-1.849406748662874
95,B,100,6,8,-1.5256028357593334
95,B,100,6,9,-1.2200965433134965
95,B,100,7,0,0.18199345848738535
95,B,100,7,1,0.47421183029258146
95,B,100,7,2,0.39416301198274256
95,B,100,7,3,0.34581682711566725
95,B,100,7,4,0.6417054968274619
95,B,100,7,5,0.4350348561951949
95,B,100,7,6,0.262871560918404
95,B,100,7,7,0.40350509324500444
95,B,100,7,8,0.6558410653996201
95,B,100,7,9,0.2897258295237349
95,B,100,8,0,3.2507196381048526
95,B,100,8,1,3.00728545606015
95,B,100,8,2,3.10915315251229
95,B,100,8,3,2.8220684401691853
95,B,100,8,4,3.0501795674623198
95,B,100,8,5,3.2592670068025242
95,B,100,8,6,2.689509939391479
95,B,100,8,7,3.412900240387201
95,B,100,8,8,2.549941982147511
95,B,100,8,9,3.1074602405114176
95,B,100,9,0,0.18500210544058676
95,B,100,9,1,0.18384980556409972
95,B,100,9,2,-0.0636996382518197
95,B,100,9,3,0.2523350289055309
95,B,100,9,4,-0.43539669499099026
95,B,100,9,5,-0.44092515548053257
95,B,100,9,6,-0.8322603724632402
95,B,100,9,7,-0.1851486115037286
95,B,100,9,8,-0.9025819233185478
95,B,100,9,9,-0.47929198502411247
96,A,0.05,0,0,-0.4128683974572266
96,A,0.05,0,1,-0.703073255750427
96,A,0.05,0,2,-0.4894175237074645
96,A,0.05,0,3,-0.8860378349190478
96,A,0.05,0,4,-0.49623076968805474
96,A,0.05,0,5,-0.7562169322109314
96,A,0.05,0,6,-0.5927337779603493
96,A,0.05,0,7,-0.3878253277700145
96,A,0.05,0,8,-0.3114274377526499
96,A,0.05,0,9,-0.8827032585287307
96,A,0.05,1,0,-1.3144791792513575
96,A,0.05,1,1,-0.303855523085338
96,A,0.05,1,2,-0.2617458501932235
96,A,0.05,1,3,-0.9713579745764418
96,A,0.05,1,4,-0.36614408070232574
96,A,0.05,1,5,-0.23967648936244018
96,A,0.05,1,6,-0.8062375427994473
96,A,0.05,1,7,-0.7891237927338525
96,A,0.05,1,8,-0.5631060909077049
96,A,0.05,1,9,-0.6203079452845743
96,A,0.05,2,0,1.7243617910270896
96,A,0.05,2,1,1.72214456812427
96,A,0.05,2,2,2.0926947982507667
96,A,0.05,2,3,1.099417305689563
96,A,0.05,2,4,1.01179725009636
96,A,0.05,2,5,1.493661625590385
96,A,0.05,2,6,1.349542395722383
96,A,0.05,2,7,1.3891338774882007
96,A,0.05,2,8,1.5023492359348023
96,A,0.05,2,9,1.3452574299227307
96,A,0.05,3,0,-0.018551582680954613
96,A,0.05,3,1,-0.05488271062855731
96,A,0.05,3,2,0.06927829335286173
96,A,0.05,3,3,0.003872350920160434
96,A,0.05,3,4,0.3726489421448996
96,A,0.05,3,5,0.3465777286605422
96,A,0.05,3,6,0.5377500353401177
96,A,0.05,3,7,0.22349215242027556
96,A,0.05,3,8,-0.059438024349308546
96,A,0.05,3,9,-0.07986057804612917
96,A,0.05,4,0,-1.1243678198241194
96,A,0.05,4,1,-0.7517845535599804
96,A,0.05,4,2,-0.18566095072320316
96,A,0.05,4,3,-0.604206883230926
96,A,0.05,4,4,-0.6478322707301081
96,A,0.05,4,5,-0.4887209317736981
96,A,0.05,4,6,-0.5833588103015906
96,A,0.05,4,7,-0.6379404225511289
96,A,0.05,4,8,-0.49186723477273847
96,A,0.05,4,9,-0.6904049414032828
96,A,0.05,5,0,1.7204867660734737
96,A,0.05,5,1,1.8501550109052511
96,A,0.05,5,2,2.0499362411331976
96,A,0.05,5,3,1.6475735256728312
96,A,0.05,5,4,1.606634287666967
96,A,0.05,5,5,1.1973670092146873
96,A,0.05,5,6,0.6916164134547627
96,A,0.05,5,7,1.8480374853154624
96,A,0.05,5,8,1.8838917690007948
96,A,0.05,5,9,1.2908070998087136
96,A,0.05,6,0,0.08167298138262237
96,A,0.05,6,1,0.22653241844996716
96,A,0.05,6,2,-0.05254981340655149
96,A,0.05,6,3,0.06560195033850238
96,A,0.05,6,4,0.24854760284646274
96,A,0.05,6,5,0.0770025752299806
96,A,0.05,6,6,0.2814601391156601
96,A,0.05,6,7,0.17990100970190923
96,A,0.05,6,8,0.13069005176215678
96,A,0.05,6,9,0.3115780744837531
96,A,0.05,7,0,0.5910778748398081
96,A,0.05,7,1,0.4326838597239611
96,A,0.05,7,2,0.9084951582797474
96,A,0.05,7,3,0.06103921551231657
96,A,0.05,7,4,1.1012295208493985
96,A,0.05,7,5,0.4010032545327339
96,A,0.05,7,6,0.8777115125845237
96,A,0.05,7,7,0.6911248226901505
96,A,0.05,7,8,0.3943304151438743
96,A,0.05,7,9,1.157314652522562
96,A,0.05,8,0,0.07836813963334036
96,A,0.05,8,1,0.26432877606598953
96,A,0.05,8,2,0.1528632615169457
96,A,0.05,8,3,0.014136532465526723
96,A,0.05,8,4,0.06996066949015216
96,A,0.05,8,5,0.3046670603828575
96,A,0.05,8,6,0.28870665039054466
96,A,0.05,8,7,-0.03793978101224905
96,A,0.05,8,8,0.08422684397684572
96,A,0.05,8,9,-0.05890379043313905
96,A,0.05,9,0,-0.1119367484004142
96,A,0.05,9,1,-1.1867307474251885
96,A,0.05,9,2,-0.23539833714819003
96,A,0.05,9,3,-1.3217987564725389
96,A,0.05,9,4,-0.14903719093018034
96,A,0.05,9,5,-0.6568678359371455
96,A,0.05,9,6,0.007903465435871473
96,A,0.05,9,7,-0.04931225891642604
96,A,0.05,9,8,0.014785975094717907
96,A,0.05,9,9,-0.20065294933361214
96,B,100,0,0,-0.0881072241547962
96,B,100,0,1,0.08449370863063141
96,B,100,0,2,0.024691961504125046
96,B,100,0,3,-0.14014092517205728
96,B,100,0,4,0.0012119817447768773
96,B,100,0,5,-0.013959929025000704
96,B,100,0,6,-0.3375403246939312
96,B,100,0,7,0.21297324128153283
96,B,100,0,8,-0.15310908494076705
96,B,100,0,9,-0.09326795501684484
96,B,100,1,0,0.2884186904135491
96,B,100,1,1,0.14554082121747847
96,B,100,1,2,0.07716063769162568
96,B,100,1,3,-0.22587853804696134
96,B,100,1,4,-0.00832242578283405
96,B,100,1,5,0.02119684815318368
96,B,100,1,6,0.13125140405108016
96,B,100,1,7,0.21612872837836566
96,B,100,1,8,-0.11795934313520805
96,B,100,1,9,0.27517855512657785
96,B,100,2,0,-1.1809595018741463
96,B,100,2,1,-1.3137824088242642
96,B,100,2,2,-1.3315815732558487
96,B,100,2,3,-1.4475546190137776
96,B,100,2,4,-1.6480624061337485
96,B,100,2,5,-1.2565728270372378
96,B,100,2,6,-1.1900072103342192
96,B,100,2,7,-1.464128165985611
96,B,100,2,8,-1.7253324338022948
96,B,100,2,9,-1.4292433527780588
96,B,100,3,0,0.3806927533692377
96,B,100,3,1,-0.05651344097005049
96,B,100,3,2,0.6135168881568408
96,B,100,3,3,0.6241583926266158
96,B,100,3,4,0.8616588077643893
96,B,100,3,5,0.29938983387515417
96,B,100,3,6,-0.016166692043942776
96,B,100,3,7,0.2175240611326597
96,B,100,3,8,0.5229929561279226
96,B,100,3,9,0.03208431863032859
96,B,100,4,0,0.06727749659851247
96,B,100,4,1,0.2846309851967468
96,B,100,4,2,0.8609512671720987
96,B,100,4,3,0.3743624019864332
96,B,100,4,4,0.10223678264416232
96,B,100,4,5,0.26337284333242345
96,B,100,4,6,0.29159255945526547
96,B,100,4,7,0.4960471995084356
96,B,100,4,8,0.34548541530174737
96,B,100,4,9,0.08642166710335425
96,B,100,5,0,0.681178704246351
96,B,100,5,1,0.9681512784107894
96,B,100,5,2,0.6761204630542891
96,B,100,5,3,0.3910579150176009
96,B,100,5,4,0.4639140337230549
96,B,100,5,5,1.182458977239067
96,B,100,5,6,1.056358619073135
96,B,100,5,7,1.7733005655508598
96,B,100,5,8,0.14942819941592989
96,B,100,5,9,0.7108333174922709
96,B,100,6,0,0.4886596137280743
96,B,100,6,1,-0.2214711129472832
96,B,100,6,2,-0.20396203480118183
96,B,100,6,3,-0.06390133900495551
96,B,100,6,4,-0.20338583988260545
96,B,100,6,5,0.11835818102813464
96,B,100,6,6,0.3729299188696992
96,B,100,6,7,0.043201931343531806
96,B,100,6,8,0.4307908585704157
96,B,100,6,9,0.8172081414245234
96,B,100,7,0,0.8510949366163062
96,B,100,7,1,1.2054602862350132
96,B,100,7,2,1.464298260500791
96,B,100,7,3,1.3089835446174418
96,B,100,7,4,1.1951485701525013
96,B,100,7,5,1.1768468906598228
96,B,100,7,6,1.2353646233423319
96,B,100,7,7,1.2471400552090794
96,B,100,7,8,1.380639255069403
96,B,100,7,9,1.1771556249641801
96,B,100,8,0,2.549559339034449
96,B,100,8,1,2.7540678062998096
96,B,100,8,2,2.461853705409554
96,B,100,8,3,1.8357396791326748
96,B,100,8,4,2.2506674167044434
96,B,100,8,5,1.8547673824148538
96,B,100,8,6,2.2334349454303757
96,B,100,8,7,2.3639024907725537
96,B,100,8,8,1.9034865157966692
96,B,100,8,9,1.8910665738138062
96,B,100,9,0,0.5869847268785423
96,B,100,9,1,0.6302141305540068
96,B,100,9,2,0.3275386493210062
96,B,100,9,3,0.5790588615170869
96,B,100,9,4,0.283493703553921
96,B,100,9,5,0.5930022031431773
96,B,100,9,6,0.6012679472766083
96,B,100,9,7,0.5719228522978274
96,B,100,9,8,0.8551750886625767
96,B,100,9,9,0.5809999461161266
97,A,0.05,0,0,0.5897172443186848
97,A,0.05,0,1,0.05103405242150638
97,A,0.05,0,2,0.713697479283944
97,A,0.05,0,3,1.0285600591905733
97,A,0.05,0,4,0.6270831207230684
97,A,0.05,0,5,0.904213886982297
97,A,0.05,0,6,1.3515075019378107
97,A,0.05,0,7,0.6924573901885867
97,A,0.05,0,8,0.44886083998095444
97,A,0.05,0,9,0.23099580913568027
97,A,0.05,1,0,2.287269297263733
97,A,0.05,1,1,1.9006039807459678
97,A,0.05,1,2,1.833181396495737
97,A,0.05,1,3,2.069936703065649
97,A,0.05,1,4,2.02871131579541
97,A,0.05,1,5,2.016306175853418
97,A,0.05,1,6,2.3062324413485666
97,A,0.05,1,7,2.0723945042224696
97,A,0.05,1,8,2.103474803244346
97,A,0.05,1,9,2.2515631997974017
97,A,0.05,2,0,-0.7611536133954638
97,A,0.05,2,1,-0.5197706438654809
97,A,0.05,2,2,-0.43508171791347705
97,A,0.05,2,3,-0.6841853421862744
97,A,0.05,2,4,-0.6663972002702234
97,A,0.05,2,5,-0.9619808352464478
97,A,0.05,2,6,-0.49290135956927433
97,A,0.05,2,7,-0.6513196878874352
97,A,0.05,2,8,-0.4111501067779622
97,A,0.05,2,9,-0.16133917053956606
97,A,0.05,3,0,-0.07113133390466643
97,A,0.05,3,1,-0.7329877263216037
97,A,0.05,3,2,-0.5258500487170507
97,A,0.05,3,3,-0.030943814250083804
97,A,0.05,3,4,-1.288502734554704
97,A,0.05,3,5,-0.5200180209923655
97,A,0.05,3,6,-0.77365507710979
97,A,0.05,3,7,-0.2365148474264629
97,A,0.05,3,8,-0.4770356109349945
97,A,0.05,3,9,-0.15104193949453706
97,A,0.05,4,0,-0.20011899415603232
97,A,0.05,4,1,-1.3296397692058985
97,A,0.05,4,2,-0.1295414896374883
97,A,0.05,4,3,0.42460960982467333
97,A,0.05,4,4,-0.2393360208027303
97,A,0.05,4,5,0.11875913085980058
97,A,0.05,4,6,0.22225593870090318
97,A,0.05,4,7,0.3833019537126669
97,A,0.05,4,8,0.41987897469649393
97,A,0.05,4,9,0.13869283338877297
97,A,0.05,5,0,0.11946560709172259
97,A,0.05,5,1,-0.1473367952861449
97,A,0.05,5,2,0.8163247874451838
97,A,0.05,5,3,-0.30087871555067214
97,A,0.05,5,4,0.2051931900880885
97,A,0.05,5,5,0.855418513799582
97,A,0.05,5,6,0.12784184912986954
97,A,0.05,5,7,0.5049056464197367
97,A,0.05,5,8,0.5038917424736369
97,A,0.05,5,9,-0.5858176162924295
97,A,0.05,6,0,-0.15518097591971458
97,A,0.05,6,1,0.14194916409576255
97,A,0.05,6,2,0.14076406245224787
97,A,0.05,6,3,-0.0625230231766199
97,A,0.05,6,4,-0.28695211920565744
97,A,0.05,6,5,0.03153072746928285
97,A,0.05,6,6,0.10693050701409568
97,A,0.05,6,7,-0.09851547939527958
97,A,0.05,6,8,0.023565955097165157
97,A,0.05,6,9,-0.32864404879727804
97,A,0.05,7,0,-0.014009715951408245
97,A,0.05,7,1,-0.010512813744778223
97,A,0.05,7,2,-0.01884065919564629
97,A,0.05,7,3,-0.01137299518708995
97,A,0.05,7,4,-0.008156929911841445
97,A,0.05,7,5,-0.00753300224120354
97,A,0.05,7,6,-0.009347802305991542
97,A,0.05,7,7,-0.010948202954211745
97,A,0.05,7,8,-0.019328977224154952
97,A,0.05,7,9,-0.018606863787689932
97,A,0.05,8,0,-0.8648328693390678
97,A,0.05,8,1,-0.4416817105000405
97,A,0.05,8,2,-0.8664082857688177
97,A,0.05,8,3,-0.4102170986004367
97,A,0.05,8,4,-0.715044768308416
97,A,0.05,8,5,-0.8351903064490825
97,A,0.05,8,6,-0.9348781026710145
97,A,0.05,8,7,-1.1056109201550006
97,A,0.05,8,8,-0.7869024409551987
97,A,0.05,8,9,-0.6903347371175572
97,A,0.05,9,0,-0.07026447490414409
97,A,0.05,9,1,-0.15096170802215722
97,A,0.05,9,2,-0.3011315871545292
97,A,0.05,9,3,-0.022026924878390922
97,A,0.05,9,4,-0.1863507451983531
97,A,0.05,9,5,-0.5335449448174605
97,A,0.05,9,6,-0.11344090699642453
97,A,0.05,9,7,-0.3690336065031421
97,A,0.05,9,8,-0.1548088275096232
97,A,0.05,9,9,-0.29102993740161953
97,B,100,0,0,2.4327337443336754
97,B,100,0,1,2.186345527712181
97,B,100,0,2,0.601535271398013
97,B,100,0,3,1.2172258274674161
97,B,100,0,4,2.6114646043728698
97,B,100,0,5,1.6864882744172416
97,B,100,0,6,0.4168041538288323
97,B,100,0,7,0.2625200940467893
97,B,100,0,8,1.9946661665859562
97,B,100,0,9,0.44358899936698765
97,B,100,1,0,-0.0911531402145046
97,B,100,1,1,-1.0894353304013729
97,B,100,1,2,-0.9223202098106101
97,B,100,1,3,-0.505772567284378
97,B,100,1,4,-1.0970568776188594
97,B,100,1,5,-1.0377194864597878
97,B,100,1,6,-0.6557890633478985
97,B,100,1,7,-0.3447022002539046
97,B,100,1,8,-1.2038987366448364
97,B,100,1,9,-0.4735517509559914
97,B,100,2,0,-1.8137548791060585
97,B,100,2,1,-1.762905819307025
97,B,100,2,2,-1.1798713511273573
97,B,100,2,3,-1.458898478278522
97,B,100,2,4,-2.0176904140264793
97,B,100,2,5,-1.4172451069754866
97,B,100,2,6,-1.7013382371541235
97,B,100,2,7,-1.3941882854882612
97,B,100,2,8,-1.5451623815144586
97,B,100,2,9,-1.517285841415131
97,B,100,3,0,-2.2191742384658313
97,B,100,3,1,-2.1463344571825775
97,B,100,3,2,-2.3388353870953456
97,B,100,3,3,-1.9019487269654505
97,B,100,3,4,-1.218120600538632
97,B,100,3,5,-2.242729786921751
97,B,100,3,6,-1.0371439159175493
97,B,100,3,7,-2.4959872208635487
97,B,100,3,8,-1.6066850961734276
97,B,100,3,9,-1.0683601667306581
97,B,100,4,0,-0.591883716940121
97,B,100,4,1,-0.347221177155543
97,B,100,4,2,-0.11451356039766379
97,B,100,4,3,0.04589655947743169
97,B,100,4,4,-0.08287148612245722
97,B,100,4,5,-0.47200752480916636
97,B,100,4,6,-0.6652756946601217
97,B,100,4,7,0.009618771187961206
97,B,100,4,8,-0.16377541234113338
97,B,100,4,9,-0.274051959897805
97,B,100,5,0,-0.3092363520336644
97,B,100,5,1,-0.16549795786867202
97,B,100,5,2,-0.22492615873379182
97,B,100,5,3,0.008717310249076293
97,B,100,5,4,-0.260088177669096
97,B,100,5,5,0.016388588675344526
97,B,100,5,6,-0.551947690481843
97,B,100,5,7,-0.2646687662598567
97,B,100,5,8,-0.7803064721658223
97,B,100,5,9,0.02188140821031344
97,B,100,6,0,0.1545897986010601
97,B,100,6,1,0.18894168593278934
97,B,100,6,2,0.7253078713303867
97,B,100,6,3,-0.4610549951590677
97,B,100,6,4,-0.6827400123151139
97,B,100,6,5,-0.06556621312378287
97,B,100,6,6,-1.0892596558001657
97,B,100,6,7,-0.48234969040092207
97,B,100,6,8,-0.7280198382340648
97,B,100,6,9,-0.0686291815359205
97,B,100,7,0,1.687945852619687
97,B,100,7,1,1.4630118727139256
97,B,100,7,2,0.8842617856261847
97,B,100,7,3,1.0310526448216792
97,B,100,7,4,0.8822832250163802
97,B,100,7,5,1.4029811502517897
97,B,100,7,6,1.8036529747788494
97,B,100,7,7,1.793103992698225
97,B,100,7,8,1.4778845834813028
97,B,100,7,9,1.8438856440942302
97,B,100,8,0,-0.5627319015430433
97,B,100,8,1,-1.160109986009047
97,B,100,8,2,-0.518469310420567
97,B,100,8,3,-1.0289513033259041
97,B,100,8,4,-0.8185194100152087
97,B,100,8,5,-0.6296883576139083
97,B,100,8,6,-0.5297164289998357
97,B,100,8,7,-0.4248231123385072
97,B,100,8,8,-1.3941913497002765
97,B,100,8,9,-0.7480735807221902
97,B,100,9,0,-2.2138262334248067
97,B,100,9,1,-1.7810966054365185
97,B,100,9,2,-1.6816222677156782
97,B,100,9,3,-2.440679564788023
97,B,100,9,4,-2.009678709223943
97,B,100,9,5,-1.9307627872401303
97,B,100,9,6,-1.8558875043321024
97,B,100,9,7,-2.1399538644393075
97,B,100,9,8,-1.9316952251469264
97,B,100,9,9,-2.406621756621339
98,A,0.05,0,0,-0.3948293486481804
98,A,0.05,0,1,-0.3679513995458886
98,A,0.05,0,2,-0.5767619621555411
98,A,0.05,0,3,-0.416623671115135
98,A,0.05,0,4,-0.46365466849134856
98,A,0.05,0,5,-0.3913815094607246
98,A,0.05,0,6,-0.4441233789344102
98,A,0.05,0,7,-0.3568724149699066
98,A,0.05,0,8,-0.4256848768608322
98,A,0.05,0,9,-0.4093146956204597
98,A,0.05,1,0,0.46075024324752395
98,A,0.05,1,1,0.5465489186956364
98,A,0.05,1,2,0.5627459769487911
98,A,0.05,1,3,0.48155394564373055
98,A,0.05,1,4,0.5096329194915185
98,A,0.05,1,5,0.38056022159729785
98,A,0.05,1,6,0.9176640470535657
98,A,0.05,1,7,0.8529981905597183
98,A,0.05,1,8,0.5070351466336758
98,A,0.05,1,9,0.3112901407776196
98,A,0.05,2,0,-3.9820763150089564
98,A,0.05,2,1,-4.01616460174864
98,A,0.05,2,2,-3.7566622428265264
98,A,0.05,2,3,-3.424923931495118
98,A,0.05,2,4,-3.4942711879809525
98,A,0.05,2,5,-2.817585523775946
98,A,0.05,2,6,-3.6394912090937708
98,A,0.05,2,7,-4.310945679325123
98,A,0.05,2,8,-3.1342956412714957
98,A,0.05,2,9,-4.252410488360669
98,A,0.05,3,0,1.2493571569868909
98,A,0.05,3,1,1.1513798427085462
98,A,0.05,3,2,0.9717290150126907
98,A,0.05,3,3,0.3689265910640921
98,A,0.05,3,4,1.5343756240995658
98,A,0.05,3,5,1.828709918331029
98,A,0.05,3,6,2.4411703480841647
98,A,0.05,3,7,2.973626996798265
98,A,0.05,3,8,1.440994174051354
98,A,0.05,3,9,1.8468915720607986
98,A,0.05,4,0,-1.1190863597514744
98,A,0.05,4,1,-0.8627047117718766
98,A,0.05,4,2,-0.98604872410626
98,A,0.05,4,3,-0.6629036581207962
98,A,0.05,4,4,-0.3545775246320641
98,A,0.05,4,5,-0.7147708610807492
98,A,0.05,4,6,-1.1859530658201072
98,A,0.05,4,7,-0.4557936410945087
98,A,0.05,4,8,-0.3121607445897948
98,A,0.05,4,9,-0.6334917249926889
98,A,0.05,5,0,0.40382264749805585
98,A,0.05,5,1,-0.2553904623646539
98,A,0.05,5,2,0.40399829717333147
98,A,0.05,5,3,-0.16484648077594086
98,A,0.05,5,4,-0.2777452167570042
98,A,0.05,5,5,-0.04763481943557576
98,A,0.05,5,6,-0.2278445357349814
98,A,0.05,5,7,0.6985131541992756
98,A,0.05,5,8,0.49238318593632174
98,A,0.05,5,9,0.44295267349877826
98,A,0.05,6,0,-0.47521714469143567
98,A,0.05,6,1,-0.7210909152440619
98,A,0.05,6,2,-0.5605098211991495
98,A,0.05,6,3,-0.7409009504876733
98,A,0.05,6,4,-0.6232378050509119
98,A,0.05,6,5,-0.36029952248933433
98,A,0.05,6,6,-0.6500264460504321
98,A,0.05,6,7,-0.45875017490554526
98,A,0.05,6,8,-0.5770658922040638
98,A,0.05,6,9,-0.5216542604738186
98,A,0.05,7,0,1.8109264413934745
98,A,0.05,7,1,1.6667587044796546
98,A,0.05,7,2,1.85869754392242
98,A,0.05,7,3,1.8018207042057237
98,A,0.05,7,4,1.5845692970945389
98,A,0.05,7,5,1.964601041984607
98,A,0.05,7,6,1.7087700118885472
98,A,0.05,7,7,1.7712301030335504
98,A,0.05,7,8,1.782882190677702
98,A,0.05,7,9,1.8743544204287597
98,A,0.05,8,0,0.20684382019396755
98,A,0.05,8,1,0.4812197456532271
98,A,0.05,8,2,0.22817572689017213
98,A,0.05,8,3,0.03315669665210164
98,A,0.05,8,4,0.6889568167788276
98,A,0.05,8,5,0.4236751490542345
98,A,0.05,8,6,0.7481645767537694
98,A,0.05,8,7,0.43766595157454036
98,A,0.05,8,8,0.31620064048334645
98,A,0.05,8,9,1.032107572477424
98,A,0.05,9,0,2.5352002907854985
98,A,0.05,9,1,2.8927235050703874
98,A,0.05,9,2,2.847974033638639
98,A,0.05,9,3,2.5539663058003654
98,A,0.05,9,4,2.220320384118399
98,A,0.05,9,5,2.906363536020327
98,A,0.05,9,6,2.7833274197988915
98,A,0.05,9,7,2.9925685619865203
98,A,0.05,9,8,2.483523649673
98,A,0.05,9,9,2.861237681588445
98,B,100,0,0,-0.4411194556584718
98,B,100,0,1,-0.8448177050717769
98,B,100,0,2,-0.6884851660612946
98,B,100,0,3,-0.2327328673396066
98,B,100,0,4,-0.6850353989665813
98,B,100,0,5,-0.7387106959972578
98,B,100,0,6,0.3272237752420968
98,B,100,0,7,-0.8872141446707406
98,B,100,0,8,0.10664778046068776
98,B,100,0,9,0.3116648158074654
98,B,100,1,0,0.2755766811341061
98,B,100,1,1,0.45516903337857084
98,B,100,1,2,0.0106726945478904
98,B,100,1,3,0.6382572609322884
98,B,100,1,4,0.45790383987644284
98,B,100,1,5,1.0523362526457696
98,B,100,1,6,0.22003818045145054
98,B,100,1,7,0.22102729841159435
98,B,100,1,8,0.44794025975577323
98,B,100,1,9,0.3346421818383298
98,B,100,2,0,-0.3726759925116365
98,B,100,2,1,-0.3572398671249772
98,B,100,2,2,-0.594241848273013
98,B,100,2,3,-0.5594500533727487
98,B,100,2,4,-0.7446162191505036
98,B,100,2,5,-0.4526667844572032
98,B,100,2,6,-0.23892361400807502
98,B,100,2,7,-0.4351095054637402
98,B,100,2,8,-0.40470286437950553
98,B,100,2,9,-0.7036082491944469
98,B,100,3,0,0.6971621107587166
98,B,100,3,1,0.8798938798400449
98,B,100,3,2,0.5667052113441182
98,B,100,3,3,0.7704972777483625
98,B,100,3,4,0.6583526104155435
98,B,100,3,5,0.5557355473125849
98,B,100,3,6,0.9310176892964004
98,B,100,3,7,0.7379696057460546
98,B,100,3,8,0.5844189636669613
98,B,100,3,9,0.6994264019271138
98,B,100,4,0,-0.300989594853512
98,B,100,4,1,0.04430767815209071
98,B,100,4,2,0.023979270825703787
98,B,100,4,3,-0.25313700647028137
98,B,100,4,4,0.010126447698586876
98,B,100,4,5,0.011639654807863224
98,B,100,4,6,0.014789575369098624
98,B,100,4,7,-0.04695856220694861
98,B,100,4,8,-0.21464921783968752
98,B,100,4,9,-0.13693200756216461
98,B,100,5,0,0.5094443977038153
98,B,100,5,1,0.8187858364756279
98,B,100,5,2,0.5676561027702035
98,B,100,5,3,0.6798110481922083
98,B,100,5,4,1.3896156551852075
98,B,100,5,5,0.8858260263980209
98,B,100,5,6,0.5647901996259269
98,B,100,5,7,0.8943752727984402
98,B,100,5,8,0.7780569592652564
98,B,100,5,9,0.7634920745073299
98,B,100,6,0,-0.40984749904918233
98,B,100,6,1,-0.267039365377765
98,B,100,6,2,-0.040131379015412166
98,B,100,6,3,-0.20094788760891683
98,B,100,6,4,-1.7376889006401026
98,B,100,6,5,-0.28679732975963085
98,B,100,6,6,-0.11315164195337477
98,B,100,6,7,-1.0963810352617898
98,B,100,6,8,-1.5406316850954287
98,B,100,6,9,-1.1043092941934862
98,B,100,7,0,-0.1766471242295015
98,B,100,7,1,0.056874408395569814
98,B,100,7,2,-0.21248941622833226
98,B,100,7,3,-0.18166212819902464
98,B,100,7,4,0.107123256652494
98,B,100,7,5,0.055244591470168546
98,B,100,7,6,0.0934322610882886
98,B,100,7,7,0.12880463844075463
98,B,100,7,8,0.124800208581821
98,B,100,7,9,-0.07117368500808724
98,B,100,8,0,-1.0925341121228327
98,B,100,8,1,-0.464497530781514
98,B,100,8,2,-1.0865653289337027
98,B,100,8,3,0.19592995257969636
98,B,100,8,4,-0.646077139829091
98,B,100,8,5,-1.368738599298908
98,B,100,8,6,-0.022775425130427813
98,B,100,8,7,-0.20237055020091899
98,B,100,8,8,-1.3359721889395393
98,B,100,8,9,-0.3576331048864483
98,B,100,9,0,0.9649071616044057
98,B,100,9,1,0.06473870808522691
98,B,100,9,2,0.3959226459296367
98,B,100,9,3,0.842467122973545
98,B,100,9,4,0.6166622046967535
98,B,100,9,5,0.8520683869549631
98,B,100,9,6,0.7396428403165177
98,B,100,9,7,0.5511929834853592
98,B,100,9,8,0.6666325799502759
98,B,100,9,9,0.8350224337680588
99,A,0.05,0,0,-0.055089955477004
99,A,0.05,0,1,-0.07358293541249984
99,A,0.05,0,2,-0.06653413372621646
99,A,0.05,0,3,-0.014017718482091181
99,A,0.05,0,4,-0.5115184745892564
99,A,0.05,0,5,-0.11455924609409482
99,A,0.05,0,6,-0.6212674711319482
99,A,0.05,0,7,-0.19136723182470444
99,A,0.05,0,8,-0.06777662439285351
99,A,0.05,0,9,-0.14198849723085136
99,A,0.05,1,0,-1.9067557240792072
99,A,0.05,1,1,-1.5574464711055702
99,A,0.05,1,2,-1.3993576218447052
99,A,0.05,1,3,-1.827295466620793
99,A,0.05,1,4,-2.1512872788477475
99,A,0.05,1,5,-0.5395713297180272
99,A,0.05,1,6,-1.048121276535267
99,A,0.05,1,7,-1.427034885246629
99,A,0.05,1,8,-0.9630655829279327
99,A,0.05,1,9,-1.736408797365246
99,A,0.05,2,0,-0.7517241420809062
99,A,0.05,2,1,-0.4928272312934517
99,A,0.05,2,2,-0.20819118271075074
99,A,0.05,2,3,-0.17123021677518852
99,A,0.05,2,4,-0.1290789090630603
99,A,0.05,2,5,-0.1287873952296373
99,A,0.05,2,6,-0.2364024100334818
99,A,0.05,2,7,0.029944332169256054
99,A,0.05,2,8,-0.015798622994890654
99,A,0.05,2,9,-0.2559714435943058
99,A,0.05,3,0,-1.6235738894155447
99,A,0.05,3,1,-0.9119692126090535
99,A,0.05,3,2,-1.6404922554353358
99,A,0.05,3,3,-2.201847803363529
99,A,0.05,3,4,-1.3566878955750812
99,A,0.05,3,5,-1.5591648541139682
99,A,0.05,3,6,-0.8207061457452524
99,A,0.05,3,7,-1.4863710318999388
99,A,0.05,3,8,-1.1826769879867516
99,A,0.05,3,9,-1.4383435388858588
99,A,0.05,4,0,-0.14655380571213472
99,A,0.05,4,1,0.23787118052415265
99,A,0.05,4,2,-0.6436817822930813
99,A,0.05,4,3,-0.5850677465194236
99,A,0.05,4,4,-0.09327312414699004
99,A,0.05,4,5,-0.22087556903586714
99,A,0.05,4,6,-0.1319644928051592
99,A,0.05,4,7,-0.43023690666638137
99,A,0.05,4,8,-0.08349337467229005
99,A,0.05,4,9,-0.3473184258270071
99,A,0.05,5,0,-1.6492329157818988
99,A,0.05,5,1,-1.5440826540928922
99,A,0.05,5,2,-1.5389758510583158
99,A,0.05,5,3,-1.509452646046324
99,A,0.05,5,4,-1.276758754056325
99,A,0.05,5,5,-1.7690237945736793
99,A,0.05,5,6,-1.3555233513918008
99,A,0.05,5,7,-1.373933192879405
99,A,0.05,5,8,-1.2382274704446843
99,A,0.05,5,9,-1.4411628760622948
99,A,0.05,6,0,-0.35932307577680894
99,A,0.05,6,1,-0.4220856924619538
99,A,0.05,6,2,-0.2008858981619799
99,A,0.05,6,3,-0.14121248400079725
99,A,0.05,6,4,-0.18755955687481052
99,A,0.05,6,5,-0.22346399483199572
99,A,0.05,6,6,-0.45761164518970143
99,A,0.05,6,7,-0.36458941801080086
99,A,0.05,6,8,-0.3445507436519026
99,A,0.05,6,9,-0.45815682208553987
99,A,0.05,7,0,-0.47379212968753387
99,A,0.05,7,1,-0.2987408764856641
99,A,0.05,7,2,-0.47040046035778976
99,A,0.05,7,3,-0.2758326575466822
99,A,0.05,7,4,-0.7038257002104147
99,A,0.05,7,5,-0.6300056570446022
99,A,0.05,7,6,-0.20219348306907062
99,A,0.05,7,7,-0.587374909928148
99,A,0.05,7,8,-0.2558217334026869
99,A,0.05,7,9,-0.8009394739452372
99,A,0.05,8,0,0.31769664452427354
99,A,0.05,8,1,0.592859569116521
99,A,0.05,8,2,0.4756137256977606
99,A,0.05,8,3,0.18924558732094088
99,A,0.05,8,4,0.5440372977013105
99,A,0.05,8,5,0.15580660763781412
99,A,0.05,8,6,0.4666874187737883
99,A,0.05,8,7,0.6586420119615668
99,A,0.05,8,8,0.4711779391863314
99,A,0.05,8,9,0.7870901055777388
99,A,0.05,9,0,-1.4911255933926972
99,A,0.05,9,1,-1.9613772584022233
99,A,0.05,9,2,-1.546756847926752
99,A,0.05,9,3,-1.2643881446166914
99,A,0.05,9,4,-1.785425641954838
99,A,0.05,9,5,-1.3691697963556264
99,A,0.05,9,6,-2.2263841847361014
99,A,0.05,9,7,-1.7185214992704718
99,A,0.05,9,8,-1.8305225552453328
99,A,0.05,9,9,-1.4348141792979945
99,B,100,0,0,0.5415927837763987
99,B,100,0,1,0.09781726543280068
99,B,100,0,2,-0.17500887366591858
99,B,100,0,3,0.2405758128709156
99,B,100,0,4,0.40127098165635106
99,B,100,0,5,-0.0861893580065247
99,B,100,0,6,0.518712839189784
99,B,100,0,7,0.6557163973198794
99,B,100,0,8,-0.08574434416787756
99,B,100,0,9,0.5719100323583357
99,B,100,1,0,0.6001873669765767
99,B,100,1,1,0.6553273079572869
99,B,100,1,2,0.48929944157196525
99,B,100,1,3,0.6644855770776813
99,B,100,1,4,0.9225673549787506
99,B,100,1,5,0.8827398922213391
99,B,100,1,6,0.49022891207553254
99,B,100,1,7,0.6509147756065855
99,B,100,1,8,0.5745596713906377
99,B,100,1,9,0.1027434529976508
99,B,100,2,0,-0.08334090031426798
99,B,100,2,1,-0.10278864517401938
99,B,100,2,2,-0.05328172612869314
99,B,100,2,3,-0.035609498151340326
99,B,100,2,4,-0.006166703326771258
99,B,100,2,5,-0.030621568404096775
99,B,100,2,6,-0.07989017393152686
99,B,100,2,7,-0.010573413874433649
99,B,100,2,8,-0.014958039121252742
99,B,100,2,9,0.3128558782734187
99,B,100,3,0,3.2830253138469927
99,B,100,3,1,2.7037501068197174
99,B,100,3,2,2.2407946060952564
99,B,100,3,3,3.306804185866066
99,B,100,3,4,2.0809818325430443
99,B,100,3,5,4.251516577883273
99,B,100,3,6,2.6185625202877545
99,B,100,3,7,3.1186907288293875
99,B,100,3,8,2.8271817425555326
99,B,100,3,9,3.2068683274286576
99,B,100,4,0,1.08214443461823
99,B,100,4,1,1.4394428552977911
99,B,100,4,2,1.369258338471781
99,B,100,4,3,1.7899194500729627
99,B,100,4,4,1.655251808503757
99,B,100,4,5,1.7054332114302768
99,B,100,4,6,2.011200572422633
99,B,100,4,7,1.6470948327240191
99,B,100,4,8,1.5375171735770754
99,B,100,4,9,1.341037313168353
99,B,100,5,0,-1.1685826540625555
99,B,100,5,1,-0.9613869846183654
99,B,100,5,2,-1.1590941460453574
99,B,100,5,3,-1.1817523080359256
99,B,100,5,4,-1.1659701870843018
99,B,100,5,5,-1.3828562911736475
99,B,100,5,6,-1.1546370768019047
99,B,100,5,7,-1.0730933329454824
99,B,100,5,8,-1.4463542740545225
99,B,100,5,9,-1.097590986335744
99,B,100,6,0,-0.3129326624400223
99,B,100,6,1,-0.3476971395486915
99,B,100,6,2,-0.27233130563256147
99,B,100,6,3,-0.3255737702084308
99,B,100,6,4,-0.23665889612172644
99,B,100,6,5,-0.26512159751221376
99,B,100,6,6,0.07391467629149331
99,B,100,6,7,-0.3964490683450229
99,B,100,6,8,-0.15517619146468364
99,B,100,6,9,0.008747311880455872
99,B,100,7,0,1.4988503437169711
99,B,100,7,1,0.9400156911935053
99,B,100,7,2,2.093598218747499
99,B,100,7,3,0.6159431567356756
99,B,100,7,4,0.9846486693327396
99,B,100,7,5,0.831689440857845
99,B,100,7,6,1.2650640142198244
99,B,100,7,7,1.4764848360866207
99,B,100,7,8,1.1850417670630262
99,B,100,7,9,0.9478749832011563
99,B,100,8,0,-0.9983966223289763
99,B,100,8,1,-1.1883791791779645
99,B,100,8,2,-1.4856576818881675
99,B,100,8,3,-1.2989975752169305
99,B,100,8,4,-1.8457019215378152
99,B,100,8,5,-2.4420744419469322
99,B,100,8,6,-1.460820628297383
99,B,100,8,7,-1.2040162569221529
99,B,100,8,8,-1.1625599834133458
99,B,100,8,9,-1.2116169210861663
99,B,100,9,0,-0.5206399418014365
99,B,100,9,1,-1.1230550967230137
99,B,100,9,2,-0.26436291684784763
99,B,100,9,3,-0.7549756942634882
99,B,100,9,4,-0.48432376010782485
99,B,100,9,5,-0.7213872697906768
99,B,100,9,6,-0.648431339953781
99,B,100,9,7,-0.3822442638484859
99,B,100,9,8,-0.6920391253463049
99,B,100,9,9,-0.587297040848876
